run_id,time_step,d_front,d_back,v_front,v_back,ego_a
0,0,43.25373659015054,21.62686829507527,0.0,0.0,0.0
0,1,43.23316710857849,21.647437776647315,-0.4113896314409402,0.4113896314409402,3.0
0,2,43.1811288623103,21.699476022915505,-0.629375293922795,0.629375293922795,3.0
0,3,43.097029946627906,21.7835749385979,-1.0526030197251668,1.0526030197251668,3.0
0,4,42.975041863953614,21.90556302127219,-1.3871586337605848,1.3871586337605848,3.0
0,5,42.814508804983205,22.066096080242595,-1.8235025456475729,1.8235025456475729,3.0
0,6,42.62108669951635,22.25951818570946,-2.044939563689672,2.044939563689672,3.0
0,7,42.409469356603545,22.471135528622263,-2.18740729456645,2.18740729456645,3.0
0,8,42.18209794205161,22.6985069431742,-2.3600209964721977,2.3600209964721977,3.0
0,9,41.92236638544726,22.958238499778545,-2.8346101356147795,2.8346101356147795,3.0
0,10,41.61371874878359,23.266886136442217,-3.33834259765864,3.33834259765864,3.0
0,11,41.25505900399582,23.625545881229986,-3.834852298096701,3.834852298096701,3.0
0,12,40.86819741024054,24.012407474985267,-3.902379577008933,3.902379577008933,0.0
0,13,40.46550036741088,24.41510451781492,-4.151561279584213,4.151561279584213,0.0
0,14,40.05712169316503,24.823483192060774,-4.016012205332807,4.016012205332807,0.0
0,15,39.65849613060225,25.222108754623555,-3.9564990459228255,3.9564990459228255,0.0
0,16,39.271051015032,25.60955387019381,-3.792403265482344,3.792403265482344,0.0
0,17,38.90475178790535,25.975853097320467,-3.533581277050761,3.533581277050761,0.0
0,18,38.558878083807684,26.321726801418123,-3.3838928049023576,3.3838928049023576,0.0
0,19,38.21866197062157,26.66194291460424,-3.4204294588200295,3.4204294588200295,0.0
0,20,37.86346254669723,27.017142338528583,-3.6835590196667862,3.6835590196667862,0.0
0,21,37.508650168245595,27.371954716980213,-3.412688549365761,3.412688549365761,0.0
0,22,37.163355183025764,27.717249702200043,-3.4932111550307443,3.4932111550307443,0.0
0,23,36.80221208232858,28.078392802897227,-3.72965085891291,3.72965085891291,0.0
0,24,36.418264599674735,28.462340285551072,-3.94929879416393,3.94929879416393,0.0
0,25,36.02120202152048,28.85940286370532,-3.9919527689209886,3.9919527689209886,0.0
0,26,35.61802300837645,29.262581876849353,-4.07162749395966,4.07162749395966,0.0
0,27,35.2072214781373,29.673383407088497,-4.1444031108231325,4.1444031108231325,0.0
0,28,34.80759571172893,30.073009173496867,-3.8481122173442195,3.8481122173442195,0.0
0,29,34.43164715143929,30.4489577337865,-3.6708589884483818,3.6708589884483818,0.0
0,30,34.06667237969945,30.813932505526353,-3.6286364463485974,3.6286364463485974,0.0
0,31,33.69504489759606,31.18555998762973,-3.8039131957189163,3.8039131957189163,0.0
0,32,33.30650530787684,31.574099577348957,-3.9668785986655415,3.9668785986655415,0.0
0,33,32.900097675812844,31.980507209412956,-4.161274042614387,4.161274042614387,0.0
0,34,32.470643311204775,32.409961574021025,-4.427813249546858,4.427813249546858,0.0
0,35,32.01703001147676,32.86357487374903,-4.644452745013279,4.644452745013279,0.0
0,36,31.54624327729416,33.33436160793164,-4.771281938638847,4.771281938638847,0.0
0,37,31.055118492578245,33.82548639264756,-5.051213755679489,5.051213755679489,0.0
0,38,30.536379270049586,34.344225615176214,-5.323570694893505,5.323570694893505,0.0
0,39,30.039272357813374,34.84133252741242,-4.618567549830818,4.618567549830818,-5.0
0,40,29.602223835170278,35.278381050055515,-4.122402903030956,4.122402903030956,-5.0
0,41,29.20165901457105,35.67894587065474,-3.8888935089536343,3.8888935089536343,-5.0
0,42,28.848429994477783,36.032174890748,-3.175686892911612,3.175686892911612,-5.0
0,43,28.544789957390805,36.335814927834974,-2.8971138488278623,2.8971138488278623,-5.0
0,44,28.287618593280442,36.59298629194533,-2.246313433379207,2.246313433379207,-5.0
0,45,28.095939464862,36.784665420363766,-1.5872691349894197,1.5872691349894197,-5.0
0,46,27.971370581766493,36.909234303459264,-0.9041085269207016,0.9041085269207016,-5.0
0,47,27.876562988264183,37.004041896961574,-0.9920433431254061,0.9920433431254061,0.0
0,48,27.766234102363953,37.1143707828618,-1.2145343748789834,1.2145343748789834,0.0
0,49,27.651125823806026,37.229479061419724,-1.0876311962794727,1.0876311962794727,0.0
0,50,27.53577014133255,37.34483474389321,-1.219482453190075,1.219482453190075,0.0
0,51,27.421339467527105,37.45926541769865,-1.069131022918695,1.069131022918695,0.0
0,52,27.334847290051812,37.545757595173946,-0.6607125265871918,0.6607125265871918,-5.0
0,53,27.254595430995266,37.62600945423049,-0.9443246545439301,0.9443246545439301,0.0
0,54,27.15597835465917,37.72462653056659,-1.0280168721778828,1.0280168721778828,0.0
0,55,27.06634897336947,37.814255911856286,-0.764570753615974,0.764570753615974,-5.0
0,56,27.022248523229607,37.858356361996144,-0.11743824918116275,0.11743824918116275,-5.0
0,57,27.0233443744402,37.85726051078556,0.13935527339291376,-0.13935527339291376,0.0
0,58,27.024754027811156,37.8558508574146,-0.11116220597386395,0.11116220597386395,0.0
0,59,27.012789555495615,37.86781532973014,-0.12812724033694245,0.12812724033694245,0.0
0,60,27.01051641615038,37.87008846907538,0.08266445343215523,-0.08266445343215523,0.0
0,61,27.025909616388603,37.85469526883716,0.22519955133215852,-0.22519955133215852,0.0
0,62,27.05695385239399,37.82365103283178,0.3956851687754206,-0.3956851687754206,0.0
0,63,27.097889871178438,37.78271501404734,0.423035206913438,-0.423035206913438,0.0
0,64,27.13841548982387,37.74218939540191,0.3874771659951932,-0.3874771659951932,0.0
0,65,27.187719830989934,37.69288505423584,0.5986096573261275,-0.5986096573261275,0.0
0,66,27.232614882304432,37.64799000292134,0.2992913689637504,-0.2992913689637504,0.0
0,67,27.26981285405077,37.61079203117501,0.44466806596279795,-0.44466806596279795,0.0
0,68,27.30222860475034,37.578376280475425,0.20364694802877104,-0.20364694802877104,0.0
0,69,27.322830022070207,37.55777486315556,0.2083813983685321,-0.2083813983685321,0.0
0,70,27.33177738420143,37.548827501024334,-0.029434155744032964,0.029434155744032964,0.0
0,71,27.33042819009998,37.550176695125785,0.0024502737149436626,-0.0024502737149436626,0.0
0,72,27.340921299218266,37.5396835860075,0.20741190865082437,-0.20741190865082437,0.0
0,73,27.356273315205783,37.52433157001998,0.09962841109950027,-0.09962841109950027,0.0
0,74,27.377379538085265,37.503225347140514,0.32249604648982455,-0.32249604648982455,0.0
0,75,27.402293440951524,37.478311444274254,0.17578201083537692,-0.17578201083537692,0.0
0,76,27.415107144606495,37.4654977406193,0.08049206226372085,-0.08049206226372085,0.0
0,77,27.431571477434773,37.449033407791006,0.24879459430195539,-0.24879459430195539,0.0
0,78,27.457135554878775,37.42346933034699,0.26248695457833726,-0.26248695457833726,0.0
0,79,27.476595303390383,37.40400958183538,0.12670801565370127,-0.12670801565370127,0.0
0,80,27.4888681313535,37.391736753872266,0.11874854360846321,-0.11874854360846321,0.0
0,81,27.497961923528436,37.382642961697314,0.06312729989052102,-0.06312729989052102,0.0
0,82,27.503587187916665,37.37701769730907,0.04937798787427994,-0.04937798787427994,0.0
0,83,27.49487778578481,37.38572709944093,-0.2235660305113889,0.2235660305113889,0.0
0,84,27.466803768260277,37.41380111696546,-0.33791431997913435,0.33791431997913435,0.0
0,85,27.42849860704044,37.45210627818528,-0.42818890441746227,0.42818890441746227,0.0
0,86,27.387425500604294,37.49317938462144,-0.3932732243056112,0.3932732243056112,0.0
0,87,27.360716627965388,37.519888257260334,-0.14090422847227124,0.14090422847227124,0.0
0,88,27.360021295664197,37.52058358956151,0.12699758244865755,-0.12699758244865755,0.0
0,89,27.38300174908133,37.49760313614436,0.33261148589425105,-0.33261148589425105,0.0
0,90,27.402347207128273,37.478257678097435,0.05429767504436356,-0.05429767504436356,0.0
0,91,27.39439408398931,37.486210801236396,-0.21336013782369,0.21336013782369,0.0
0,92,27.371283960551864,37.509320924673844,-0.24884233092498143,0.24884233092498143,0.0
0,93,27.355137736776925,37.5254671484488,-0.07408214457372786,0.07408214457372786,0.0
0,94,27.338735691865878,37.541869193359844,-0.2539587536468382,0.2539587536468382,0.0
0,95,27.32760134295893,37.553003542266794,0.03127177550818949,-0.03127177550818949,0.0
0,96,27.3194511263618,37.561153758863924,-0.19427610745051638,0.19427610745051638,0.0
0,97,27.292497981580397,37.588106903645325,-0.3447867881773856,0.3447867881773856,0.0
0,98,27.247581937773674,37.63302294745206,-0.5535340879570878,0.5535340879570878,0.0
0,99,27.193179970061465,37.68742491516427,-0.53450526628672,0.53450526628672,0.0
0,100,27.13830358822665,37.74230129699909,-0.5630223704093673,0.5630223704093673,0.0
0,101,27.067021149784694,37.81358373544106,-0.862626398429704,0.862626398429704,0.0
0,102,26.996796041984368,37.88380884324137,-0.5418757575764523,0.5418757575764523,-5.0
0,103,26.976656003072975,37.90394888215276,0.13907497934838808,-0.13907497934838808,-5.0
0,104,26.982195017156045,37.89840986806969,-0.028294697687329062,0.028294697687329062,0.0
0,105,26.969937471890603,37.91066741333513,-0.21685620762178992,0.21685620762178992,0.0
0,106,26.94484750465125,37.935757380574486,-0.2849431371656017,0.2849431371656017,0.0
0,107,26.927391465406828,37.95321341981891,-0.06417764772298362,0.06417764772298362,0.0
0,108,26.927934548892722,37.95267033633303,0.07503931744039782,-0.07503931744039782,0.0
0,109,26.931940254050204,37.94866463117556,0.005074785708846008,-0.005074785708846008,0.0
0,110,26.927697869908485,37.952907015317294,-0.08992246854356445,0.08992246854356445,0.0
0,111,26.933567579208386,37.94703730601739,0.20731665454137982,-0.20731665454137982,0.0
0,112,26.953579720990177,37.9270251642356,0.19292618109435722,-0.19292618109435722,0.0
0,113,26.9688158109567,37.911789074269095,0.11179561823559503,-0.11179561823559503,0.0
0,114,26.979078550091685,37.90152633513411,0.09345916446386227,-0.09345916446386227,0.0
0,115,26.98325761997509,37.8973472652507,-0.00987776679594532,0.00987776679594532,0.0
0,116,26.987378542668978,37.893226342556815,0.09229622067359422,-0.09229622067359422,0.0
0,117,26.99613751674397,37.88446736848182,0.08288326082611519,-0.08288326082611519,0.0
0,118,27.016344918070104,37.864259967155675,0.321264765696613,-0.321264765696613,0.0
0,119,27.05079587970704,37.829809005518754,0.36775446704170456,-0.36775446704170456,0.0
0,120,27.09414268637346,37.786462198852334,0.4991816662864057,-0.4991816662864057,0.0
0,121,27.13795225018191,37.74265263504387,0.3770096098825988,-0.3770096098825988,0.0
0,122,27.162691496688637,37.71791338853714,0.11777532025160298,-0.11777532025160298,0.0
0,123,27.171150037429925,37.70945484779584,0.05139549457410908,-0.05139549457410908,0.0
0,124,27.165002092434378,37.71560279279137,-0.17435439448508383,0.17435439448508383,0.0
0,125,27.137447011112812,37.74315787411294,-0.3767472319466698,0.3767472319466698,0.0
0,126,27.099638785039787,37.780966100185964,-0.3794172895140946,0.3794172895140946,0.0
0,127,27.072179057829516,37.808425827396235,-0.1697772546913594,0.1697772546913594,0.0
0,128,27.045846288082515,37.834758597143235,-0.3568781402486074,0.3568781402486074,0.0
0,129,27.010746849128395,37.869858036097355,-0.345110638834246,0.345110638834246,0.0
0,130,26.991023801731558,37.88958108349419,-0.04935030910267102,0.04935030910267102,0.0
0,131,26.995059096805022,37.88554578842073,0.13005621057176597,-0.13005621057176597,0.0
0,132,26.998170363937277,37.882434521288474,-0.06783086792661486,0.06783086792661486,0.0
0,133,26.99912978124567,37.88147510398008,0.08701921409400981,-0.08701921409400981,0.0
0,134,27.000176179136986,37.880428706088765,-0.06609125626809842,0.06609125626809842,0.0
0,135,26.982469673321077,37.89813521190467,-0.288038860050154,0.288038860050154,0.0
0,136,26.9423423400564,37.93826254516935,-0.5145078052437775,0.5145078052437775,0.0
0,137,26.89921017568878,37.98139470953697,-0.34813548210890133,0.34813548210890133,0.0
0,138,26.883879275023133,37.99672561020262,0.04151746879620788,-0.04151746879620788,-5.0
0,139,26.88299382926698,37.99761105595877,-0.05922638391890267,0.05922638391890267,0.0
0,140,26.884438791075553,37.9961660941502,0.08812562009060443,-0.08812562009060443,0.0
0,141,26.900356169914716,37.980248715311035,0.23022195669304324,-0.23022195669304324,0.0
0,142,26.929465613915596,37.951139271310154,0.3519669233248628,-0.3519669233248628,0.0
0,143,26.976942941142482,37.90366194408327,0.5975796212131481,-0.5975796212131481,0.0
0,144,27.051378280158275,37.829226605067475,0.8911271591027514,-0.8911271591027514,0.0
0,145,27.141084075774046,37.739520809451705,0.9029887532127958,-0.9029887532127958,0.0
0,146,27.226547098395656,37.654057786830094,0.8062716992197867,-0.8062716992197867,0.0
0,147,27.319338459569536,37.561266425656214,1.049555524258139,-1.049555524258139,0.0
0,148,27.41838477476489,37.46222011046086,0.931370779648871,-0.931370779648871,0.0
0,149,27.497056350132368,37.38354853509338,0.6420607277011214,-0.6420607277011214,0.0
0,150,27.549354101731836,37.331250783493914,0.4038943042884853,-0.4038943042884853,0.0
0,151,27.585147674900043,37.29545721032571,0.3119771590757221,-0.3119771590757221,0.0
0,152,27.61744473795642,37.26316014726933,0.3339641020520503,-0.3339641020520503,0.0
0,153,27.656218272153865,37.224386613071886,0.44150658189687597,-0.44150658189687597,0.0
0,154,27.699918356520982,37.18068652870477,0.43249510544552905,-0.43249510544552905,0.0
0,155,27.740717204607222,37.13988768061853,0.38348185627954834,-0.38348185627954834,0.0
0,156,27.76602356324645,37.1145813219793,0.12264531650485289,-0.12264531650485289,0.0
0,157,27.788599431665745,37.092005453560006,0.3288720518811541,-0.3288720518811541,0.0
0,158,27.83218366540288,37.04842121982287,0.5428126228619234,-0.5428126228619234,0.0
0,159,27.872545429607385,37.008059455618366,0.26442266122827895,-0.26442266122827895,0.0
0,160,27.888469656437195,36.992135228788555,0.05406187536823914,-0.05406187536823914,0.0
0,161,27.891868218709874,36.98873666651588,0.013909370085299244,-0.013909370085299244,0.0
0,162,27.895046681165184,36.98555820406057,0.04965987902087221,-0.04965987902087221,0.0
0,163,27.90979725425902,36.97080763096673,0.24535158285614855,-0.24535158285614855,0.0
0,164,27.931776970353866,36.948827914871885,0.19424273904098044,-0.19424273904098044,0.0
0,165,27.96215692864712,36.91844795657863,0.4133564268240182,-0.4133564268240182,0.0
0,166,28.011254508594845,36.869350376630905,0.5685951721305766,-0.5685951721305766,0.0
0,167,28.066974245185236,36.813630640040515,0.5457995596770999,-0.5457995596770999,0.0
0,168,28.10879233321114,36.77181255201461,0.2905622008414337,-0.2905622008414337,0.0
0,169,28.133685986162078,36.74691889906367,0.20731085817726402,-0.20731085817726402,0.0
0,170,28.164784369744694,36.715820515481056,0.41465681347493977,-0.41465681347493977,0.0
0,171,28.20023190829542,36.68037297693033,0.2942939575396082,-0.2942939575396082,0.0
0,172,28.223332973606233,36.65727191161952,0.1677273486769426,-0.1677273486769426,0.0
0,173,28.245980773294548,36.6346241119312,0.28522864508922474,-0.28522864508922474,0.0
0,174,28.260290659026452,36.6203142261993,0.0009690695487964973,-0.0009690695487964973,0.0
0,175,28.253430211936177,36.62717467328957,-0.13817801135416907,0.13817801135416907,0.0
0,176,28.243818461800316,36.636786423425434,-0.05405699136303532,0.05405699136303532,0.0
0,177,28.226814430313397,36.653790454912354,-0.2860236383754309,0.2860236383754309,0.0
0,178,28.20151028389583,36.67909460132992,-0.22005928997565327,0.22005928997565327,0.0
0,179,28.17128562980369,36.70931925542206,-0.3844337918671492,0.3844337918671492,0.0
0,180,28.124773410693393,36.75583147453236,-0.5458105903384034,0.5458105903384034,0.0
0,181,28.0806594788707,36.79994540635505,-0.3364680461152467,0.3364680461152467,0.0
0,182,28.04522332586407,36.83538155936168,-0.3722550140172345,0.3722550140172345,0.0
0,183,28.010923609507728,36.86968127571802,-0.31373931310942815,0.31373931310942815,0.0
0,184,27.988098336951765,36.892506548273985,-0.14276613800958415,0.14276613800958415,0.0
0,185,27.975968820330564,36.904636064895186,-0.09982419441425705,0.09982419441425705,0.0
0,186,27.966516002433877,36.91408888279187,-0.08923216351947438,0.08923216351947438,0.0
0,187,27.97083158154055,36.90977330368517,0.17554374565341746,-0.17554374565341746,0.0
0,188,27.9965346965688,36.88407018865692,0.33851855491157146,-0.33851855491157146,0.0
0,189,28.021067095463707,36.85953778976199,0.15212942298718524,-0.15212942298718524,0.0
0,190,28.030417738156075,36.85018714706962,0.03488343086028323,-0.03488343086028323,0.0
0,191,28.03007607271593,36.85052881250974,-0.04171673966252065,0.04171673966252065,0.0
0,192,28.029112486903557,36.85149239832211,0.022445023415475163,-0.022445023415475163,0.0
0,193,28.036427754010447,36.84417713121522,0.12386031872226333,-0.12386031872226333,0.0
0,194,28.0431974889122,36.837407396313466,0.011534379312950094,-0.011534379312950094,0.0
0,195,28.035807236397602,36.84479764882806,-0.1593394296045343,0.1593394296045343,0.0
0,196,28.0264870665967,36.854117818628936,-0.0270639664129515,0.0270639664129515,0.0
0,197,28.034356396457554,36.846248488768055,0.18445056363045076,-0.18445056363045076,0.0
0,198,28.065170793246295,36.81543409197931,0.43183737214449636,-0.43183737214449636,0.0
0,199,28.11844351583636,36.76216136938925,0.6336170796571938,-0.6336170796571938,0.0
0,200,28.18598015532598,36.6946247298996,0.7171157101357153,-0.7171157101357153,0.0
0,201,28.259672251148118,36.620932634077434,0.7567262063075066,-0.7567262063075066,0.0
0,202,28.32192104876492,36.55868383646063,0.48824974602852755,-0.48824974602852755,0.0
0,203,28.357558589715836,36.52304629550969,0.22450107299036226,-0.22450107299036226,0.0
0,204,28.367866409919145,36.51273847530635,-0.018344668923719,0.018344668923719,0.0
0,205,28.363862395584704,36.51674248964079,-0.061735617764735906,0.061735617764735906,0.0
0,206,28.362804244862843,36.51780064036262,0.040572603328142165,-0.040572603328142165,0.0
0,207,28.373454733100743,36.50715015212475,0.1724371614296043,-0.1724371614296043,0.0
0,208,28.4048390391647,36.475765846060824,0.4552489598491256,-0.4552489598491256,0.0
0,209,28.457062933895315,36.423541951330236,0.5892289347627866,-0.5892289347627866,0.0
0,210,28.508911430682247,36.371693454543276,0.4477410009764462,-0.4477410009764462,0.0
0,211,28.54200515273726,36.33859973248829,0.21413344012347402,-0.21413344012347402,0.0
0,212,28.55416501194918,36.32643987327634,0.0290637441156143,-0.0290637441156143,0.0
0,213,28.54953869205923,36.33106619316632,-0.12159014191480821,0.12159014191480821,0.0
0,214,28.533007586851227,36.347597298374296,-0.20903196224459109,0.20903196224459109,0.0
0,215,28.506603164588455,36.37400172063704,-0.319056483010403,0.319056483010403,0.0
0,216,28.478092278862675,36.40251260636282,-0.2511612315052201,0.2511612315052201,0.0
0,217,28.46789840755673,36.41270647766879,0.04728380538602117,-0.04728380538602117,0.0
0,218,28.46774289043998,36.412861994785516,-0.050394147720579596,0.050394147720579596,0.0
0,219,28.465843288558062,36.41476159666746,0.012402110081829676,-0.012402110081829676,0.0
0,220,28.463877917804496,36.416726967421,-0.05170952515252125,0.05170952515252125,0.0
0,221,28.47369936962832,36.4069055155972,0.24813856162874615,-0.24813856162874615,0.0
0,222,28.512807055306666,36.36779782991886,0.5340151519385756,-0.5340151519385756,0.0
0,223,28.552810922672847,36.32779396255265,0.2660621953856577,-0.2660621953856577,0.0
0,224,28.593043022746656,36.28756186247881,0.5385798060910609,-0.5385798060910609,0.0
0,225,28.658302686260242,36.222302198965195,0.7666134641813418,-0.7666134641813418,0.0
0,226,28.72976146504709,36.150843420178376,0.6625621115553937,-0.6625621115553937,0.0
0,227,28.790959121067885,36.08964576415758,0.5613910088607277,-0.5613910088607277,0.0
0,228,28.836866524694244,36.04373836053125,0.3567570636661994,-0.3567570636661994,0.0
0,229,28.8804750681806,36.000129817044865,0.5154138060613924,-0.5154138060613924,0.0
0,230,28.92563609732707,35.954968787898366,0.38780677686860443,-0.38780677686860443,0.0
0,231,28.9565389216653,35.92406596356011,0.23024970989664162,-0.23024970989664162,0.0
0,232,28.99176860422159,35.88883628100379,0.47434394122963575,-0.47434394122963575,0.0
0,233,29.048589893198084,35.8320149920273,0.662081838300324,-0.662081838300324,0.0
0,234,29.100885351177908,35.779719534047445,0.3838273212967156,-0.3838273212967156,0.0
0,235,29.144956914435,35.73564797079035,0.4976039438454549,-0.4976039438454549,0.0
0,236,29.201950257554245,35.67865462767111,0.6422629185398634,-0.6422629185398634,0.0
0,237,29.25592691628691,35.62467796893844,0.43727025611334014,-0.43727025611334014,0.0
0,238,29.31422635199675,35.5663785332286,0.7287184580835167,-0.7287184580835167,0.0
0,239,29.386626325063446,35.49397856016188,0.7192810032508508,-0.7192810032508508,0.0
0,240,29.47120716481811,35.40939772040724,0.972335791842017,-0.972335791842017,0.0
0,241,29.557961159309286,35.322643725916095,0.7627440979811819,-0.7627440979811819,0.0
0,242,29.624058983030125,35.25654590219523,0.5592123764362231,-0.5592123764362231,0.0
0,243,29.666797711785705,35.21380717343965,0.2955621986755457,-0.2955621986755457,0.0
0,244,29.707007092802655,35.1735977924227,0.5086254216638046,-0.5086254216638046,0.0
0,245,29.765850561535103,35.11475432369022,0.6682439529858186,-0.6682439529858186,0.0
0,246,29.82929165516242,35.0513132300629,0.6005779195604397,-0.6005779195604397,0.0
0,247,29.88743670601383,34.993168179211494,0.5623230974678677,-0.5623230974678677,0.0
0,248,29.946632662774903,34.93397222245045,0.6215960377533136,-0.6215960377533136,0.0
0,249,30.008754818666205,34.87185006655915,0.6208470800727142,-0.6208470800727142,0.0
0,250,30.07719938763063,34.803405497594724,0.7480442992158629,-0.7480442992158629,0.0
0,251,30.15606481056932,34.72454007465603,0.8292641595575905,-0.8292641595575905,0.0
0,252,30.25296315078134,34.62764173444401,1.1087026446830794,-1.1087026446830794,0.0
0,253,30.373970758121402,34.50663412710395,1.3114495021181831,-1.3114495021181831,0.0
0,254,30.506549908205557,34.374054977019796,1.3401334995649474,-1.3401334995649474,0.0
0,255,30.64613103624214,34.234473848983214,1.4514890611666846,-1.4514890611666846,0.0
0,256,30.78316291364132,34.09744197158403,1.2891484868172043,-1.2891484868172043,0.0
0,257,30.89719280310095,33.9834120821244,0.9914493023756776,-0.9914493023756776,0.0
0,258,30.983384464201663,33.89722042102369,0.7323839196385915,-0.7323839196385915,0.0
0,259,31.056993136422307,33.823611748803046,0.7397895247742898,-0.7397895247742898,0.0
0,260,31.142944004771607,33.737660880453745,0.9792278422116851,-0.9792278422116851,0.0
0,261,31.23301705848263,33.64758782674272,0.8222332320089176,-0.8222332320089176,0.0
0,262,31.30240020270645,33.5782046825189,0.5654296524671718,-0.5654296524671718,0.0
0,263,31.36165497093208,33.51894991429327,0.6196657120454958,-0.6196657120454958,0.0
0,264,31.431782795495565,33.44882208972979,0.7828907792243438,-0.7828907792243438,0.0
0,265,31.52125116430051,33.359353720924844,1.0064765968745242,-1.0064765968745242,0.0
0,266,31.608887630926347,33.271717254299006,0.7462527356418782,-0.7462527356418782,0.0
0,267,31.680421577738514,33.20018330748684,0.6844262006012691,-0.6844262006012691,0.0
0,268,31.761020111371977,33.119584773853376,0.9275444720681634,-0.9275444720681634,0.0
0,269,31.857916882413633,33.02268800281172,1.0103909487652238,-1.0103909487652238,0.0
0,270,31.954689318410942,32.92591556681441,0.9250577711810521,-0.9250577711810521,0.0
0,271,32.04519574119121,32.835409144034145,0.8850706844247558,-0.8850706844247558,0.0
0,272,32.13245719090463,32.74814769432072,0.8601583098434595,-0.8601583098434595,0.0
0,273,32.22434030419356,32.65626458103179,0.9775039559353083,-0.9775039559353083,0.0
0,274,32.31641197965382,32.56419290557153,0.86392955327055,-0.86392955327055,0.0
0,275,32.40781960092539,32.47278528429996,0.9642228721607218,-0.9642228721607218,0.0
0,276,32.50020671599589,32.380398169229466,0.8835194292495352,-0.8835194292495352,0.0
0,277,32.59779060741704,32.28281427780831,1.0681583991731127,-1.0681583991731127,0.0
0,278,32.70141338645874,32.17919149876661,1.0042971816608777,-1.0042971816608777,0.0
0,279,32.81005182191802,32.07055306330733,1.1684715275250124,-1.1684715275250124,0.0
0,280,32.92493548696149,31.955669398263865,1.1292017733448603,-1.1292017733448603,0.0
0,281,33.0264496008557,31.854155284369654,0.9010805045397632,-0.9010805045397632,0.0
0,282,33.10200301380826,31.778601871417095,0.6099877545118613,-0.6099877545118613,0.0
0,283,33.15435671121679,31.72624817400856,0.4370861936594892,-0.4370861936594892,0.0
0,284,33.21221414815989,31.668390737065465,0.7200625452023655,-0.7200625452023655,0.0
0,285,33.27292023520084,31.60768465002451,0.49405919561680633,-0.49405919561680633,0.0
0,286,33.313151510538205,31.567453374687148,0.31056631113106903,-0.31056631113106903,0.0
0,287,33.33905720829438,31.541547676930975,0.20754764399232606,-0.20754764399232606,0.0
0,288,33.37325679639616,31.50734808882919,0.4764441180434318,-0.4764441180434318,0.0
0,289,33.43177491206558,31.448829973159775,0.6939181953449403,-0.6939181953449403,0.0
0,290,33.49835641557473,31.38224846965062,0.6377118748384447,-0.6377118748384447,0.0
0,291,33.5508258675942,31.329779017631154,0.41167716555063194,-0.41167716555063194,0.0
0,292,33.58883046809848,31.291774417126874,0.34841484453481897,-0.34841484453481897,0.0
0,293,33.633597785100164,31.247007100125188,0.5469314954993969,-0.5469314954993969,0.0
0,294,33.70021637238523,31.180388512840125,0.7854402502014786,-0.7854402502014786,0.0
0,295,33.784593590085024,31.09601129514033,0.9021041037942013,-0.9021041037942013,0.0
0,296,33.87518532360946,31.005419561615895,0.9097305666942521,-0.9097305666942521,0.0
0,297,33.95937591679086,30.92122896843449,0.7740812969340585,-0.7740812969340585,0.0
0,298,34.02220521978967,30.858399665435684,0.48250476304169254,-0.48250476304169254,0.0
0,299,34.068446681900014,30.81215820332534,0.4423244791655154,-0.4423244791655154,0.0
0,300,34.12125168386899,30.75935320135636,0.6137755602143731,-0.6137755602143731,0.0
0,301,34.188871653080355,30.691733232144998,0.7386238240131409,-0.7386238240131409,0.0
0,302,34.267589296354345,30.613015588871008,0.8357290414666299,-0.8357290414666299,0.0
0,303,34.33665128783929,30.543953597386064,0.5455107882329351,-0.5455107882329351,0.0
0,304,34.3916326598158,30.488972225409555,0.554116651296912,-0.554116651296912,0.0
0,305,34.43988081722631,30.440724067999042,0.41084649691292974,-0.41084649691292974,0.0
0,306,34.47561636308615,30.404988522139206,0.3038644202837073,-0.3038644202837073,0.0
0,307,34.519185614955404,30.36141927026995,0.5675206171017173,-0.5675206171017173,0.0
0,308,34.586136985956614,30.29446789926874,0.7715068029222785,-0.7715068029222785,0.0
0,309,34.675067952975155,30.205536932250197,1.0071125374488759,-1.0071125374488759,0.0
0,310,34.76717482957116,30.11343005565419,0.8350249944718993,-0.8350249944718993,0.0
0,311,34.85464197092108,30.025962914304273,0.9143178325265264,-0.9143178325265264,0.0
0,312,34.95127695646431,29.92932792876104,1.018381878337916,-1.018381878337916,0.0
0,313,35.0512597468462,29.829345138379153,0.9812739293004231,-0.9812739293004231,0.0
0,314,35.15887773215377,29.721727153071583,1.1710857768516458,-1.1710857768516458,0.0
0,315,35.27458118713042,29.60602369809493,1.1429833226816815,-1.1429833226816815,0.0
0,316,35.39056227914949,29.49004260607586,1.1766385176997982,-1.1766385176997982,0.0
0,317,35.500899263786266,29.379705621439086,1.0301011750352522,-1.0301011750352522,0.0
0,318,35.60196303808044,29.27864184714491,0.9911743108480113,-0.9911743108480113,0.0
0,319,35.69795798589092,29.18264689933443,0.9287246453613776,-0.9287246453613776,0.0
0,320,35.77762325341638,29.102981631808973,0.6645807051482127,-0.6645807051482127,0.0
0,321,35.85164590037368,29.02895898485167,0.8158722339977373,-0.8158722339977373,0.0
0,322,35.92917945759103,28.95142542763432,0.7347989103499408,-0.7347989103499408,0.0
0,323,36.00788353302988,28.87272135219547,0.8392825984273724,-0.8392825984273724,0.0
0,324,36.0921000144117,28.788504870813654,0.8450470292089527,-0.8450470292089527,0.0
0,325,36.17680646034967,28.703798424875686,0.8490818895507211,-0.8490818895507211,0.0
0,326,36.24868873112001,28.63191615410534,0.5885635258565252,-0.5885635258565252,0.0
0,327,36.307633761873774,28.57297112335158,0.5903370892186892,-0.5903370892186892,0.0
0,328,36.36799132084616,28.512613564379194,0.6168140902286812,-0.6168140902286812,0.0
0,329,36.42718529575103,28.453419589474322,0.5670654078693431,-0.5670654078693431,0.0
0,330,36.478310128401915,28.402294756823437,0.4554312451481515,-0.4554312451481515,0.0
0,331,36.51965436756262,28.36095051766273,0.37145353806667814,-0.37145353806667814,0.0
0,332,36.556073881825114,28.32453100340024,0.3569367471832372,-0.3569367471832372,0.0
0,333,36.58002451445333,28.300580370772025,0.12207590538081625,-0.12207590538081625,0.0
0,334,36.578404662457956,28.302200222767397,-0.1544729452881075,0.1544729452881075,0.0
0,335,36.56430400657371,28.316300878651646,-0.12754017239718962,0.12754017239718962,0.0
0,336,36.55281475504012,28.327790130185235,-0.10224485827396101,0.10224485827396101,0.0
0,337,36.55663819352975,28.323966691695603,0.17871362806668323,-0.17871362806668323,0.0
0,338,36.58751464644001,28.29309023878534,0.4388154301383338,-0.4388154301383338,0.0
0,339,36.63278308482188,28.24782180040347,0.4665533374994748,-0.4665533374994748,0.0
0,340,36.664848660397865,28.215756224827487,0.17475817401988358,-0.17475817401988358,0.0
0,341,36.692518385328924,28.18808649989643,0.3786363246016826,-0.3786363246016826,0.0
0,342,36.733228474244356,28.147376410980996,0.4355654537075164,-0.4355654537075164,0.0
0,343,36.78447793734762,28.096126947877735,0.5894238083576564,-0.5894238083576564,0.0
0,344,36.84183153889063,28.03877334633472,0.5576482225026336,-0.5576482225026336,0.0
0,345,36.90244531319547,27.97815957202988,0.654627263593806,-0.654627263593806,0.0
0,346,36.95576689522471,27.92483799000064,0.411804376991471,-0.411804376991471,0.0
0,347,37.00727049625863,27.873334388966725,0.6182676436865897,-0.6182676436865897,0.0
0,348,37.0590544505921,27.821550434633252,0.4174114429824982,-0.4174114429824982,0.0
0,349,37.10325228447829,27.777352600747065,0.4665452347415062,-0.4665452347415062,0.0
0,350,37.15971258430136,27.720892300923992,0.6626607617195681,-0.6626607617195681,0.0
0,351,37.236500809771314,27.644104075454038,0.873103747679437,-0.873103747679437,0.0
0,352,37.33558985975242,27.545015025472935,1.108677251943,-1.108677251943,0.0
0,353,37.43827027709227,27.44233460813308,0.9449310948542795,-0.9449310948542795,0.0
0,354,37.53779884037402,27.34280604485133,1.0456401707809864,-1.0456401707809864,0.0
0,355,37.62164525366319,27.258959631562163,0.6312880950025175,-0.6312880950025175,3.0
0,356,37.69126038843086,27.18934449679449,0.7610146003504763,-0.7610146003504763,0.0
0,357,37.77577556476189,27.104829320463466,0.9292889262692068,-0.9292889262692068,0.0
0,358,37.846219166874675,27.034385718350677,0.47958311598688397,-0.47958311598688397,3.0
0,359,37.87449820539604,27.006106679829315,0.08599765443994478,-0.08599765443994478,3.0
0,360,37.886687284733114,26.99391760049224,0.15778393230077548,-0.15778393230077548,0.0
0,361,37.91464469510004,26.965960190125315,0.4013642750375297,-0.4013642750375297,0.0
0,362,37.95489667204549,26.92570821317986,0.4036752638716745,-0.4036752638716745,0.0
0,363,37.9949704466423,26.885634438583054,0.39780022806394655,-0.39780022806394655,0.0
0,364,38.03768849737111,26.842916387854245,0.4565607865119148,-0.4565607865119148,0.0
0,365,38.06078330948753,26.81982157573782,0.0053354558168869914,-0.0053354558168869914,3.0
0,366,38.07601621398288,26.80458867124247,0.29932263409014936,-0.29932263409014936,0.0
0,367,38.09698508013838,26.78361980508697,0.12005468901997318,-0.12005468901997318,0.0
0,368,38.10274250593801,26.777862379287342,-0.004906173027089622,0.004906173027089622,0.0
0,369,38.11621324065692,26.764391644568434,0.2743208674055282,-0.2743208674055282,0.0
0,370,38.153096991918346,26.727507893307006,0.463354157823769,-0.463354157823769,0.0
0,371,38.19176398306615,26.6888409021592,0.3099856651323414,-0.3099856651323414,3.0
0,372,38.202203656493054,26.678401228732298,-0.10119219659387646,0.10119219659387646,3.0
0,373,38.18557260919056,26.695032276034794,-0.23142874945623682,0.23142874945623682,0.0
0,374,38.16520493753575,26.715399947689605,-0.1759246836402113,0.1759246836402113,0.0
0,375,38.158086853630266,26.722518031595087,0.03356300553106628,-0.03356300553106628,0.0
0,376,38.150146516983625,26.730458368241727,-0.19236973846323835,0.19236973846323835,0.0
0,377,38.13617151752317,26.744433367702186,-0.08713025074566794,0.08713025074566794,0.0
0,378,38.12241039638121,26.75819448884414,-0.1880921720934996,0.1880921720934996,0.0
0,379,38.11650246733484,26.764102417890513,0.06993359116639652,-0.06993359116639652,0.0
0,380,38.11525043872052,26.76535444650483,-0.09497416345255338,0.09497416345255338,0.0
0,381,38.111884806959324,26.76872007826603,0.027661528228643206,-0.027661528228643206,0.0
0,382,38.12016160020465,26.7604432850207,0.13787433667831017,-0.13787433667831017,0.0
0,383,38.137469653972744,26.74313523125261,0.2082867386835403,-0.2082867386835403,0.0
0,384,38.15972562544812,26.720879259777234,0.23683269082476244,-0.23683269082476244,0.0
0,385,38.163700893936436,26.716903991288916,-0.1573273210584194,0.1573273210584194,3.0
0,386,38.15852571233211,26.722079172893245,0.053823688971631256,-0.053823688971631256,0.0
0,387,38.174580605318,26.706024279907354,0.2672741707457309,-0.2672741707457309,0.0
0,388,38.19131774328878,26.689287141936575,0.06746858866914174,-0.06746858866914174,0.0
0,389,38.21030940119198,26.670295484033375,0.31236456939491397,-0.31236456939491397,0.0
0,390,38.21692827806396,26.663676607161392,-0.17998703195573462,0.17998703195573462,3.0
0,391,38.21379475873505,26.666810126490304,0.11731664537835762,-0.11731664537835762,0.0
0,392,38.23086718668543,26.649737698539923,0.22413191362929474,-0.22413191362929474,0.0
0,393,38.24438241876459,26.636222466460765,0.0461727279533406,-0.0461727279533406,3.0
0,394,38.22223005330517,26.658374831920185,-0.48922003714190154,0.48922003714190154,3.0
0,395,38.18061230031162,26.69999258491373,-0.34313502272846996,0.34313502272846996,0.0
0,396,38.13844424870456,26.742160636520794,-0.5002260094118913,0.5002260094118913,0.0
0,397,38.08615394905206,26.79445093617329,-0.5455799836382198,0.5455799836382198,0.0
0,398,38.04477348465815,26.8358314005672,-0.2820293042391917,0.2820293042391917,0.0
0,399,38.02375035059259,26.85685453463276,-0.13843337707108994,0.13843337707108994,0.0
0,400,38.01569156400785,26.8649133212175,-0.022742354623552785,0.022742354623552785,0.0
0,401,38.0032256971507,26.877379188074656,-0.22657498251891894,0.22657498251891894,0.0
0,402,37.98418661401405,26.896418271211303,-0.15420668021347694,0.15420668021347694,0.0
0,403,37.96019313344266,26.920411751782694,-0.3256629312137793,0.3256629312137793,0.0
0,404,37.93179923253689,26.948805652688463,-0.2422150869008899,0.2422150869008899,0.0
0,405,37.91699723101743,26.96360765420792,-0.05382494348808109,0.05382494348808109,0.0
0,406,37.910762004362766,26.969842880862586,-0.07087958960531893,0.07087958960531893,0.0
0,407,37.91849643254659,26.962108452678763,0.2255681532819125,-0.2255681532819125,0.0
0,408,37.933475093521224,26.94712979170413,0.07400506621104341,-0.07400506621104341,0.0
0,409,37.95447232789138,26.926132557333972,0.34593962119216926,-0.34593962119216926,0.0
0,410,37.98686300781378,26.89374187741157,0.3018739772564949,-0.3018739772564949,0.0
0,411,38.024545689611045,26.856059195614307,0.4517796586893148,-0.4517796586893148,0.0
0,412,38.057251382520576,26.823353502704776,0.20233419950183062,-0.20233419950183062,3.0
0,413,38.091418018134334,26.78918686709102,0.48099851277368977,-0.48099851277368977,0.0
0,414,38.12925120177374,26.75135368345161,0.2756651600142366,-0.2756651600142366,3.0
0,415,38.133202805465714,26.747402079759638,-0.19663308617445097,0.19663308617445097,3.0
0,416,38.10144023594057,26.77916464928478,-0.43861830432805426,0.43861830432805426,0.0
0,417,38.05640871707709,26.82419616814832,-0.4620120729428159,0.4620120729428159,0.0
0,418,38.003858921132974,26.876745964092493,-0.5889838459404704,0.5889838459404704,0.0
0,419,37.93222117155818,26.94838371366734,-0.843771145556417,0.843771145556417,0.0
0,420,37.847594163584745,27.03301072164072,-0.8487690139117525,0.8487690139117525,0.0
0,421,37.767116101141426,27.113488784083984,-0.7607922349537368,0.7607922349537368,0.0
0,422,37.68954644089524,27.191058444330167,-0.7906009699699794,0.7906009699699794,0.0
0,423,37.60824165334651,27.2723632318789,-0.8354947810045203,0.8354947810045203,0.0
0,424,37.525814705110065,27.3547901801154,-0.8130441837252516,0.8130441837252516,0.0
0,425,37.43177170443386,27.448833180791553,-1.06781582979845,1.06781582979845,0.0
0,426,37.332376907774574,27.548227977450892,-0.9200801033884627,0.9200801033884627,0.0
0,427,37.227552112564524,27.653052772660885,-1.1764158008117924,1.1764158008117924,0.0
0,428,37.11249873900999,27.768106146215416,-1.1246516702793805,1.1246516702793805,0.0
0,429,37.00913313965185,27.8714717455735,-0.9426603168828382,0.9426603168828382,0.0
0,430,36.92323595986829,27.957368925357116,-0.7752832787892334,0.7752832787892334,0.0
0,431,36.85696864978405,28.023636235441302,-0.5500629228947975,0.5500629228947975,0.0
0,432,36.78810164034894,28.092503244876355,-0.8272772658064884,0.8272772658064884,0.0
0,433,36.6916701284793,28.18893475674605,-1.1013529715874686,1.1013529715874686,0.0
0,434,36.596227939294295,28.284376945931058,-0.8074908121125368,0.8074908121125368,0.0
0,435,36.52680397028456,28.353800914940848,-0.5809885680830398,0.5809885680830398,0.0
0,436,36.456454946688496,28.424149938536914,-0.8259919038387817,0.8259919038387817,0.0
0,437,36.37085462989745,28.5097502553279,-0.8860144319812786,0.8860144319812786,0.0
0,438,36.27568301842996,28.604921866795394,-1.0174177973682639,1.0174177973682639,0.0
0,439,36.179746409525535,28.700858475699874,-0.9013143807214128,0.9013143807214128,0.0
0,440,36.08613222880592,28.794472656419543,-0.9709692336718909,0.9709692336718909,0.0
0,441,36.000022567391795,28.880582317833614,-0.7512239946099548,0.7512239946099548,0.0
0,442,35.922662130994354,28.957942754231,-0.7959847333381376,0.7959847333381376,0.0
0,443,35.84102476159558,29.039580123629833,-0.8367626546373437,0.8367626546373437,0.0
0,444,35.77198410535311,29.108620779872354,-0.5440504702117899,0.5440504702117899,0.0
0,445,35.72650324958329,29.154101635642178,-0.3655666451837014,0.3655666451837014,0.0
0,446,35.70197035367357,29.178634531551893,-0.1250912730096978,0.1250912730096978,0.0
0,447,35.681277179755966,29.1993277054695,-0.2887722053414077,0.2887722053414077,0.0
0,448,35.64083729126321,29.2397675939622,-0.5200255645116627,0.5200255645116627,0.0
0,449,35.5894571370477,29.291147748177707,-0.5075775197977617,0.5075775197977617,0.0
0,450,35.52909090578055,29.35151397944486,-0.6997471055442048,0.6997471055442048,0.0
0,451,35.46729424832097,29.41331063690444,-0.5361860436465395,0.5361860436465395,0.0
0,452,35.42497058685126,29.45563429837415,-0.310287185746974,0.310287185746974,0.0
0,453,35.39323370431748,29.48737118090787,-0.3244504649269295,0.3244504649269295,0.0
0,454,35.352554660742385,29.528050224482968,-0.4891304065740396,0.4891304065740396,0.0
0,455,35.31204564967004,29.568559235555313,-0.32104981487228734,0.32104981487228734,0.0
0,456,35.276093875863126,29.604511009362227,-0.397985661265432,0.397985661265432,0.0
0,457,35.22591857783834,29.65468630738701,-0.6055202992288411,0.6055202992288411,0.0
0,458,35.15043055018771,29.730174335037702,-0.9042402537838079,0.9042402537838079,0.0
0,459,35.04671060559815,29.83389427962726,-1.1701586380060736,1.1701586380060736,0.0
0,460,34.92714813522002,29.953456750005387,-1.2210907695556337,1.2210907695556337,0.0
0,461,34.79467865310073,30.08592623212462,-1.428298872828508,1.428298872828508,0.0
0,462,34.65211013887108,30.22849474635433,-1.4230714117642318,1.4230714117642318,0.0
0,463,34.51944307074609,30.361161814479374,-1.2302699507352486,1.2302699507352486,0.0
0,464,34.38433490138971,30.49626998383576,-1.4718934363918663,1.4718934363918663,0.0
0,465,34.23586660387366,30.644738281351806,-1.4974725139273986,1.4974725139273986,0.0
0,466,34.095972776761414,30.784632108464052,-1.3004040283161906,1.3004040283161906,0.0
0,467,33.98020696819401,30.900397917031455,-1.0149121430314274,1.0149121430314274,0.0
0,468,33.86404057098207,31.016564314243396,-1.308415801206106,1.308415801206106,0.0
0,469,33.7186085329713,31.161996352254164,-1.6002249590072442,1.6002249590072442,0.0
0,470,33.561711783727674,31.318893101497792,-1.5377100258635892,1.5377100258635892,0.0
0,471,33.41299366014562,31.46761122507985,-1.436652445777657,1.436652445777657,0.0
0,472,33.27349518353026,31.607109701695208,-1.3533170865293496,1.3533170865293496,0.0
0,473,33.142795473101955,31.73780941212351,-1.2606771220366024,1.2606771220366024,0.0
0,474,33.014916932623805,31.86568795260166,-1.296893687524335,1.296893687524335,0.0
0,475,32.88342235040909,31.997182534816375,-1.3329979567697556,1.3329979567697556,0.0
0,476,32.752758769775255,32.12784611545021,-1.2802736559061767,1.2802736559061767,0.0
0,477,32.61823564136682,32.26236924385864,-1.410188912261983,1.410188912261983,0.0
0,478,32.48930980290038,32.39129508232509,-1.168327857065787,1.168327857065787,0.0
0,479,32.38577960748978,32.494825277735686,-0.902276051144904,0.902276051144904,0.0
0,480,32.28220658636076,32.59839829886471,-1.1691843714347723,1.1691843714347723,0.0
0,481,32.16513338313848,32.715471502086984,-1.1722796930095658,1.1722796930095658,0.0
0,482,32.04748914445304,32.83311574077243,-1.1806050806990402,1.1806050806990402,0.0
0,483,31.918353003474977,32.96225188175049,-1.4021177388620192,1.4021177388620192,0.0
0,484,31.77538239883404,33.105222486391426,-1.4572943539563816,1.4572943539563816,0.0
0,485,31.63401409769665,33.24659078752882,-1.370071668790663,1.370071668790663,0.0
0,486,31.485559788092246,33.39504509713322,-1.5990145232967787,1.5990145232967787,0.0
0,487,31.31842949295617,33.562175392269296,-1.7435913794240996,1.7435913794240996,0.0
0,488,31.14874946167845,33.73185542354702,-1.650009246129791,1.650009246129791,0.0
0,489,30.978630914359087,33.90197397086638,-1.7523617002572696,1.7523617002572696,0.0
0,490,30.8165667849496,34.064038100275866,-1.4889208879321902,1.4889208879321902,0.0
0,491,30.667267479103202,34.213337406122264,-1.497065228995588,1.497065228995588,0.0
0,492,30.514250674297614,34.36635421092785,-1.5632708671151914,1.5632708671151914,0.0
0,493,30.36068979495235,34.519915090273116,-1.507946719788194,1.507946719788194,0.0
0,494,30.20112481203421,34.67948007319126,-1.683352938573666,1.683352938573666,0.0
0,495,30.040570198668433,34.84003468655703,-1.5277393287416317,1.5277393287416317,0.0
0,496,29.891112936864374,34.98949194836109,-1.4614059073391257,1.4614059073391257,0.0
0,497,29.73348274198827,35.1471221432372,-1.6911979901830758,1.6911979901830758,0.0
0,498,29.56740125033673,35.31320363488874,-1.6304318428468818,1.6304318428468818,0.0
0,499,29.391662304355805,35.48894258086966,-1.8843470767694903,1.8843470767694903,0.0
0,500,29.202449596030874,35.67815528919459,-1.8999070897273853,1.8999070897273853,0.0
0,501,29.006644716116853,35.873960169108614,-2.0161905085513965,2.0161905085513965,0.0
0,502,28.804145266268392,36.076459618957074,-2.033798488415753,2.033798488415753,0.0
0,503,28.607197935527097,36.27340694969837,-1.9051481264090917,1.9051481264090917,0.0
0,504,28.431067720304213,36.44953716492125,-1.6174561780468455,1.6174561780468455,0.0
0,505,28.27916495491445,36.60143993031102,-1.4205991297477354,1.4205991297477354,0.0
0,506,28.143869539866955,36.73673534535851,-1.285309171200316,1.285309171200316,0.0
0,507,28.02302442855796,36.857580456667506,-1.1315930549780067,1.1315930549780067,0.0
0,508,27.90828839477706,36.97231649044841,-1.1631276206400045,1.1631276206400045,0.0
0,509,27.800972010460896,37.07963287476457,-0.9832000656823681,0.9832000656823681,0.0
0,510,27.687713091385717,37.19289179383975,-1.2819783158193854,1.2819783158193854,0.0
0,511,27.54910817784514,37.331496707380325,-1.4901199549917656,1.4901199549917656,0.0
0,512,27.432897006638996,37.44770787858647,-0.8341034691315024,0.8341034691315024,-5.0
0,513,27.374605164161608,37.50599972106386,-0.33173338041663314,0.33173338041663314,-5.0
0,514,27.348810250357133,37.531794634868334,-0.18416489567225192,0.18416489567225192,0.0
0,515,27.33147465608613,37.54913022913934,-0.16254698974690385,0.16254698974690385,0.0
0,516,27.307898497260453,37.57270638796501,-0.3089761867653067,0.3089761867653067,0.0
0,517,27.2874348149727,37.59317007025277,-0.1002974589899086,0.1002974589899086,0.0
0,518,27.291388054525783,37.589216830699684,0.17936225005122353,-0.17936225005122353,0.0
0,519,27.2987706965057,37.58183418871977,-0.031709410453220954,0.031709410453220954,0.0
0,520,27.297874177955123,37.58273070727034,0.013779039442674446,-0.013779039442674446,0.0
0,521,27.302463696146447,37.57814118907902,0.07801132438380343,-0.07801132438380343,0.0
0,522,27.317513058329723,37.56309182689574,0.2229759192813745,-0.2229759192813745,0.0
0,523,27.346449218521684,37.53415566670378,0.35574728455946314,-0.35574728455946314,0.0
0,524,27.37279395741234,37.507810927813125,0.17114749325379996,-0.17114749325379996,0.0
0,525,27.392297560950283,37.48830732427518,0.2189245775066233,-0.2189245775066233,0.0
0,526,27.426869247754325,37.45373563747114,0.47250915857529385,-0.47250915857529385,0.0
0,527,27.482197934740952,37.398406950484514,0.6340645811580874,-0.6340645811580874,0.0
0,528,27.541117819595343,37.339487065630124,0.5443331159310549,-0.5443331159310549,0.0
0,529,27.60716211723411,37.273442767991355,0.7765528368449051,-0.7765528368449051,0.0
0,530,27.689965400142114,37.19063948508335,0.8795128213159717,-0.8795128213159717,0.0
0,531,27.78290867108285,37.097696214142616,0.9793525974997337,-0.9793525974997337,0.0
0,532,27.870896093132842,37.009708792092624,0.7803958435005924,-0.7803958435005924,0.0
0,533,27.952764255204556,36.92784063002091,0.8569673979331114,-0.8569673979331114,0.0
0,534,28.042587739015858,36.83801714620961,0.9395022782938192,-0.9395022782938192,0.0
0,535,28.145043312123903,36.73556157310156,1.1096091838668691,-1.1096091838668691,0.0
0,536,28.262894510548335,36.61771037467713,1.2474147846232864,-1.2474147846232864,0.0
0,537,28.389362187647635,36.49124269757783,1.28193875736231,-1.28193875736231,0.0
0,538,28.525844380272588,36.35476050495288,1.4477050951377297,-1.4477050951377297,0.0
0,539,28.66514118930627,36.2154636959192,1.3382310855368278,-1.3382310855368278,0.0
0,540,28.791859649359594,36.08874523586587,1.1961381155309212,-1.1961381155309212,0.0
0,541,28.92480690852119,35.955797976704275,1.462807067700421,-1.462807067700421,0.0
0,542,29.08512339578874,35.795481489436725,1.743522677651475,-1.743522677651475,0.0
0,543,29.248773509625266,35.6318313756002,1.5294795990788597,-1.5294795990788597,0.0
0,544,29.40684090220816,35.47376398301731,1.6318682525797623,-1.6318682525797623,0.0
0,545,29.56456283693683,35.31604204828864,1.5225704419941408,-1.5225704419941408,0.0
0,546,29.710282447569966,35.1703224376555,1.391821770669166,-1.391821770669166,0.0
0,547,29.860052753543414,35.02055213168205,1.6035843488004389,-1.6035843488004389,0.0
0,548,30.018091051375677,34.86251383384979,1.55718160784566,-1.55718160784566,0.0
0,549,30.182130918944154,34.69847396628131,1.7236157435239825,-1.7236157435239825,0.0
0,550,30.36827801257789,34.51232687264758,1.9993261291520934,-1.9993261291520934,0.0
0,551,30.561031930482955,34.31957295474251,1.855752228949127,-1.855752228949127,0.0
0,552,30.759535262950635,34.12106962227483,2.1143144204039857,-2.1143144204039857,0.0
0,553,30.97246239039214,33.90814249483333,2.1442281284259757,-2.1442281284259757,0.0
0,554,31.17383255648167,33.706772328743796,1.8831751933654797,-1.8831751933654797,0.0
0,555,31.35200812292021,33.528596762305256,1.6803361354050121,-1.6803361354050121,0.0
0,556,31.524372552569503,33.35623233265596,1.7669524575812243,-1.7669524575812243,0.0
0,557,31.686862147554734,33.19374273767073,1.482839442123863,-1.482839442123863,0.0
0,558,31.827916263532188,33.05268862169328,1.3382428774252766,-1.3382428774252766,0.0
0,559,31.958272792348225,32.92233209287724,1.2688876988962967,-1.2688876988962967,0.0
0,560,32.08311969290048,32.797485192324984,1.2280503121490653,-1.2280503121490653,0.0
0,561,32.21699932320189,32.66360556202358,1.449542293878828,-1.449542293878828,0.0
0,562,32.355607205167416,32.52499768005805,1.322615345432201,-1.322615345432201,0.0
0,563,32.487125232994,32.39347965223146,1.3077452111009844,-1.3077452111009844,0.0
0,564,32.62972589088008,32.250878994345385,1.5442679466214244,-1.5442679466214244,0.0
0,565,32.791813792547146,32.08879109267832,1.69749008672121,-1.69749008672121,0.0
0,566,32.954822912848954,31.925781972376512,1.5626923193154934,-1.5626923193154934,0.0
0,567,33.120673536000254,31.759931349225212,1.7543201437105171,-1.7543201437105171,0.0
0,568,33.286557738974466,31.594047146251,1.5633639157733423,-1.5633639157733423,0.0
0,569,33.440616291284414,31.439988593941052,1.5178071304268794,-1.5178071304268794,0.0
0,570,33.602160673848175,31.27844421137729,1.713080520847921,-1.713080520847921,0.0
0,571,33.78604951760019,31.094555367625276,1.9646963541935474,-1.9646963541935474,0.0
0,572,33.98680624082874,30.893798644396725,2.050438110379133,-2.050438110379133,0.0
0,573,34.20204891610706,30.678555969118406,2.2544153951880403,-2.2544153951880403,0.0
0,574,34.41651573180445,30.464089153421014,2.0349209187612516,-2.0349209187612516,0.0
0,575,34.630928472638175,30.24967641258729,2.253333897914855,-2.253333897914855,0.0
0,576,34.85962444754534,30.020980437680123,2.3205856002283998,-2.3205856002283998,0.0
0,577,35.10237038718947,29.778234498036,2.534333192653767,-2.534333192653767,0.0
0,578,35.34196553753873,29.53863934768674,2.257569814332493,-2.257569814332493,0.0
0,579,35.581432742906145,29.29917214231932,2.531774293016646,-2.531774293016646,0.0
0,580,35.84030913175866,29.040295753466808,2.645753484034193,-2.645753484034193,0.0
0,581,36.10440463831014,28.776200246915323,2.6361566469956728,-2.6361566469956728,0.0
0,582,36.36802966976006,28.512575215465404,2.636343982003522,-2.636343982003522,0.0
0,583,36.627446533326975,28.25315835189849,2.5519932893354067,-2.5519932893354067,3.0
0,584,36.877349055085915,28.00325583013955,2.446057145843561,-2.446057145843561,3.0
0,585,37.113038105060696,27.76756678016477,2.267723853651894,-2.267723853651894,3.0
0,586,37.31164847854075,27.56895640668472,1.7044836159493286,-1.7044836159493286,3.0
0,587,37.45650559002172,27.424099295203746,1.192658613670364,-1.192658613670364,3.0
0,588,37.555116979460536,27.32548790576493,0.7795691751064275,-0.7795691751064275,3.0
0,589,37.62345618747304,27.257148697752427,0.5872149851417987,-0.5872149851417987,3.0
0,590,37.677395415169144,27.203209470056322,0.4915695687798145,-0.4915695687798145,0.0
0,591,37.72268081320726,27.157924072018204,0.41413839198038005,-0.41413839198038005,0.0
0,592,37.752590043441046,27.12801484178442,0.1840462126939677,-0.1840462126939677,0.0
0,593,37.779898135463895,27.10070674976157,0.36211562776131245,-0.36211562776131245,0.0
0,594,37.826708651154945,27.05389623407052,0.574094686057677,-0.574094686057677,0.0
0,595,37.87719728098273,27.00340760424274,0.4356779104974926,-0.4356779104974926,0.0
0,596,37.90680207932451,26.97380280590096,0.15641805633764783,-0.15641805633764783,0.0
0,597,37.90781056997082,26.972794315254646,-0.13624824341225583,0.13624824341225583,0.0
0,598,37.8871042115029,26.993500673722565,-0.2778789259462151,0.2778789259462151,0.0
0,599,37.86934840034303,27.011256484882438,-0.07723729725232786,0.07723729725232786,0.0
0,600,37.85915990132787,27.021444983897595,-0.1265326830508524,0.1265326830508524,0.0
0,601,37.84604731313755,27.03455757208792,-0.13571908075625494,0.13571908075625494,0.0
0,602,37.83650980831749,27.04409507690798,-0.05503101564617907,0.05503101564617907,0.0
0,603,37.831371328167734,27.049233557057732,-0.04773858734904479,0.04773858734904479,0.0
0,604,37.83217403352717,27.0484308516983,0.06379269453779735,-0.06379269453779735,0.0
0,605,37.85240442170834,27.028200463517123,0.3408150690841545,-0.3408150690841545,0.0
0,606,37.886596157806935,26.99400872741853,0.3430196528861096,-0.3430196528861096,0.0
0,607,37.91839417408187,26.962210711143598,0.29294067261199785,-0.29294067261199785,0.0
0,608,37.939843811847936,26.94076107337753,0.13605208270869973,-0.13605208270869973,0.0
0,609,37.94466775493606,26.935937130289403,-0.039573220947675125,0.039573220947675125,0.0
0,610,37.942708965519614,26.937895919705852,0.00039743261794100704,-0.00039743261794100704,0.0
0,611,37.93436817311806,26.946236712107407,-0.1672132806493245,0.1672132806493245,0.0
0,612,37.90329769697337,26.977307188252098,-0.45419624224626887,0.45419624224626887,0.0
0,613,37.84945408974659,27.03115079547888,-0.6226759022897408,0.6226759022897408,0.0
0,614,37.78865762591897,27.091947259306494,-0.5932533742629076,0.5932533742629076,0.0
0,615,37.73935948540566,27.14124539981981,-0.39270943600401687,0.39270943600401687,0.0
0,616,37.69908437816264,27.181520507062828,-0.4127927088564878,0.4127927088564878,0.0
0,617,37.65280934207044,27.227795543155025,-0.5127080129876251,0.5127080129876251,0.0
0,618,37.6004312670226,27.280173618202866,-0.5348534879699542,0.5348534879699542,0.0
0,619,37.54357401830566,27.337030866919804,-0.6022914863707118,0.6022914863707118,0.0
0,620,37.48915045569504,27.391454429530427,-0.4861797658438025,0.4861797658438025,0.0
0,621,37.43492880421752,27.445676081007946,-0.5982532637075249,0.5982532637075249,0.0
0,622,37.36302391845902,27.517580966766445,-0.8398444514634917,0.8398444514634917,0.0
0,623,37.26799349887551,27.612611386349954,-1.060763940207469,1.060763940207469,0.0
0,624,37.15960651781427,27.720998367411198,-1.1069756810190778,1.1069756810190778,0.0
0,625,37.05240890722837,27.828195977997098,-1.0369765307006773,1.0369765307006773,0.0
0,626,36.95892772403977,27.9216771611857,-0.8326471330717489,0.8326471330717489,0.0
0,627,36.864829747564386,28.01577513766108,-1.049312396437223,1.049312396437223,0.0
0,628,36.75309139920569,28.12751348601978,-1.1854545707373951,1.1854545707373951,0.0
0,629,36.643104734342955,28.23750015088251,-1.0142787265176931,1.0142787265176931,0.0
0,630,36.544130320487966,28.3364745647375,-0.965209550582431,0.965209550582431,0.0
0,631,36.44557559749046,28.435029287735006,-1.0058849093676336,1.0058849093676336,0.0
0,632,36.35412236475497,28.526482520470495,-0.8231797453426886,0.8231797453426886,0.0
0,633,36.28123561317989,28.59936927204558,-0.6345552861600634,0.6345552861600634,0.0
0,634,36.23169772962717,28.648907155598295,-0.35620238489613243,0.35620238489613243,0.0
0,635,36.187426471598314,28.69317841362715,-0.5292227756817649,0.5292227756817649,0.0
0,636,36.119981315739665,28.7606235694858,-0.8196803414912424,0.8196803414912424,0.0
0,637,36.038879843270024,28.841725041955442,-0.802349107902387,0.802349107902387,0.0
0,638,35.94569161401671,28.934913271208757,-1.0614154771646653,1.0614154771646653,0.0
0,639,35.83183377530361,29.04877110992186,-1.2157412970984804,1.2157412970984804,0.0
0,640,35.72462666389458,29.155978221330884,-0.9284009310828445,0.9284009310828445,0.0
0,641,35.642893796208,29.237711089017466,-0.706256422650787,0.706256422650787,0.0
0,642,35.57596833622961,29.30463654899586,-0.6322527769175625,0.6322527769175625,0.0
0,643,35.51065538958858,29.369949495636888,-0.6740061559041752,0.6740061559041752,0.0
0,644,35.44047690252614,29.440127982699323,-0.7295635853452147,0.7295635853452147,0.0
0,645,35.35623164324193,29.52437324198354,-0.9553416003397839,0.9553416003397839,0.0
0,646,35.25632250620981,29.624282379015654,-1.0428411403042102,1.0428411403042102,0.0
0,647,35.15184393342372,29.728760951801746,-1.0467303154175749,1.0467303154175749,0.0
0,648,35.04404502276702,29.836559862458444,-1.1092478977182623,1.1092478977182623,0.0
0,649,34.94017756017536,29.94042732505011,-0.9681013541171666,0.9681013541171666,0.0
0,650,34.84900547592622,30.031599409299247,-0.8553403308673175,0.8553403308673175,0.0
0,651,34.7508054825297,30.129799402695767,-1.1086595370647299,1.1086595370647299,0.0
0,652,34.6483596127041,30.232245272521368,-0.940257859449007,0.940257859449007,0.0
0,653,34.56316096308126,30.317443922144207,-0.7637151330098568,0.7637151330098568,0.0
0,654,34.491322663571964,30.389282221653502,-0.6730508571777456,0.6730508571777456,0.0
0,655,34.4189004628297,30.46170442239577,-0.7753931576675726,0.7753931576675726,0.0
0,656,34.33115640378401,30.54944848144146,-0.9794880232471819,0.9794880232471819,0.0
0,657,34.220061323939035,30.66054356128643,-1.242413573653252,1.242413573653252,0.0
0,658,34.10334805456125,30.777256830664214,-1.0918518139027995,1.0918518139027995,0.0
0,659,33.99988384483959,30.88072104038588,-0.9774323805304306,0.9774323805304306,0.0
0,660,33.90267923804868,30.97792564717679,-0.9666597552880862,0.9666597552880862,0.0
0,661,33.793238566436685,31.08736631878878,-1.2221536769518373,1.2221536769518373,0.0
0,662,33.66687005104734,31.213734834178126,-1.3052166308351758,1.3052166308351758,0.0
0,663,33.54502748993184,31.335577395293626,-1.131634591474734,1.131634591474734,0.0
0,664,33.44625677639726,31.434348108828203,-0.8437796792173309,0.8437796792173309,0.0
0,665,33.37674346738277,31.5038614178427,-0.546486501073371,0.546486501073371,0.0
0,666,33.31069047098106,31.56991441424441,-0.7745734269611724,0.7745734269611724,0.0
0,667,33.233318982295486,31.64728590292998,-0.7728563467505456,0.7728563467505456,0.0
0,668,33.15624512162242,31.724359763603047,-0.7686208667120233,0.7686208667120233,0.0
0,669,33.06654199240279,31.814062892822676,-1.0254417176824493,1.0254417176824493,0.0
0,670,32.9501394652757,31.93046541994977,-1.30260882486108,1.30260882486108,0.0
0,671,32.819743119686564,32.0608617655389,-1.3053180869217353,1.3053180869217353,0.0
0,672,32.691863449532434,32.18874143569303,-1.2522753161610343,1.2522753161610343,0.0
0,673,32.57665360727458,32.30395127795089,-1.0519215289973065,1.0519215289973065,0.0
0,674,32.47933604052423,32.401268844701235,-0.8944298060110238,0.8944298060110238,0.0
0,675,32.37747845320848,32.503126432016984,-1.1427219403046518,1.1427219403046518,0.0
0,676,32.24930822855947,32.631296656665995,-1.4206825526775866,1.4206825526775866,0.0
0,677,32.111681152218694,32.76892373300677,-1.3318589741399531,1.3318589741399531,0.0
0,678,31.97768629882205,32.902918586403416,-1.3480380937938587,1.3480380937938587,0.0
0,679,31.850869666350945,33.02973521887452,-1.1882945556298932,1.1882945556298932,0.0
0,680,31.7270009463507,33.15360393887477,-1.2890798443759621,1.2890798443759621,0.0
0,681,31.596260254059985,33.28434463116548,-1.3257340014383185,1.3257340014383185,0.0
0,682,31.467907505714493,33.41269737951097,-1.2413209654725748,1.2413209654725748,0.0
0,683,31.33617491502946,33.544429970196006,-1.3933308482301143,1.3933308482301143,0.0
0,684,31.186415281515906,33.69418960370956,-1.6018618220417515,1.6018618220417515,0.0
0,685,31.018442475945108,33.86216240928036,-1.7575942893756942,1.7575942893756942,0.0
0,686,30.853563079022365,34.0270418062031,-1.5399936490800812,1.5399936490800812,0.0
0,687,30.713888660673888,34.16671622455158,-1.253494717890037,1.253494717890037,0.0
0,688,30.592397402093184,34.28820748313228,-1.176330453725921,1.176330453725921,0.0
0,689,30.46671899069804,34.413885894527425,-1.337237774177101,1.337237774177101,0.0
0,690,30.347290277685715,34.53331460753975,-1.0513364860712109,1.0513364860712109,0.0
0,691,30.234229671245544,34.64637521397992,-1.209875642733003,1.209875642733003,0.0
0,692,30.11120530092296,34.769399584302505,-1.25061176372078,1.25061176372078,0.0
0,693,29.995924656416832,34.884680228808634,-1.0550011264030914,1.0550011264030914,0.0
0,694,29.900338137850667,34.9802667473748,-0.8567292449208157,0.8567292449208157,0.0
0,695,29.817668212621584,35.06293667260388,-0.79666925966138,0.79666925966138,0.0
0,696,29.74686914053018,35.13373574469529,-0.6193121821674623,0.6193121821674623,0.0
0,697,29.688329128250075,35.19227575697539,-0.551488063436679,0.551488063436679,0.0
0,698,29.63920524196874,35.24139964325673,-0.4309896621915872,0.4309896621915872,0.0
0,699,29.606101600255897,35.27450328496957,-0.23108317206735052,0.23108317206735052,0.0
0,700,29.56991538902787,35.3106894961976,-0.492641052494486,0.492641052494486,0.0
0,701,29.53156918822117,35.3490356970043,-0.2742829636408697,0.2742829636408697,0.0
0,702,29.51657796625591,35.36402691896956,-0.025541475665491475,0.025541475665491475,0.0
0,703,29.514069024277433,35.366535860948034,-0.024637363905222642,0.024637363905222642,0.0
0,704,29.507063008698083,35.37354187652738,-0.11548294768206802,0.11548294768206802,0.0
0,705,29.502895135742392,35.377709749483074,0.032125488566151716,-0.032125488566151716,0.0
0,706,29.496754112843064,35.3838507723824,-0.154945946554772,0.154945946554772,0.0
0,707,29.48684162804068,35.39376325718479,-0.04330374949425142,0.04330374949425142,0.0
0,708,29.482853855815733,35.39775102940973,-0.03645169500555845,0.03645169500555845,0.0
0,709,29.467056681859162,35.413548203366304,-0.2794917841278064,0.2794917841278064,0.0
0,710,29.435732851512967,35.4448720337125,-0.34698482279737597,0.34698482279737597,0.0
0,711,29.409263009517872,35.471341875707594,-0.18241201710603683,0.18241201710603683,0.0
0,712,29.39250473755783,35.48810014766764,-0.1527534220968665,0.1527534220968665,0.0
0,713,29.36386666759904,35.516738217626425,-0.4200079770796261,0.4200079770796261,0.0
0,714,29.331067281681044,35.54953760354442,-0.23597974128072607,0.23597974128072607,0.0
0,715,29.303132563673444,35.57747232155202,-0.32271461887204467,0.32271461887204467,0.0
0,716,29.272977924979955,35.60762696024551,-0.28037815499938645,0.28037815499938645,0.0
0,717,29.236311174504635,35.64429371072083,-0.4529568545081464,0.4529568545081464,0.0
0,718,29.176835863363294,35.70376902186217,-0.7365493683199258,0.7365493683199258,0.0
0,719,29.116632947153334,35.76397193807213,-0.4675089558796497,0.4675089558796497,0.0
0,720,29.06670897351944,35.81389591170603,-0.5309705167997407,0.5309705167997407,0.0
0,721,29.015149952915863,35.8654549323096,-0.5002098952720182,0.5002098952720182,0.0
0,722,28.97988877627256,35.900716108952906,-0.20501363759537305,0.20501363759537305,0.0
0,723,28.971432809209205,35.90917207601626,0.035894296326734576,-0.035894296326734576,0.0
0,724,28.98479191227875,35.895812972946715,0.23128776506278115,-0.23128776506278115,0.0
0,725,29.003615387501895,35.87698949772357,0.145181739398776,-0.145181739398776,0.0
0,726,29.016070450084158,35.86453443514131,0.10391951224510976,-0.10391951224510976,0.0
0,727,29.01348186337077,35.867123021854695,-0.1556912465134861,0.1556912465134861,0.0
0,728,28.989723158147058,35.89088172707841,-0.3194828579624751,0.3194828579624751,0.0
0,729,28.95973104710879,35.92087383811668,-0.2803593628031553,0.2803593628031553,0.0
0,730,28.925607345355616,35.95499753986985,-0.4021146722604705,0.4021146722604705,0.0
0,731,28.88450135907931,35.99610352614616,-0.420005053266836,0.420005053266836,0.0
0,732,28.84170477686598,36.038900108359485,-0.4359265910016781,0.4359265910016781,0.0
0,733,28.796827740521394,36.08377714470407,-0.4616141358919137,0.4616141358919137,0.0
0,734,28.747654610041423,36.132950275184044,-0.5218484737079265,0.5218484737079265,0.0
0,735,28.69426211328573,36.186342771939735,-0.5460014614060995,0.5460014614060995,0.0
0,736,28.63890181870397,36.241703066521495,-0.5612044302309833,0.5612044302309833,0.0
0,737,28.58225657325363,36.298348311971836,-0.571700478777446,0.571700478777446,0.0
0,738,28.53156442358943,36.34904046163604,-0.44214251450871345,0.44214251450871345,0.0
0,739,28.47275393874645,36.407850946479016,-0.7340671823508824,0.7340671823508824,0.0
0,740,28.408710126681058,36.47189475854441,-0.5468090589586634,0.5468090589586634,0.0
0,741,28.341355780942763,36.5392491042827,-0.8002778558077441,0.8002778558077441,0.0
0,742,28.272832300441905,36.60777258478356,-0.5701917542102635,0.5701917542102635,0.0
0,743,28.21644708480244,36.66415780042303,-0.5575125585808749,0.5575125585808749,0.0
0,744,28.161697321783663,36.7189075634418,-0.5374827017960655,0.5374827017960655,0.0
0,745,28.122207592501354,36.75839729272411,-0.2523118838509717,0.2523118838509717,0.0
0,746,28.100621459541912,36.779983425683554,-0.17941077533912164,0.17941077533912164,0.0
0,747,28.09446906806329,36.786135817162176,0.05636294576580525,-0.05636294576580525,0.0
0,748,28.111714121822047,36.76889076340342,0.28853812940867485,-0.28853812940867485,0.0
0,749,28.13727650349199,36.74332838173348,0.22270950398856648,-0.22270950398856648,0.0
0,750,28.14795849390987,36.7326463913156,-0.009069695631728436,0.009069695631728436,0.0
0,751,28.14911280916556,36.73149207605991,0.0321560007449726,-0.0321560007449726,0.0
0,752,28.160407638325864,36.7201972468996,0.1937405824603946,-0.1937405824603946,0.0
0,753,28.181182450325764,36.6994224348997,0.22175565753546955,-0.22175565753546955,0.0
0,754,28.214492871089078,36.66611201413639,0.4444527577300903,-0.4444527577300903,0.0
0,755,28.26398369035587,36.616621194869595,0.545363627605111,-0.545363627605111,0.0
0,756,28.306198869154514,36.57440601607095,0.29893994836675297,-0.29893994836675297,0.0
0,757,28.338709448841996,36.54189543638347,0.3512716453825604,-0.3512716453825604,0.0
0,758,28.381713984844282,36.498890900381184,0.5088190746618899,-0.5088190746618899,0.0
0,759,28.441603791161924,36.43900109406354,0.6889770516902978,-0.6889770516902978,0.0
0,760,28.507383874236098,36.37322101098937,0.6266246097911985,-0.6266246097911985,0.0
0,761,28.556170399790858,36.32443448543461,0.34910590130285435,-0.34910590130285435,0.0
0,762,28.578633199742058,36.30197168548341,0.10015009772113359,-0.10015009772113359,0.0
0,763,28.58481061715736,36.29579426806811,0.02339825058457201,-0.02339825058457201,0.0
0,764,28.590335345350468,36.290269539875,0.08709631327605827,-0.08709631327605827,0.0
0,765,28.60861870678923,36.27198617843624,0.278570915498376,-0.278570915498376,0.0
0,766,28.650400241378748,36.23020464384672,0.5570597762912861,-0.5570597762912861,0.0
0,767,28.6968720170413,36.183732868184165,0.3723757369598246,-0.3723757369598246,0.0
0,768,28.739455991462023,36.14114889376344,0.47930375145363513,-0.47930375145363513,0.0
0,769,28.78259654764463,36.098008337580836,0.3835073721977178,-0.3835073721977178,0.0
0,770,28.82212276546238,36.058482119763084,0.407016984155657,-0.407016984155657,0.0
0,771,28.876027896358664,36.0045769888668,0.6710856337689783,-0.6710856337689783,0.0
0,772,28.94833580010709,35.93226908511838,0.775072441198752,-0.775072441198752,0.0
0,773,29.01759259490848,35.86301229031699,0.6100634548279871,-0.6100634548279871,0.0
0,774,29.065238225280154,35.81536665994531,0.34284915260511184,-0.34284915260511184,0.0
0,775,29.106266546946472,35.774338338278994,0.4777172807194212,-0.4777172807194212,0.0
0,776,29.163153321732693,35.71745156349277,0.6600182150028893,-0.6600182150028893,0.0
0,777,29.244052091480626,35.636552793744954,0.9579571799529027,-0.9579571799529027,0.0
0,778,29.333788180194688,35.54681670503089,0.8367645943280344,-0.8367645943280344,0.0
0,779,29.414550899965207,35.46605398526037,0.7784898010811254,-0.7784898010811254,0.0
0,780,29.487506488924737,35.39309839630096,0.6806219781067462,-0.6806219781067462,0.0
0,781,29.553417860879563,35.32718702434613,0.63760546098767,-0.63760546098767,0.0
0,782,29.61189782007068,35.26870706515501,0.5319937228333735,-0.5319937228333735,0.0
0,783,29.665486245672355,35.21511863955345,0.5397747891968656,-0.5397747891968656,0.0
0,784,29.70767250167455,35.17293238355114,0.3039503308471829,-0.3039503308471829,0.0
0,785,29.726462511043565,35.15414237418213,0.07184985653221254,-0.07184985653221254,0.0
0,786,29.733983066658766,35.14662181856704,0.0785612557685802,-0.0785612557685802,0.0
0,787,29.73448738758225,35.14611749764356,-0.06847483729946902,0.06847483729946902,0.0
0,788,29.727158339588186,35.15344654563762,-0.078106122582426,0.078106122582426,0.0
0,789,29.72245529714337,35.15814958808255,-0.01595472631691841,0.01595472631691841,0.0
0,790,29.731928800027845,35.148676085198076,0.20542478400494346,-0.20542478400494346,0.0
0,791,29.750515702133953,35.13008918309208,0.16631325811435183,-0.16631325811435183,0.0
0,792,29.76624468120849,35.114360204017544,0.14826632337470436,-0.14826632337470436,0.0
0,793,29.79275085113227,35.087854034093766,0.38185707509915723,-0.38185707509915723,0.0
0,794,29.816288620527757,35.064316264698164,0.08889831281156191,-0.08889831281156191,0.0
0,795,29.8274844833702,35.05312040185572,0.13501894403721515,-0.13501894403721515,0.0
0,796,29.842277085763953,35.03832779946208,0.1608331038353299,-0.1608331038353299,0.0
0,797,29.845506020770472,35.03509886445568,-0.09625440370821359,0.09625440370821359,0.0
0,798,29.823237334956275,35.05736755026976,-0.34911931257499873,0.34911931257499873,0.0
0,799,29.79655725402199,35.084047631204044,-0.18448230611062755,0.18448230611062755,0.0
0,800,29.78556017104711,35.095044714178925,-0.03545935338828876,0.03545935338828876,0.0
0,801,29.77563633908221,35.10496854614371,-0.16301728590894982,0.16301728590894982,0.0
0,802,29.769043000809006,35.11156188441703,0.031150520442665197,-0.031150520442665197,0.0
0,803,29.76517351419602,35.11543137103001,-0.10854025270449519,0.10854025270449519,0.0
0,804,29.754664697228236,35.125940187997685,-0.10163608665109614,0.10163608665109614,0.0
0,805,29.74711793086044,35.13348695436548,-0.049299240705748204,0.049299240705748204,0.0
0,806,29.739930967815326,35.140673917410595,-0.09444002019863085,0.09444002019863085,0.0
0,807,29.719894265198036,35.160710620027885,-0.3062940321471501,0.3062940321471501,0.0
0,808,29.697504684948854,35.18310020027707,-0.14149757283755093,0.14149757283755093,0.0
0,809,29.68560441247064,35.195000472755396,-0.09650787672977934,0.09650787672977934,0.0
0,810,29.66292490079877,35.217679984427264,-0.3570823567086254,0.3570823567086254,0.0
0,811,29.625372802582206,35.25523208264394,-0.393959607625364,0.393959607625364,0.0
0,812,29.597501155677264,35.283103729548884,-0.16347333047381163,0.16347333047381163,0.0
0,813,29.588517832117077,35.292087053109185,-0.016193140733012257,0.016193140733012257,0.0
0,814,29.572495548773077,35.3081093364533,-0.30425252614998044,0.30425252614998044,0.0
0,815,29.529953594771314,35.35065129045495,-0.5465865538850707,0.5465865538850707,0.0
0,816,29.46143188648921,35.41917299873694,-0.8238476117559355,0.8238476117559355,0.0
0,817,29.372200384902726,35.50840450032342,-0.9607824199754926,0.9607824199754926,0.0
0,818,29.28625775347109,35.59434713175506,-0.7580702086583546,0.7580702086583546,0.0
0,819,29.206722937321047,35.6738819479051,-0.8326261143424301,0.8326261143424301,0.0
0,820,29.131786381575466,35.74881850365068,-0.6661050005710898,0.6661050005710898,0.0
0,821,29.07088254349037,35.80972234173578,-0.5519717611334531,0.5519717611334531,0.0
0,822,29.03054657104599,35.85005831418016,-0.2547476877566215,0.2547476877566215,0.0
0,823,29.00686098625306,35.87374389897309,-0.218964008102283,0.218964008102283,0.0
0,824,28.996540667918453,35.884064217307696,0.012557641407408227,-0.012557641407408227,0.0
0,825,28.98418207551981,35.89642280970634,-0.25972948937899076,0.25972948937899076,0.0
0,826,28.962423357316766,35.91818152790938,-0.17544487468113346,0.17544487468113346,0.0
0,827,28.94984428856901,35.93076059665714,-0.07613650027354169,0.07613650027354169,0.0
0,828,28.949291488923564,35.931313396302585,0.06508050736271187,-0.06508050736271187,0.0
0,829,28.945378562494625,35.93522632273152,-0.14333903594080866,0.14333903594080866,0.0
0,830,28.935197894310704,35.945406990915444,-0.06027432773803909,0.06027432773803909,0.0
0,831,28.930976432675607,35.94962845255054,-0.024154904966161794,0.024154904966161794,0.0
0,832,28.921300095416882,35.959304789809266,-0.1693718402097435,0.1693718402097435,0.0
0,833,28.90274348098592,35.97786140424023,-0.2017604484094484,0.2017604484094484,0.0
0,834,28.884957476424006,35.99564740880214,-0.1539596428315253,0.1539596428315253,0.0
0,835,28.85956352733001,36.02104135789614,-0.3539193390495772,0.3539193390495772,0.0
0,836,28.83916595654273,36.04143892868342,-0.054032076696522324,0.054032076696522324,0.0
0,837,28.83352083399086,36.04708405123529,-0.05887037434317932,0.05887037434317932,0.0
0,838,28.841170541450992,36.039434343775156,0.21186452354642427,-0.21186452354642427,0.0
0,839,28.853889206672648,36.0267156785535,0.04250878088706678,-0.04250878088706678,0.0
0,840,28.85737868350543,36.02322620172072,0.02728075576553657,-0.02728075576553657,0.0
0,841,28.854668442579168,36.02593644264698,-0.08148557429286996,0.08148557429286996,0.0
0,842,28.842275639407035,36.038329245819114,-0.16637048915294628,0.16637048915294628,0.0
0,843,28.814699931213,36.06590495401315,-0.3851436747297807,0.3851436747297807,0.0
0,844,28.776212020314915,36.10439286491123,-0.3846145432337629,0.3846145432337629,0.0
0,845,28.74016608811121,36.14043879711494,-0.33630410084078477,0.33630410084078477,0.0
0,846,28.701661336241386,36.17894354898476,-0.43379093655776657,0.43379093655776657,0.0
0,847,28.648982068187706,36.23162281703844,-0.6197944245189131,0.6197944245189131,0.0
0,848,28.57524851882181,36.30535636640434,-0.8548765627983013,0.8548765627983013,0.0
0,849,28.499355464519567,36.38124942070658,-0.662984523248614,0.662984523248614,0.0
0,850,28.436836305478437,36.44376857974771,-0.5873986575761698,0.5873986575761698,0.0
0,851,28.36642741664741,36.51417746857874,-0.8207791190444382,0.8207791190444382,0.0
0,852,28.28527413292977,36.59533075229638,-0.8022865553110261,0.8022865553110261,0.0
0,853,28.19015179462167,36.69045309060448,-1.100160210849923,1.100160210849923,0.0
0,854,28.08770815255457,36.79289673267158,-0.9487126304953595,0.9487126304953595,0.0
0,855,27.9821735887499,36.89843129647625,-1.1619786455989534,1.1619786455989534,0.0
0,856,27.860355607055453,37.020249278170695,-1.2743809882931885,1.2743809882931885,0.0
0,857,27.72584162303042,37.15476326219573,-1.4158986922089163,1.4158986922089163,0.0
0,858,27.581898681305802,37.29870620392035,-1.4629601422823963,1.4629601422823963,0.0
0,859,27.47029308991614,37.41031179531001,-0.7691516855085077,0.7691516855085077,-5.0
0,860,27.43129345719126,37.44931142803489,-0.010840968991468358,0.010840968991468358,-5.0
0,861,27.4360907099433,37.44451417528285,0.10678602403202042,-0.10678602403202042,0.0
0,862,27.461759262134137,37.41884562309201,0.40658501978474426,-0.40658501978474426,0.0
0,863,27.5130012935565,37.36760359166965,0.6182556086625759,-0.6182556086625759,0.0
0,864,27.58612127178867,37.29448361343748,0.8441439559830233,-0.8441439559830233,0.0
0,865,27.677719848798688,37.20288503642746,0.9878275842174631,-0.9878275842174631,0.0
0,866,27.782150923808103,37.098453961418045,1.1007939159726323,-1.1007939159726323,0.0
0,867,27.89976176278674,36.98084312243941,1.2514228636003715,-1.2514228636003715,0.0
0,868,28.025635775303954,36.854969109922195,1.266057386745148,-1.266057386745148,0.0
0,869,28.14951463347893,36.73109025174722,1.2115197767561803,-1.2115197767561803,0.0
0,870,28.284774285134745,36.5958306000914,1.493673256362852,-1.493673256362852,0.0
0,871,28.444826987748,36.43577789747815,1.7073807959016332,-1.7073807959016332,0.0
0,872,28.604514317376243,36.276090567849906,1.4863657966661155,-1.4863657966661155,0.0
0,873,28.745756639424144,36.134848245802004,1.3384806442929076,-1.3384806442929076,0.0
0,874,28.8717983016777,36.00880658354845,1.1823526007770084,-1.1823526007770084,0.0
0,875,28.997235430044157,35.88336945518199,1.3263899665538599,-1.3263899665538599,0.0
0,876,29.11705855755281,35.76354632767334,1.0700725836212435,-1.0700725836212435,0.0
0,877,29.21211479833414,35.66849008689201,0.8310522320058347,-0.8310522320058347,0.0
0,878,29.310203273559182,35.570401611666966,1.130717272496227,-1.130717272496227,0.0
0,879,29.424659855273603,35.455945029952545,1.158414361791932,-1.158414361791932,0.0
0,880,29.54083075635117,35.33977412887498,1.165003659759373,-1.165003659759373,0.0
0,881,29.671307187759112,35.209297697467036,1.4445249683989978,-1.4445249683989978,0.0
0,882,29.830278307097387,35.05032657812876,1.734897418368524,-1.734897418368524,0.0
0,883,29.994658310725754,34.885946574500394,1.5527026542013491,-1.5527026542013491,0.0
0,884,30.143703764388647,34.7369011208375,1.4282064190583839,-1.4282064190583839,0.0
0,885,30.27533918080735,34.6052657044188,1.2045019093166243,-1.2045019093166243,0.0
0,886,30.39761303568389,34.48299184954226,1.2409751882139588,-1.2409751882139588,0.0
0,887,30.511136784076825,34.36946810114932,1.0294997796454748,-1.0294997796454748,0.0
0,888,30.611521174785366,34.26908371044078,0.9781880345246527,-0.9781880345246527,0.0
0,889,30.707827046270495,34.17277783895565,0.9479293951764767,-0.9479293951764767,0.0
0,890,30.80258801704872,34.07801686817743,0.9472900203897581,-0.9472900203897581,0.0
0,891,30.901761531691136,33.97884335353501,1.0361802724577878,-1.0361802724577878,0.0
0,892,31.00541154703251,33.87519333819364,1.0368200343708853,-1.0368200343708853,0.0
0,893,31.114645828213042,33.765959057013106,1.1478655892412846,-1.1478655892412846,0.0
0,894,31.222436243167067,33.65816864205908,1.0079427098406413,-1.0079427098406413,0.0
0,895,31.325202842954468,33.55540204227168,1.0473892859091283,-1.0473892859091283,0.0
0,896,31.43105973184379,33.44954515338236,1.069748491879082,-1.069748491879082,0.0
0,897,31.536625589017376,33.34397929620877,1.0415686515928861,-1.0415686515928861,0.0
0,898,31.631944421886146,33.24866046334,0.864808005783285,-0.864808005783285,0.0
0,899,31.71743163571614,33.16317324951001,0.8449362708194563,-0.8449362708194563,0.0
0,900,31.79793936889655,33.0826655163296,0.7652183927881158,-0.7652183927881158,0.0
0,901,31.869502012865723,33.011102872360425,0.6660344865963737,-0.6660344865963737,0.0
0,902,31.921832774541144,32.958772110685004,0.38058074691509525,-0.38058074691509525,0.0
0,903,31.95596508529775,32.9246397999284,0.3020654682197286,-0.3020654682197286,0.0
0,904,31.989994842930855,32.89061004229529,0.378529684441693,-0.378529684441693,0.0
0,905,32.04200783336978,32.83859705185637,0.661730124336323,-0.661730124336323,0.0
0,906,32.10434154097061,32.77626334425554,0.5849440276790379,-0.5849440276790379,0.0
0,907,32.16908465543679,32.71152022978936,0.7099182616458073,-0.7099182616458073,0.0
0,908,32.24795087449979,32.632654010726355,0.8674061196136886,-0.8674061196136886,0.0
0,909,32.34910710367353,32.531497781552616,1.1557184638600653,-1.1557184638600653,0.0
0,910,32.45742079210436,32.42318409312179,1.0105553047571387,-1.0105553047571387,0.0
0,911,32.56250512975612,32.31809975547003,1.0911314482793166,-1.0911314482793166,0.0
0,912,32.661082175774254,32.219522709451894,0.8804094720830502,-0.8804094720830502,0.0
0,913,32.74644742031819,32.13415746490796,0.826895418798312,-0.826895418798312,0.0
0,914,32.816814278126,32.063790607100145,0.5804417373565833,-0.5804417373565833,0.0
0,915,32.884846042399204,31.995758842826945,0.7801935481078015,-0.7801935481078015,0.0
0,916,32.965046662247914,31.915558222978234,0.8238188488679103,-0.8238188488679103,0.0
0,917,33.03675282602785,31.843852059198298,0.6103044267338511,-0.6103044267338511,0.0
0,918,33.091998877064725,31.788606008161423,0.49461659400387603,-0.49461659400387603,0.0
0,919,33.128372717272896,31.752232167953252,0.2328602101606556,-0.2328602101606556,0.0
0,920,33.15370690589225,31.7268979793339,0.27382356222752335,-0.27382356222752335,0.0
0,921,33.18119251996586,31.699412365260287,0.2758887192458275,-0.2758887192458275,0.0
0,922,33.19556100220234,31.68504388302381,0.01148092548270263,-0.01148092548270263,0.0
0,923,33.18842210061075,31.692182784615397,-0.1542589573154416,0.1542589573154416,0.0
0,924,33.17497215907679,31.70563272614936,-0.11473987336304603,0.11473987336304603,0.0
0,925,33.15905892864089,31.72154595658526,-0.20352473535325188,0.20352473535325188,0.0
0,926,33.14830640004311,31.732298485183037,-0.01152583660198303,0.01152583660198303,0.0
0,927,33.15689694692719,31.723707938298958,0.18333677428454997,-0.18333677428454997,0.0
0,928,33.17547909216319,31.70512579306296,0.18830613043731148,-0.18830613043731148,0.0
0,929,33.18835473073409,31.692250154492058,0.06920664098340978,-0.06920664098340978,0.0
0,930,33.19604241626848,31.684562468957665,0.08454706970489667,-0.08454706970489667,0.0
0,931,33.194510748313405,31.686094136912743,-0.11518042880716628,0.11518042880716628,0.0
0,932,33.19685120857616,31.683753676649985,0.16198963406086087,-0.16198963406086087,0.0
0,933,33.22652513157641,31.65407975364974,0.43148882594624993,-0.43148882594624993,0.0
0,934,33.275130708077086,31.605474177149063,0.5406227040695732,-0.5406227040695732,0.0
0,935,33.319561693737796,31.561043191488352,0.3479970091475284,-0.3479970091475284,0.0
0,936,33.36587477765693,31.51473010756922,0.5782646692338993,-0.5782646692338993,0.0
0,937,33.4312331126996,31.449371772526547,0.7289020316191142,-0.7289020316191142,0.0
0,938,33.51130242930117,31.36930245592498,0.8724843004109104,-0.8724843004109104,0.0
0,939,33.587955191284664,31.292649693941485,0.66057093926125,-0.66057093926125,0.0
0,940,33.66377269526765,31.216832189958495,0.8557791403978587,-0.8557791403978587,0.0
0,941,33.76251823684447,31.118086648381677,1.1191316911415292,-1.1191316911415292,0.0
0,942,33.88466596919557,30.995938916030582,1.3238229558817807,-1.3238229558817807,0.0
0,943,34.00621344437968,30.874391440846466,1.1071265478012435,-1.1071265478012435,0.0
0,944,34.12525609115551,30.755348794070642,1.2737263877178027,-1.2737263877178027,0.0
0,945,34.24298158215561,30.63762330307054,1.0807834322846972,-1.0807834322846972,0.0
0,946,34.34960182670579,30.531003058520355,1.0516214587206605,-1.0516214587206605,0.0
0,947,34.461055650395565,30.419549234830583,1.1774550150754894,-1.1774550150754894,0.0
0,948,34.58330152611461,30.297303359111538,1.2674624993068768,-1.2674624993068768,0.0
0,949,34.69518451052113,30.185420374705018,0.9701971888233771,-0.9701971888233771,0.0
0,950,34.78634840749669,30.09425647772946,0.8530807506893794,-0.8530807506893794,0.0
0,951,34.88323424706664,29.99737063815951,1.084636040710583,-1.084636040710583,0.0
0,952,34.987715160120615,29.892889725105533,1.004982220368296,-1.004982220368296,0.0
0,953,35.087523521522826,29.793081363703322,0.9911850076756945,-0.9911850076756945,0.0
0,954,35.190767351467,29.689837533759146,1.073691591208096,-1.073691591208096,0.0
0,955,35.29504321381364,29.585561671412506,1.0118256557241434,-1.0118256557241434,0.0
0,956,35.408629158732765,29.471975726493383,1.2598932426610023,-1.2598932426610023,0.0
0,957,35.53138924407972,29.34921564114643,1.1953084642805774,-1.1953084642805774,0.0
0,958,35.6583631817316,29.222241703494547,1.3441702887557767,-1.3441702887557767,0.0
0,959,35.805116872860026,29.075488012366122,1.5909035338142274,-1.5909035338142274,0.0
0,960,35.97826685402697,28.90233803119918,1.8720960895253782,-1.8720960895253782,0.0
0,961,36.1781509389516,28.702453946274545,2.1255856089666345,-2.1255856089666345,0.0
0,962,36.39237572086722,28.488229164358927,2.1589100293470196,-2.1589100293470196,0.0
0,963,36.5974037359224,28.28320114930375,1.9416502717568527,-1.9416502717568527,0.0
0,964,36.77661849887477,28.10398638635138,1.6426449872914102,-1.6426449872914102,0.0
0,965,36.95072379421458,27.929881091011566,1.8394609195078537,-1.8394609195078537,0.0
0,966,37.10770300293348,27.772901882292672,1.3001232548672146,-1.3001232548672146,3.0
0,967,37.23612444317973,27.644480442046415,1.2683055500622515,-1.2683055500622515,3.0
0,968,37.366392511295544,27.514212373930604,1.3370558122535456,-1.3370558122535456,0.0
0,969,37.48515805957322,27.395446825652925,1.03825515330238,-1.03825515330238,3.0
0,970,37.57580047859574,27.30480440663041,0.7745932271489018,-0.7745932271489018,3.0
0,971,37.64418231094896,27.236422574277185,0.5930434199145402,-0.5930434199145402,0.0
0,972,37.68958438265258,27.191020502573565,0.3149980141556714,-0.3149980141556714,0.0
0,973,37.73372273019845,27.146882155027697,0.5677689367590393,-0.5677689367590393,0.0
0,974,37.7900306354195,27.09057424980665,0.5583891676583352,-0.5583891676583352,0.0
0,975,37.83809356448978,27.042511320736367,0.4028694137476183,-0.4028694137476183,0.0
0,976,37.88219169007493,26.998413195151215,0.47909309795449495,-0.47909309795449495,0.0
0,977,37.93911857667899,26.941486308547155,0.6594446341233926,-0.6594446341233926,0.0
0,978,37.97853547484192,26.90206941038423,0.12889332913719542,-0.12889332913719542,3.0
0,979,37.98488189430668,26.895722990919467,-0.0019649398457382006,0.0019649398457382006,0.0
0,980,37.969793032484404,26.910811852741745,-0.2998122966000878,0.2998122966000878,0.0
0,981,37.94034563261107,26.94025925261508,-0.28913570086976037,0.28913570086976037,0.0
0,982,37.90304102558389,26.97756385964226,-0.4569564396754018,0.4569564396754018,0.0
0,983,37.871883031043126,27.008721854183023,-0.16620345114129442,0.16620345114129442,0.0
0,984,37.85467302236066,27.02593186286549,-0.17799672250800036,0.17799672250800036,0.0
0,985,37.83256684994831,27.04803803527784,-0.26412672574165974,0.26412672574165974,0.0
0,986,37.81324982345336,27.067355061772787,-0.12221380415882699,0.12221380415882699,0.0
0,987,37.798265757665604,27.082339127560545,-0.17746751160015428,0.17746751160015428,0.0
0,988,37.7924804577533,27.08812442747285,0.06176151335006175,-0.06176151335006175,0.0
0,989,37.81259493172956,27.068009953496585,0.34052796617460324,-0.34052796617460324,0.0
0,990,37.841125284708596,27.039479600517552,0.23007909340245902,-0.23007909340245902,0.0
0,991,37.849355850717984,27.031249034508164,-0.06546777321541697,0.06546777321541697,0.0
0,992,37.8300747429289,27.050530142297248,-0.32015438257027995,0.32015438257027995,0.0
0,993,37.8121105030275,27.06849438219865,-0.039130415459229795,0.039130415459229795,0.0
0,994,37.813760189543245,27.066844695682903,0.07212414577309012,-0.07212414577309012,0.0
0,995,37.82004766090745,27.0605572243187,0.05362528151029622,-0.05362528151029622,0.0
0,996,37.81541574996322,27.065189135262926,-0.1462635003982804,0.1462635003982804,0.0
0,997,37.806247651195235,27.074357234030913,-0.037098474964482264,0.037098474964482264,0.0
0,998,37.79670905790704,27.08389582731911,-0.15367339079949005,0.15367339079949005,0.0
0,999,37.78942082407025,27.0911840611559,0.007908714063608713,-0.007908714063608713,0.0
0,1000,37.77527465984008,27.10533022538607,-0.29083199866701115,0.29083199866701115,0.0
1,0,44.82835996881846,22.41417998440923,0.0,0.0,0.0
1,1,44.82325323701004,22.419286716217652,-0.10213463616840457,0.10213463616840457,3.0
1,2,44.81020305647863,22.43233689674907,-0.15886897445994208,0.15886897445994208,3.0
1,3,44.78789169849923,22.454648254728475,-0.2873581851281699,0.2873581851281699,3.0
1,4,44.73578859778242,22.506751355445285,-0.754703829208065,0.754703829208065,3.0
1,5,44.64505105804606,22.597488895181648,-1.0600469655191596,1.0600469655191596,3.0
1,6,44.516312618093124,22.726227335134574,-1.5147218335393635,1.5147218335393635,3.0
1,7,44.352166391961944,22.89037356126575,-1.7682026890842195,1.7682026890842195,3.0
1,8,44.14954788580732,23.092992067420376,-2.2841674340082943,2.2841674340082943,3.0
1,9,43.89292729281556,23.34961266041214,-2.8482444258269375,2.8482444258269375,3.0
1,10,43.602849433365066,23.639690519862633,-2.9533127631829004,2.9533127631829004,3.0
1,11,43.30536147005752,23.93717848317017,-2.9964465029679133,2.9964465029679133,3.0
1,12,43.00276433391264,24.23977561931506,-3.0554962199297773,3.0554962199297773,3.0
1,13,42.67110636578002,24.57143358744768,-3.5776631427225976,3.5776631427225976,3.0
1,14,42.29084326760331,24.951696685624395,-4.027598820811759,4.027598820811759,3.0
1,15,41.89722731124633,25.345312641981362,-3.8447203063276127,3.8447203063276127,0.0
1,16,41.50196490959007,25.74057504363762,-4.060527726797485,4.060527726797485,0.0
1,17,41.09469439003578,26.147845563191908,-4.084882664288283,4.084882664288283,0.0
1,18,40.673849038392035,26.568690914835642,-4.332024368586426,4.332024368586426,0.0
1,19,40.23593673271203,27.006603220515657,-4.426221745013825,4.426221745013825,0.0
1,20,39.788633700103986,27.45390625312369,-4.519838907146912,4.519838907146912,0.0
1,21,39.3284640966422,27.91407585658547,-4.683553162088668,4.683553162088668,0.0
1,22,38.85642379896825,28.386116154259426,-4.7572527913903855,4.7572527913903855,0.0
1,23,38.3726761126586,28.869863840569067,-4.91770093480247,4.91770093480247,0.0
1,24,37.87461843805062,29.36792151517706,-5.043452557357318,5.043452557357318,0.0
1,25,37.35936567689138,29.8831742763363,-5.2616026658275565,5.2616026658275565,0.0
1,26,36.83805092502038,30.4044890282073,-5.164692371592453,5.164692371592453,0.0
1,27,36.313982416905496,30.928557536322188,-5.316677790705292,5.316677790705292,0.0
1,28,35.772924235773175,31.46961571745451,-5.504485831941052,5.504485831941052,0.0
1,29,35.21236574571157,32.03017420751611,-5.70668396929106,5.70668396929106,0.0
1,30,34.64043828223036,32.602101670997314,-5.731865300332997,5.731865300332997,0.0
1,31,34.052819945498975,33.189720007728695,-6.02050143429466,6.02050143429466,0.0
1,32,33.44052332190665,33.80201663132101,-6.22543103755164,6.22543103755164,0.0
1,33,32.82337327504673,34.41916667818094,-6.1175698996469645,6.1175698996469645,0.0
1,34,32.22036391749735,35.022176035730325,-5.942617251340586,5.942617251340586,0.0
1,35,31.63895908417703,35.603580869050646,-5.6854794150657675,5.6854794150657675,-5.0
1,36,31.098979397328854,36.143560555898816,-5.114114321897857,5.114114321897857,-5.0
1,37,30.59872408939505,36.64381586383263,-4.890991836778342,4.890991836778342,-5.0
1,38,30.148982025786154,37.09355792744152,-4.103849435399615,4.103849435399615,-5.0
1,39,29.77728330858143,37.465256644646246,-3.330124908694879,3.330124908694879,-5.0
1,40,29.472090666595378,37.7704492866323,-2.773727931026226,2.773727931026226,-5.0
1,41,29.21273619734818,38.0298037558795,-2.41336145391762,2.41336145391762,-5.0
1,42,29.008827335302797,38.23371261792488,-1.664815786990184,1.664815786990184,-5.0
1,43,28.859339108814552,38.38320084441312,-1.324948742774687,1.324948742774687,-5.0
1,44,28.766327714536317,38.47621223869135,-0.5352791427900101,0.5352791427900101,-5.0
1,45,28.727408309637553,38.51513164359012,-0.24310895518541642,0.24310895518541642,0.0
1,46,28.703100812589582,38.53943914063809,-0.24304098577420952,0.24304098577420952,0.0
1,47,28.678387084636867,38.5641528685908,-0.2512335732802775,0.2512335732802775,0.0
1,48,28.647374121351746,38.595165831875924,-0.369025692422273,0.369025692422273,0.0
1,49,28.607144489723083,38.63539546350459,-0.4355669401511122,0.4355669401511122,0.0
1,50,28.5733733353987,38.66916661782898,-0.23985614633684627,0.23985614633684627,0.0
1,51,28.55500238695879,38.68753756626889,-0.12756282246141737,0.12756282246141737,0.0
1,52,28.541150820203498,38.70138913302418,-0.14946851264449457,0.14946851264449457,0.0
1,53,28.525122576324264,38.71741737690341,-0.1710963649403876,0.1710963649403876,0.0
1,54,28.515975419585544,38.72656453364213,-0.011846769834221504,0.011846769834221504,0.0
1,55,28.527956198411857,38.71458375481581,0.2514623463604231,-0.2514623463604231,0.0
1,56,28.562451644266815,38.680088308960855,0.43844657073862514,-0.43844657073862514,0.0
1,57,28.591670366517633,38.65086958671004,0.14592787427760534,-0.14592787427760534,0.0
1,58,28.60941231485748,38.6331276383702,0.20891109251909334,-0.20891109251909334,0.0
1,59,28.633096820614554,38.609443132613116,0.2647790226224025,-0.2647790226224025,0.0
1,60,28.65436736500658,38.5881725882211,0.16063186521784267,-0.16063186521784267,0.0
1,61,28.67423199970898,38.56830795351869,0.23666082883011974,-0.23666082883011974,0.0
1,62,28.692818608975074,38.54972134425259,0.13507135649176405,-0.13507135649176405,0.0
1,63,28.69445630218617,38.54808365104148,-0.10231749226974962,0.10231749226974962,0.0
1,64,28.6802592997129,38.562280653514755,-0.1816225571958885,0.1816225571958885,0.0
1,65,28.648790458762974,38.593749494464674,-0.4477542618025083,0.4477542618025083,0.0
1,66,28.596417997898527,38.646121955329136,-0.5996949554867914,0.5996949554867914,0.0
1,67,28.530037986013795,38.71250196721387,-0.72790528220807,0.72790528220807,0.0
1,68,28.445485382864064,38.7970545703636,-0.9631467807867349,0.9631467807867349,0.0
1,69,28.351604673584987,38.890935279642676,-0.9144674047950065,0.9144674047950065,0.0
1,70,28.29013517974404,38.952404773483636,-0.3149224720240369,0.3149224720240369,-5.0
1,71,28.26963168982097,38.97290826340672,-0.09514732643777535,0.09514732643777535,0.0
1,72,28.24563101481489,38.9969089384128,-0.38486617368374,0.38486617368374,0.0
1,73,28.212438375250443,39.03010157797725,-0.2789866176054172,0.2789866176054172,0.0
1,74,28.170450260704584,39.07208969252311,-0.5607756733119356,0.5607756733119356,0.0
1,75,28.108488764904067,39.13405118832364,-0.6784542426987681,0.6784542426987681,0.0
1,76,28.065718930858537,39.176821022369154,-0.17694243821156874,0.17694243821156874,-5.0
1,77,28.067531897999984,39.17500805522771,0.21320178104028464,-0.21320178104028464,-5.0
1,78,28.0815429885712,39.160996964656505,0.06702003038388504,-0.06702003038388504,0.0
1,79,28.100662597439694,39.14187735578801,0.31537214698600735,-0.31537214698600735,0.0
1,80,28.12179829357406,39.12074165965366,0.10734177570115655,-0.10734177570115655,0.0
1,81,28.11946724705699,39.12307270617073,-0.1539627060425861,0.1539627060425861,0.0
1,82,28.09664902913302,39.14589092409469,-0.3024016524365756,0.3024016524365756,0.0
1,83,28.073018490318262,39.16952146290946,-0.1702091238588057,0.1702091238588057,0.0
1,84,28.04322075850034,39.19931919472738,-0.42574551249951753,0.42574551249951753,0.0
1,85,27.989221977493486,39.25331797573425,-0.6542301076379733,0.6542301076379733,0.0
1,86,27.963046458687728,39.279493494540006,0.13071973152265137,-0.13071973152265137,-5.0
1,87,27.98100281152597,39.261537141701766,0.2284073252420633,-0.2284073252420633,0.0
1,88,27.99275873822924,39.24978121499851,0.006711208822927972,-0.006711208822927972,0.0
1,89,28.003238020399635,39.23930193282813,0.20287443458449061,-0.20287443458449061,0.0
1,90,28.0115532072937,39.23098674593405,-0.03657069670316204,0.03657069670316204,0.0
1,91,28.018893517822875,39.22364643540487,0.18337690728644418,-0.18337690728644418,0.0
1,92,28.047317035101884,39.195222918125864,0.38509343829355913,-0.38509343829355913,0.0
1,93,28.0768150813972,39.16572487183055,0.20486748761260465,-0.20486748761260465,0.0
1,94,28.089865738091163,39.152674215136585,0.05614564626640295,-0.05614564626640295,0.0
1,95,28.10157512187348,39.14096483135427,0.17804202937984037,-0.17804202937984037,0.0
1,96,28.110616977226044,39.13192297600172,0.0027950776710863323,-0.0027950776710863323,0.0
1,97,28.108779172776593,39.13376078045118,-0.039551166660515946,0.039551166660515946,0.0
1,98,28.119068865217344,39.12347108801043,0.24534501547540977,-0.24534501547540977,0.0
1,99,28.151596986003142,39.090942967224635,0.4052174002402751,-0.4052174002402751,0.0
1,100,28.19958291193629,39.04295704129149,0.554501118422353,-0.554501118422353,0.0
1,101,28.24411334132006,38.9984266119077,0.3361074692531201,-0.3361074692531201,0.0
1,102,28.29065843312381,38.95188152010395,0.5947943668216027,-0.5947943668216027,0.0
1,103,28.35723263568113,38.88530731754662,0.7366896843247694,-0.7366896843247694,0.0
1,104,28.43272276793502,38.809817185292715,0.7731129607530249,-0.7731129607530249,0.0
1,105,28.511508739918867,38.73103121330885,0.8026064789240017,-0.8026064789240017,0.0
1,106,28.58841505472904,38.65412489849868,0.7355198172793749,-0.7355198172793749,0.0
1,107,28.653366269693862,38.58917368353384,0.5635044820171142,-0.5635044820171142,0.0
1,108,28.715347039033304,38.527192914194416,0.6761109047713934,-0.6761109047713934,0.0
1,109,28.77264219428301,38.46989775894471,0.4697922002223862,-0.4697922002223862,0.0
1,110,28.823645411996523,38.4188945412312,0.5502721540477182,-0.5502721540477182,0.0
1,111,28.88176597350079,38.36077397972693,0.6121390760374066,-0.6121390760374066,0.0
1,112,28.951182271158586,38.29135768206913,0.7761868771184535,-0.7761868771184535,0.0
1,113,29.038555877097423,38.20398407613028,0.971285241658288,-0.971285241658288,0.0
1,114,29.141580729912846,38.100959223314874,1.0892118146497545,-1.0892118146497545,0.0
1,115,29.23656702497479,38.00597292825293,0.81051408658894,-0.81051408658894,0.0
1,116,29.305187286339304,37.937352666888415,0.5618911407011886,-0.5618911407011886,0.0
1,117,29.370851420712796,37.87168853251492,0.7513915467684935,-0.7513915467684935,0.0
1,118,29.438610797450025,37.803929155777695,0.6037959879756958,-0.6037959879756958,0.0
1,119,29.507262594334094,37.735277358893626,0.7692399497054065,-0.7692399497054065,0.0
1,120,29.585129708892367,37.65741024433535,0.7881023414600055,-0.7881023414600055,0.0
1,121,29.659055851059748,37.58348410216797,0.6904205018871235,-0.6904205018871235,0.0
1,122,29.731217381928644,37.511322571299075,0.7528101154905524,-0.7528101154905524,0.0
1,123,29.800536985967312,37.44200296726041,0.6335819652827599,-0.6335819652827599,0.0
1,124,29.85575653572289,37.38678341750483,0.47080902982870576,-0.47080902982870576,0.0
1,125,29.91623761239063,37.32630234083709,0.7388125035258319,-0.7388125035258319,0.0
1,126,29.995386308174318,37.2471536450534,0.8441614121476047,-0.8441614121476047,0.0
1,127,30.069609458161466,37.172930495066254,0.6403015875953351,-0.6403015875953351,0.0
1,128,30.126451515420143,37.116088437807576,0.49653955757776913,-0.49653955757776913,0.0
1,129,30.169343145054626,37.073196808173094,0.36129303511175337,-0.36129303511175337,0.0
1,130,30.1969423959097,37.04559755731802,0.19069198198964443,-0.19069198198964443,0.0
1,131,30.20434281801485,37.03819713521287,-0.04268353988690521,0.04268353988690521,0.0
1,132,30.21258154889705,37.02995840433067,0.20745815753081942,-0.20745815753081942,0.0
1,133,30.219769823299572,37.02277012992815,-0.06369266948027175,0.06369266948027175,0.0
1,134,30.201823740480165,37.040716212747554,-0.2952289869083309,0.2952289869083309,0.0
1,135,30.182341591802043,37.06019836142568,-0.09441398665456013,0.09441398665456013,0.0
1,136,30.160224517126608,37.08231543610111,-0.34792750685443785,0.34792750685443785,0.0
1,137,30.133180437966246,37.109359515261474,-0.19295407635272888,0.19295407635272888,0.0
1,138,30.103951244102063,37.138588709125656,-0.3916298009310033,0.3916298009310033,0.0
1,139,30.0727144229746,37.16982553025312,-0.23310662161823892,0.23310662161823892,0.0
1,140,30.03448072529315,37.20805922793457,-0.5315673320108996,0.5315673320108996,0.0
1,141,29.989634968096823,37.2529049851309,-0.36534781191586774,0.36534781191586774,0.0
1,142,29.9571209866954,37.28541896653232,-0.28493181611276697,0.28493181611276697,0.0
1,143,29.942716913964176,37.29982303926354,-0.003149638511795061,0.003149638511795061,0.0
1,144,29.95406567240397,37.28847428082375,0.2301248073073836,-0.2301248073073836,0.0
1,145,29.973626692105285,37.268913261122435,0.16109558671882418,-0.16109558671882418,0.0
1,146,30.003448764587063,37.23909118864066,0.43534586291676725,-0.43534586291676725,0.0
1,147,30.0551497334651,37.18739021976262,0.5986735146440605,-0.5986735146440605,0.0
1,148,30.117289302575585,37.125250650652134,0.6441178675656012,-0.6441178675656012,0.0
1,149,30.167292542595874,37.075247410631846,0.3559469328398528,-0.3559469328398528,0.0
1,150,30.21467817971589,37.02786177351183,0.5917658095604033,-0.5917658095604033,0.0
1,151,30.282832383569115,36.959707569658605,0.7713182675041708,-0.7713182675041708,0.0
1,152,30.37171735223086,36.87082260099686,1.006381105730263,-1.006381105730263,0.0
1,153,30.472109429951644,36.770430523276076,1.001460448685048,-1.001460448685048,0.0
1,154,30.565896956714425,36.676642996513294,0.874290086570511,-0.874290086570511,0.0
1,155,30.643564388595763,36.59897556463196,0.6790585510560518,-0.6790585510560518,0.0
1,156,30.697615871243272,36.54492408198445,0.4019711018941319,-0.4019711018941319,0.0
1,157,30.732620576210024,36.509919377017695,0.2981229974405295,-0.2981229974405295,0.0
1,158,30.769910708381133,36.47262924484659,0.44767964598137233,-0.44767964598137233,0.0
1,159,30.818798392405995,36.423741560821725,0.5300740345153976,-0.5300740345153976,0.0
1,160,30.88285185600438,36.35968809722334,0.7509952374521234,-0.7509952374521234,0.0
1,161,30.953884408976535,36.288655544251185,0.6696558219908049,-0.6696558219908049,0.0
1,162,31.02116506307712,36.2213748901506,0.6759572600206543,-0.6759572600206543,0.0
1,163,31.093783911455773,36.14875604177195,0.7764197075519235,-0.7764197075519235,0.0
1,164,31.175562634617506,36.06697731861021,0.8591547556827503,-0.8591547556827503,0.0
1,165,31.251517825548035,35.991022127679685,0.6599490629276445,-0.6599490629276445,0.0
1,166,31.33125513039454,35.91128482283318,0.9347970340020559,-0.9347970340020559,0.0
1,167,31.429688810470765,35.812851142756955,1.0338765675224266,-1.0338765675224266,0.0
1,168,31.530534002218104,35.712005951009616,0.9830272674243385,-0.9830272674243385,0.0
1,169,31.62660055658128,35.61593939664644,0.938303819838751,-0.938303819838751,0.0
1,170,31.709088290223264,35.533451663004485,0.7114508530003878,-0.7114508530003878,0.0
1,171,31.790414738272318,35.45212521495546,0.9150781079799817,-0.9150781079799817,0.0
1,172,31.883890683992462,35.35864926923534,0.9544408064222392,-0.9544408064222392,0.0
1,173,31.992905009059882,35.249634944167894,1.2258456949263419,-1.2258456949263419,0.0
1,174,32.10535759725522,35.137182355972556,1.0232060689804516,-1.0232060689804516,0.0
1,175,32.20064965515627,35.04189029807148,0.8826350890407841,-0.8826350890407841,0.0
1,176,32.283826586963954,34.95871336626382,0.7809035471122225,-0.7809035471122225,0.0
1,177,32.34785744502142,34.89468250820633,0.49971361403733994,-0.49971361403733994,0.0
1,178,32.39081721490342,34.851722738324355,0.3594817836022344,-0.3594817836022344,0.0
1,179,32.437281717329824,34.80525823589798,0.5698082649250615,-0.5698082649250615,0.0
1,180,32.4835303160601,34.75900963716771,0.3551637096802924,-0.3551637096802924,0.0
1,181,32.506225861831865,34.73631409139594,0.09874720575506402,-0.09874720575506402,0.0
1,182,32.506122853827634,34.7364170994002,-0.10080736584044381,0.10080736584044381,0.0
1,183,32.48511147476711,34.75742847846075,-0.319420215370787,0.319420215370787,0.0
1,184,32.45024933619757,34.79229061703032,-0.3778225560206039,0.3778225560206039,0.0
1,185,32.418117240714366,34.82442271251355,-0.26481935364411413,0.26481935364411413,0.0
1,186,32.40146972564796,34.841070227579934,-0.06813094768393668,0.06813094768393668,0.0
1,187,32.403382363001356,34.839157590226534,0.10638369475164566,-0.10638369475164566,0.0
1,188,32.41425411292218,34.82828584030574,0.11105130366414429,-0.11105130366414429,0.0
1,189,32.436247148212374,34.806292805015545,0.3288094021396333,-0.3288094021396333,0.0
1,190,32.454993860541464,34.78754609268648,0.04612484444165332,-0.04612484444165332,0.0
1,191,32.451491734573665,34.79104821865431,-0.11616736379824744,0.11616736379824744,0.0
1,192,32.42902446870485,34.81351548452315,-0.33317795357862146,0.33317795357862146,0.0
1,193,32.40583317517667,34.83670677805134,-0.13064791698537626,0.13064791698537626,0.0
1,194,32.390671382174304,34.8518685710537,-0.17258794306211733,0.17258794306211733,0.0
1,195,32.36825595795955,34.874283995268456,-0.27572054123347023,0.27572054123347023,0.0
1,196,32.332630770483064,34.90990918274497,-0.43678320829685013,0.43678320829685013,0.0
1,197,32.2888789803456,34.9536609728824,-0.4382525944522122,0.4382525944522122,0.0
1,198,32.24578633423721,34.996753618990795,-0.4236003277151248,0.4236003277151248,0.0
1,199,32.20254494497493,35.039995008253044,-0.4412274575296724,0.4412274575296724,0.0
1,200,32.15319562545295,35.089344327775024,-0.545758932909278,0.545758932909278,0.0
1,201,32.092765916183396,35.14977403704458,-0.6628352524814236,0.6628352524814236,0.0
1,202,32.02397399062562,35.21856596260238,-0.7130032586741386,0.7130032586741386,0.0
1,203,31.956323100755696,35.28621685247231,-0.6400145387241167,0.6400145387241167,0.0
1,204,31.902742964102742,35.33979698912529,-0.4315881943350046,0.4315881943350046,0.0
1,205,31.86091584111273,35.381624112115304,-0.40495426546511304,0.40495426546511304,0.0
1,206,31.806656190286333,35.43588376294167,-0.6802387510620296,0.6802387510620296,0.0
1,207,31.729287137872973,35.51325281535506,-0.8671422972052465,0.8671422972052465,0.0
1,208,31.643256495860726,35.599283457367335,-0.8534705430396858,0.8534705430396858,0.0
1,209,31.566106118918867,35.67643383430922,-0.6895369957975745,0.6895369957975745,0.0
1,210,31.511299367738957,35.73124058548913,-0.40659802780007936,0.40659802780007936,0.0
1,211,31.46972101651579,35.7728189367123,-0.42496899666305055,0.42496899666305055,0.0
1,212,31.428159696416913,35.81438025681118,-0.4062574053138981,0.4062574053138981,0.0
1,213,31.372713917953604,35.869826035274485,-0.7026581639518881,0.7026581639518881,0.0
1,214,31.30641708638666,35.93612286684143,-0.6232784673868661,0.6232784673868661,0.0
1,215,31.241158875024496,36.00138107820359,-0.6818857598559944,0.6818857598559944,0.0
1,216,31.174886874435572,36.06765307879249,-0.6435542519216213,0.6435542519216213,0.0
1,217,31.103989084443526,36.138550868784534,-0.7744015479190356,0.7744015479190356,0.0
1,218,31.03225869758927,36.21028125563879,-0.6602061891656561,0.6602061891656561,0.0
1,219,30.975364210717828,36.26717574251023,-0.477683548262549,0.477683548262549,0.0
1,220,30.92665117875822,36.31588877446984,-0.49657709092914004,0.49657709092914004,0.0
1,221,30.889059185047984,36.35348076818005,-0.2552627832747305,0.2552627832747305,0.0
1,222,30.87120335294742,36.37133660028064,-0.10185385873661268,0.10185385873661268,0.0
1,223,30.867075157089346,36.375464796138715,0.01928994157528585,-0.01928994157528585,0.0
1,224,30.878747812018105,36.363792141209956,0.2141631570001259,-0.2141631570001259,0.0
1,225,30.91216128518272,36.33037866804534,0.45410630629244153,-0.45410630629244153,0.0
1,226,30.94986609166,36.29267386156809,0.2999898232529503,-0.2999898232529503,0.0
1,227,30.989935448639415,36.2526045045887,0.5013973163353285,-0.5013973163353285,0.0
1,228,31.04378920422397,36.19875074900412,0.5756777953566274,-0.5756777953566274,0.0
1,229,31.105168912241083,36.137371040987034,0.6519163649856718,-0.6519163649856718,0.0
1,230,31.179362706688664,36.06317724653945,0.8319595239668143,-0.8319595239668143,0.0
1,231,31.25656217566393,35.98597777756419,0.7120298555384945,-0.7120298555384945,0.0
1,232,31.321550515568106,35.92098943766001,0.5877369425452716,-0.5877369425452716,0.0
1,233,31.36998135665823,35.87255859656989,0.38087987925710465,-0.38087987925710465,0.0
1,234,31.3982614477805,35.84427850544762,0.1847219431886291,-0.1847219431886291,0.0
1,235,31.40266695193594,35.839873001292176,-0.0966118600792445,0.0966118600792445,0.0
1,236,31.40554522848356,35.83699472474456,0.15417739103210693,-0.15417739103210693,0.0
1,237,31.434693457105823,35.807846496122295,0.42878718141383665,-0.42878718141383665,0.0
1,238,31.4913944830314,35.75114547019672,0.7052333370985711,-0.7052333370985711,0.0
1,239,31.551591570467792,35.690948382760325,0.49870841162963586,-0.49870841162963586,0.0
1,240,31.615492984690775,35.62704696853734,0.7793198728305555,-0.7793198728305555,0.0
1,241,31.683281295139125,35.55925865808899,0.5764463361363834,-0.5764463361363834,0.0
1,242,31.74447010581241,35.49806984741571,0.6473298773302059,-0.6473298773302059,0.0
1,243,31.81297299707751,35.42956695615061,0.7227279479722846,-0.7227279479722846,0.0
1,244,31.88615791450269,35.35638203872543,0.7409704005318218,-0.7409704005318218,0.0
1,245,31.96548158137324,35.27705837185488,0.8455029368796811,-0.8455029368796811,0.0
1,246,32.04270801372235,35.19983193950577,0.6990257101033173,-0.6990257101033173,0.0
1,247,32.102679019993445,35.13986093323467,0.5003944153195601,-0.5003944153195601,0.0
1,248,32.16729770267574,35.07524225055238,0.7919792383267001,-0.7919792383267001,0.0
1,249,32.26107396522076,34.98146598800736,1.0835460125738816,-1.0835460125738816,0.0
1,250,32.37314239632963,34.86939755689849,1.1578226096035689,-1.1578226096035689,0.0
1,251,32.47848053113523,34.764059422092885,0.9489400865090651,-0.9489400865090651,0.0
1,252,32.58751166637643,34.65502828685169,1.2316826183153111,-1.2316826183153111,0.0
1,253,32.72542529864086,34.51711465458726,1.5265900269731745,-1.5265900269731745,0.0
1,254,32.881366359541005,34.36117359368711,1.5922311910305442,-1.5922311910305442,0.0
1,255,33.054557582408904,34.18798237081921,1.871593266327741,-1.871593266327741,0.0
1,256,33.22730426744397,34.01523568578415,1.5833404343741098,-1.5833404343741098,0.0
1,257,33.388707049956395,33.85383290327172,1.6447152158750864,-1.6447152158750864,0.0
1,258,33.542796850138416,33.6997431030897,1.4370807877657192,-1.4370807877657192,0.0
1,259,33.677613164144645,33.56492678908347,1.2592454923593053,-1.2592454923593053,0.0
1,260,33.80402326408796,33.43851668914016,1.2689565065071342,-1.2689565065071342,0.0
1,261,33.91627098981229,33.32626896341583,0.9759980079793493,-0.9759980079793493,0.0
1,262,33.99999657567918,33.24254337754894,0.6985137093590303,-0.6985137093590303,0.0
1,263,34.07903411822235,33.163505835005765,0.8822371415051542,-0.8822371415051542,0.0
1,264,34.181779176077725,33.06076077715039,1.1726640156030115,-1.1726640156030115,0.0
1,265,34.30758480245635,32.93495515077177,1.3434485119692319,-1.3434485119692319,0.0
1,266,34.44494273519183,32.79759721803629,1.403710142740783,-1.403710142740783,0.0
1,267,34.57582691313894,32.66671304008918,1.2139734162019362,-1.2139734162019362,0.0
1,268,34.70654589224904,32.53599406097908,1.4004061660007352,-1.4004061660007352,0.0
1,269,34.849999434310575,32.39254051891754,1.4686646752298493,-1.4686646752298493,0.0
1,270,35.006146691475806,32.23639326175231,1.6542804680753207,-1.6542804680753207,0.0
1,271,35.162535549044094,32.080004404184024,1.4734966832911507,-1.4734966832911507,0.0
1,272,35.30136068526406,31.94117926796406,1.3030060411086684,-1.3030060411086684,0.0
1,273,35.442511497813484,31.800028455414633,1.5200102098803878,-1.5200102098803878,0.0
1,274,35.60019282590764,31.642347127320477,1.63361635200331,-1.63361635200331,0.0
1,275,35.75067926075525,31.49186069247287,1.376112344948874,-1.376112344948874,0.0
1,276,35.875242025962336,31.36729792726578,1.1151429591927862,-1.1151429591927862,0.0
1,277,35.988615351556916,31.2539246016712,1.1523235526994071,-1.1523235526994071,0.0
1,278,36.10407663568134,31.13846331754678,1.156902129789291,-1.156902129789291,0.0
1,279,36.21029256897407,31.03224738425405,0.9674165360660663,-0.9674165360660663,0.0
1,280,36.3123183697482,30.93022158347992,1.073099479416868,-1.073099479416868,0.0
1,281,36.415310710097515,30.827229243130603,0.986747327570221,-0.986747327570221,0.0
1,282,36.512145106523064,30.730394846705053,0.9499406009408968,-0.9499406009408968,0.0
1,283,36.61112446809989,30.63141548512823,1.0296466305955363,-1.0296466305955363,0.0
1,284,36.702654377141016,30.5398855760871,0.800951550226868,-0.800951550226868,0.0
1,285,36.78800186778892,30.454538085439196,0.9059982627320995,-0.9059982627320995,0.0
1,286,36.86406820666082,30.3784717465673,0.6153285147060963,-0.6153285147060963,0.0
1,287,36.91383690730555,30.328703045922566,0.3800454981885384,-0.3800454981885384,0.0
1,288,36.95932863046181,30.283211322766306,0.5297889649372873,-0.5297889649372873,0.0
1,289,37.01579267016075,30.22674728306737,0.5994918290413214,-0.5994918290413214,0.0
1,290,37.06857544357945,30.17396450964867,0.456163639333246,-0.456163639333246,0.0
1,291,37.11618482294239,30.12635513028573,0.49602394792611193,-0.49602394792611193,0.0
1,292,37.15519161463874,30.08734833858938,0.28411188600165893,-0.28411188600165893,0.0
1,293,37.19465558366397,30.047884369564144,0.5051674945028566,-0.5051674945028566,0.0
1,294,37.241156352166115,30.001383601062003,0.42484787554024805,-0.42484787554024805,0.0
1,295,37.29110183230813,29.95143812091999,0.5740617273001138,-0.5740617273001138,0.0
1,296,37.33380616664704,29.90873378658108,0.28002495947808015,-0.28002495947808015,0.0
1,297,37.36185335424426,29.880686598983857,0.28091879246733775,-0.28091879246733775,0.0
1,298,37.38571437868421,29.856825574543905,0.1963016963318882,-0.1963016963318882,0.0
1,299,37.39618920901023,29.846350744217887,0.013194910188797593,-0.013194910188797593,0.0
1,300,37.382578780147924,29.859961173080194,-0.28540348743478106,0.28540348743478106,0.0
1,301,37.36445070297293,29.878089250255186,-0.07715805606476245,0.07715805606476245,0.0
1,302,37.35549986367306,29.887040089555057,-0.10185872993207212,0.10185872993207212,0.0
1,303,37.33318356296735,29.90935639026077,-0.34446728418152084,0.34446728418152084,0.0
1,304,37.31373464664932,29.928805306578795,-0.044511042179092186,0.044511042179092186,0.0
1,305,37.31923933859332,29.923300614634798,0.15460488105926906,-0.15460488105926906,0.0
1,306,37.34789073395115,29.89464921927697,0.41842302609766513,-0.41842302609766513,0.0
1,307,37.3863817016138,29.856158251614318,0.3513963271560119,-0.3513963271560119,0.0
1,308,37.40715758492047,29.83538236830765,0.06412133897814698,-0.06412133897814698,0.0
1,309,37.42093159969829,29.821608353529825,0.21135895657872972,-0.21135895657872972,0.0
1,310,37.43057733808104,29.81196261514708,-0.018444188923112392,0.018444188923112392,0.0
1,311,37.42437020986472,29.8181697433634,-0.10569837540305471,0.10569837540305471,0.0
1,312,37.416698410326774,29.825841542901344,-0.04773761535517629,0.04773761535517629,0.0
1,313,37.405685459205245,29.836854494022873,-0.17252140707538466,0.17252140707538466,0.0
1,314,37.38066027574598,29.861879677482136,-0.3279822621094972,0.3279822621094972,0.0
1,315,37.335836983325976,29.906702969902142,-0.5684835862906166,0.5684835862906166,0.0
1,316,37.27379518426193,29.96874476896619,-0.6723523949899004,0.6723523949899004,0.0
1,317,37.196987724734186,30.045552228493932,-0.8637967955648094,0.8637967955648094,0.0
1,318,37.11255412698375,30.129985826244365,-0.8248751594438986,0.8248751594438986,0.0
1,319,37.021174444608675,30.221365508619442,-1.0027184880575852,1.0027184880575852,0.0
1,320,36.93187031168054,30.310669641547577,-0.7833641705050471,0.7833641705050471,0.0
1,321,36.84946950130393,30.39307045192419,-0.8646520370273318,0.8646520370273318,0.0
1,322,36.75827946224109,30.484260490987026,-0.9591487442285835,0.9591487442285835,0.0
1,323,36.665362210543265,30.577177742684853,-0.8991962897275574,0.8991962897275574,0.0
1,324,36.56295000054365,30.679589952684466,-1.1490479102641338,1.1490479102641338,0.0
1,325,36.46291026828186,30.779629684946258,-0.8517467349712788,0.8517467349712788,0.0
1,326,36.36620357770818,30.87633637551994,-1.082387076502366,1.082387076502366,0.0
1,327,36.2600435451273,30.982496408100758,-1.0408135751141714,1.0408135751141714,0.0
1,328,36.15680366711905,31.08573628610901,-1.0239839850506485,1.0239839850506485,0.0
1,329,36.05857471899719,31.183965234230868,-0.9405949773863735,0.9405949773863735,0.0
1,330,35.96377370055444,31.27876625267362,-0.9554253914682391,0.9554253914682391,0.0
1,331,35.88310339843497,31.359436554793092,-0.6579806509202673,0.6579806509202673,0.0
1,332,35.81936739206907,31.423172561158992,-0.6167394763975764,0.6167394763975764,0.0
1,333,35.760410191230164,31.482129761997896,-0.5624045403802,0.5624045403802,0.0
1,334,35.691309552412065,31.551230400815996,-0.8196082359813275,0.8196082359813275,0.0
1,335,35.5950123012056,31.64752765202246,-1.1063367881471944,1.1063367881471944,0.0
1,336,35.477643877162905,31.764896076065156,-1.2410316927062812,1.2410316927062812,0.0
1,337,35.35121634105661,31.891323612171448,-1.2875190294188918,1.2875190294188918,0.0
1,338,35.220484237257494,32.022055715970566,-1.3271230465629422,1.3271230465629422,0.0
1,339,35.08240022274407,32.16013973048399,-1.43455724370566,1.43455724370566,0.0
1,340,34.950102819665005,32.292437133563055,-1.2113908178757864,1.2113908178757864,0.0
1,341,34.832145696539726,32.410394256688335,-1.1477516446295173,1.1477516446295173,0.0
1,342,34.71215740309725,32.53038255013081,-1.2520142242198435,1.2520142242198435,0.0
1,343,34.59826612287287,32.64427383035519,-1.0258113802669513,1.0258113802669513,0.0
1,344,34.50413634819017,32.73840360503789,-0.8567841133866985,0.8567841133866985,0.0
1,345,34.42334048568546,32.8191994675426,-0.7591331367070495,0.7591331367070495,0.0
1,346,34.34399351122357,32.89854644200449,-0.827806352529878,0.827806352529878,0.0
1,347,34.26897003176208,32.97356992146598,-0.6726632366995382,0.6726632366995382,0.0
1,348,34.198532080419795,33.044007872808265,-0.7360957901460399,0.7360957901460399,0.0
1,349,34.12697928451706,33.115560668711,-0.694960127908482,0.694960127908482,0.0
1,350,34.05138068276392,33.19115927046414,-0.8170119071535744,0.8170119071535744,0.0
1,351,33.95775028295748,33.284789670270584,-1.0555960889752232,1.0555960889752232,0.0
1,352,33.866193790219484,33.37634616300858,-0.7755337657845978,0.7755337657845978,0.0
1,353,33.79509067324625,33.44744927998181,-0.6465285736792303,0.6465285736792303,0.0
1,354,33.724106304280724,33.51843364894734,-0.7731588056312813,0.7731588056312813,0.0
1,355,33.64070188438484,33.60183806884322,-0.8949295922863278,0.8949295922863278,0.0
1,356,33.537447331322255,33.705092621905806,-1.1701614689654036,1.1701614689654036,0.0
1,357,33.41506969538062,33.82747025784744,-1.2773912498672075,1.2773912498672075,0.0
1,358,33.27974927754883,33.96279067567923,-1.4290171067688142,1.4290171067688142,0.0
1,359,33.13751932139769,34.10502063183037,-1.415582016253099,1.415582016253099,0.0
1,360,32.99337058379314,34.249169369434924,-1.467392735837759,1.467392735837759,0.0
1,361,32.85187074196574,34.39066921126232,-1.362604100710067,1.362604100710067,0.0
1,362,32.70459334248568,34.53794661074238,-1.582943888890906,1.582943888890906,0.0
1,363,32.54192380830648,34.70061614492158,-1.6704467946927721,1.6704467946927721,0.0
1,364,32.38019512038676,34.8623448328413,-1.564126963700934,1.564126963700934,0.0
1,365,32.21226910183918,35.03027085138888,-1.7943934072502863,1.7943934072502863,0.0
1,366,32.04533507710971,35.19720487611835,-1.544287087339038,1.544287087339038,0.0
1,367,31.89196859031273,35.35057136291533,-1.523042648600466,1.523042648600466,0.0
1,368,31.72730420722189,35.51523574600617,-1.770245013215444,1.770245013215444,0.0
1,369,31.53836477268152,35.70417518054654,-2.0085436775918915,2.0085436775918915,0.0
1,370,31.335801066262206,35.906738886965854,-2.042730450794302,2.042730450794302,0.0
1,371,31.134323205931025,36.108216747297035,-1.9868267558285506,1.9868267558285506,0.0
1,372,30.92549392356392,36.31704602966414,-2.189758891512657,2.189758891512657,0.0
1,373,30.69369852965019,36.54884142357787,-2.446148986761674,2.446148986761674,0.0
1,374,30.442769975459612,36.79976997776845,-2.572422097049623,2.572422097049623,0.0
1,375,30.183613536377152,37.05892641685091,-2.6107066845996396,2.6107066845996396,0.0
1,376,29.932420655524652,37.31011929770341,-2.4131509324496054,2.4131509324496054,0.0
1,377,29.681466220836967,37.561073732391094,-2.6059377613036716,2.6059377613036716,0.0
1,378,29.442425135424287,37.800114817803774,-2.174883946950235,2.174883946950235,-5.0
1,379,29.235403869850416,38.007136083377645,-1.9655413645276436,1.9655413645276436,-5.0
1,380,29.068175030281225,38.174364922946836,-1.3790354268554346,1.3790354268554346,-5.0
1,381,28.962209747906286,38.280330205321775,-0.7402702206434579,0.7402702206434579,-5.0
1,382,28.892859923566107,38.349680029661954,-0.6467262661609041,0.6467262661609041,0.0
1,383,28.816111235427513,38.42642871780055,-0.8882474966116387,0.8882474966116387,0.0
1,384,28.71520121469746,38.5273387385306,-1.1299529179899022,1.1299529179899022,0.0
1,385,28.594915051249814,38.64762490197825,-1.2757703509631426,1.2757703509631426,0.0
1,386,28.478646476296717,38.763893476931344,-1.049601148098616,1.049601148098616,-5.0
1,387,28.408730773493915,38.833809179734146,-0.3487129079573297,0.3487129079573297,-5.0
1,388,28.37760042586757,38.86493952736049,-0.27389404456933875,0.27389404456933875,0.0
1,389,28.346802273813694,38.89573767941437,-0.3420689965078836,0.3420689965078836,0.0
1,390,28.3260194811852,38.91652047204286,-0.07358685606161863,0.07358685606161863,0.0
1,391,28.31567845795871,38.92686149526935,-0.1332336084684833,0.1332336084684833,0.0
1,392,28.301778328086186,38.940761625141874,-0.14476898898154644,0.14476898898154644,0.0
1,393,28.29843261905171,38.94410733417635,0.07785480829255853,-0.07785480829255853,0.0
1,394,28.306305554458447,38.936234398769614,0.07960389984210003,-0.07960389984210003,0.0
1,395,28.31691269629215,38.92562725693591,0.13253893683154416,-0.13253893683154416,0.0
1,396,28.34124568870783,38.90129426452023,0.35412091148219105,-0.35412091148219105,0.0
1,397,28.381050977239397,38.861488975988664,0.44198485914987806,-0.44198485914987806,0.0
1,398,28.437922314722584,38.804617638505476,0.6954418905137612,-0.6954418905137612,0.0
1,399,28.512831862871224,38.72970809035684,0.8027490724592177,-0.8027490724592177,0.0
1,400,28.597809393488546,38.644730559739514,0.8968015398869298,-0.8968015398869298,0.0
1,401,28.688550877427872,38.55398907580019,0.9180281388999418,-0.9180281388999418,0.0
1,402,28.778973110085758,38.4635668431423,0.8904165142577867,-0.8904165142577867,0.0
1,403,28.87332787325363,38.369212079974375,0.9966787491007096,-0.9966787491007096,0.0
1,404,28.961431191401346,38.28110876182666,0.7653876138542373,-0.7653876138542373,0.0
1,405,29.033693600048764,38.20884635317918,0.6798605590949727,-0.6798605590949727,0.0
1,406,29.106251453361722,38.13628849986628,0.7712965071637541,-0.7712965071637541,0.0
1,407,29.19476286645545,38.047777086772555,0.9989317547112275,-0.9989317547112275,0.0
1,408,29.287274206933432,37.95526574629463,0.8512950548477871,-0.8512950548477871,0.0
1,409,29.359768003566387,37.88277194966162,0.5985808778120543,-0.5985808778120543,0.0
1,410,29.429649510980482,37.812890442247465,0.799049270470892,-0.799049270470892,0.0
1,411,29.504379478707392,37.738160474520555,0.6955500840671505,-0.6955500840671505,0.0
1,412,29.562610169883044,37.6799297833449,0.4690637394462609,-0.4690637394462609,0.0
1,413,29.621729304849623,37.620810648378324,0.7133189598859051,-0.7133189598859051,0.0
1,414,29.706903887815827,37.53563606541212,0.990172699438876,-0.990172699438876,0.0
1,415,29.791942570299284,37.450597382928606,0.7106009502312141,-0.7106009502312141,0.0
1,416,29.870207960720506,37.372331992507384,0.8547068581928929,-0.8547068581928929,0.0
1,417,29.947125130705786,37.295414822522105,0.6836365415130636,-0.6836365415130636,0.0
1,418,30.00702146506825,37.2355184881597,0.5142901457353801,-0.5142901457353801,0.0
1,419,30.070534941822075,37.17200501140587,0.7559793893412472,-0.7559793893412472,0.0
1,420,30.147504281595445,37.09503567163256,0.783407406125475,-0.783407406125475,0.0
1,421,30.211961350953402,37.03057860227466,0.5057339810327175,-0.5057339810327175,0.0
1,422,30.265123786957645,36.977416166270416,0.5575147390527313,-0.5575147390527313,0.0
1,423,30.331891321010062,36.91064863221794,0.777835941996603,-0.777835941996603,0.0
1,424,30.408001668532336,36.83453828469561,0.7443710084500399,-0.7443710084500399,0.0
1,425,30.484231126186387,36.75830882704156,0.7802181446312595,-0.7802181446312595,0.0
1,426,30.549799630262612,36.69274032296539,0.53115193689238,-0.53115193689238,0.0
1,427,30.601553901694274,36.64098605153367,0.5039334917419449,-0.5039334917419449,0.0
1,428,30.662740378608703,36.57979957461919,0.7197960465477333,-0.7197960465477333,0.0
1,429,30.72058011382444,36.52195983940351,0.43699865776613045,-0.43699865776613045,0.0
1,430,30.756894760170155,36.485645193057735,0.28929426914928413,-0.28929426914928413,0.0
1,431,30.77404660585762,36.46849334737033,0.053742644599260814,-0.053742644599260814,0.0
1,432,30.790160969341457,36.45237898388649,0.268544625078162,-0.268544625078162,0.0
1,433,30.814937773422116,36.42760217980589,0.22699145653449904,-0.22699145653449904,0.0
1,434,30.83983626357991,36.402703689648035,0.27097834662248843,-0.27097834662248843,0.0
1,435,30.859232938802393,36.383307014425554,0.11695515782724364,-0.11695515782724364,0.0
1,436,30.857536772708215,36.38500318051979,-0.1508784797113396,0.1508784797113396,0.0
1,437,30.844593574784994,36.39794637844295,-0.107985478751921,0.107985478751921,0.0
1,438,30.832437313923265,36.41010263930468,-0.1351397384833284,0.1351397384833284,0.0
1,439,30.8284621827014,36.4140777705266,0.055637114044396085,-0.055637114044396085,0.0
1,440,30.819435702274973,36.423104250952974,-0.23616672257293914,0.23616672257293914,0.0
1,441,30.78833950668775,36.45420044654014,-0.3857571891714091,0.3857571891714091,0.0
1,442,30.76021733822381,36.48232261500408,-0.1766861801077706,0.1766861801077706,0.0
1,443,30.733182785993563,36.50935716723433,-0.36400486449764813,0.36400486449764813,0.0
1,444,30.69836703276644,36.54417292046145,-0.33231020004554956,0.33231020004554956,0.0
1,445,30.668244555359934,36.57429539786796,-0.27013934808569573,0.27013934808569573,0.0
1,446,30.65011458802769,36.592425365200256,-0.09245999856082143,0.09245999856082143,0.0
1,447,30.643014383620084,36.59952556960786,-0.04954408959222256,0.04954408959222256,0.0
1,448,30.641669091417157,36.60087086181073,0.022638245533318724,-0.022638245533318724,0.0
1,449,30.631567948458382,36.61097200476945,-0.2246611047090763,0.2246611047090763,0.0
1,450,30.60033585938936,36.642204093838416,-0.3999806766716505,0.3999806766716505,0.0
1,451,30.56504437211163,36.677495581116204,-0.30584906888475594,0.30584906888475594,0.0
1,452,30.526003712767533,36.71653624046036,-0.47496411799881155,0.47496411799881155,0.0
1,453,30.4673693961862,36.77517055704169,-0.6977222136286843,0.6977222136286843,0.0
1,454,30.394569620321818,36.84797033290613,-0.7582733036606824,0.7582733036606824,0.0
1,455,30.308263885984616,36.93427606724333,-0.9678413830846342,0.9678413830846342,0.0
1,456,30.222397386921216,37.02014256630679,-0.7494885981851773,0.7494885981851773,0.0
1,457,30.150326539394314,37.09221341383369,-0.6919283523538446,0.6919283523538446,0.0
1,458,30.072881255573634,37.16965869765443,-0.856977324061619,0.856977324061619,0.0
1,459,29.972229399518596,37.270310553709464,-1.1560597970399398,1.1560597970399398,0.0
1,460,29.853101648128813,37.38943830509925,-1.2264952307563544,1.2264952307563544,0.0
1,461,29.72997650439629,37.51256344883177,-1.2360076438946264,1.2360076438946264,0.0
1,462,29.620670021000024,37.62186993222798,-0.9501220240305921,0.9501220240305921,0.0
1,463,29.532687764867433,37.70985218836057,-0.8095230986225879,0.8095230986225879,0.0
1,464,29.45049746558925,37.792042487638696,-0.8342828869410859,0.8342828869410859,0.0
1,465,29.371861836489074,37.87067811673887,-0.7384296950631528,0.7384296950631528,0.0
1,466,29.285028017636478,37.95751193559147,-0.998246681989837,0.998246681989837,0.0
1,467,29.174923361552374,38.06761659167552,-1.203846439692568,1.203846439692568,0.0
1,468,29.04390379792403,38.198636155303916,-1.416544832875939,1.416544832875939,0.0
1,469,28.912069892021805,38.330470061206086,-1.2201332851686262,1.2201332851686262,0.0
1,470,28.790146008783267,38.45239394444462,-1.21834437960322,1.21834437960322,0.0
1,471,28.669769104064812,38.572770849163135,-1.1891937147676446,1.1891937147676446,0.0
1,472,28.58068423985185,38.6618557133761,-0.592503569492342,0.592503569492342,-5.0
1,473,28.524954028020943,38.717585925207004,-0.5221006671256028,0.5221006671256028,0.0
1,474,28.47788569100453,38.76465426222336,-0.4192660732018165,0.4192660732018165,0.0
1,475,28.431605172070363,38.810934781157584,-0.5063443054823162,0.5063443054823162,0.0
1,476,28.393153384676566,38.849386568551324,-0.2626914423929607,0.2626914423929607,0.0
1,477,28.35873248265409,38.88380747057374,-0.42572659805602875,0.42572659805602875,0.0
1,478,28.319686337634494,38.9228536155934,-0.35519630233697885,0.35519630233697885,0.0
1,479,28.29326293227109,38.9492770209568,-0.17327180493086036,0.17327180493086036,0.0
1,480,28.287568219569607,38.95497173365834,0.05937755090019525,-0.05937755090019525,0.0
1,481,28.306348728285002,38.93619122494289,0.31623262340825775,-0.31623262340825775,0.0
1,482,28.33706006875559,38.90547988447224,0.29799418600403094,-0.29799418600403094,0.0
1,483,28.367805257135046,38.87473469609279,0.31690958158469584,-0.31690958158469584,0.0
1,484,28.408725087626635,38.8338148656012,0.5014870282464603,-0.5014870282464603,0.0
1,485,28.460098549116537,38.782441404111296,0.525982201551729,-0.525982201551729,0.0
1,486,28.523351164433393,38.71918878879444,0.7390701047857675,-0.7390701047857675,0.0
1,487,28.596955537153463,38.64558441607437,0.73301734961648,-0.73301734961648,0.0
1,488,28.67471410342,38.56782584980783,0.8221539757134675,-0.8221539757134675,0.0
1,489,28.769908533332114,38.47263141989572,1.0817346225276037,-1.0817346225276037,0.0
1,490,28.872218503136537,38.370321450091296,0.964464773560584,-0.964464773560584,0.0
1,491,28.983460128860884,38.25907982436695,1.260367740927304,-1.260367740927304,0.0
1,492,29.105708868385022,38.13683108484281,1.184607049554602,-1.184607049554602,0.0
1,493,29.21257407979317,38.02996587343466,0.9526971786078935,-0.9526971786078935,0.0
1,494,29.298724528188927,37.943815425038906,0.7703117893076872,-0.7703117893076872,0.0
1,495,29.384353350139918,37.858186603087916,0.9422646497110758,-0.9422646497110758,0.0
1,496,29.46732964051853,37.775210312709305,0.7172611578621559,-0.7172611578621559,0.0
1,497,29.53321870265097,37.70932125057686,0.6005200847877035,-0.6005200847877035,0.0
1,498,29.604649838535693,37.63789011469214,0.8281026329064964,-0.8281026329064964,0.0
1,499,29.673067416773506,37.56947253645433,0.5402489318489714,-0.5402489318489714,0.0
1,500,29.739969951687726,37.50257000154011,0.7978017664351675,-0.7978017664351675,0.0
1,501,29.834417414668906,37.40812253855893,1.0911474931887764,-1.0911474931887764,0.0
1,502,29.95340613313408,37.28913382009375,1.2886268761157105,-1.2886268761157105,0.0
1,503,30.088030461830613,37.15450949139722,1.4038596978154416,-1.4038596978154416,0.0
1,504,30.234924925404584,37.00761502782325,1.5340295736648333,-1.5340295736648333,0.0
1,505,30.374077070192016,36.86846288303582,1.2490133220826145,-1.2490133220826145,0.0
1,506,30.50962044273217,36.73291951049566,1.4618541287205673,-1.4618541287205673,0.0
1,507,30.65897688336713,36.5835630698607,1.5252746839790703,-1.5252746839790703,0.0
1,508,30.804663672374886,36.43787628085295,1.388461096176611,-1.388461096176611,0.0
1,509,30.933028087064713,36.30951186616312,1.17882719762048,-1.17882719762048,0.0
1,510,31.055591681834585,36.18694827139325,1.272444697775839,-1.272444697775839,0.0
1,511,31.17551774738058,36.06702220584725,1.1260766131433613,-1.1260766131433613,0.0
1,512,31.27400268281599,35.968537270411844,0.8436220955651965,-0.8436220955651965,0.0
1,513,31.346952328489465,35.89558762473837,0.6153708179041875,-0.6153708179041875,0.0
1,514,31.395303513918748,35.847236439309086,0.3516528906810681,-0.3516528906810681,0.0
1,515,31.443542120549182,35.79899783267865,0.6131192419274942,-0.6131192419274942,0.0
1,516,31.510442647745435,35.7320973054824,0.7248913019966601,-0.7248913019966601,0.0
1,517,31.575261301017918,35.667278652209916,0.5714817634538925,-0.5714817634538925,0.0
1,518,31.62632450721287,35.61621544601496,0.4497823604460933,-0.4497823604460933,0.0
1,519,31.678005975202268,35.564533978025565,0.5838469993408726,-0.5838469993408726,0.0
1,520,31.738044471807598,35.504495481420236,0.6169229327662418,-0.6169229327662418,0.0
1,521,31.80914326610059,35.43339668712724,0.8050529530945436,-0.8050529530945436,0.0
1,522,31.902029000206085,35.34051095302175,1.052661729015938,-1.052661729015938,0.0
1,523,32.012956252081494,35.22958370114634,1.1658833084928002,-1.1658833084928002,0.0
1,524,32.13261598106408,35.109923972163756,1.2273112711589889,-1.2273112711589889,0.0
1,525,32.26510627021571,34.97743368301212,1.4224945118745609,-1.4224945118745609,0.0
1,526,32.40678887803733,34.8357510751905,1.4111576445578162,-1.4111576445578162,0.0
1,527,32.5478137518686,34.69472620135923,1.4093398320669195,-1.4093398320669195,0.0
1,528,32.688333064675135,34.5542068885527,1.401046424062983,-1.401046424062983,0.0
1,529,32.82721922205292,34.415320731174916,1.3766767234925243,-1.3766767234925243,0.0
1,530,32.9709007986869,34.271639154540935,1.4969548091864802,-1.4969548091864802,0.0
1,531,33.11641443645908,34.12612551676875,1.4133179462571448,-1.4133179462571448,0.0
1,532,33.25323600149932,33.989303951728516,1.3231133545476919,-1.3231133545476919,0.0
1,533,33.392417085058014,33.85012286816982,1.460508316627239,-1.460508316627239,0.0
1,534,33.5408637767008,33.70167617652703,1.5084255162287086,-1.5084255162287086,0.0
1,535,33.68876933106458,33.553770622163256,1.449685571046608,-1.449685571046608,0.0
1,536,33.83337182981256,33.40916812341527,1.4423644039134587,-1.4423644039134587,0.0
1,537,33.96829272948446,33.27424722374337,1.2560535895255125,-1.2560535895255125,0.0
1,538,34.10111064215994,33.141429311067895,1.4003046639828653,-1.4003046639828653,0.0
1,539,34.25277422166164,32.989765731566195,1.632966926050468,-1.632966926050468,0.0
1,540,34.429916242497825,32.81262371073001,1.9098734906741566,-1.9098734906741566,0.0
1,541,34.63464804863622,32.60789190459161,2.1847626320933102,-2.1847626320933102,0.0
1,542,34.8591874676182,32.383352485609635,2.306025747545805,-2.306025747545805,0.0
1,543,35.09359055848927,32.148949394738565,2.382036069875273,-2.382036069875273,0.0
1,544,35.33187053360098,31.910669419626856,2.3835634323578194,-2.3835634323578194,0.0
1,545,35.56092739079759,31.681612562430246,2.1975737115743623,-2.1975737115743623,0.0
1,546,35.77670084354202,31.465839109685817,2.117895343314327,-2.117895343314327,0.0
1,547,35.99817062402485,31.244369329202982,2.3115002663423247,-2.3115002663423247,0.0
1,548,36.23969706793241,31.002842885295422,2.519028611808576,-2.519028611808576,0.0
1,549,36.49147005553948,30.751069897688353,2.516431140333678,-2.516431140333678,0.0
1,550,36.75202153373914,30.490518419488694,2.6945984236601266,-2.6945984236601266,0.0
1,551,37.02045339559004,30.222086557637795,2.6740388133573916,-2.6740388133573916,0.0
1,552,37.29769278776507,29.94484716546276,2.870749030142857,-2.870749030142857,0.0
1,553,37.561183897554315,29.68135605567352,2.3990731656427204,-2.3990731656427204,3.0
1,554,37.79781864934455,29.444721303883284,2.3336218701616236,-2.3336218701616236,3.0
1,555,38.02317789164067,29.219362061587162,2.1735629757618895,-2.1735629757618895,3.0
1,556,38.236360948028505,29.00617900519933,2.0900981519953703,-2.0900981519953703,3.0
1,557,38.417433419154804,28.82510653407303,1.5313512705312018,-1.5313512705312018,3.0
1,558,38.55852975566711,28.684010197560724,1.2905754597148302,-1.2905754597148302,3.0
1,559,38.68168173221602,28.560858221011813,1.1724640712646224,-1.1724640712646224,3.0
1,560,38.77725534723163,28.465284605996203,0.7390082290480713,-0.7390082290480713,3.0
1,561,38.83463770604919,28.40790224717864,0.4086389473029559,-0.4086389473029559,3.0
1,562,38.8844513240216,28.358088629206236,0.5876334121437363,-0.5876334121437363,0.0
1,563,38.94309614617771,28.299443807050125,0.5852630309791653,-0.5852630309791653,0.0
1,564,38.99063184720649,28.251908106021347,0.3654509895969298,-0.3654509895969298,0.0
1,565,39.012537779975446,28.230002173252387,0.07266766578172934,-0.07266766578172934,0.0
1,566,39.02054852517813,28.221991428049705,0.08754723827085087,-0.08754723827085087,0.0
1,567,39.015987011481684,28.22655294174615,-0.1787775122012203,0.1787775122012203,0.0
1,568,39.00352027452686,28.23901967870097,-0.07055722689482558,0.07055722689482558,0.0
1,569,39.00262034239188,28.239919610835955,0.05255858419415205,-0.05255858419415205,0.0
1,570,39.00896848369007,28.233571469537765,0.07440424176896343,-0.07440424176896343,0.0
1,571,39.007873014847746,28.234666938380087,-0.09631361861571897,0.09631361861571897,0.0
1,572,39.00301947674518,28.239520476482653,-0.0007571434349529227,0.0007571434349529227,0.0
1,573,38.98878611558962,28.253753837638214,-0.28391007967736037,0.28391007967736037,0.0
1,574,38.97446412828231,28.268075824945527,-0.0025296664686074166,0.0025296664686074166,0.0
1,575,38.96346841461218,28.279071538615653,-0.2173846069333809,0.2173846069333809,0.0
1,576,38.941630172469445,28.30090978075839,-0.21938023592207045,0.21938023592207045,0.0
1,577,38.90700106111876,28.33553889210907,-0.473201991091889,0.473201991091889,0.0
1,578,38.872434034378216,28.370105918849617,-0.21813854371971786,0.21813854371971786,0.0
1,579,38.86127719186106,28.38126276136677,-0.004998306624136362,0.004998306624136362,0.0
1,580,38.8563716932307,28.386168259997135,-0.09311166598268628,0.09311166598268628,0.0
1,581,38.84139499144828,28.40114496177955,-0.20642236966526895,0.20642236966526895,0.0
1,582,38.8108055906589,28.431734362568932,-0.40536564612302683,0.40536564612302683,0.0
1,583,38.756064334498774,28.48647561872906,-0.6894594770797635,0.6894594770797635,0.0
1,584,38.68066775318698,28.561872200040852,-0.8184721491554559,0.8184721491554559,0.0
1,585,38.596412269263055,28.646127683964778,-0.8666375293243753,0.8666375293243753,0.0
1,586,38.52422595667372,28.718313996554116,-0.577088722462344,0.577088722462344,0.0
1,587,38.464592085306435,28.777947867921398,-0.6155887048834678,0.6155887048834678,0.0
1,588,38.40288226921325,28.839657684014583,-0.6186076169806363,0.6186076169806363,0.0
1,589,38.34616336023055,28.896376592997285,-0.5157705626747386,0.5157705626747386,0.0
1,590,38.29702876893214,28.945511184295697,-0.4669212632947435,0.4669212632947435,0.0
1,591,38.235727133486876,29.006812819740958,-0.7591114456114827,0.7591114456114827,0.0
1,592,38.16490043894544,29.077639514282396,-0.6574224452166053,0.6574224452166053,0.0
1,593,38.093144203355905,29.14939574987193,-0.7777022665753002,0.7777022665753002,0.0
1,594,38.02924989116161,29.21329006206622,-0.5001839773098986,0.5001839773098986,0.0
1,595,37.96820616112518,29.274333792102652,-0.7206906234201185,0.7206906234201185,0.0
1,596,37.90811422730553,29.3344257259223,-0.4811480529733334,0.4811480529733334,0.0
1,597,37.84556240314237,29.396977550085467,-0.7698884302901146,0.7698884302901146,0.0
1,598,37.76146492293276,29.481075030295074,-0.9120611739020426,0.9120611739020426,0.0
1,599,37.673896594090934,29.5686433591369,-0.8393054029352811,0.8393054029352811,0.0
1,600,37.58120546367661,29.661334489551223,-1.01451720535173,1.01451720535173,0.0
1,601,37.4900660690347,29.752473884193137,-0.8082706874876315,0.8082706874876315,0.0
1,602,37.40873393386846,29.833806019359372,-0.8183720158368946,0.8183720158368946,0.0
1,603,37.33181875205889,29.91072120116894,-0.7199316203541848,0.7199316203541848,0.0
1,604,37.25249308394086,29.99004686928697,-0.8665817420065061,0.8665817420065061,0.0
1,605,37.1760802195181,30.066459733709735,-0.661675546448782,0.661675546448782,0.0
1,606,37.11525453556351,30.127285417664325,-0.5548381326438108,0.5548381326438108,0.0
1,607,37.0543033084773,30.188236644750532,-0.6641864090801501,0.6641864090801501,0.0
1,608,36.98459849333085,30.257941459896983,-0.7299098938487223,0.7299098938487223,0.0
1,609,36.91684892185185,30.32569103137598,-0.6250815357315176,0.6250815357315176,0.0
1,610,36.86741627102015,30.375123682207686,-0.3635714809027668,0.3635714809027668,0.0
1,611,36.836508093964426,30.406031859263408,-0.2545920602131311,0.2545920602131311,0.0
1,612,36.813646135465774,30.42889381776206,-0.20264710976044498,0.20264710976044498,0.0
1,613,36.807614624202984,30.43492532902485,0.08201688450471956,-0.08201688450471956,0.0
1,614,36.822583199199585,30.41995675402825,0.21735461542794887,-0.21735461542794887,0.0
1,615,36.83185385361071,30.410686099617124,-0.03194152720558385,0.03194152720558385,0.0
1,616,36.83524074846662,30.407299204761216,0.09967942432257004,-0.09967942432257004,0.0
1,617,36.84201475817849,30.40052519504934,0.035800769914164476,-0.035800769914164476,0.0
1,618,36.836097881655974,30.40644207157186,-0.1541383003655774,0.1541383003655774,0.0
1,619,36.829726354090326,30.412813599137507,0.026707749051562146,-0.026707749051562146,0.0
1,620,36.831151744680824,30.41138820854701,0.0018000627574554784,-0.0018000627574554784,0.0
1,621,36.831120478366415,30.411419474861418,-0.0024253890450349758,0.0024253890450349758,0.0
1,622,36.8184232099361,30.424116743291734,-0.25151997956236016,0.25151997956236016,0.0
1,623,36.79453486333546,30.448005089892376,-0.22624695245197657,0.22624695245197657,0.0
1,624,36.761185667294285,30.48135428593355,-0.4407369683729563,0.4407369683729563,0.0
1,625,36.705922019862555,30.536617933365278,-0.6645359802624142,0.6645359802624142,0.0
1,626,36.63049340715054,30.612046546077295,-0.844036273978837,0.844036273978837,0.0
1,627,36.53740370399419,30.705136249233647,-1.0177577891494671,1.0177577891494671,0.0
1,628,36.444521844204814,30.79801810902302,-0.8398794066393425,0.8398794066393425,0.0
1,629,36.35663321535651,30.885906737871323,-0.9178931703267867,0.9178931703267867,0.0
1,630,36.27827269382715,30.964267259400685,-0.6493172602611796,0.6493172602611796,0.0
1,631,36.211221356157466,31.031318597070367,-0.6917094931321213,0.6917094931321213,0.0
1,632,36.1418154765521,31.100724476675737,-0.6964080989762049,0.6964080989762049,0.0
1,633,36.081879695295925,31.16066025793191,-0.5023075261484102,0.5023075261484102,0.0
1,634,36.03545003524539,31.207089917982444,-0.42628567486198676,0.42628567486198676,0.0
1,635,36.00522011740702,31.237319835820813,-0.1783126819055969,0.1783126819055969,0.0
1,636,35.98185812510735,31.260681828120482,-0.2889271640886939,0.2889271640886939,0.0
1,637,35.93826881680593,31.304271136421903,-0.5828590019404913,0.5828590019404913,0.0
1,638,35.86511650651107,31.37742344671676,-0.8801872039565115,0.8801872039565115,0.0
1,639,35.766167132999385,31.47637282022845,-1.0988002662773368,1.0988002662773368,0.0
1,640,35.670360583136585,31.57217937009125,-0.8173307309795064,0.8173307309795064,0.0
1,641,35.583615178811556,31.658924774416278,-0.9175773555207556,0.9175773555207556,0.0
1,642,35.49608015680735,31.74645979642048,-0.8331230845638853,0.8331230845638853,0.0
1,643,35.40948168530929,31.833058267918545,-0.8988463453977111,0.8988463453977111,0.0
1,644,35.31162621502369,31.93091373820414,-1.0582630603152676,1.0582630603152676,0.0
1,645,35.195414131641996,32.04712582158584,-1.2659786073199175,1.2659786073199175,0.0
1,646,35.06746787527402,32.175072077953814,-1.292946520039866,1.292946520039866,0.0
1,647,34.93432739952402,32.30821255370381,-1.3698629949600747,1.3698629949600747,0.0
1,648,34.787429135983416,32.45511081724442,-1.5681022758533398,1.5681022758533398,0.0
1,649,34.61758825806089,32.62495169516694,-1.8287152825965691,1.8287152825965691,0.0
1,650,34.42915523362569,32.81338471960214,-1.9399452061067706,1.9399452061067706,0.0
1,651,34.227765909451364,33.01477404377647,-2.08784127738131,2.08784127738131,0.0
1,652,34.03051063250723,33.2120293207206,-1.8572642615018964,1.8572642615018964,0.0
1,653,33.85552822685099,33.38701172637684,-1.6423838516234976,1.6423838516234976,0.0
1,654,33.69894255889221,33.54359739433562,-1.4893295075536361,1.4893295075536361,0.0
1,655,33.5365950549359,33.70594489829193,-1.7576205715726143,1.7576205715726143,0.0
1,656,33.34908537393051,33.89345457929733,-1.992573048536027,1.992573048536027,0.0
1,657,33.1359364016555,34.106603551572334,-2.2704063969651944,2.2704063969651944,0.0
1,658,32.91433737327509,34.328202579952745,-2.161574170642549,2.161574170642549,0.0
1,659,32.68752237011006,34.555017583117774,-2.374725892658553,2.374725892658553,0.0
1,660,32.44366027685112,34.798879676376714,-2.502515972521005,2.502515972521005,0.0
1,661,32.18751172204509,35.055028231182746,-2.620455123599874,2.620455123599874,0.0
1,662,31.920690797786733,35.3218491554411,-2.7159633615682486,2.7159633615682486,0.0
1,663,31.663032817984117,35.579507135243716,-2.4371962344839275,2.4371962344839275,0.0
1,664,31.418419443919674,35.82412050930816,-2.4550712468049465,2.4550712468049465,0.0
1,665,31.168455344370955,36.07408460885688,-2.5442107441701225,2.5442107441701225,0.0
1,666,30.906915902081778,36.335624051146056,-2.686578101613292,2.686578101613292,0.0
1,667,30.628625125073995,36.61391482815384,-2.8792374385437975,2.8792374385437975,0.0
1,668,30.351276545149062,36.89126340807877,-2.6677341599559607,2.6677341599559607,0.0
1,669,30.078279998890935,37.1642599543369,-2.792196765208117,2.792196765208117,0.0
1,670,29.788841879143092,37.45369807408474,-2.9965656297487486,2.9965656297487486,0.0
1,671,29.52226789645249,37.72027205677534,-2.3349140240628934,2.3349140240628934,-5.0
1,672,29.31041836912607,37.932121584101765,-1.9020765224649345,1.9020765224649345,-5.0
1,673,29.14889439421472,38.09364555901311,-1.3284029757624563,1.3284029757624563,-5.0
1,674,29.00263745892289,38.23990249430494,-1.5967357300737595,1.5967357300737595,0.0
1,675,28.836852606741672,38.40568734648616,-1.7189613135509099,1.7189613135509099,0.0
1,676,28.691688072081888,38.550851881145945,-1.1843293796438426,1.1843293796438426,-5.0
1,677,28.584700672417853,38.65783928080998,-0.9554186136366383,0.9554186136366383,-5.0
1,678,28.520888162830147,38.72165179039769,-0.32083157811686824,0.32083157811686824,-5.0
1,679,28.50336322190674,38.739176731321095,-0.02966724034982171,0.02966724034982171,0.0
1,680,28.507086102305948,38.735453850921886,0.1041248483349353,-0.1041248483349353,0.0
1,681,28.52002864481176,38.722511308416074,0.1547260017814951,-0.1547260017814951,0.0
1,682,28.545546253529096,38.69699369969874,0.3556261725660228,-0.3556261725660228,0.0
1,683,28.57195354346584,38.670586409761995,0.1725196261690618,-0.1725196261690618,0.0
1,684,28.59053489547182,38.652005057756014,0.1991074139513831,-0.1991074139513831,0.0
1,685,28.613039116785103,38.62950083644273,0.250977012315202,-0.250977012315202,0.0
1,686,28.645573751978077,38.59696620124976,0.399715691543606,-0.399715691543606,0.0
1,687,28.697863822829277,38.54467613039856,0.6460857254798196,-0.6460857254798196,0.0
1,688,28.77557471500711,38.46696523822072,0.9081321180763915,-0.9081321180763915,0.0
1,689,28.874719847977417,38.367820105250416,1.0747705413303947,-1.0747705413303947,0.0
1,690,28.982113966505608,38.260425986722225,1.0731118292345752,-1.0731118292345752,0.0
1,691,29.100474770291385,38.14206518293645,1.294104246481437,-1.294104246481437,0.0
1,692,29.223856897476708,38.018683055751126,1.1735382972253205,-1.1735382972253205,0.0
1,693,29.349145998023914,37.89339395520392,1.332243713719988,-1.332243713719988,0.0
1,694,29.492602744546957,37.749937208680876,1.5368912167409796,-1.5368912167409796,0.0
1,695,29.65617958266978,37.586360370558054,1.7346455457165604,-1.7346455457165604,0.0
1,696,29.8228376401986,37.419702313029234,1.598515604859637,-1.598515604859637,0.0
1,697,29.969401758305253,37.27313819492258,1.3327667572736583,-1.3327667572736583,0.0
1,698,30.107027950685506,37.13551200254233,1.4197570903317747,-1.4197570903317747,0.0
1,699,30.251160081054763,36.99137987217307,1.4628855170536301,-1.4628855170536301,0.0
1,700,30.40407907109693,36.8384608821309,1.5954942837894972,-1.5954942837894972,0.0
1,701,30.563613825635002,36.67892612759283,1.595200806971718,-1.595200806971718,0.0
1,702,30.724049897881514,36.51849005534632,1.6135206379590805,-1.6135206379590805,0.0
1,703,30.89312379385592,36.34941615937191,1.7679572815289468,-1.7679572815289468,0.0
1,704,31.07916440671511,36.163375546512725,1.952854975654743,-1.952854975654743,0.0
1,705,31.285412590614328,35.957127362613505,2.172108702330796,-2.172108702330796,0.0
1,706,31.4946352119498,35.747904741278035,2.012343724378411,-2.012343724378411,0.0
1,707,31.707030562852083,35.53550939037575,2.235563293667999,-2.235563293667999,0.0
1,708,31.917834578375505,35.32470537485233,1.9805170168012545,-1.9805170168012545,0.0
1,709,32.103466732210336,35.1390732210175,1.7321260598963626,-1.7321260598963626,0.0
1,710,32.28966008752798,34.952879865699856,1.9917410464578715,-1.9917410464578715,0.0
1,711,32.49761772447437,34.74492222875347,2.1674116924693774,-2.1674116924693774,0.0
1,712,32.70520654127483,34.537333411953,1.9843646435397364,-1.9843646435397364,0.0
1,713,32.8982797390056,34.34426021422223,1.8770993110750922,-1.8770993110750922,0.0
1,714,33.08129751850527,34.16124243472257,1.7832562789189677,-1.7832562789189677,0.0
1,715,33.269835666819176,33.97270428640866,1.9875066873596765,-1.9875066873596765,0.0
1,716,33.45593159369844,33.786608359529396,1.7344118502258574,-1.7344118502258574,0.0
1,717,33.6231649763771,33.619374976850736,1.6102558033483234,-1.6102558033483234,0.0
1,718,33.78915697564037,33.45338297758747,1.7095841819180908,-1.7095841819180908,0.0
1,719,33.96846325765625,33.27407669557158,1.876541458400732,-1.876541458400732,0.0
1,720,34.14154123485184,33.10099871837599,1.585018085512198,-1.585018085512198,0.0
1,721,34.30639407522949,32.93614587799834,1.7120387220419033,-1.7120387220419033,0.0
1,722,34.4717709913441,32.77076896188373,1.5954996002517685,-1.5954996002517685,0.0
1,723,34.64068274719966,32.60185720602817,1.7827355168589527,-1.7827355168589527,0.0
1,724,34.825809754434545,32.41673019879329,1.9198046278397385,-1.9198046278397385,0.0
1,725,35.01110441739024,32.23143553583759,1.7860886312735715,-1.7860886312735715,0.0
1,726,35.185891888440096,32.05664806478774,1.7096607897239853,-1.7096607897239853,0.0
1,727,35.363692559945775,31.878847393282058,1.8463526403910748,-1.8463526403910748,0.0
1,728,35.55475241509953,31.687787538128305,1.9748444626839774,-1.9748444626839774,0.0
1,729,35.75380417763745,31.488735775590385,2.0061907880750542,-2.0061907880750542,0.0
1,730,35.96233084654591,31.280209106681923,2.16434259009395,-2.16434259009395,0.0
1,731,36.17097699329099,31.07156295993684,2.0085803448080473,-2.0085803448080473,0.0
1,732,36.38203102826242,30.860508924965416,2.212500354621975,-2.212500354621975,0.0
1,733,36.59064969000485,30.65189026322298,1.9598728802262269,-1.9598728802262269,0.0
1,734,36.7810986501222,30.46144130310563,1.8491063221212762,-1.8491063221212762,0.0
1,735,36.97543498945015,30.267104963777683,2.03762046443898,-2.03762046443898,0.0
1,736,37.17588891768298,30.06665103554485,1.971458100217049,-1.971458100217049,0.0
1,737,37.37193744485592,29.870602508371917,1.9495124432429982,-1.9495124432429982,0.0
1,738,37.55512614511315,29.687413808114684,1.7142615619030686,-1.7142615619030686,0.0
1,739,37.74068915067039,29.501850802557442,1.996998549242635,-1.996998549242635,0.0
1,740,37.949539021765645,29.29300093146219,2.179998872663651,-2.179998872663651,0.0
1,741,38.14131562299019,29.101224330237642,1.6555331518280605,-1.6555331518280605,3.0
1,742,38.298324677764526,28.944215275463307,1.4846479436583913,-1.4846479436583913,3.0
1,743,38.42294969152658,28.81959026170125,1.0078523315815406,-1.0078523315815406,3.0
1,744,38.51257945661814,28.729960496609692,0.7847429702496509,-0.7847429702496509,0.0
1,745,38.58945694502631,28.65308300820152,0.7528067979138804,-0.7528067979138804,0.0
1,746,38.67558778821319,28.56695216501464,0.9698100658247064,-0.9698100658247064,0.0
1,747,38.78577622222963,28.456763730998205,1.2339586145051111,-1.2339586145051111,0.0
1,748,38.90809469779151,28.33444525543632,1.2124108967328926,-1.2124108967328926,3.0
1,749,39.00185347930392,28.240686473923915,0.6627647335152229,-0.6627647335152229,3.0
1,750,39.06427154145899,28.17826841176884,0.5855965095856277,-0.5855965095856277,3.0
1,751,39.10631886864576,28.136221084582075,0.2553500341479982,-0.2553500341479982,3.0
1,752,39.12806454405609,28.114475409171746,0.17956347405681505,-0.17956347405681505,0.0
1,753,39.13608152815618,28.10645842507165,-0.01922379205579894,0.01922379205579894,0.0
1,754,39.138311745184865,28.10422820804297,0.06382813262924181,-0.06382813262924181,0.0
1,755,39.13375008490118,28.108789868326653,-0.15506133830453805,0.15506133830453805,0.0
1,756,39.13077151933942,28.111768433888415,0.0954900270677328,-0.0954900270677328,0.0
1,757,39.13631192055391,28.106228032673926,0.015317997220577695,-0.015317997220577695,0.0
1,758,39.15141171212724,28.09112824110059,0.2866778342460332,-0.2866778342460332,0.0
1,759,39.19138300926886,28.051156943958972,0.5127481085853205,-0.5127481085853205,0.0
1,760,39.24902124115533,27.9935187120725,0.6400165291436739,-0.6400165291436739,0.0
1,761,39.30433622878195,27.938203724445884,0.46628322339028827,-0.46628322339028827,3.0
1,762,39.337491785208954,27.90504816801888,0.19682790514983672,-0.19682790514983672,3.0
1,763,39.3520353710021,27.89050458222573,0.09404381071364121,-0.09404381071364121,3.0
1,764,39.35378194219618,27.888758011031655,-0.0591123868329646,0.0591123868329646,0.0
1,765,39.36037587066539,27.88216408256244,0.19099095621573348,-0.19099095621573348,0.0
1,766,39.391189332370914,27.85135062085692,0.42527827789450257,-0.42527827789450257,0.0
1,767,39.421756956167656,27.820782997060178,0.18607419804038727,-0.18607419804038727,3.0
1,768,39.42164818122649,27.820891772001346,-0.18824969686315107,0.18824969686315107,3.0
1,769,39.39491097919051,27.84762897403732,-0.346494343854884,0.346494343854884,0.0
1,770,39.34595501549609,27.896584937731745,-0.632624930033284,0.632624930033284,0.0
1,771,39.283191101901366,27.959348851326467,-0.6226533418597633,0.6226533418597633,0.0
1,772,39.2133894700994,28.029150483128433,-0.7733792941795645,0.7733792941795645,0.0
1,773,39.13230969635754,28.110230256870295,-0.8482161806570154,0.8482161806570154,0.0
1,774,39.049826228053234,28.1927137251746,-0.8014531854282101,0.8014531854282101,0.0
1,775,38.95938603872355,28.283153914504283,-1.0073506011653723,1.0073506011653723,0.0
1,776,38.860108109481075,28.382431843746758,-0.9782079836841042,0.9782079836841042,0.0
1,777,38.76914210789357,28.47339784533426,-0.8411120480651917,0.8411120480651917,0.0
1,778,38.68685597251124,28.555683980716594,-0.804610659580737,0.804610659580737,0.0
1,779,38.59206377024498,28.650476182982857,-1.0912333857442196,1.0912333857442196,0.0
1,780,38.49010853201219,28.752431421215647,-0.9478713789109694,0.9478713789109694,0.0
1,781,38.392655192040706,28.849884761187127,-1.0011954205182363,1.0011954205182363,0.0
1,782,38.28839880304656,28.95414115018127,-1.083932359363926,1.083932359363926,0.0
1,783,38.1722541584536,29.070285794774236,-1.2389605324951614,1.2389605324951614,0.0
1,784,38.034097652128935,29.2084423010989,-1.5241695939968185,1.5241695939968185,0.0
1,785,37.894733978330805,29.347805974897028,-1.263103881964664,1.263103881964664,0.0
1,786,37.782868659131395,29.459671294096438,-0.9742025020234522,0.9742025020234522,0.0
1,787,37.67602596470272,29.566513988525116,-1.162651386550479,1.162651386550479,0.0
1,788,37.57201503212366,29.670524921104175,-0.9175672650297866,0.9175672650297866,0.0
1,789,37.48567815706099,29.756861796166845,-0.8091702362220925,0.8091702362220925,0.0
1,790,37.40513797381436,29.83740197941347,-0.8016334287094509,0.8016334287094509,0.0
1,791,37.31019938035968,29.932340572868156,-1.0971384403846205,1.0971384403846205,0.0
1,792,37.207311402341475,30.03522855088636,-0.9606211199776897,0.9606211199776897,0.0
1,793,37.11240389210468,30.130136061123153,-0.9375290847578359,0.9375290847578359,0.0
1,794,37.02743774414114,30.215102209086695,-0.7617938745112873,0.7617938745112873,0.0
1,795,36.95572309657416,30.286816856653672,-0.6724990768266981,0.6724990768266981,0.0
1,796,36.881962577624336,30.360577375603498,-0.8027113021693353,0.8027113021693353,0.0
1,797,36.813649509547645,30.42889044368019,-0.5635500593640472,0.5635500593640472,0.0
1,798,36.753919994271655,30.48861995895618,-0.631040246155866,0.631040246155866,0.0
1,799,36.676151779821,30.566388173406835,-0.9243240428566608,0.9243240428566608,0.0
1,800,36.58244013002934,30.660099823198493,-0.9499089529748375,0.9499089529748375,0.0
1,801,36.474382194698705,30.768157758529128,-1.2112497536373947,1.2112497536373947,0.0
1,802,36.358627409828955,30.88391254339888,-1.1038459437578734,1.1038459437578734,0.0
1,803,36.2615493187277,30.98099063450013,-0.8377158782657617,0.8377158782657617,0.0
1,804,36.19267035462576,31.049869598602072,-0.5398634037725021,0.5398634037725021,0.0
1,805,36.13783946198623,31.1047004912416,-0.5567544490177987,0.5567544490177987,0.0
1,806,36.07489960985038,31.167640343377457,-0.7020425936994776,0.7020425936994776,0.0
1,807,36.007633529811756,31.234906423416078,-0.6432790070715075,0.6432790070715075,0.0
1,808,35.937334281263134,31.3052056719647,-0.7627059639001192,0.7627059639001192,0.0
1,809,35.84917347262592,31.393366480601912,-1.0005102088442097,1.0005102088442097,0.0
1,810,35.74045731469516,31.50208263853267,-1.1738129497713103,1.1738129497713103,0.0
1,811,35.60917650157762,31.63336345165021,-1.451803312577752,1.451803312577752,0.0
1,812,35.45832486892914,31.784215084298694,-1.565229340390447,1.565229340390447,0.0
1,813,35.29032870338813,31.952211249839706,-1.7946939704287317,1.7946939704287317,0.0
1,814,35.11064429283215,32.131895660395685,-1.798994240690229,1.798994240690229,0.0
1,815,34.92296195344818,32.31957799977965,-1.9546525469881306,1.9546525469881306,0.0
1,816,34.72026305103532,32.522276902192516,-2.099325501268421,2.099325501268421,0.0
1,817,34.49922277611938,32.74331717710845,-2.321479997050387,2.321479997050387,0.0
1,818,34.269976598010885,32.97256335521695,-2.26344356511823,2.26344356511823,0.0
1,819,34.03077561580267,33.211764337425166,-2.5205760790445435,2.5205760790445435,0.0
1,820,33.78370030671772,33.458839646510114,-2.4209301026528554,2.4209301026528554,0.0
1,821,33.55417509792517,33.688364855302666,-2.1695740731965074,2.1695740731965074,0.0
1,822,33.33211161275017,33.910428340477665,-2.271695630303185,2.271695630303185,0.0
1,823,33.09356702151888,34.148972931708954,-2.499196194322538,2.499196194322538,0.0
1,824,32.84197214613596,34.400567807091875,-2.5327013133348615,2.5327013133348615,0.0
1,825,32.57890196459118,34.66363798863665,-2.7287023175597316,2.7287023175597316,0.0
1,826,32.318342086081316,34.92419786714652,-2.4824952526373263,2.4824952526373263,0.0
1,827,32.05540918286681,35.18713077036102,-2.7761628116509662,2.7761628116509662,0.0
1,828,31.78623193142107,35.45630802180676,-2.607382217263403,2.607382217263403,0.0
1,829,31.515489915795,35.72705003743283,-2.8074580952575,2.8074580952575,0.0
1,830,31.228432972105452,36.01410698112238,-2.9336807785318086,2.9336807785318086,0.0
1,831,30.946204897284474,36.29633505594336,-2.7108807178872354,2.7108807178872354,0.0
1,832,30.663958334684935,36.5785816185429,-2.934050534103548,2.934050534103548,0.0
1,833,30.37719467588022,36.865345277347615,-2.8012226419897814,2.8012226419897814,0.0
1,834,30.104733525792312,37.13780642743552,-2.6480003597665647,2.6480003597665647,0.0
1,835,29.85030265696298,37.39223729626485,-2.4406170168203616,2.4406170168203616,0.0
1,836,29.605268989412025,37.63727096381581,-2.460056334198958,2.460056334198958,0.0
1,837,29.393921791374055,37.84861816185378,-1.766887626560603,1.766887626560603,-5.0
1,838,29.235835281931827,38.006704671296006,-1.3948425622833405,1.3948425622833405,-5.0
1,839,29.08381849612772,38.158721457100114,-1.6454931537990358,1.6454931537990358,0.0
1,840,28.91044322979303,38.3320967234348,-1.8220121728949632,1.8220121728949632,0.0
1,841,28.74406136189043,38.4984785913374,-1.5056251851568927,1.5056251851568927,-5.0
1,842,28.614780102194914,38.62775985103292,-1.0800000087532222,1.0800000087532222,-5.0
1,843,28.517014735493376,38.72552521773446,-0.8753073252761538,0.8753073252761538,-5.0
1,844,28.463283681839016,38.77925627138882,-0.19931374781313949,0.19931374781313949,-5.0
1,845,28.45527737145119,38.787262581776645,0.03918754005646363,-0.03918754005646363,0.0
1,846,28.453247787830037,38.7892921653978,-0.07977921248107478,0.07977921248107478,0.0
1,847,28.459248528146418,38.783291425081416,0.19979401880907233,-0.19979401880907233,0.0
1,848,28.49184964632616,38.750690306901674,0.45222834478613727,-0.45222834478613727,0.0
1,849,28.542546736348186,38.69999321687965,0.5617134556543117,-0.5617134556543117,0.0
1,850,28.602694320395926,38.63984563283191,0.6412382253007234,-0.6412382253007234,0.0
1,851,28.65545692074113,38.5870830324867,0.4140137816024989,-0.4140137816024989,0.0
1,852,28.691447545154006,38.55109240807383,0.30579870665384057,-0.30579870665384057,0.0
1,853,28.73508383574051,38.50745611748732,0.5669271050764255,-0.5669271050764255,0.0
1,854,28.799219051508203,38.44332090171963,0.7157772102774196,-0.7157772102774196,0.0
1,855,28.873546732400655,38.36899322082718,0.7707764075714714,-0.7707764075714714,0.0
1,856,28.95896520471456,38.283574748513274,0.9375930387063818,-0.9375930387063818,0.0
1,857,29.057300557055214,38.18523939617262,1.029114008105461,-1.029114008105461,0.0
1,858,29.160549684716784,38.08199026851105,1.0358685451260303,-1.0358685451260303,0.0
1,859,29.255915313328273,37.98662463989956,0.8714440271035873,-0.8714440271035873,0.0
1,860,29.33064876106016,37.91189119216767,0.623224927533915,-0.623224927533915,0.0
1,861,29.40032716375788,37.842212789469954,0.7703431264206966,-0.7703431264206966,0.0
1,862,29.486911480618232,37.7556284726096,0.9613432107850155,-0.9613432107850155,0.0
1,863,29.578090611509083,37.66444934171875,0.862239407031776,-0.862239407031776,0.0
1,864,29.66290830200319,37.579631651224645,0.8341144028486855,-0.8341144028486855,0.0
1,865,29.751757182659958,37.490782770567876,0.9428632102852408,-0.9428632102852408,0.0
1,866,29.852804087256686,37.38973586597115,1.0780748816487815,-1.0780748816487815,0.0
1,867,29.973305127604135,37.2692348256237,1.3319459252998875,-1.3319459252998875,0.0
1,868,30.093686001548576,37.14885395167926,1.0756715535879753,-1.0756715535879753,0.0
1,869,30.21406819723029,37.02847175599754,1.3319723600455742,-1.3319723600455742,0.0
1,870,30.353650753503416,36.88888919972442,1.4596787654165642,-1.4596787654165642,0.0
1,871,30.489701131217657,36.752838822010176,1.2613287888685427,-1.2613287888685427,0.0
1,872,30.625805771456157,36.616734181771676,1.4607640159006152,-1.4607640159006152,0.0
1,873,30.786341877377822,36.45619807585001,1.7499581025311102,-1.7499581025311102,0.0
1,874,30.956703024062676,36.28583692916516,1.657264831165154,-1.657264831165154,0.0
1,875,31.132947249512085,36.10959270371575,1.8676196778229315,-1.8676196778229315,0.0
1,876,31.331078111532975,35.91146184169486,2.0949975625938055,-2.0949975625938055,0.0
1,877,31.531941122629974,35.71059883059786,1.9222626593459573,-1.9222626593459573,0.0
1,878,31.73408766472346,35.50845228850437,2.120668182524007,-2.120668182524007,0.0
1,879,31.949690471013014,35.29284948221482,2.1913879432661965,-2.1913879432661965,0.0
1,880,32.18316782238617,35.059372130841666,2.47815908419596,-2.47815908419596,0.0
1,881,32.419086221925,34.823453731302834,2.240208906580971,-2.240208906580971,0.0
1,882,32.64894596661236,34.593593986615474,2.3569859871652863,-2.3569859871652863,0.0
1,883,32.871087894841594,34.37145205838624,2.0858525774177057,-2.0858525774177057,0.0
1,884,33.0885452962865,34.153994656941336,2.2632954514787276,-2.2632954514787276,0.0
1,885,33.32671866772114,33.915821285506695,2.50017197721456,-2.50017197721456,0.0
1,886,33.57507968005905,33.667460273168786,2.4670482695435467,-2.4670482695435467,0.0
1,887,33.81023642861555,33.43230352461228,2.236086701585972,-2.236086701585972,0.0
1,888,34.02191858085973,33.2206213723681,1.9975563432965995,-1.9975563432965995,0.0
1,889,34.21326017759122,33.02927977563661,1.8292755913332055,-1.8292755913332055,0.0
1,890,34.38589459129366,32.85664536193417,1.6234126827138997,-1.6234126827138997,0.0
1,891,34.54204275964344,32.7004971935844,1.499550684279809,-1.499550684279809,0.0
1,892,34.67807224388082,32.564467709347014,1.2210390004677745,-1.2210390004677745,0.0
1,893,34.80116330850876,32.44137664471907,1.2407822920906018,-1.2407822920906018,0.0
1,894,34.93895389414149,32.30358605908634,1.515029420563092,-1.515029420563092,0.0
1,895,35.07857257581384,32.163967377414,1.2773442128836603,-1.2773442128836603,0.0
1,896,35.21991914548698,32.02262080774085,1.549587180579671,-1.549587180579671,0.0
1,897,35.3715379056714,31.87100204755643,1.4827880231082933,-1.4827880231082933,0.0
1,898,35.51644780563504,31.726092147592794,1.4154099761642946,-1.4154099761642946,0.0
1,899,35.64933299282086,31.593206960406974,1.2422937675513843,-1.2422937675513843,0.0
1,900,35.78418467956226,31.458355273665575,1.4547399672767458,-1.4547399672767458,0.0
1,901,35.92974892430891,31.312791028918923,1.4565449276550506,-1.4565449276550506,0.0
1,902,36.07888478291079,31.163655170317043,1.526172244381577,-1.526172244381577,0.0
1,903,36.22821506086257,31.014324892365266,1.4604333146538906,-1.4604333146538906,0.0
1,904,36.37896607124901,30.863573881978823,1.5545868930742568,-1.5545868930742568,0.0
1,905,36.537321530869235,30.705218422358598,1.6125222993289619,-1.6125222993289619,0.0
1,906,36.68586977065195,30.556670182575886,1.358442496325134,-1.358442496325134,0.0
1,907,36.827688988270324,30.41485096495751,1.4779418560428486,-1.4779418560428486,0.0
1,908,36.98881108500984,30.25372886821799,1.7445000787459257,-1.7445000787459257,0.0
1,909,37.17816020478631,30.064379748441524,2.0424823167817454,-2.0424823167817454,0.0
1,910,37.36811452546715,29.874425427760684,1.7566040968354173,-1.7566040968354173,0.0
1,911,37.55400073435294,29.688539218874894,1.9611200808799616,-1.9611200808799616,0.0
1,912,37.752898566068666,29.489641387159168,2.016836553434638,-2.016836553434638,0.0
1,913,37.96502760865815,29.277512344569686,2.2257442983547815,-2.2257442983547815,0.0
1,914,38.185722462199124,29.05681749102871,2.188152772464056,-2.188152772464056,3.0
1,915,38.39439443393849,28.848145519289346,1.9852866623248744,-1.9852866623248744,3.0
1,916,38.5805980857383,28.66194186748953,1.738786373672088,-1.738786373672088,3.0
1,917,38.74785757757684,28.494682375650996,1.6064034630989301,-1.6064034630989301,3.0
1,918,38.883228234990156,28.359311718237677,1.101009685166808,-1.101009685166808,3.0
1,919,38.98739072462354,28.255149228604296,0.9822401075006315,-0.9822401075006315,3.0
1,920,39.08455901904745,28.157980934180387,0.9611257809772003,-0.9611257809772003,3.0
1,921,39.178042400802155,28.064497552425678,0.9085418541169652,-0.9085418541169652,3.0
1,922,39.26427093331529,27.978269019912545,0.8160287961453694,-0.8160287961453694,3.0
1,923,39.321845269103505,27.920694684124328,0.33545791962054317,-0.33545791962054317,3.0
1,924,39.339277793544625,27.90326215968321,0.013192569201615711,-0.013192569201615711,3.0
1,925,39.3381831101583,27.904356843069536,-0.035086236927536874,0.035086236927536874,0.0
1,926,39.3480699070908,27.89447004613703,0.232822175577315,-0.232822175577315,0.0
1,927,39.37345178229259,27.869088170935242,0.27481532845918366,-0.27481532845918366,0.0
1,928,39.38356834408444,27.858971609143396,-0.07248409262303745,0.07248409262303745,3.0
1,929,39.38074000526319,27.86179994796464,0.015917316196603082,-0.015917316196603082,0.0
1,930,39.39664185953541,27.845898093692426,0.3021197692468487,-0.3021197692468487,0.0
1,931,39.4014720313744,27.841067921853437,-0.205516332467095,0.205516332467095,3.0
1,932,39.37944794069779,27.863092012530046,-0.2349654810663271,0.2349654810663271,0.0
1,933,39.34943290148135,27.893107051746483,-0.3653353032622597,0.3653353032622597,0.0
1,934,39.31580792560237,27.926732027625462,-0.3071642143188047,0.3071642143188047,0.0
1,935,39.29000646483871,27.952533488389122,-0.20886500095580374,0.20886500095580374,0.0
1,936,39.255620586713576,27.986919366514257,-0.4788525615476189,0.4788525615476189,0.0
1,937,39.20520559555996,28.037334357667874,-0.5294472615258847,0.5294472615258847,0.0
1,938,39.14776392210206,28.094776031125775,-0.6193862076340739,0.6193862076340739,0.0
1,939,39.09328635579345,28.14925359743438,-0.47016511853960274,0.47016511853960274,0.0
1,940,39.04306821869977,28.19947173452806,-0.5341976233353041,0.5341976233353041,0.0
1,941,39.0001591830719,28.242380770155933,-0.32398308922400787,0.32398308922400787,0.0
1,942,38.95298163214045,28.289558321087384,-0.6195679294050507,0.6195679294050507,0.0
1,943,38.888299136596515,28.354240816631318,-0.6740819814756112,0.6740819814756112,0.0
1,944,38.815117386315706,28.427422566912128,-0.789553024140929,0.789553024140929,0.0
1,945,38.743150436055316,28.499389517172517,-0.6497859810685487,0.6497859810685487,0.0
1,946,38.67589888675366,28.566641066474062,-0.6952450049634216,0.6952450049634216,0.0
1,947,38.60099097242801,28.641548980799826,-0.8029132815519198,0.8029132815519198,0.0
1,948,38.51091352480421,28.731626428423624,-0.9986356709258857,0.9986356709258857,0.0
1,949,38.411379795367566,28.83116015786038,-0.9920389178095839,0.9920389178095839,0.0
1,950,38.32597251822517,28.91656743500289,-0.7161066250403856,0.7161066250403856,0.0
1,951,38.242025653226165,29.00051430000201,-0.9628306749422677,0.9628306749422677,0.0
1,952,38.13959344646787,29.10294650676019,-1.0858134602224379,1.0858134602224379,0.0
1,953,38.02618941099013,29.216350542237933,-1.1822672493344548,1.1822672493344548,0.0
1,954,37.91535440715984,29.327185546068335,-1.0344328272741556,1.0344328272741556,0.0
1,955,37.82325599946171,29.419283953766353,-0.8075353266879013,0.8075353266879013,0.0
1,956,37.7551139628556,29.487425990372458,-0.5553054054358917,0.5553054054358917,0.0
1,957,37.70614009565156,29.536399857576612,-0.4241719386481293,0.4241719386481293,0.0
1,958,37.67749376126585,29.565046191962324,-0.14875474906745012,0.14875474906745012,0.0
1,959,37.67199113450056,29.57054881872773,0.03870221375896321,-0.03870221375896321,0.0
1,960,37.69068215809489,29.5518577951334,0.33511825812677465,-0.33511825812677465,0.0
1,961,37.71290824586231,29.52963170736598,0.10940349722005038,-0.10940349722005038,0.0
1,962,37.733691857046324,29.50884809618185,0.3062687264608144,-0.3062687264608144,0.0
1,963,37.75931416237927,29.483225790848792,0.2061773801988238,-0.2061773801988238,0.0
1,964,37.77090256490533,29.471637388322733,0.02559067032204787,-0.02559067032204787,0.0
1,965,37.78027197968686,29.46226797354109,0.16179762530910935,-0.16179762530910935,0.0
1,966,37.7952410151031,29.44729893812496,0.1375830830134177,-0.1375830830134177,0.0
1,967,37.80769938243748,29.434840570790698,0.111584263671757,-0.111584263671757,0.0
1,968,37.82841731742451,29.41412263580355,0.30277443606936494,-0.30277443606936494,0.0
1,969,37.85839382577274,29.384146127455438,0.29675573089210516,-0.29675573089210516,0.0
1,970,37.886333959240574,29.356205993987487,0.2620469384655415,-0.2620469384655415,0.0
1,971,37.90776941892318,29.334770534304766,0.16666225518706312,-0.16666225518706312,0.0
1,972,37.9380510000924,29.304488953135433,0.4389693681984035,-0.4389693681984035,0.0
1,973,37.97338230485866,29.269157648369173,0.2676567271254484,-0.2676567271254484,0.0
1,974,37.994746858787494,29.247793094440226,0.15963435145175886,-0.15963435145175886,0.0
1,975,38.02132660395023,29.221213349277605,0.37196055180010923,-0.37196055180010923,0.0
1,976,38.053556170436195,29.188983782791638,0.27263077791831947,-0.27263077791831947,0.0
1,977,38.080311436226566,29.16222851700138,0.2624745378862823,-0.2624745378862823,0.0
1,978,38.09862560692409,29.14391434630386,0.10380887606393685,-0.10380887606393685,0.0
1,979,38.11958453957868,29.122955413649265,0.3153697770260937,-0.3153697770260937,0.0
1,980,38.16236005967835,29.080179893549598,0.5401406249670604,-0.5401406249670604,0.0
1,981,38.21275764429106,29.029782308936888,0.46781106728535704,-0.46781106728535704,0.0
1,982,38.27133932857555,28.97120062465251,0.7038226184016505,-0.7038226184016505,0.0
1,983,38.3420137942644,28.900526158963658,0.709666695373512,-0.709666695373512,0.0
1,984,38.42470809155839,28.817831861669674,0.9442192505041991,-0.9442192505041991,0.0
1,985,38.52815714677217,28.714382806455887,1.1247618537705115,-1.1247618537705115,0.0
1,986,38.62776467749745,28.614775275730494,0.8673887607356008,-0.8673887607356008,0.0
1,987,38.70128486745557,28.541255085772264,0.6030150384280084,-0.6030150384280084,0.0
1,988,38.74802850305741,28.49451145017042,0.33185767360754426,-0.33185767360754426,0.0
1,989,38.76891119889342,28.4736287543343,0.08579624311292555,-0.08579624311292555,0.0
1,990,38.787607997431905,28.454931955795928,0.28813972765417617,-0.28813972765417617,0.0
1,991,38.808746695779064,28.43379325744877,0.13463423928791762,-0.13463423928791762,0.0
1,992,38.82580791024998,28.416732042977856,0.20659005012832843,-0.20659005012832843,0.0
1,993,38.833859673950656,28.408680279277178,-0.04555477611596892,0.04555477611596892,0.0
1,994,38.81978917704896,28.422750776178873,-0.23585516191813305,0.23585516191813305,0.0
1,995,38.80643591066132,28.436104042566512,-0.031210165835178216,0.031210165835178216,0.0
1,996,38.81315880389889,28.42938114932906,0.1656680305833138,-0.1656680305833138,0.0
1,997,38.83693300305208,28.405606950175866,0.3098159524803048,-0.3098159524803048,0.0
1,998,38.87707174258003,28.365468210648032,0.4929588380754719,-0.4929588380754719,0.0
1,999,38.925347122558605,28.31719283066934,0.4725487614971442,-0.4725487614971442,0.0
1,1000,38.978870023439185,28.26366992978876,0.5979092561139723,-0.5979092561139723,0.0
2,0,48.565353685522496,24.282676842761248,0.0,0.0,0.0
2,1,48.560569252077315,24.287461276206436,-0.09568866890371552,0.09568866890371552,3.0
2,2,48.546615649152386,24.301414879131364,-0.18338338959486933,0.18338338959486933,3.0
2,3,48.51902380868477,24.329006719598976,-0.3684534197573619,0.3684534197573619,3.0
2,4,48.46349948774753,24.38453104053622,-0.7420329989875754,0.7420329989875754,3.0
2,5,48.365932094916644,24.482098433367106,-1.2093148576300745,1.2093148576300745,3.0
2,6,48.22703408761708,24.620996440666673,-1.568645288361262,1.568645288361262,3.0
2,7,48.06010261034909,24.787927917934656,-1.7699842569984536,1.7699842569984536,3.0
2,8,47.858991844830136,24.989038683453614,-2.2522310533807044,2.2522310533807044,3.0
2,9,47.62165271308303,25.22637781520072,-2.4945515815614243,2.4945515815614243,3.0
2,10,47.348772368733734,25.499258159550017,-2.963055305424513,2.963055305424513,3.0
2,11,47.04111856963148,25.806911958652275,-3.190020676620618,3.190020676620618,3.0
2,12,46.713392207130084,26.134638321153666,-3.3645065734072546,3.3645065734072546,3.0
2,13,46.36545604373629,26.482574484547467,-3.5942166944687006,3.5942166944687006,3.0
2,14,45.97618010262049,26.87185042566327,-4.191302127847328,4.191302127847328,3.0
2,15,45.553287064476706,27.294743463807055,-4.266558635028412,4.266558635028412,3.0
2,16,45.13980378458413,27.708226743699637,-4.003106962823219,4.003106962823219,0.0
2,17,44.754183788309774,28.093846739973994,-3.7092929626639393,3.7092929626639393,0.0
2,18,44.38886360580899,28.459166922474772,-3.59711068735165,3.59711068735165,0.0
2,19,44.02774322338253,28.820287304901235,-3.625296961177618,3.625296961177618,0.0
2,20,43.654630944990885,29.19339958329288,-3.8369486066552394,3.8369486066552394,0.0
2,21,43.27700484993085,29.57102567835291,-3.715573294545404,3.715573294545404,0.0
2,22,42.89512261972017,29.952907908563585,-3.9220713096681123,3.9220713096681123,0.0
2,23,42.49099106606202,30.35703946222173,-4.160559763494792,4.160559763494792,0.0
2,24,42.089526536352764,30.758503991930983,-3.868730830690266,3.868730830690266,0.0
2,25,41.70309766416284,31.144932864120904,-3.859846613108159,3.859846613108159,0.0
2,26,41.30783443751102,31.540196090772724,-4.045417919928237,4.045417919928237,0.0
2,27,40.91523353240164,31.932796995882097,-3.806600182259265,3.806600182259265,0.0
2,28,40.54563022464896,32.30240030363478,-3.585465972794429,3.585465972794429,0.0
2,29,40.18386608319669,32.66416444508704,-3.6498168562508386,3.6498168562508386,0.0
2,30,39.831506618800105,33.016523909483624,-3.3973724316808838,3.3973724316808838,0.0
2,31,39.49144905271292,33.356581475570806,-3.403778890062771,3.403778890062771,0.0
2,32,39.1360805961514,33.71194993213233,-3.7035902411676833,3.7035902411676833,0.0
2,33,38.75098743145129,34.09704309683244,-3.998273052834495,3.998273052834495,0.0
2,34,38.34794084514695,34.50008968313679,-4.062658673252486,4.062658673252486,0.0
2,35,37.94327686485124,34.9047536634325,-4.030620932661678,4.030620932661678,0.0
2,36,37.5353427037591,35.31268782452464,-4.128062289181136,4.128062289181136,0.0
2,37,37.12755005839837,35.72048046988537,-4.027790618033556,4.027790618033556,0.0
2,38,36.72699293665738,36.121037591626354,-3.9833518167861417,3.9833518167861417,0.0
2,39,36.34293275102905,36.505097777254676,-3.69785189578036,3.69785189578036,0.0
2,40,35.96281711265479,36.88521341562895,-3.9044608717049893,3.9044608717049893,0.0
2,41,35.56538269029889,37.28264783798484,-4.044227575412931,4.044227575412931,0.0
2,42,35.162608457962634,37.685422070321096,-4.011257071312153,4.011257071312153,0.0
2,43,34.755221472288326,38.0928090559954,-4.136482642174014,4.136482642174014,0.0
2,44,34.331808496717116,38.51622203156661,-4.331776869250261,4.331776869250261,0.0
2,45,33.90045222879672,38.94757829948701,-4.295348489157661,4.295348489157661,0.0
2,46,33.50984716665725,39.33818336162649,-3.5167527536320122,3.5167527536320122,-5.0
2,47,33.187524974874975,39.660505553408775,-2.9296910820137008,2.9296910820137008,-5.0
2,48,32.9000916221775,39.947938906106245,-2.818975971935606,2.818975971935606,0.0
2,49,32.62456324182311,40.22346728646064,-2.691591635152161,2.691591635152161,0.0
2,50,32.39312958184182,40.45490094644193,-1.9370815644737167,1.9370815644737167,-5.0
2,51,32.22939915571067,40.618631372573084,-1.3375269581492937,1.3375269581492937,-5.0
2,52,32.08297367415159,40.76505685413216,-1.5909826730322738,1.5909826730322738,0.0
2,53,31.93151451241387,40.91651601586989,-1.438200561722292,1.438200561722292,0.0
2,54,31.80057496263673,41.04745556564702,-1.1805904338204698,1.1805904338204698,0.0
2,55,31.685988157738777,41.16204237054497,-1.1111456641385313,1.1111456641385313,0.0
2,56,31.56262389177276,41.285406636510984,-1.3561396551819485,1.3561396551819485,0.0
2,57,31.437406782916696,41.41062374536705,-1.1482025219394192,1.1482025219394192,0.0
2,58,31.356323929459606,41.491706598824145,-0.47345454720239744,0.47345454720239744,-5.0
2,59,31.318834416722964,41.52919611156078,-0.27633570753033254,0.27633570753033254,0.0
2,60,31.281665181777143,41.5663653465066,-0.4670489913861182,0.4670489913861182,0.0
2,61,31.231686024191276,41.61634450409247,-0.5325341603312488,0.5325341603312488,0.0
2,62,31.168662203602352,41.679368324681384,-0.727942251447109,0.727942251447109,0.0
2,63,31.080886726990656,41.76714380129308,-1.0275672807867835,1.0275672807867835,0.0
2,64,30.993252011450636,41.85477851683311,-0.725127030013816,0.725127030013816,-5.0
2,65,30.941906812898097,41.906123715385654,-0.30177694103716846,0.30177694103716846,-5.0
2,66,30.93562115332263,41.91240937496113,0.17606374952768888,-0.17606374952768888,-5.0
2,67,30.95103129373446,41.8969992345493,0.13213905870878584,-0.13213905870878584,0.0
2,68,30.95328698494704,41.89474354333671,-0.08702523445716004,0.08702523445716004,0.0
2,69,30.931736366040965,41.9162941622428,-0.3439871436647568,0.3439871436647568,0.0
2,70,30.907911987468182,41.94011854081559,-0.13250042779125693,0.13250042779125693,0.0
2,71,30.889059056652357,41.9589714716314,-0.24455818852514177,0.24455818852514177,0.0
2,72,30.876927664040537,41.97110286424322,0.0019303362886144981,-0.0019303362886144981,0.0
2,73,30.888973427593086,41.959057100690686,0.23898493476199967,-0.23898493476199967,0.0
2,74,30.915770386877384,41.93226014140639,0.29695425092396377,-0.29695425092396377,0.0
2,75,30.953637570076936,41.89439295820682,0.46038941306716197,-0.46038941306716197,0.0
2,76,30.988396670927315,41.85963385735646,0.23479260394013934,-0.23479260394013934,0.0
2,77,30.999572889286426,41.848457638997345,-0.011268236757958405,0.011268236757958405,0.0
2,78,31.01148411828173,41.83654641000206,0.24949281666363632,-0.24949281666363632,0.0
2,79,31.0243692740966,41.8236612541872,0.008210299633461204,-0.008210299633461204,0.0
2,80,31.033468342827703,41.81456218545611,0.17377107498830036,-0.17377107498830036,0.0
2,81,31.045713898064335,41.80231663021948,0.07114002974412692,-0.07114002974412692,0.0
2,82,31.066972819614378,41.78105770866942,0.35403840125679764,-0.35403840125679764,0.0
2,83,31.088605785278915,41.75942474300487,0.07862091203397625,-0.07862091203397625,0.0
2,84,31.094230314957358,41.753800213326414,0.03386968153496284,-0.03386968153496284,0.0
2,85,31.1110156920672,41.73701483621656,0.3018378606620118,-0.3018378606620118,0.0
2,86,31.147641328112584,41.70038920017117,0.43067486024569845,-0.43067486024569845,0.0
2,87,31.176284328807228,41.671746199476544,0.14218515364681394,-0.14218515364681394,0.0
2,88,31.198330423693847,41.64970010458994,0.2987367440854545,-0.2987367440854545,0.0
2,89,31.241573419020767,41.60645710926302,0.566123162452902,-0.566123162452902,0.0
2,90,31.312890377293,41.535140150990784,0.8602160029917059,-0.8602160029917059,0.0
2,91,31.396870018856788,41.451160509427,0.8193768282838771,-0.8193768282838771,0.0
2,92,31.47495201965191,41.37307850863188,0.7422631876183772,-0.7422631876183772,0.0
2,93,31.55526716374746,41.29276336453633,0.8640396942924582,-0.8640396942924582,0.0
2,94,31.645543085211017,41.202487443072755,0.9414787349788476,-0.9414787349788476,0.0
2,95,31.751749634317974,41.0962808939658,1.1826522471603234,-1.1826522471603234,0.0
2,96,31.88024743185187,40.967783096431916,1.3873037035172064,-1.3873037035172064,0.0
2,97,32.01391295523078,40.83411757305299,1.2860067640610122,-1.2860067640610122,0.0
2,98,32.131901237712015,40.71612929057177,1.073758885563329,-1.073758885563329,0.0
2,99,32.22984540558619,40.6181851226976,0.8851244719199265,-0.8851244719199265,0.0
2,100,32.31512653040784,40.53290399787595,0.8204980245130464,-0.8204980245130464,0.0
2,101,32.389614675485035,40.45841585279875,0.669264877030793,-0.669264877030793,0.0
2,102,32.44234747211945,40.40568305616435,0.3853910556571609,-0.3853910556571609,0.0
2,103,32.466634134432354,40.381396393851446,0.10034219060074001,-0.10034219060074001,0.0
2,104,32.48642648893295,40.36160403935084,0.2955048994111831,-0.2955048994111831,0.0
2,105,32.50613060855605,40.34189991972775,0.09857749305054142,-0.09857749305054142,0.0
2,106,32.530979958176886,40.31705057010693,0.39840949936580294,-0.39840949936580294,0.0
2,107,32.57606034385816,40.27197018442567,0.5031982142593137,-0.5031982142593137,0.0
2,108,32.61705722122778,40.23097330705605,0.316739333133075,-0.316739333133075,0.0
2,109,32.644257865763194,40.203772662520635,0.22727355757494294,-0.22727355757494294,0.0
2,110,32.66012389720143,40.187906631082384,0.09004707118984534,-0.09004707118984534,0.0
2,111,32.681671024765535,40.166359503518265,0.34089548009234605,-0.34089548009234605,0.0
2,112,32.724960518404885,40.123070009878916,0.5248943926944403,-0.5248943926944403,0.0
2,113,32.77118487406972,40.0768456542141,0.3995927206019356,-0.3995927206019356,0.0
2,114,32.816875020787506,40.03115550749631,0.5142102137537758,-0.5142102137537758,0.0
2,115,32.87811642642782,39.96991410185598,0.7106178990526217,-0.7106178990526217,0.0
2,116,32.95696084464376,39.89106968364004,0.8662704652658721,-0.8662704652658721,0.0
2,117,33.02905032334888,39.81898020493492,0.5755191088366125,-0.5755191088366125,0.0
2,118,33.08548236658859,39.76254816169521,0.553121755957589,-0.553121755957589,0.0
2,119,33.13250128406989,39.71552924421391,0.3872565936681873,-0.3872565936681873,0.0
2,120,33.16136865833937,39.68666186994443,0.1900908917214803,-0.1900908917214803,0.0
2,121,33.19445703659713,39.65357349168667,0.4716766734333149,-0.4716766734333149,0.0
2,122,33.25264095470749,39.59538957357631,0.6920016887734839,-0.6920016887734839,0.0
2,123,33.31381853398284,39.53421199430096,0.5315498967336421,-0.5315498967336421,0.0
2,124,33.375788771552806,39.472241756730995,0.7078548546653209,-0.7078548546653209,0.0
2,125,33.45237074951507,39.39565977876873,0.8237847045800244,-0.8237847045800244,0.0
2,126,33.54090830380187,39.30712222448193,0.9469663811559297,-0.9469663811559297,0.0
2,127,33.62556529937652,39.22246522890728,0.7461735303369892,-0.7461735303369892,0.0
2,128,33.703575780859836,39.144454747423964,0.814036099329341,-0.814036099329341,0.0
2,129,33.772329413255505,39.075701115028295,0.5610365485841591,-0.5610365485841591,0.0
2,130,33.83798832694788,39.01004220133592,0.7521417252633782,-0.7521417252633782,0.0
2,131,33.91296493408774,38.93506559419606,0.7473904175335662,-0.7473904175335662,0.0
2,132,33.992750672201396,38.855279856082404,0.8483243447396447,-0.8483243447396447,0.0
2,133,34.06292654189792,38.78510398638588,0.5551930491905015,-0.5551930491905015,0.0
2,134,34.13132835053915,38.71670217774465,0.8128431236337796,-0.8128431236337796,0.0
2,135,34.216626257539474,38.631404270744326,0.8931150163727111,-0.8931150163727111,0.0
2,136,34.295091015842615,38.552939512441185,0.6761801496901771,-0.6761801496901771,0.0
2,137,34.35877837475621,38.48925215352759,0.5975670285818993,-0.5975670285818993,0.0
2,138,34.42867614644277,38.41935438184103,0.8003884051489436,-0.8003884051489436,0.0
2,139,34.509225018855176,38.338805509428624,0.810589043099279,-0.810589043099279,0.0
2,140,34.58471286989436,38.26331765838944,0.6991679776840307,-0.6991679776840307,0.0
2,141,34.64499498695349,38.20303554133031,0.5064743634985067,-0.5064743634985067,0.0
2,142,34.687872256008006,38.160158272275794,0.3510710175917211,-0.3510710175917211,0.0
2,143,34.715190314154654,38.132840214129146,0.19529014534093925,-0.19529014534093925,0.0
2,144,34.740962471168984,38.107068057114816,0.3201529949457331,-0.3201529949457331,0.0
2,145,34.77309398183186,38.07493654645194,0.32247721831190646,-0.32247721831190646,0.0
2,146,34.79561328678514,38.05241724149866,0.12790888075375584,-0.12790888075375584,0.0
2,147,34.79413712794411,38.05389340033969,-0.15743205757448386,0.15743205757448386,0.0
2,148,34.76891106107698,38.07911946720682,-0.3470892797683174,0.3470892797683174,0.0
2,149,34.74302062411422,38.10500990416958,-0.17071945948704403,0.17071945948704403,0.0
2,150,34.712127742822275,38.135902785461525,-0.4471381663520848,0.4471381663520848,0.0
2,151,34.676945139563344,38.171085388720456,-0.25651389882689557,0.25651389882689557,0.0
2,152,34.6627921439368,38.185238384347,-0.026546013704390248,0.026546013704390248,0.0
2,153,34.66735549020524,38.18067503807856,0.11781293907289836,-0.11781293907289836,0.0
2,154,34.684415351469426,38.163615176814375,0.22338428621058704,-0.22338428621058704,0.0
2,155,34.718386479489425,38.129644048794376,0.4560382741893054,-0.4560382741893054,0.0
2,156,34.76482634807107,38.08320418021273,0.4727590974433369,-0.4727590974433369,0.0
2,157,34.81400594575078,38.03402458253302,0.5108328561507367,-0.5108328561507367,0.0
2,158,34.87156454751877,37.97646598076503,0.6403391792092954,-0.6403391792092954,0.0
2,159,34.9226436587949,37.925386869488904,0.3812430463128731,-0.3812430463128731,0.0
2,160,34.95074409153057,37.897286436753234,0.18076560840042433,-0.18076560840042433,0.0
2,161,34.98152090700958,37.86650962127422,0.43477070117975636,-0.43477070117975636,0.0
2,162,35.0351260581856,37.81290447009823,0.6373323223400931,-0.6373323223400931,0.0
2,163,35.11286407012881,37.73516645815505,0.917427916523657,-0.917427916523657,0.0
2,164,35.1955622080344,37.652468320249454,0.7365348415882274,-0.7365348415882274,0.0
2,165,35.26281532734862,37.58521520093521,0.6085275446964413,-0.6085275446964413,0.0
2,166,35.32258829558157,37.52544223270226,0.586931819962393,-0.586931819962393,0.0
2,167,35.38773905286013,37.4602914754237,0.7160833256085368,-0.7160833256085368,0.0
2,168,35.462874634304455,37.38515589397937,0.786628303277725,-0.786628303277725,0.0
2,169,35.531417988371516,37.316612539912285,0.5842387780637264,-0.5842387780637264,0.0
2,170,35.59727444313586,37.25075608514794,0.7328903172231929,-0.7328903172231929,0.0
2,171,35.665268996845896,37.182761531437876,0.6270007569777523,-0.6270007569777523,0.0
2,172,35.738015210694584,37.11001531758919,0.8279235199960517,-0.8279235199960517,0.0
2,173,35.82736618065525,37.020664347628525,0.9590958792171929,-0.9590958792171929,0.0
2,174,35.92831732071414,36.91971320756963,1.0599269219605816,-1.0599269219605816,0.0
2,175,36.02762378357994,36.82040674470383,0.9262023353553843,-0.9262023353553843,0.0
2,176,36.131162680534715,36.716867847749086,1.1445756037394599,-1.1445756037394599,0.0
2,177,36.24802097902335,36.60000954926042,1.1925903660335084,-1.1925903660335084,0.0
2,178,36.35378710784852,36.494243420435254,0.9227322104699578,-0.9227322104699578,0.0
2,179,36.45443233840098,36.393598189882795,1.090172400579302,-1.090172400579302,0.0
2,180,36.575585450550875,36.2724450777329,1.3328898424187745,-1.3328898424187745,0.0
2,181,36.70360621421878,36.14442431406502,1.2275254309388846,-1.2275254309388846,0.0
2,182,36.84027777681632,36.00775275146751,1.505905821011293,-1.505905821011293,0.0
2,183,36.978764299089335,35.86926622919452,1.2638246244485423,-1.2638246244485423,0.0
2,184,37.10290161259064,35.745128915693186,1.2189216455777796,-1.2189216455777796,0.0
2,185,37.21253026514995,35.635500263133906,0.9736514056079812,-0.9736514056079812,0.0
2,186,37.324853352510786,35.52317717577307,1.2728103416088032,-1.2728103416088032,0.0
2,187,37.45686775151478,35.39116277676908,1.3674776384711613,-1.3674776384711613,0.0
2,188,37.5962173347375,35.251813193546326,1.4195140259835082,-1.4195140259835082,0.0
2,189,37.73207557496204,35.11595495332176,1.2976507785074016,-1.2976507785074016,0.0
2,190,37.847604829858426,35.0004256984254,1.0129343194196743,-1.0129343194196743,0.0
2,191,37.959021854858804,34.88900867342505,1.2154061805874363,-1.2154061805874363,0.0
2,192,38.07942517116766,34.7686053571162,1.1926601455893167,-1.1926601455893167,0.0
2,193,38.21179321642148,34.636237311862374,1.4547007594871655,-1.4547007594871655,0.0
2,194,38.35954441133197,34.48848611695192,1.5003231387218268,-1.5003231387218268,0.0
2,195,38.501182001916845,34.34684852636701,1.332428672975949,-1.332428672975949,0.0
2,196,38.626660428056596,34.22137010022723,1.1771398498194134,-1.1771398498194134,0.0
2,197,38.75352266379281,34.09450786449105,1.3601048649043967,-1.3601048649043967,0.0
2,198,38.87507297364948,33.972957554634405,1.0709013322283756,-1.0709013322283756,0.0
2,199,38.98956370885452,33.858466819429395,1.2189133718719578,-1.2189133718719578,0.0
2,200,39.104809471602096,33.74322105668179,1.0860018830798452,-1.0860018830798452,0.0
2,201,39.2151855766474,33.632844951636486,1.1215202178259656,-1.1215202178259656,0.0
2,202,39.316070834736706,33.53195969354718,0.8961849439600176,-0.8961849439600176,0.0
2,203,39.41445585476072,33.43357467352317,1.0715154565198564,-1.0715154565198564,0.0
2,204,39.51193156200094,33.33609896628295,0.8779986882843822,-0.8779986882843822,0.0
2,205,39.597640687026114,33.2503898412578,0.8361838122186391,-0.8361838122186391,0.0
2,206,39.68269681663617,33.165333711647776,0.8649387799817596,-0.8649387799817596,0.0
2,207,39.75833811191666,33.089692416367285,0.647887125627733,-0.647887125627733,0.0
2,208,39.83362590408922,33.014404624194725,0.8578687178233189,-0.8578687178233189,0.0
2,209,39.91889326963246,32.92913725865151,0.8474785930411457,-0.8474785930411457,0.0
2,210,39.99370034894224,32.8543301793417,0.6486629931546091,-0.6486629931546091,0.0
2,211,40.058147060242504,32.78988346804147,0.6402712328502407,-0.6402712328502407,0.0
2,212,40.118286533309515,32.729743994974484,0.5625182284894539,-0.5625182284894539,0.0
2,213,40.18369856747705,32.664331960806976,0.7457224548608021,-0.7457224548608021,0.0
2,214,40.250645080016284,32.597385448267744,0.5932077959236111,-0.5932077959236111,0.0
2,215,40.321056619977696,32.52697390830633,0.8150230033047574,-0.8150230033047574,0.0
2,216,40.41464568240275,32.43338484588128,1.0567582451959225,-1.0567582451959225,0.0
2,217,40.50948125268917,32.33854927559486,0.8399531605323585,-0.8399531605323585,0.0
2,218,40.58890958453287,32.25912094375116,0.7486134763416299,-0.7486134763416299,0.0
2,219,40.67635373299913,32.171676795284895,1.000269492983998,-1.000269492983998,0.0
2,220,40.773843031874605,32.07418749640942,0.9495164845248691,-0.9495164845248691,0.0
2,221,40.87636292009495,31.97166760818908,1.100881279881996,-1.100881279881996,0.0
2,222,40.97869160432367,31.869338923960356,0.9456924046928794,-0.9456924046928794,0.0
2,223,41.06226486765439,31.785765660629636,0.7257728619216124,-0.7257728619216124,0.0
2,224,41.14952778486827,31.69850274341576,1.0194854823559663,-1.0194854823559663,0.0
2,225,41.24536067673728,31.60266985154675,0.8971723550238355,-0.8971723550238355,0.0
2,226,41.341312391219276,31.50671813706475,1.021861934615682,-1.021861934615682,0.0
2,227,41.44781910791323,31.400211420370795,1.108272399263221,-1.108272399263221,0.0
2,228,41.5562091470523,31.291821381231728,1.05952838351811,-1.05952838351811,3.0
2,229,41.6597777343265,31.18825279395753,1.0118433619660507,-1.0118433619660507,3.0
2,230,41.753052184424746,31.09497834385928,0.8536456399990886,-0.8536456399990886,3.0
2,231,41.831875020106395,31.016155508177633,0.7228110736342437,-0.7228110736342437,3.0
2,232,41.89446704786951,30.953563480414516,0.5290294816278198,-0.5290294816278198,3.0
2,233,41.922112285365984,30.925918242918044,0.02387526830140274,-0.02387526830140274,3.0
2,234,41.929842721843954,30.918187806440073,0.1307334612582043,-0.1307334612582043,0.0
2,235,41.929608446197165,30.918422082086863,-0.13541897419432836,0.13541897419432836,0.0
2,236,41.92988242070277,30.91814810758126,0.140898464306078,-0.140898464306078,0.0
2,237,41.93714084984521,30.91088967843882,0.0042701185431628375,-0.0042701185431628375,0.0
2,238,41.93997305489546,30.908057473388567,0.05237398246199376,-0.05237398246199376,0.0
2,239,41.94555656983874,30.902473958445285,0.05929631640396593,-0.05929631640396593,0.0
2,240,41.938162544322495,30.909867983961533,-0.20717682672890447,0.20717682672890447,0.0
2,241,41.90652457624577,30.941505952038256,-0.4255825348058302,0.4255825348058302,0.0
2,242,41.87571795422423,30.9723125740598,-0.19054990562533192,0.19054990562533192,0.0
2,243,41.86960516932618,30.97842535895785,0.06829420766430694,-0.06829420766430694,0.0
2,244,41.882309132572686,30.96572139571134,0.1857850572657469,-0.1857850572657469,0.0
2,245,41.913424787006136,30.934605741277892,0.43652803140301977,-0.43652803140301977,0.0
2,246,41.94445903235862,30.903571495925405,0.18415687564670868,-0.18415687564670868,0.0
2,247,41.972528278750076,30.87550224953395,0.37722805218229105,-0.37722805218229105,0.0
2,248,42.01973418645986,30.82829634182417,0.5668901020127795,-0.5668901020127795,0.0
2,249,42.05284950002192,30.795181028262107,0.09541616922875207,-0.09541616922875207,3.0
2,250,42.04897162314683,30.7990589051372,-0.17297370673087542,0.17297370673087542,3.0
2,251,42.022249277192486,30.82578125109154,-0.3614732123554436,0.3614732123554436,0.0
2,252,41.97448715768428,30.873543370599748,-0.593769177808376,0.593769177808376,0.0
2,253,41.904250665524216,30.94377986275981,-0.8109606653924395,0.8109606653924395,0.0
2,254,41.810671786668195,31.037358741615833,-1.0606169117279993,1.0606169117279993,0.0
2,255,41.70406777032764,31.143962757956388,-1.0714634150827642,1.0714634150827642,0.0
2,256,41.59790862091694,31.250121907367088,-1.0517195731312512,1.0517195731312512,0.0
2,257,41.50258691153846,31.34544361674557,-0.8547146144379649,0.8547146144379649,0.0
2,258,41.40579193252182,31.442238595762205,-1.0811849658948187,1.0811849658948187,0.0
2,259,41.29697174846183,31.5510587798222,-1.095218715305192,1.095218715305192,0.0
2,260,41.179099688792405,31.668930839491622,-1.2622224780834426,1.2622224780834426,0.0
2,261,41.04684276537506,31.801187762908967,-1.3829159902629886,1.3829159902629886,0.0
2,262,40.910863468918876,31.93716705936515,-1.3366699388601813,1.3366699388601813,0.0
2,263,40.76234743249813,32.085683095785896,-1.6336507895548564,1.6336507895548564,0.0
2,264,40.61200939748687,32.236021130797155,-1.3731099106705535,1.3731099106705535,0.0
2,265,40.474614946903955,32.37341558138007,-1.3747791009881531,1.3747791009881531,0.0
2,266,40.34787649818446,32.500154030099566,-1.1599898734020169,1.1599898734020169,0.0
2,267,40.22109182607153,32.6269387022125,-1.3757035688566948,1.3757035688566948,0.0
2,268,40.08707601993535,32.760954508348675,-1.304612553867015,1.304612553867015,0.0
2,269,39.96761323433486,32.880417293949165,-1.0846431581427964,1.0846431581427964,0.0
2,270,39.871284799856824,32.976745728427204,-0.8419255314179193,0.8419255314179193,0.0
2,271,39.77352757560118,33.07450295268285,-1.113218953695288,1.113218953695288,0.0
2,272,39.65004567946659,33.19798484881744,-1.3564189689964117,1.3564189689964117,0.0
2,273,39.51453680481268,33.33349372347135,-1.3537585240816163,1.3537585240816163,0.0
2,274,39.37041441937538,33.47761610890865,-1.5286891846648167,1.5286891846648167,0.0
2,275,39.22038607445154,33.62764445383249,-1.471877713811967,1.471877713811967,0.0
2,276,39.061842378831614,33.786188149452414,-1.6989961985868813,1.6989961985868813,0.0
2,277,38.89111049251284,33.95692003577119,-1.7156415277884332,1.7156415277884332,0.0
2,278,38.726170209325346,34.12186031895868,-1.5831641359614252,1.5831641359614252,0.0
2,279,38.55994781674423,34.2880827115398,-1.7412837156607335,1.7412837156607335,0.0
2,280,38.3885230576135,34.45950747067053,-1.6872114669541176,1.6872114669541176,0.0
2,281,38.23172912829057,34.61630139999346,-1.4486671195042078,1.4486671195042078,0.0
2,282,38.08307706111566,34.76495346716837,-1.52437422399343,1.52437422399343,0.0
2,283,37.91799034120004,34.93004018708399,-1.7773601743185878,1.7773601743185878,0.0
2,284,37.74116459322386,35.10686593506017,-1.7591547852051317,1.7591547852051317,0.0
2,285,37.56181110997977,35.286219418304256,-1.8279148796765483,1.8279148796765483,0.0
2,286,37.3673791643734,35.480651363910624,-2.060724032450212,2.060724032450212,0.0
2,287,37.170726050114354,35.677304478169674,-1.8723382527308452,1.8723382527308452,0.0
2,288,36.973342990791934,35.87468753749209,-2.0753229337171124,2.0753229337171124,0.0
2,289,36.76622952833253,36.0818009999515,-2.066946315471311,2.066946315471311,0.0
2,290,36.566991979628256,36.28103854865577,-1.9178046586142425,1.9178046586142425,0.0
2,291,36.37446025981592,36.47357026846811,-1.9328297376326287,1.9328297376326287,0.0
2,292,36.19096981102706,36.65706071725697,-1.7369792381439666,1.7369792381439666,0.0
2,293,36.02390327380732,36.82412725447671,-1.6043515062504135,1.6043515062504135,0.0
2,294,35.864499110952636,36.98353141733139,-1.5837317508431248,1.5837317508431248,0.0
2,295,35.71421406354153,37.133816464742495,-1.421969197378825,1.421969197378825,0.0
2,296,35.56867577390284,37.27935475438119,-1.4887965953947138,1.4887965953947138,0.0
2,297,35.422870088415095,37.42516043986893,-1.4273171143602639,1.4273171143602639,0.0
2,298,35.266032522998955,37.58199800528507,-1.7094341939620197,1.7094341939620197,0.0
2,299,35.08035588721583,37.7676746410682,-2.004098521700312,2.004098521700312,0.0
2,300,34.88844597021091,37.95958455807312,-1.8340998183984105,1.8340998183984105,0.0
2,301,34.70199384146912,38.14603668681491,-1.8949427564373469,1.8949427564373469,0.0
2,302,34.52259145487153,38.3254390734125,-1.6931049755145597,1.6931049755145597,0.0
2,303,34.341332373452246,38.50669815483178,-1.9320766528708795,1.9320766528708795,0.0
2,304,34.14164615576658,38.70638437251745,-2.061647700842059,2.061647700842059,0.0
2,305,33.94584239195245,38.902188136331574,-1.854427575439903,1.854427575439903,0.0
2,306,33.75944475227902,39.08858577600495,-1.8735252180280817,1.8735252180280817,0.0
2,307,33.58279651124957,39.2652340170344,-1.6594396025613314,1.6594396025613314,0.0
2,308,33.41193112404386,39.43609940424011,-1.7578681415533275,1.7578681415533275,0.0
2,309,33.23336695158815,39.61466357669582,-1.8134153075606196,1.8134153075606196,0.0
2,310,33.066100241932304,39.78193028635167,-1.5319188855561308,1.5319188855561308,0.0
2,311,32.91504651451277,39.932984013771204,-1.4891556628343405,1.4891556628343405,0.0
2,312,32.77962247388689,40.06840805439708,-1.2193251496835593,1.2193251496835593,0.0
2,313,32.65017789994903,40.19785262833494,-1.3695663290741535,1.3695663290741535,0.0
2,314,32.52231733284003,40.32571319544394,-1.187645013106044,1.187645013106044,0.0
2,315,32.397035733643634,40.45099479464034,-1.3179869708219325,1.3179869708219325,0.0
2,316,32.25088219068692,40.59714833759705,-1.6050838883123966,1.6050838883123966,0.0
2,317,32.09332023212886,40.75471029615511,-1.5461552828485807,1.5461552828485807,0.0
2,318,31.92378513100533,40.92424539727864,-1.8445467396221904,1.8445467396221904,0.0
2,319,31.773059860087642,41.07497066819633,-1.1699586787310778,1.1699586787310778,-5.0
2,320,31.677844809908322,41.17018571837565,-0.7343423248547225,0.7343423248547225,-5.0
2,321,31.60445370766479,41.24357682061918,-0.7334797200167689,0.7334797200167689,0.0
2,322,31.53602815839946,41.31200236988451,-0.6350312652902694,0.6350312652902694,0.0
2,323,31.487121523174835,41.360909005109136,-0.3431014392023908,0.3431014392023908,0.0
2,324,31.458611125903474,41.3894194023805,-0.22710650622509831,0.22710650622509831,0.0
2,325,31.4243435756685,41.42368695261547,-0.4582444984748921,0.4582444984748921,0.0
2,326,31.368541029131393,41.47948949915258,-0.6578064322679467,0.6578064322679467,0.0
2,327,31.289645757341418,41.55838477094255,-0.920099003532421,0.920099003532421,0.0
2,328,31.20673598820997,41.641294540074,-0.7380963790968575,0.7380963790968575,0.0
2,329,31.14582331316433,41.70220721511964,-0.48015712181595127,0.48015712181595127,-5.0
2,330,31.09835201052846,41.74967851775551,-0.4692689309006326,0.4692689309006326,0.0
2,331,31.05959278542275,41.78843774286122,-0.3059155712129389,0.3059155712129389,0.0
2,332,31.03977264975947,41.8082578785245,-0.09048714205165886,0.09048714205165886,0.0
2,333,31.044976151667356,41.803054376616615,0.1945571802103938,-0.1945571802103938,0.0
2,334,31.05192905579065,41.79610147249332,-0.05549909774351747,0.05549909774351747,0.0
2,335,31.054765796475806,41.793264731808165,0.1122339114474542,-0.1122339114474542,0.0
2,336,31.070653955203227,41.777376573080744,0.20552926310191033,-0.20552926310191033,0.0
2,337,31.088109454918083,41.75992107336589,0.14358073119605308,-0.14358073119605308,0.0
2,338,31.089408396078454,41.75862213220552,-0.11760190798840853,0.11760190798840853,0.0
2,339,31.079587276093037,41.768443252190934,-0.07882049171898053,0.07882049171898053,0.0
2,340,31.086317868723597,41.761712659560374,0.2134323443303039,-0.2134323443303039,0.0
2,341,31.11380806427229,41.73422246401168,0.33637156664458523,-0.33637156664458523,0.0
2,342,31.157779733878215,41.690250794405756,0.5430618254747905,-0.5430618254747905,0.0
2,343,31.19896129675942,41.64906923152455,0.2805694321501626,-0.2805694321501626,0.0
2,344,31.22655907122754,41.62147145705643,0.27138605721255793,-0.27138605721255793,0.0
2,345,31.244628764005427,41.603401764278544,0.09000779834537553,-0.09000779834537553,0.0
2,346,31.26541417118409,41.58261635709988,0.3257003452288014,-0.3257003452288014,0.0
2,347,31.30120832619349,41.54682220209048,0.39018275495974564,-0.39018275495974564,0.0
2,348,31.328800580447535,41.519229947836436,0.16166233012220665,-0.16166233012220665,0.0
2,349,31.346927380317823,41.50110314796615,0.20087366728410494,-0.20087366728410494,0.0
2,350,31.357431605581098,41.49059892270287,0.009210837982474018,-0.009210837982474018,0.0
2,351,31.349065771389803,41.49896475689417,-0.17652752180766385,0.17652752180766385,0.0
2,352,31.334246049018645,41.51378447926538,-0.11986692561576007,0.11986692561576007,0.0
2,353,31.318412259500917,41.52961826878311,-0.19680886473782344,0.19680886473782344,0.0
2,354,31.30034065269564,41.54768987558839,-0.16462327136740917,0.16462327136740917,0.0
2,355,31.27252087252583,41.5755096557582,-0.39177233202842565,0.39177233202842565,0.0
2,356,31.2432797894474,41.604750738836685,-0.19304932954035614,0.19304932954035614,0.0
2,357,31.235388237326163,41.61264229095792,0.035218287115892366,-0.035218287115892366,0.0
2,358,31.22827074011508,41.61975978816895,-0.1775682313361866,0.1775682313361866,0.0
2,359,31.200864744241642,41.647165784042386,-0.3705516861314848,0.3705516861314848,0.0
2,360,31.162130489000617,41.685900039283354,-0.40413341868775277,0.40413341868775277,0.0
2,361,31.12738804815632,41.72064248012771,-0.29071539819869585,0.29071539819869585,0.0
2,362,31.096227081679046,41.75180344660498,-0.3325039313458795,0.3325039313458795,0.0
2,363,31.064841282844384,41.7831892454397,-0.29521204534749756,0.29521204534749756,0.0
2,364,31.040737780112693,41.80729274817139,-0.18685800928621177,0.18685800928621177,0.0
2,365,31.02138966369108,41.826640864592946,-0.20010431914462323,0.20010431914462323,0.0
2,366,30.996653908767314,41.85137661951666,-0.2946107793294779,0.2946107793294779,0.0
2,367,30.979269175037246,41.86876135324667,-0.05308389527067625,0.05308389527067625,0.0
2,368,30.977670648157925,41.87035988012593,0.0211133576856124,-0.0211133576856124,0.0
2,369,30.973737923286023,41.87429260499778,-0.0997678551223018,0.0997678551223018,0.0
2,370,30.966754227605804,41.88127630067794,-0.03990605848055573,0.03990605848055573,0.0
2,371,30.97242639656332,41.87560413172042,0.15334943763106423,-0.15334943763106423,0.0
2,372,30.98112088707495,41.866909641208736,0.020540372602795287,-0.020540372602795287,0.0
2,373,30.98362736912611,41.864403159157575,0.02958926841956533,-0.02958926841956533,0.0
2,374,30.980168898166085,41.8678616301176,-0.09875868761998419,0.09875868761998419,0.0
2,375,30.95681297570593,41.89121755257776,-0.36835976158304184,0.36835976158304184,0.0
2,376,30.914876725612658,41.93315380267103,-0.4703652402820939,0.4703652402820939,0.0
2,377,30.866959595983076,41.98107093230061,-0.4879773523095192,0.4879773523095192,0.0
2,378,30.83836215205247,42.009668376231275,-0.0839715263027454,0.0839715263027454,-5.0
2,379,30.840829532185012,42.007200996098675,0.13331912895352005,-0.13331912895352005,0.0
2,380,30.864130477567073,41.98390005071656,0.33269977868773815,-0.33269977868773815,0.0
2,381,30.897619563921012,41.95041096436256,0.3370819483912122,-0.3370819483912122,0.0
2,382,30.92357244070024,41.92445808758333,0.18197558719297646,-0.18197558719297646,0.0
2,383,30.940489408892404,41.90754111939117,0.1563637766494992,-0.1563637766494992,0.0
2,384,30.966575176963374,41.88145535132014,0.3653515847697264,-0.3653515847697264,0.0
2,385,31.00026107344172,41.847769454841796,0.30836634479647174,-0.30836634479647174,0.0
2,386,31.02331098986781,41.82471953841571,0.1526319837242447,-0.1526319837242447,0.0
2,387,31.040641905947496,41.80738862233602,0.19398633786831,-0.19398633786831,0.0
2,388,31.07142793334333,41.77660259494019,0.4217342100479531,-0.4217342100479531,0.0
2,389,31.10400251646604,41.744028011817534,0.2297574524044954,-0.2297574524044954,0.0
2,390,31.118113026315086,41.72991750196843,0.05245274457666227,-0.05245274457666227,0.0
2,391,31.108376310243216,41.7396542180403,-0.24718706601543516,0.24718706601543516,0.0
2,392,31.092656095318944,41.75537443296457,-0.06721723247031797,0.06721723247031797,0.0
2,393,31.089132152516186,41.75889837576739,-0.0032616235862938936,0.0032616235862938936,0.0
2,394,31.085821995943434,41.76220853234014,-0.06294150786962405,0.06294150786962405,0.0
2,395,31.071965940865766,41.77606458741781,-0.2141795936847899,0.2141795936847899,0.0
2,396,31.04361411258344,41.80441641570013,-0.352856971962062,0.352856971962062,0.0
2,397,30.996681880496567,41.851348647787006,-0.5857876697764581,0.5857876697764581,0.0
2,398,30.931668038940074,41.9163624893435,-0.7144891613545781,0.7144891613545781,0.0
2,399,30.897243058754952,41.950787469528564,0.02598955765230926,-0.02598955765230926,-5.0
2,400,30.91295777754283,41.93507275074063,0.28830481810629394,-0.28830481810629394,0.0
2,401,30.950136793249385,41.897893735034074,0.4552754960246954,-0.4552754960246954,0.0
2,402,31.00578342586732,41.84224710241614,0.6576571563342863,-0.6576571563342863,0.0
2,403,31.08057834596093,41.76745218232253,0.8382412455376453,-0.8382412455376453,0.0
2,404,31.150778411994338,41.69725211628912,0.5657600751307061,-0.5657600751307061,0.0
2,405,31.20884119892935,41.63918932935417,0.5954956635691051,-0.5954956635691051,0.0
2,406,31.26507343115418,41.58295709712934,0.5291489809265748,-0.5291489809265748,0.0
2,407,31.30679830680276,41.541232221480755,0.30534853204621015,-0.30534853204621015,0.0
2,408,31.341891253323638,41.50613927495988,0.39651039837028,-0.39651039837028,0.0
2,409,31.37746549662313,41.470565031660385,0.3149744676203543,-0.3149744676203543,0.0
2,410,31.41333507097613,41.434695457307384,0.40241701943872954,-0.40241701943872954,0.0
2,411,31.46309194665878,41.38493858162474,0.5927204942136477,-0.5927204942136477,0.0
2,412,31.534051343950296,41.31397918433322,0.8264674516165549,-0.8264674516165549,0.0
2,413,31.614835853815862,41.233194674467654,0.7892227456942535,-0.7892227456942535,0.0
2,414,31.689138665226324,41.15889186305719,0.6968334825150677,-0.6968334825150677,0.0
2,415,31.750235639860648,41.09779488842287,0.5251060101717666,-0.5251060101717666,0.0
2,416,31.79066164135918,41.05736888692434,0.28341401979985115,-0.28341401979985115,0.0
2,417,31.812702132398385,41.03532839588513,0.15739580098479422,-0.15739580098479422,0.0
2,418,31.83400746416578,41.01402306411774,0.26871083436227217,-0.26871083436227217,0.0
2,419,31.85105982281766,40.996970705465856,0.07233633867504352,-0.07233633867504352,0.0
2,420,31.850851957825398,40.99717857045812,-0.0764936385211552,0.0764936385211552,0.0
2,421,31.853952148945382,40.994078379338134,0.13849746091993254,-0.13849746091993254,0.0
2,422,31.858449227731512,40.989581300552004,-0.04855588519771992,0.04855588519771992,0.0
2,423,31.86257894257244,40.985451585711075,0.13115018201535733,-0.13115018201535733,0.0
2,424,31.887479329000485,40.96055119928303,0.3668575465466084,-0.3668575465466084,0.0
2,425,31.930896988007134,40.91713354027638,0.5014956335868934,-0.5014956335868934,0.0
2,426,31.96645035890947,40.88158016937405,0.2095717844609677,-0.2095717844609677,0.0
2,427,31.989228085937498,40.85880244234602,0.24598275610027365,-0.24598275610027365,0.0
2,428,32.00277839860462,40.8452521296789,0.025023497242358417,-0.025023497242358417,0.0
2,429,32.0143142314904,40.83371629679311,0.20569316047348352,-0.20569316047348352,0.0
2,430,32.036190717530076,40.81183981075344,0.23183656031963018,-0.23183656031963018,0.0
2,431,32.06854057549333,40.779489952790186,0.41516059894496493,-0.41516059894496493,0.0
2,432,32.11176759371472,40.7362629345688,0.4493797654830729,-0.4493797654830729,0.0
2,433,32.167942254634795,40.68008827364872,0.6741134529194461,-0.6741134529194461,0.0
2,434,32.24742157732487,40.600608950958645,0.915473000881228,-0.915473000881228,0.0
2,435,32.32517112904168,40.52285939924184,0.6395180334549391,-0.6395180334549391,0.0
2,436,32.39637228157062,40.451658246712896,0.784505017124193,-0.784505017124193,0.0
2,437,32.46159317929869,40.38643734898483,0.5199129374368816,-0.5199129374368816,0.0
2,438,32.50208584216148,40.34594468612204,0.28994031981846113,-0.28994031981846113,0.0
2,439,32.52098857525141,40.32704195303211,0.08811434198111989,-0.08811434198111989,0.0
2,440,32.54297359198608,40.30505693629743,0.35158599271249,-0.35158599271249,0.0
2,441,32.5873151066653,40.260715421618215,0.5352443008727299,-0.5352443008727299,0.0
2,442,32.63990854504277,40.208121983240744,0.5166244666771256,-0.5166244666771256,0.0
2,443,32.69617446703296,40.151856061250555,0.6086939731258383,-0.6086939731258383,0.0
2,444,32.742444041412,40.105586486871516,0.31669751445453187,-0.31669751445453187,0.0
2,445,32.78196407234964,40.06606645593388,0.4737031042990463,-0.4737031042990463,0.0
2,446,32.835991138749705,40.01203938953381,0.6068382237025407,-0.6068382237025407,0.0
2,447,32.899829248886704,39.94820127939681,0.6699239790365539,-0.6699239790365539,0.0
2,448,32.95269183683115,39.895338691452366,0.3873277798517165,-0.3873277798517165,0.0
2,449,32.99607987938987,39.85195064889365,0.48043307132270563,-0.48043307132270563,0.0
2,450,33.03538340085356,39.812647127429955,0.3056373579514684,-0.3056373579514684,0.0
2,451,33.054494089925925,39.79353643835759,0.07657642349686533,-0.07657642349686533,0.0
2,452,33.07287863449221,39.7751518937913,0.29111446782933825,-0.29111446782933825,0.0
2,453,33.11364686094066,39.734383667342854,0.5242500611391723,-0.5242500611391723,0.0
2,454,33.17797545450924,39.67005507377428,0.7623218102325957,-0.7623218102325957,0.0
2,455,33.25793448994796,39.59009603833556,0.8368588985423546,-0.8368588985423546,0.0
2,456,33.34867907021089,39.499351458072624,0.9780327067164087,-0.9780327067164087,0.0
2,457,33.434553116347615,39.4134774119359,0.7394482160178057,-0.7394482160178057,0.0
2,458,33.49651725879767,39.35151326948585,0.49983463298242015,-0.49983463298242015,0.0
2,459,33.532950787846175,39.31507974043734,0.22883594798700635,-0.22883594798700635,0.0
2,460,33.54107222254902,39.3069583057345,-0.0664072539300058,0.0664072539300058,0.0
2,461,33.545009523631734,39.30302100465178,0.14515327558456548,-0.14515327558456548,0.0
2,462,33.56425473388538,39.28377579439814,0.23975092948840526,-0.23975092948840526,0.0
2,463,33.60056413827385,39.24746639000966,0.48643715828013256,-0.48643715828013256,0.0
2,464,33.636947128946645,39.21108339933687,0.241222655176772,-0.241222655176772,0.0
2,465,33.64618177417606,39.20184875410746,-0.056529750588270034,0.056529750588270034,0.0
2,466,33.63566136889506,39.21236915938846,-0.15387835503053537,0.15387835503053537,0.0
2,467,33.634491543881836,39.21353898440168,0.13048185476580798,-0.13048185476580798,0.0
2,468,33.63740264944795,39.21062787883557,-0.07225974344239106,0.07225974344239106,0.0
2,469,33.61768538456636,39.23034514371716,-0.3220855541891776,0.3220855541891776,0.0
2,470,33.59532400321348,39.25270652507004,-0.1251420728681225,0.1251420728681225,0.0
2,471,33.58090924396379,39.26712128431973,-0.1631531121266665,0.1631531121266665,0.0
2,472,33.576824520004834,39.27120600827868,0.08145863294656586,-0.08145863294656586,0.0
2,473,33.59072134331643,39.257309184967085,0.1964778332845878,-0.1964778332845878,0.0
2,474,33.62273452097452,39.225296007309,0.44378571987662774,-0.44378571987662774,0.0
2,475,33.65251245071181,39.195518077571705,0.15177287486837265,-0.15177287486837265,0.0
2,476,33.65958339947906,39.188447128804455,-0.010353899522497656,0.010353899522497656,0.0
2,477,33.64498276355994,39.20304776472358,-0.28165881885893107,0.28165881885893107,0.0
2,478,33.61259135520163,39.235439173081886,-0.3661693483076398,0.3661693483076398,0.0
2,479,33.56376669933081,39.2842638289527,-0.6103237691079322,0.6103237691079322,0.0
2,480,33.505236327615194,39.34279420066832,-0.5602836652052439,0.5602836652052439,0.0
2,481,33.46270095973114,39.38532956855238,-0.2904236924753363,0.2904236924753363,0.0
2,482,33.44716675751613,39.40086377076739,-0.0202603518237936,0.0202603518237936,0.0
2,483,33.43486802922075,39.413162499062764,-0.22571421408482806,0.22571421408482806,0.0
2,484,33.41374088308521,39.434289645198305,-0.1968287086269651,0.1968287086269651,0.0
2,485,33.379691178863936,39.46833934941958,-0.4841653757978577,0.4841653757978577,0.0
2,486,33.33343189944935,39.514598628834165,-0.4410202124926741,0.4410202124926741,0.0
2,487,33.283358003797844,39.56467252448567,-0.5604577005374622,0.5604577005374622,0.0
2,488,33.217334423835155,39.63069610444836,-0.760013898716279,0.760013898716279,0.0
2,489,33.14570013529817,39.702330392985345,-0.6726718720240346,0.6726718720240346,0.0
2,490,33.0757555012417,39.772275027041815,-0.7262208091046976,0.7262208091046976,0.0
2,491,33.00227116321582,39.84575936506769,-0.7434659514136701,0.7434659514136701,0.0
2,492,32.927146665237615,39.9208838630459,-0.7590240081495718,0.7590240081495718,0.0
2,493,32.85724640729791,39.99078412098561,-0.63898115064457,0.63898115064457,0.0
2,494,32.79693299134772,40.0510975369358,-0.5672871683584138,0.5672871683584138,0.0
2,495,32.752279102195416,40.0957514260881,-0.3257906146866656,0.3257906146866656,0.0
2,496,32.721006786516796,40.12702374176672,-0.2996556988851822,0.2996556988851822,0.0
2,497,32.68399866424613,40.16403186403738,-0.440506746528321,0.440506746528321,0.0
2,498,32.6370261342845,40.21100439399902,-0.498943852704107,0.498943852704107,0.0
2,499,32.591837633261775,40.25619289502174,-0.4048261677498868,0.4048261677498868,0.0
2,500,32.5379422783808,40.31008824990272,-0.6730809298690748,0.6730809298690748,0.0
2,501,32.48535206720851,40.36267846107501,-0.378723293577659,0.378723293577659,0.0
2,502,32.45003837500519,40.397992153278324,-0.32755055048884607,0.32755055048884607,0.0
2,503,32.405504384568076,40.44252614371544,-0.5631292582545093,0.5631292582545093,0.0
2,504,32.35897843407406,40.489052094209455,-0.3673897516266411,0.3673897516266411,0.0
2,505,32.3258017434805,40.52222878480302,-0.2961440602456751,0.2961440602456751,0.0
2,506,32.309058427019295,40.53897210126422,-0.038722268978355956,0.038722268978355956,0.0
2,507,32.304552054576675,40.54347847370684,-0.0514051798730506,0.0514051798730506,0.0
2,508,32.31151387101727,40.53651665726625,0.19064150868525864,-0.19064150868525864,0.0
2,509,32.33148481728324,40.516545711000276,0.20877741663478133,-0.20877741663478133,0.0
2,510,32.35550539757958,40.49252513070394,0.2716341892922429,-0.2716341892922429,0.0
2,511,32.3725237488261,40.47550677945742,0.0687328356378103,-0.0687328356378103,0.0
2,512,32.39304869955811,40.45498182872541,0.3417661790029083,-0.3417661790029083,0.0
2,513,32.41381046866218,40.43422005962134,0.07346920307901605,-0.07346920307901605,0.0
2,514,32.41448038595456,40.433550142328954,-0.06007085723198102,0.06007085723198102,0.0
2,515,32.40569531180279,40.44233521648073,-0.11563062580354533,0.11563062580354533,0.0
2,516,32.38914424655445,40.458886281729065,-0.21539067916380006,0.21539067916380006,0.0
2,517,32.37964727654912,40.468383251734394,0.025451279056161624,-0.025451279056161624,0.0
2,518,32.38624993840335,40.46178058988016,0.10660195802919503,-0.10660195802919503,0.0
2,519,32.39539339914836,40.452637129135155,0.07626725687176261,-0.07626725687176261,0.0
2,520,32.40128402107052,40.44674650721299,0.04154518157119469,-0.04154518157119469,0.0
2,521,32.403829456534254,40.44420107174926,0.009363527703653673,-0.009363527703653673,0.0
2,522,32.394400539501135,40.45362998878238,-0.1979418683665397,0.1979418683665397,0.0
2,523,32.383325420721576,40.46470510756194,-0.023560507224194893,0.023560507224194893,0.0
2,524,32.37872604560664,40.469304482676876,-0.06842699507368089,0.06842699507368089,0.0
2,525,32.37361923841229,40.47441128987123,-0.03370914881273812,0.03370914881273812,0.0
2,526,32.38168156525262,40.466348963030896,0.19495568561885612,-0.19495568561885612,0.0
2,527,32.392133327049805,40.45589720123371,0.0140795503257376,-0.0140795503257376,0.0
2,528,32.391319854318,40.45671067396552,-0.030349004961255588,0.030349004961255588,0.0
2,529,32.40323168207556,40.44479884620796,0.26858556011186074,-0.26858556011186074,0.0
2,530,32.442427004821866,40.40560352346165,0.5153208948136125,-0.5153208948136125,0.0
2,531,32.48936355151545,40.35866697676806,0.4234100390588864,-0.4234100390588864,0.0
2,532,32.54648354694007,40.30154698134345,0.7189898694343455,-0.7189898694343455,0.0
2,533,32.621733420706505,40.22629710757701,0.7860076058935501,-0.7860076058935501,0.0
2,534,32.707440694057254,40.14058983422626,0.9281378611218187,-0.9281378611218187,0.0
2,535,32.786574341398705,40.06145618688481,0.6545350857076002,-0.6545350857076002,0.0
2,536,32.84112370784578,40.006906820437734,0.4364522432328659,-0.4364522432328659,0.0
2,537,32.89299074566395,39.955039782619565,0.6008885131295649,-0.6008885131295649,0.0
2,538,32.939287706974596,39.90874282130892,0.3250507130823319,-0.3250507130823319,0.0
2,539,32.98629095412798,39.861739574155536,0.6150142299846735,-0.6150142299846735,0.0
2,540,33.03309125879389,39.81493926948963,0.3209918633329316,-0.3209918633329316,0.0
2,541,33.07911947328125,39.76891105500226,0.5995724264151683,-0.5995724264151683,0.0
2,542,33.13292606301559,39.71510446526793,0.4765593682708822,-0.4765593682708822,0.0
2,543,33.18736842711269,39.66066210117083,0.6122879136719348,-0.6122879136719348,0.0
2,544,33.235461746866804,39.61256878141671,0.34957848141116976,-0.34957848141116976,0.0
2,545,33.274942960892986,39.57308756739053,0.44004579911354647,-0.44004579911354647,0.0
2,546,33.32104125358944,39.526989274694074,0.4819200548150686,-0.4819200548150686,0.0
2,547,33.36453357875109,39.48349694953242,0.387926448418888,-0.387926448418888,0.0
2,548,33.39333363837898,39.45469688990454,0.18807474413865144,-0.18807474413865144,0.0
2,549,33.419188388593625,39.42884213968989,0.32902026015524655,-0.32902026015524655,0.0
2,550,33.45386361318833,39.394166915095184,0.36448423173978206,-0.36448423173978206,0.0
2,551,33.48290172050076,39.36512880778275,0.21627791450872813,-0.21627791450872813,0.0
2,552,33.498165623147315,39.3498649051362,0.08900013842267995,-0.08900013842267995,0.0
2,553,33.511243854483155,39.33678667380036,0.17256448829405002,-0.17256448829405002,0.0
2,554,33.54277996672852,39.305250561555,0.45815775661279545,-0.45815775661279545,0.0
2,555,33.59331393439004,39.25471659389348,0.552521596618142,-0.552521596618142,0.0
2,556,33.65636787805283,39.19166265023068,0.7085572766367161,-0.7085572766367161,0.0
2,557,33.720659692989784,39.12737083529373,0.5772790221015871,-0.5772790221015871,0.0
2,558,33.787785477564285,39.06024505071923,0.7652366693891661,-0.7652366693891661,0.0
2,559,33.863487586716246,38.98454294156727,0.7488055136510834,-0.7488055136510834,0.0
2,560,33.930691804932394,38.91733872335112,0.5952788506729192,-0.5952788506729192,0.0
2,561,33.98248638206337,38.865544146220145,0.44061269194586394,-0.44061269194586394,0.0
2,562,34.024163336351194,38.82386719193232,0.39292639380998295,-0.39292639380998295,0.0
2,563,34.07077064372015,38.777259884563364,0.5392197535696788,-0.5392197535696788,0.0
2,564,34.120714727181394,38.72731580110212,0.459661915654344,-0.459661915654344,0.0
2,565,34.17863521402887,38.66939531425464,0.6987478212963083,-0.6987478212963083,0.0
2,566,34.23959490529717,38.60843562298635,0.5204460040694965,-0.5204460040694965,0.0
2,567,34.284690610227244,38.56333991805627,0.3814680945315789,-0.3814680945315789,0.0
2,568,34.33572986237209,38.512300665911425,0.6393169483649679,-0.6393169483649679,0.0
2,569,34.393765625090055,38.45426490319346,0.5213983059952181,-0.5213983059952181,0.0
2,570,34.46029302010413,38.387737508179384,0.8091495942855609,-0.8091495942855609,0.0
2,571,34.52989252830082,38.318137999982696,0.582840569647189,-0.582840569647189,0.0
2,572,34.58065098036877,38.26737954791474,0.4323284717122231,-0.4323284717122231,0.0
2,573,34.63018248188962,38.2178480463939,0.5583015587051605,-0.5583015587051605,0.0
2,574,34.69419669562103,38.153833832662485,0.7219827159239447,-0.7219827159239447,0.0
2,575,34.7571276185364,38.090902909747115,0.5366357423830888,-0.5366357423830888,0.0
2,576,34.816218875979416,38.0318116523041,0.645189406477483,-0.645189406477483,0.0
2,577,34.89171635154901,37.95631417673451,0.8647601049145806,-0.8647601049145806,0.0
2,578,34.97188703298161,37.8761434953019,0.7386535237382628,-0.7386535237382628,0.0
2,579,35.044609397612135,37.80342113067138,0.7157937688720217,-0.7157937688720217,0.0
2,580,35.12219431311439,37.725836215169124,0.8359045411721482,-0.8359045411721482,0.0
2,581,35.21368404623138,37.63434648205214,0.9938901211685334,-0.9938901211685334,0.0
2,582,35.30293481925173,37.545095709031784,0.7911253392385795,-0.7911253392385795,0.0
2,583,35.37558222746577,37.472448300817746,0.6618228250411917,-0.6618228250411917,0.0
2,584,35.43550626148078,37.412524266802734,0.5366578552595254,-0.5366578552595254,0.0
2,585,35.48660651953662,37.361424008746894,0.48534730585708274,-0.48534730585708274,0.0
2,586,35.54177126476907,37.30625926351445,0.6179475987915612,-0.6179475987915612,0.0
2,587,35.60455419761979,37.243476330663725,0.637711058222882,-0.637711058222882,0.0
2,588,35.679529097751924,37.16850143053159,0.8617869444198227,-0.8617869444198227,0.0
2,589,35.760519941814664,37.08751058646885,0.7580299368346832,-0.7580299368346832,0.0
2,590,35.84321008498421,37.00482044329931,0.8957729265554146,-0.8957729265554146,0.0
2,591,35.94192708101923,36.906103447264286,1.0785669941449179,-1.0785669941449179,0.0
2,592,36.03577882130355,36.812251706979964,0.7984678115408315,-0.7984678115408315,0.0
2,593,36.11961328304062,36.728417245242895,0.8782214232014116,-0.8782214232014116,0.0
2,594,36.21018209762917,36.637848430654344,0.9331548685685895,-0.9331548685685895,0.0
2,595,36.293396340365916,36.5546341879176,0.7311299861659553,-0.7311299861659553,0.0
2,596,36.35833621181075,36.489694316472765,0.567667442730297,-0.567667442730297,0.0
2,597,36.41728318126263,36.43074734702088,0.6112719463070242,-0.6112719463070242,0.0
2,598,36.47723472178791,36.37079580649561,0.5877588641992268,-0.5877588641992268,0.0
2,599,36.54539134792185,36.302639180361666,0.7753736584788946,-0.7753736584788946,0.0
2,600,36.62622165553205,36.22180887275147,0.8412324937248439,-0.8412324937248439,0.0
2,601,36.69787575048531,36.15015477779821,0.5918494053406782,-0.5918494053406782,0.0
2,602,36.76891259172908,36.07911793655444,0.8288874195347482,-0.8288874195347482,0.0
2,603,36.85981879345104,35.988211734832475,0.9892366149044278,-0.9892366149044278,0.0
2,604,36.95559962183495,35.89243090644857,0.9263799527746635,-0.9263799527746635,0.0
2,605,37.04642067355189,35.80160985473162,0.890041081563977,-0.890041081563977,0.0
2,606,37.149716624842426,35.69831390344109,1.175877944246178,-1.175877944246178,0.0
2,607,37.26837680932056,35.57965371896296,1.1973257453163253,-1.1973257453163253,0.0
2,608,37.40062132276046,35.44740920552306,1.4475645234807324,-1.4475645234807324,0.0
2,609,37.56030547390401,35.28772505437951,1.7461184993899543,-1.7461184993899543,0.0
2,610,37.72018479588667,35.12784573239685,1.4514679402642567,-1.4514679402642567,0.0
2,611,37.872261719558765,34.97576880872475,1.5900705331781193,-1.5900705331781193,0.0
2,612,38.02384821114617,34.82418231713734,1.4416592985691956,-1.4416592985691956,0.0
2,613,38.180600392506676,34.66743013577684,1.6933843286399153,-1.6933843286399153,0.0
2,614,38.336185656721455,34.51184487156206,1.4183209556564105,-1.4183209556564105,0.0
2,615,38.480793071174276,34.36723745710924,1.4738273334005836,-1.4738273334005836,0.0
2,616,38.640159317191774,34.20787121109174,1.7134975869505418,-1.7134975869505418,0.0
2,617,38.82389339320298,34.02413713508054,1.961183933272876,-1.961183933272876,0.0
2,618,39.02260130753598,33.82542922074754,2.012974353386431,-2.012974353386431,0.0
2,619,39.235294604249134,33.61273592403438,2.2408915808773173,-2.2408915808773173,0.0
2,620,39.469423684585195,33.37860684369832,2.4416900258440606,-2.4416900258440606,0.0
2,621,39.7178441875443,33.130186340739215,2.5267200333380337,-2.5267200333380337,0.0
2,622,39.98233183095897,32.86569869732455,2.7630328349543003,-2.7630328349543003,0.0
2,623,40.24415586108569,32.60387466719783,2.47344776758084,-2.47344776758084,0.0
2,624,40.4658454895814,32.38218503870212,1.9603448023324113,-1.9603448023324113,3.0
2,625,40.66879066982244,32.179239858461074,2.098558802489041,-2.098558802489041,0.0
2,626,40.85628642476945,31.991744103514066,1.6513562964505688,-1.6513562964505688,3.0
2,627,41.00631654406743,31.841713984216085,1.3492460895106326,-1.3492460895106326,3.0
2,628,41.13243217947297,31.715598348810545,1.1730666186010374,-1.1730666186010374,0.0
2,629,41.263698084066164,31.584332444217353,1.452251473263452,-1.452251473263452,0.0
2,630,41.39995007519951,31.448080453084003,1.272788349404399,-1.272788349404399,3.0
2,631,41.52220511671635,31.325825411567166,1.1723124809325807,-1.1723124809325807,3.0
2,632,41.6150818115309,31.232948716752617,0.685221415358189,-0.685221415358189,3.0
2,633,41.67445877657667,31.173571751706845,0.5023178855590746,-0.5023178855590746,3.0
2,634,41.72154893744903,31.126481590834487,0.43948533188963346,-0.43948533188963346,0.0
2,635,41.77987384996288,31.068156678320634,0.727012918389212,-0.727012918389212,0.0
2,636,41.866131171875395,30.98189935640812,0.9981335198628507,-0.9981335198628507,0.0
2,637,41.95501539958718,30.893015128696334,0.779551034374375,-0.779551034374375,3.0
2,638,42.00390629711069,30.844124231172827,0.19826691609584302,-0.19826691609584302,3.0
2,639,42.01174554974921,30.83628497853431,-0.04148186332525583,0.04148186332525583,3.0
2,640,42.0134016822268,30.834628846056717,0.0746045128756645,-0.0746045128756645,0.0
2,641,42.024411367688685,30.82361916059483,0.1455891963611453,-0.1455891963611453,0.0
2,642,42.04971588624619,30.798314642037326,0.3605011747889062,-0.3605011747889062,0.0
2,643,42.077782843790374,30.770247684493143,0.2008379760929433,-0.2008379760929433,0.0
2,644,42.10551867172137,30.742511856562146,0.3538785825265638,-0.3538785825265638,0.0
2,645,42.12357166771881,30.72445886056471,0.007181337423578071,-0.007181337423578071,3.0
2,646,42.12309175186738,30.72493877641614,-0.016779654450164827,0.016779654450164827,0.0
2,647,42.118387069484925,30.72964345879859,-0.07731399319703769,0.07731399319703769,0.0
2,648,42.1020714563025,30.74595907198102,-0.24899827045113554,0.24899827045113554,0.0
2,649,42.08459182924241,30.763438699041103,-0.10059427075078631,0.10059427075078631,0.0
2,650,42.08598205881401,30.762048469469505,0.12839886218341512,-0.12839886218341512,0.0
2,651,42.09005571435773,30.757974813925784,-0.04692575130830612,0.04692575130830612,0.0
2,652,42.088784745017165,30.75924578326635,0.0215063644976059,-0.0215063644976059,0.0
2,653,42.091966887497506,30.75606364078601,0.042136485109224964,-0.042136485109224964,0.0
2,654,42.09002818058241,30.758002347701108,-0.0809106234100252,0.0809106234100252,0.0
2,655,42.091544316555655,30.75648621172786,0.11123334287486131,-0.11123334287486131,0.0
2,656,42.11722828597692,30.730802242306595,0.40244604555035934,-0.40244604555035934,0.0
2,657,42.161596500611836,30.68643402767168,0.48491824714846743,-0.48491824714846743,0.0
2,658,42.205114381799035,30.64291614648448,0.3854393765958122,-0.3854393765958122,3.0
2,659,42.215407772163076,30.63262275612044,-0.17957156931598917,0.17957156931598917,3.0
2,660,42.20740130569777,30.640629222585744,0.019442240008743283,-0.019442240008743283,0.0
2,661,42.22083392149875,30.627196606784764,0.2492100760113125,-0.2492100760113125,0.0
2,662,42.22797805822654,30.620052470056976,-0.10632734145572442,0.10632734145572442,3.0
2,663,42.20719735977707,30.640833168506447,-0.3092866275338899,0.3092866275338899,0.0
2,664,42.16275223087939,30.685278297404125,-0.5796159504196225,0.5796159504196225,0.0
2,665,42.10662571410546,30.741404814178054,-0.5429143850604383,0.5429143850604383,0.0
2,666,42.0632503884068,30.784780139876716,-0.32459212891264144,0.32459212891264144,0.0
2,667,42.01953472602804,30.828495802255475,-0.5497211186640065,0.5497211186640065,0.0
2,668,41.968043427311386,30.87998710097213,-0.48010485566977934,0.48010485566977934,0.0
2,669,41.925593141854506,30.92243738642901,-0.3689008534687197,0.3689008534687197,0.0
2,670,41.89614912460354,30.951881403679977,-0.21997949155209895,0.21997949155209895,0.0
2,671,41.879391449974264,30.968639078309252,-0.11517400103393882,0.11517400103393882,0.0
2,672,41.88184380674329,30.966186721540225,0.1642211364139996,-0.1642211364139996,0.0
2,673,41.883888529137494,30.964141999146022,-0.12332668853149187,0.12332668853149187,0.0
2,674,41.88571203761296,30.962318490670555,0.15979685804103738,-0.15979685804103738,0.0
2,675,41.90245529073479,30.945575237548724,0.17506820439563597,-0.17506820439563597,0.0
2,676,41.933976239789104,30.914054288494413,0.455350776690004,-0.455350776690004,0.0
2,677,41.982896877255484,30.86513365102803,0.5230619726362846,-0.5230619726362846,0.0
2,678,42.02703792161503,30.820992606668483,0.35975891455324316,-0.35975891455324316,3.0
2,679,42.058726025027795,30.78930450325572,0.2740031537024912,-0.2740031537024912,3.0
2,680,42.09795545487316,30.750075073410358,0.5105854432050521,-0.5105854432050521,0.0
2,681,42.1400398317445,30.707990696539014,0.3311020942211229,-0.3311020942211229,3.0
2,682,42.16687591231937,30.681154615964147,0.2056195172754265,-0.2056195172754265,3.0
2,683,42.16983717417986,30.678193354103655,-0.14639428006563193,0.14639428006563193,3.0
2,684,42.160443351550384,30.687587176733132,-0.04148217252313202,0.04148217252313202,0.0
2,685,42.15477370627218,30.693256822011335,-0.07191073304010231,0.07191073304010231,0.0
2,686,42.15395124341626,30.694079284867257,0.05546147592315265,-0.05546147592315265,0.0
2,687,42.15815747061606,30.689873057667455,0.02866306807480612,-0.02866306807480612,0.0
2,688,42.16467773215311,30.683352796130407,0.10174216266826619,-0.10174216266826619,0.0
2,689,42.17287581297785,30.675154715305666,0.06221945382753802,-0.06221945382753802,0.0
2,690,42.17256212393272,30.675468404350795,-0.06849323472838975,0.06849323472838975,0.0
2,691,42.17148903007467,30.67654149820885,0.047031357569025545,-0.047031357569025545,0.0
2,692,42.16600656350761,30.682023964775908,-0.15668068890807163,0.15668068890807163,0.0
2,693,42.1644750521491,30.683555476134416,0.12605046174000734,-0.12605046174000734,0.0
2,694,42.184875205284925,30.66315532299859,0.28195260097813346,-0.28195260097813346,0.0
2,695,42.18518223298099,30.662848295302524,-0.27581204705613516,0.27581204705613516,3.0
2,696,42.16844473241849,30.679585795865023,-0.0589379641944916,0.0589379641944916,0.0
2,697,42.1773884051471,30.670642123136417,0.2378114187680822,-0.2378114187680822,0.0
2,698,42.2139028811423,30.634127647141213,0.492478101136097,-0.492478101136097,0.0
2,699,42.25030923651559,30.597721291767925,0.23564900633052588,-0.23564900633052588,3.0
2,700,42.257190396794044,30.590840131489472,-0.09802580076104306,0.09802580076104306,3.0
2,701,42.252647744898354,30.595382783385162,0.007172762846977321,-0.007172762846977321,0.0
2,702,42.246341575672545,30.60168895261097,-0.13329614736278828,0.13329614736278828,0.0
2,703,42.235374111729584,30.612656416553932,-0.08605313149754679,0.08605313149754679,0.0
2,704,42.231086348210624,30.616944180072892,0.00029786111708673957,-0.00029786111708673957,0.0
2,705,42.21789833221919,30.630132196064324,-0.26405818094739075,0.26405818094739075,0.0
2,706,42.18343311547494,30.664597412808575,-0.42524615393834253,0.42524615393834253,0.0
2,707,42.137333054537635,30.71069747374588,-0.496755064809399,0.496755064809399,0.0
2,708,42.07639293217085,30.77163759611267,-0.7220473825274709,0.7220473825274709,0.0
2,709,42.00409623597443,30.843934292309086,-0.7238865414024609,0.7238865414024609,0.0
2,710,41.930594868876824,30.917435659406692,-0.746140800550652,0.746140800550652,0.0
2,711,41.846472113516484,31.001558414767032,-0.9363143066559196,0.9363143066559196,0.0
2,712,41.740998498248814,31.107032030034702,-1.1731579986971354,1.1731579986971354,0.0
2,713,41.63739188920033,31.210638639083186,-0.898974182272454,0.898974182272454,0.0
2,714,41.56185304501412,31.286177483269398,-0.6118027014529552,0.6118027014529552,0.0
2,715,41.492646620994265,31.35538390728925,-0.7723257789452518,0.7723257789452518,0.0
2,716,41.40408815587,31.443942372413517,-0.9988435235401383,0.9988435235401383,0.0
2,717,41.29131144316898,31.556719085114537,-1.256690730481047,1.256690730481047,0.0
2,718,41.15627974873428,31.69175077954924,-1.4439431582140543,1.4439431582140543,0.0
2,719,41.00706250520955,31.84096802307397,-1.5404017122810174,1.5404017122810174,0.0
2,720,40.86402016400143,31.98401036428197,-1.3204451118807512,1.3204451118807512,0.0
2,721,40.723634402091534,32.12439612619187,-1.487270126318279,1.487270126318279,0.0
2,722,40.58131553918997,32.266714989093316,-1.3591071317115002,1.3591071317115002,0.0
2,723,40.43251801415579,32.41551251412761,-1.6168433689746422,1.6168433689746422,0.0
2,724,40.27150928404194,32.576521244241576,-1.6033312333041252,1.6033312333041252,0.0
2,725,40.104437512613345,32.74359301567017,-1.7381041952681606,1.7381041952681606,0.0
2,726,39.93069711289422,32.917333415389294,-1.7367037991138332,1.7367037991138332,0.0
2,727,39.748192804424775,33.09983772385863,-1.9133823702742987,1.9133823702742987,0.0
2,728,39.563668432161194,33.28436209612221,-1.7771050749983317,1.7771050749983317,0.0
2,729,39.374932800574356,33.473097727709046,-1.997607556739574,1.997607556739574,0.0
2,730,39.17092467839211,33.677105849891404,-2.0825548869080954,2.0825548869080954,0.0
2,731,38.96362901224154,33.88440151604186,-2.0633584361025683,2.0633584361025683,0.0
2,732,38.753583139164675,34.09444738911873,-2.1375590254364774,2.1375590254364774,0.0
2,733,38.55369383728919,34.29433669099433,-1.8602270120757822,1.8602270120757822,0.0
2,734,38.358649181130204,34.48938134715331,-2.040666111104482,2.040666111104482,0.0
2,735,38.14141074348379,34.706619784799614,-2.304102641822805,2.304102641822805,0.0
2,736,37.89957033942164,34.94846018886176,-2.532705439419896,2.532705439419896,0.0
2,737,37.64763670514492,35.200393823138484,-2.505967246114711,2.505967246114711,0.0
2,738,37.39405260353283,35.45397792475046,-2.5657147861262715,2.5657147861262715,0.0
2,739,37.13335667571096,35.71467385257233,-2.648203770309241,2.648203770309241,0.0
2,740,36.874087848127374,35.9739426801558,-2.537172781358997,2.537172781358997,0.0
2,741,36.6188773401484,36.229153188134774,-2.5670373782194886,2.5670373782194886,0.0
2,742,36.36162618888102,36.48640433940204,-2.5779856471251676,2.5779856471251676,0.0
2,743,36.10646864688897,36.74156188139409,-2.525165192713903,2.525165192713903,0.0
2,744,35.85621740191891,36.99181312636415,-2.479859706686412,2.479859706686412,0.0
2,745,35.60029351644107,37.24773701184199,-2.6386180028677266,2.6386180028677266,0.0
2,746,35.32511095399491,37.52291957428815,-2.865033246053983,2.865033246053983,0.0
2,747,35.04238959000986,37.805640938273086,-2.7893940336434184,2.7893940336434184,0.0
2,748,34.766589154420444,38.08144137386262,-2.726614678145122,2.726614678145122,0.0
2,749,34.49605910410469,38.35197142417826,-2.6839863281660854,2.6839863281660854,0.0
2,750,34.22221085088381,38.625819677399136,-2.792978736250447,2.792978736250447,0.0
2,751,33.93487871903562,38.913151809247324,-2.9536639007111596,2.9536639007111596,0.0
2,752,33.64138124082433,39.20664928745862,-2.9162856635119496,2.9162856635119496,0.0
2,753,33.33734139611943,39.51068913216352,-3.164511230584301,3.164511230584301,0.0
2,754,33.02517191065817,39.822858617624775,-3.078878478639151,3.078878478639151,0.0
2,755,32.73885429728398,40.10917623099897,-2.6474737888439197,2.6474737888439197,-5.0
2,756,32.5094958891591,40.338534639123736,-1.9396943736510046,1.9396943736510046,-5.0
2,757,32.30338637702812,40.544644151254715,-2.1824958689698057,2.1824958689698057,0.0
2,758,32.097161695693785,40.75086883258916,-1.9419977577192213,1.9419977577192213,0.0
2,759,31.917718541018758,40.930311987264076,-1.64686533577758,1.64686533577758,-5.0
2,760,31.76430473060782,41.08372579767513,-1.4214108724453745,1.4214108724453745,-5.0
2,761,31.652092501583866,41.19593802669897,-0.8228337080330146,0.8228337080330146,-5.0
2,762,31.557048666324818,41.29098186195802,-1.0780429971479286,1.0780429971479286,0.0
2,763,31.453981678278296,41.39404885000454,-0.9832967637806131,0.9832967637806131,0.0
2,764,31.353865357111317,41.49416517117152,-1.0190296595582247,1.0190296595582247,0.0
2,765,31.287837543935893,41.56019298434694,-0.30152660394876385,0.30152660394876385,-5.0
2,766,31.247671640953058,41.600358887329776,-0.5017914557082346,0.5017914557082346,0.0
2,767,31.21116924338571,41.63686128489712,-0.22825649564226325,0.22825649564226325,0.0
2,768,31.20153410394005,41.646496424342786,0.03555370672534863,-0.03555370672534863,0.0
2,769,31.213346402427533,41.6346841258553,0.20069226302367937,-0.20069226302367937,0.0
2,770,31.235806992250673,41.61222353603216,0.24851953343896227,-0.24851953343896227,0.0
2,771,31.27496312372614,41.573067404556696,0.5346030960684303,-0.5346030960684303,0.0
2,772,31.3266925662424,41.521337962040434,0.4999857542562651,-0.4999857542562651,0.0
2,773,31.362397868846756,41.48563265943608,0.21412029782907638,-0.21412029782907638,0.0
2,774,31.3715222260239,41.476508302258935,-0.03163315428697544,0.03163315428697544,0.0
2,775,31.36393649624779,41.484094032035046,-0.1200814412368949,0.1200814412368949,0.0
2,776,31.362197387966035,41.4858331403168,0.08529927559979811,-0.08529927559979811,0.0
2,777,31.37362491902809,41.474405609254745,0.1432513456386495,-0.1432513456386495,0.0
2,778,31.397007694921513,41.45102283336132,0.3244041722291975,-0.3244041722291975,0.0
2,779,31.425134761255322,41.42289576702751,0.23813715444697436,-0.23813715444697436,0.0
2,780,31.437144504096523,41.41088602418631,0.0020577023730865562,-0.0020577023730865562,0.0
2,781,31.429321287046378,41.418709241236456,-0.15852204337761222,0.15852204337761222,0.0
2,782,31.40330639572062,41.444724132562214,-0.3617757831391142,0.3617757831391142,0.0
2,783,31.367323951351636,41.4807065769312,-0.3578731042410155,0.3578731042410155,0.0
2,784,31.34187908904846,41.50615143923437,-0.15102414182396728,0.15102414182396728,0.0
2,785,31.318089899381675,41.52994062890116,-0.32475965151542674,0.32475965151542674,0.0
2,786,31.297776480886796,41.55025404739604,-0.08150871838562423,0.08150871838562423,0.0
2,787,31.299733748586732,41.5482967796961,0.12065407238137738,-0.12065407238137738,0.0
2,788,31.305530424088374,41.54250010419446,-0.004720562349262991,0.004720562349262991,0.0
2,789,31.311500115891704,41.53653041239113,0.12411439841567429,-0.12411439841567429,0.0
2,790,31.330023909868487,41.51800661841435,0.24636148111720146,-0.24636148111720146,0.0
2,791,31.346953754464266,41.50107677381857,0.09223541079514064,-0.09223541079514064,0.0
2,792,31.366090352406673,41.48194017587616,0.29049654805165304,-0.29049654805165304,0.0
2,793,31.400964042720034,41.4470664855628,0.40697725821328845,-0.40697725821328845,0.0
2,794,31.44471140568021,41.403319122602625,0.46797000098949937,-0.46797000098949937,0.0
2,795,31.485825256747603,41.36220527153523,0.3543070203561882,-0.3543070203561882,0.0
2,796,31.530797835993553,41.31723269228928,0.5451445645621575,-0.5451445645621575,0.0
2,797,31.578415471670496,41.26961505661234,0.40720814897285607,-0.40720814897285607,0.0
2,798,31.627171038019696,41.22085949026314,0.5679031780081765,-0.5679031780081765,0.0
2,799,31.681126258525865,41.16690426975697,0.51120123211372,-0.51120123211372,0.0
2,800,31.721657220949965,41.12637330733287,0.2994180163640756,-0.2994180163640756,0.0
2,801,31.745972535169813,41.10205799311302,0.1868882680318933,-0.1868882680318933,0.0
2,802,31.778464664228295,41.06956586405454,0.4629543131349365,-0.4629543131349365,0.0
2,803,31.81101846129718,41.03701206698565,0.18812162824190537,-0.18812162824190537,0.0
2,804,31.83121739137414,41.016813136908695,0.21585697329634002,-0.21585697329634002,0.0
2,805,31.83949400038432,41.008536527898514,-0.05032479309597804,0.05032479309597804,0.0
2,806,31.822042558985913,41.02598796929692,-0.2987040348728769,0.2987040348728769,0.0
2,807,31.794426439210838,41.053604089071996,-0.2536183606308491,0.2536183606308491,0.0
2,808,31.77607128745899,41.071959240823844,-0.1134846744086282,0.1134846744086282,0.0
2,809,31.76060109452851,41.08742943375432,-0.19591918420120713,0.19591918420120713,0.0
2,810,31.746923120908377,41.10110740737446,-0.07764028820410829,0.07764028820410829,0.0
2,811,31.743374288311998,41.104656239970836,0.006663636275686002,-0.006663636275686002,0.0
2,812,31.733646443631187,41.11438408465165,-0.20122052989278316,0.20122052989278316,0.0
2,813,31.706083969152587,41.14194655913025,-0.3500289596826196,0.3500289596826196,0.0
2,814,31.683113888148,41.164916640134834,-0.10937266041186433,0.10937266041186433,0.0
2,815,31.678850578401352,41.16917994988148,0.024106465476272376,-0.024106465476272376,0.0
2,816,31.666274747713715,41.18175578056912,-0.27562307923164653,0.27562307923164653,0.0
2,817,31.636452246759518,41.211578281523316,-0.32082693985575617,0.32082693985575617,0.0
2,818,31.590125487274463,41.25790504100837,-0.6057082498479343,0.6057082498479343,0.0
2,819,31.537998406850193,41.31003212143264,-0.43683335863828,0.43683335863828,0.0
2,820,31.489439604117024,41.35859092416581,-0.5343426960250994,0.5343426960250994,0.0
2,821,31.448357242354632,41.3996732859282,-0.28730453922495514,0.28730453922495514,0.0
2,822,31.425033187016425,41.42299734126641,-0.17917656754187838,0.17917656754187838,0.0
2,823,31.40958478019229,41.438445748090544,-0.12979156894076205,0.12979156894076205,0.0
2,824,31.38498517482094,41.463045353461894,-0.36220053848812306,0.36220053848812306,0.0
2,825,31.344406090697476,41.50362443758536,-0.44938114398141416,0.44938114398141416,0.0
2,826,31.291542233610926,41.55648829467191,-0.6078959977525713,0.6078959977525713,0.0
2,827,31.22067313954335,41.62735738873948,-0.809485883603033,0.809485883603033,0.0
2,828,31.14847658712165,41.699553941161184,-0.6344451648327052,0.6344451648327052,0.0
2,829,31.100531438962662,41.74749908932017,-0.3244577983473409,0.3244577983473409,-5.0
2,830,31.077842516590636,41.7701880116922,-0.1293206490957477,0.1293206490957477,0.0
2,831,31.07207398319929,41.775956545083545,0.013949981269842482,-0.013949981269842482,0.0
2,832,31.067752162290162,41.78027836599267,-0.10038639945305938,0.10038639945305938,0.0
2,833,31.060766474243792,41.78726405403904,-0.03932736147592664,0.03932736147592664,0.0
2,834,31.06401620968404,41.78401431859879,0.10432207028076057,-0.10432207028076057,0.0
2,835,31.08640075200219,41.76162977628064,0.34336877608300576,-0.34336877608300576,0.0
2,836,31.127540538583162,41.72048998969967,0.4794269555364217,-0.4794269555364217,0.0
2,837,31.16216590836234,41.685864619920494,0.21308044004563875,-0.21308044004563875,0.0
2,838,31.17571754731921,41.672312980963625,0.05795233909237574,-0.05795233909237574,0.0
2,839,31.18062495936192,41.66740556892091,0.04019590176237742,-0.04019590176237742,0.0
2,840,31.191399645307456,41.65663088297538,0.1752978171488202,-0.1752978171488202,0.0
2,841,31.203173281566706,41.64485724671613,0.06017490803516523,-0.06017490803516523,0.0
2,842,31.22322518838064,41.624805339902196,0.34086322824359705,-0.34086322824359705,0.0
2,843,31.244500559298558,41.603529968984276,0.08464419011328594,-0.08464419011328594,0.0
2,844,31.254540320523347,41.59349020775949,0.11615103438145091,-0.11615103438145091,0.0
2,845,31.275334601971508,41.572695926311326,0.2997345945815528,-0.2997345945815528,0.0
2,846,31.319704294853864,41.52832623342897,0.5876592630632658,-0.5876592630632658,0.0
2,847,31.386813172507573,41.46121735577526,0.7545182900088676,-0.7545182900088676,0.0
2,848,31.470564718041032,41.3774658102418,0.9205126206578242,-0.9205126206578242,0.0
2,849,31.558705957492748,41.289324570790086,0.8423121683775179,-0.8423121683775179,0.0
2,850,31.64840380283499,41.19962672544784,0.9516447384658484,-0.9516447384658484,0.0
2,851,31.735470246967907,41.11256028131493,0.7896841441903497,-0.7896841441903497,0.0
2,852,31.81007729399471,41.037953234288125,0.7024567963457677,-0.7024567963457677,0.0
2,853,31.88124406917632,40.966786459106515,0.7208787072857028,-0.7208787072857028,0.0
2,854,31.960739325220857,40.88729120306198,0.8690264136055816,-0.8690264136055816,0.0
2,855,32.050283067640976,40.79774746064186,0.9218484347967824,-0.9218484347967824,0.0
2,856,32.152883460437806,40.69514706784503,1.1301594211399788,-1.1301594211399788,0.0
2,857,32.26854943236094,40.57948109592189,1.1831600173234307,-1.1831600173234307,0.0
2,858,32.37816946809107,40.46986106019176,1.0092406972761623,-1.0092406972761623,0.0
2,859,32.47481102288225,40.373219505400584,0.9235903985456666,-0.9235903985456666,0.0
2,860,32.571431620417115,40.27659890786572,1.008821552151666,-1.008821552151666,0.0
2,861,32.66028583621505,40.18774469206778,0.7682627638037864,-0.7682627638037864,0.0
2,862,32.744081595970556,40.10394893231228,0.9076524313070564,-0.9076524313070564,0.0
2,863,32.82426399998917,40.02376652829366,0.6959956490635157,-0.6959956490635157,0.0
2,864,32.88954071362559,39.95848981465724,0.6095386236622851,-0.6095386236622851,0.0
2,865,32.96073736026551,39.88729316801732,0.8143943091349435,-0.8143943091349435,0.0
2,866,33.03688536523623,39.811145163046604,0.7085657902789251,-0.7085657902789251,0.0
2,867,33.09979301654221,39.748237511740626,0.5495872358388674,-0.5495872358388674,0.0
2,868,33.16139216729107,39.686638360991765,0.6823957791371811,-0.6823957791371811,0.0
2,869,33.21475917825728,39.63327135002555,0.3849444401869775,-0.3849444401869775,0.0
2,870,33.23843909560583,39.60959143267701,0.08865390678335494,-0.08865390678335494,0.0
2,871,33.254854981070594,39.59317554721224,0.23966380251079933,-0.23966380251079933,0.0
2,872,33.285989000269865,39.56204152801297,0.38301658147419637,-0.38301658147419637,0.0
2,873,33.326739193703816,39.52129133457902,0.4319872872039632,-0.4319872872039632,0.0
2,874,33.3627061859886,39.485324342294234,0.2873525584888803,-0.2873525584888803,0.0
2,875,33.404726137110856,39.44330439117198,0.5530464639551518,-0.5530464639551518,0.0
2,876,33.44636858943659,39.401661938846246,0.27980258255921164,-0.27980258255921164,0.0
2,877,33.47283321332725,39.375197314955585,0.2494898952530793,-0.2494898952530793,0.0
2,878,33.50034216137897,39.34768836690387,0.3006890657804977,-0.3006890657804977,0.0
2,879,33.5180143063435,39.33001622193933,0.052753833509806114,-0.052753833509806114,0.0
2,880,33.521185983133364,39.32684454514947,0.010679702284241088,-0.010679702284241088,0.0
2,881,33.50840993212955,39.33962059615328,-0.2662007223620293,0.2662007223620293,0.0
2,882,33.472242826349884,39.37578770193295,-0.4571413932313728,0.4571413932313728,0.0
2,883,33.41633233474113,39.431698193541706,-0.661068438945339,0.661068438945339,0.0
2,884,33.34276073218507,39.505269796097764,-0.8103636121766513,0.8103636121766513,0.0
2,885,33.24730748069328,39.600723047589554,-1.0987014176587913,1.0987014176587913,0.0
2,886,33.151183921397205,39.69684660688563,-0.8237697682644693,0.8237697682644693,0.0
2,887,33.06187944194994,39.78615108633289,-0.9623198206809089,0.9623198206809089,0.0
2,888,32.97527378847212,39.87275673981071,-0.7697932488785941,0.7697932488785941,0.0
2,889,32.89503849815878,39.95299203012405,-0.8349125573884386,0.8349125573884386,0.0
2,890,32.80039180712515,40.04763872115768,-1.05802126328331,1.05802126328331,0.0
2,891,32.70225985006027,40.14577067822256,-0.9046178780139051,0.9046178780139051,0.0
2,892,32.60795835708973,40.240072171193106,-0.9814119813970432,0.9814119813970432,0.0
2,893,32.50206656628325,40.34596396199959,-1.1364238347356377,1.1364238347356377,0.0
2,894,32.380181191746715,40.46784933653612,-1.3012836559941352,1.3012836559941352,0.0
2,895,32.23675216697757,40.61127836130527,-1.5672968393913038,1.5672968393913038,0.0
2,896,32.08458699926837,40.76344352901447,-1.4760065147942552,1.4760065147942552,0.0
2,897,31.949029750587215,40.89900077769562,-1.2351384588283931,1.2351384588283931,0.0
2,898,31.839295697149282,41.00873483113355,-0.9595426099331128,0.9595426099331128,0.0
2,899,31.7529392986487,41.095091229634136,-0.7675853600818403,0.7675853600818403,0.0
2,900,31.681341741462347,41.16668878682049,-0.6643657836459376,0.6643657836459376,0.0
2,901,31.612220108628662,41.23581041965417,-0.7180668730287803,0.7180668730287803,0.0
2,902,31.52569618941766,41.322334338865176,-1.0124115111904999,1.0124115111904999,0.0
2,903,31.421770821728614,41.42625970655422,-1.0660958425912952,1.0660958425912952,0.0
2,904,31.33651893396336,41.51151159431947,-0.6389419127121183,0.6389419127121183,-5.0
2,905,31.27230826581558,41.57572226246725,-0.6452714502445751,0.6452714502445751,0.0
2,906,31.195913553025548,41.652116975257286,-0.8826228055551297,0.8826228055551297,0.0
2,907,31.117806905248244,41.73022362303459,-0.6795101499912874,0.6795101499912874,-5.0
2,908,31.06596744370495,41.782063084577885,-0.35727908087698523,0.35727908087698523,-5.0
2,909,31.02589778011361,41.822132748169224,-0.44411419094783966,0.44411419094783966,0.0
2,910,30.978809197218652,41.86922133106418,-0.4976574669492315,0.4976574669492315,0.0
2,911,30.94258130695789,41.90544922132494,-0.2269003382658763,0.2269003382658763,0.0
2,912,30.91204958457297,41.935980943709865,-0.38373410943281705,0.38373410943281705,0.0
2,913,30.880607578769514,41.96742294951332,-0.24510600663345983,0.24510600663345983,0.0
2,914,30.865410740530024,41.98261978775281,-0.05883075815459726,0.05883075815459726,0.0
2,915,30.850828041470777,41.99720248681206,-0.23282322302880942,0.23282322302880942,0.0
2,916,30.813764387158017,42.03426614112482,-0.5084498632259571,0.5084498632259571,0.0
2,917,30.777003735180642,42.07102679310219,-0.2267631763220166,0.2267631763220166,-5.0
2,918,30.783971532045598,42.064058996237236,0.36611911362355976,-0.36611911362355976,-5.0
2,919,30.829815023369974,42.01821550491286,0.5507507128630991,-0.5507507128630991,0.0
2,920,30.887115891315716,41.96091463696712,0.595266646052254,-0.595266646052254,0.0
2,921,30.958759435877937,41.8892710924049,0.8376042451896932,-0.8376042451896932,0.0
2,922,31.056823276504474,41.79120725177836,1.123672567337941,-1.123672567337941,0.0
2,923,31.17378946606209,41.674241062220744,1.2156512238133281,-1.2156512238133281,0.0
2,924,31.297888995704625,41.55014153257821,1.2663393690361797,-1.2663393690361797,0.0
2,925,31.410224727123932,41.4378058011589,0.980375259346868,-0.980375259346868,0.0
2,926,31.518126050768842,41.32990447751399,1.1776512135499289,-1.1776512135499289,0.0
2,927,31.624587225701134,41.2234433025817,0.9515722850955051,-0.9515722850955051,0.0
2,928,31.712931386672835,41.13509914161,0.8153109343363596,-0.8153109343363596,0.0
2,929,31.798749289141824,41.04928123914101,0.9010471150405746,-0.9010471150405746,0.0
2,930,31.900934502840528,40.947096025442306,1.1426571589324013,-1.1426571589324013,0.0
2,931,32.01419455569294,40.833835972589895,1.1225438981159765,-1.1225438981159765,0.0
2,932,32.13773996067539,40.710290567607444,1.348364201530428,-1.348364201530428,0.0
2,933,32.27932842023165,40.568702108051184,1.483404989595158,-1.483404989595158,0.0
2,934,32.43876729398744,40.409263234295395,1.7053724855180494,-1.7053724855180494,0.0
2,935,32.61631157244915,40.231718955833685,1.845513083715895,-1.845513083715895,0.0
2,936,32.8043462471494,40.04368428113344,1.9151804102863128,-1.9151804102863128,0.0
2,937,33.01024629423114,39.837784234051696,2.2028205313472355,-2.2028205313472355,0.0
2,938,33.24519263197317,39.602837896309666,2.496106223492303,-2.496106223492303,0.0
2,939,33.50258468478205,39.345445843500784,2.6517348326858023,-2.6517348326858023,0.0
2,940,33.76622210022265,39.081808428060185,2.6210134761249417,-2.6210134761249417,0.0
2,941,34.02748367149184,38.820546856791,2.6042179492569506,-2.6042179492569506,0.0
2,942,34.27588743444312,38.57214309383971,2.3638573097656046,-2.3638573097656046,0.0
2,943,34.51311629887482,38.334914229408014,2.380719978867912,-2.380719978867912,0.0
2,944,34.7571895223266,38.090841005956236,2.500744490168085,-2.500744490168085,0.0
2,945,35.007522883715865,37.84050764456697,2.505922737613947,-2.505922737613947,0.0
2,946,35.24687245138216,37.601158076900674,2.281068615713105,-2.281068615713105,0.0
2,947,35.47280705099138,37.375223477291456,2.2376233764718396,-2.2376233764718396,0.0
2,948,35.6871182901923,37.16091223809053,2.0486014075463608,-2.0486014075463608,0.0
2,949,35.89972133177821,36.948309196504624,2.2034594241689174,-2.2034594241689174,0.0
2,950,36.10651153881372,36.741518989469114,1.932344716540877,-1.932344716540877,0.0
2,951,36.28562463679896,36.56240589148388,1.6499172431644453,-1.6499172431644453,0.0
2,952,36.447131809763505,36.40089871851933,1.5802262161245864,-1.5802262161245864,0.0
2,953,36.59963428209198,36.24839624619085,1.4698232304417989,-1.4698232304417989,0.0
2,954,36.73334157520435,36.114688953078485,1.2043226318021834,-1.2043226318021834,0.0
2,955,36.85715454841579,35.99087597986704,1.2719368324275528,-1.2719368324275528,0.0
2,956,36.98033203587124,35.86769849241159,1.1916129166803398,-1.1916129166803398,0.0
2,957,37.1122504744028,35.735780053880035,1.4467558539508953,-1.4467558539508953,0.0
2,958,37.25856432196224,35.589466206320594,1.479521097237912,-1.479521097237912,0.0
2,959,37.40108795031847,35.446942577964364,1.3709514698862417,-1.3709514698862417,0.0
2,960,37.53742478512822,35.31060574315461,1.3557852263065246,-1.3557852263065246,0.0
2,961,37.673204177491925,35.17482635079091,1.3598026209665477,-1.3598026209665477,0.0
2,962,37.8073994766205,35.04063105166233,1.3241033616037488,-1.3241033616037488,0.0
2,963,37.95210049760681,34.89593003067603,1.569917058119021,-1.569917058119021,0.0
2,964,38.118253265100066,34.72977726318277,1.7531382917451293,-1.7531382917451293,0.0
2,965,38.2980541662796,34.549976362003235,1.8428797318427304,-1.8428797318427304,0.0
2,966,38.4720267294133,34.37600379886953,1.6365715308306772,-1.6365715308306772,0.0
2,967,38.650521274846824,34.19750925343601,1.933319377839636,-1.933319377839636,0.0
2,968,38.83596731928537,34.01206320899746,1.7756015109307128,-1.7756015109307128,0.0
2,969,39.025547403748305,33.82248312453453,2.0160001783252763,-2.0160001783252763,0.0
2,970,39.24187674381801,33.60615378446482,2.310586623068602,-2.310586623068602,0.0
2,971,39.469841765519504,33.37818876276333,2.2487138109580123,-2.2487138109580123,0.0
2,972,39.69503183019037,33.15299869809246,2.255087482459917,-2.255087482459917,0.0
2,973,39.91287909860171,32.93515142968113,2.1018578857636,-2.1018578857636,0.0
2,974,40.111572986363626,32.73645754191921,1.8720198694718668,-1.8720198694718668,0.0
2,975,40.308780447443496,32.53925008083934,2.072129352122806,-2.072129352122806,0.0
2,976,40.53032357863617,32.31770694964666,2.35873327173009,-2.35873327173009,0.0
2,977,40.73851767229121,32.109512855991625,1.8051486013730322,-1.8051486013730322,3.0
2,978,40.89486038953646,31.953170138746373,1.3217057435306003,-1.3217057435306003,3.0
2,979,41.02364076898152,31.82438975930131,1.2539018453694109,-1.2539018453694109,0.0
2,980,41.16169620957726,31.686334318705576,1.5072069665411778,-1.5072069665411778,0.0
2,981,41.30854909437812,31.53948143390471,1.429850729475243,-1.429850729475243,0.0
2,982,41.42279910224079,31.425231426042046,0.8551494277781426,-0.8551494277781426,3.0
2,983,41.50374760425984,31.34428292402299,0.7638206126002043,-0.7638206126002043,3.0
2,984,41.571618000692524,31.27641252759031,0.593587316055876,-0.593587316055876,0.0
2,985,41.61998723803322,31.228043290249616,0.3737974307575751,-0.3737974307575751,0.0
2,986,41.64793825764855,31.200092270634286,0.18522296155087759,-0.18522296155087759,0.0
2,987,41.65828652232517,31.189744005957664,0.0217423319825496,-0.0217423319825496,0.0
2,988,41.6654376159031,31.182592912379732,0.12127953957743287,-0.12127953957743287,0.0
2,989,41.68972046577119,31.158310062511646,0.3643774577847285,-0.3643774577847285,0.0
2,990,41.72165656542006,31.126373962862772,0.27434453519211033,-0.27434453519211033,0.0
2,991,41.75550680362903,31.0925237246538,0.40266022899004383,-0.40266022899004383,0.0
2,992,41.795533418483956,31.05249710979888,0.39787206811040043,-0.39787206811040043,0.0
2,993,41.82324005014743,31.0247904781354,0.1562605651624125,-0.1562605651624125,0.0
2,994,41.835923901548995,31.01210662673384,0.09741646286847327,-0.09741646286847327,0.0
2,995,41.85304138036486,30.994989147917977,0.24493311345037228,-0.24493311345037228,0.0
2,996,41.888089552295924,30.95994097598691,0.45603032517065323,-0.45603032517065323,0.0
2,997,41.925913028176865,30.92211750010597,0.3004391924484011,-0.3004391924484011,0.0
2,998,41.968971441243184,30.87905908703965,0.5607290688792617,-0.5607290688792617,0.0
2,999,42.030483905799656,30.817546622483178,0.6695202222535048,-0.6695202222535048,0.0
2,1000,42.083469371691535,30.7645611565913,0.3901890955837697,-0.3901890955837697,3.0
3,0,45.956555382312224,22.978277691156112,0.0,0.0,0.0
3,1,45.93253475291091,23.00229832055743,-0.4804125880262795,0.4804125880262795,3.0
3,2,45.859128050095826,23.075705023372517,-0.9877214682755344,0.9877214682755344,3.0
3,3,45.736627334772955,23.198205738695382,-1.4622928381817815,1.4622928381817815,3.0
3,4,45.57243495661157,23.362398116856767,-1.8215547250458641,1.8215547250458641,3.0
3,5,45.377312473753754,23.557520599714586,-2.0808949321105725,2.0808949321105725,3.0
3,6,45.15120108800829,23.783631985460048,-2.4413327827986766,2.4413327827986766,3.0
3,7,44.89250610061866,24.04232697284968,-2.7325669649939606,2.7325669649939606,3.0
3,8,44.58990355247478,24.34492952099356,-3.319483997883678,3.319483997883678,3.0
3,9,44.24230866824308,24.692524405225264,-3.6324136867504,3.6324136867504,3.0
3,10,43.85975806862737,25.07507500484097,-4.0185983055637,4.0185983055637,3.0
3,11,43.43836607352556,25.496466999942783,-4.40924159647259,4.40924159647259,3.0
3,12,43.00991445709873,25.92491861636961,-4.159790732063891,4.159790732063891,0.0
3,13,42.58382516132523,26.351007912143107,-4.361995183406089,4.361995183406089,0.0
3,14,42.15814452501733,26.776688548451013,-4.151617542752012,4.151617542752012,0.0
3,15,41.74852634847907,27.18630672498927,-4.040745988013148,4.040745988013148,0.0
3,16,41.342022044923006,27.59281102854533,-4.089340083108112,4.089340083108112,0.0
3,17,40.91864506336534,28.016188010103,-4.378199548045316,4.378199548045316,0.0
3,18,40.47456076875836,28.460272304709978,-4.503486344094279,4.503486344094279,0.0
3,19,40.033701903629094,28.901131169839243,-4.313690958491039,4.313690958491039,0.0
3,20,39.613704416048066,29.321128657420275,-4.086258793129581,4.086258793129581,0.0
3,21,39.19844844871897,29.736384624749366,-4.218860553452295,4.218860553452295,0.0
3,22,38.76948817348291,30.16534489998542,-4.360344951268829,4.360344951268829,0.0
3,23,38.32850779442423,30.606325279044107,-4.459262629904906,4.459262629904906,0.0
3,24,37.87077551211485,31.06405756135349,-4.695383016282815,4.695383016282815,0.0
3,25,37.38655844251897,31.548274630949372,-4.988958375634825,4.988958375634825,0.0
3,26,36.87711731697257,32.05771575649576,-5.1998641352929855,5.1998641352929855,0.0
3,27,36.359704739367636,32.5751283341007,-5.148387416805718,5.148387416805718,0.0
3,28,35.852700178838944,33.08213289462938,-4.991703793768025,4.991703793768025,0.0
3,29,35.36199442923367,33.57283864423466,-4.822411198337548,4.822411198337548,0.0
3,30,34.888431314725565,34.04640175874276,-4.6488510918246355,4.6488510918246355,0.0
3,31,34.42281043196976,34.51202264149857,-4.663566563291413,4.663566563291413,0.0
3,32,33.941809658661285,34.99302341480704,-4.956448902878188,4.956448902878188,0.0
3,33,33.44628903437904,35.488544039089284,-4.953963582766596,4.953963582766596,0.0
3,34,32.95484527566286,35.979987797805464,-4.8749115915571135,4.8749115915571135,0.0
3,35,32.461550093241264,36.47328298022706,-4.9909920568748785,4.9909920568748785,0.0
3,36,31.984155272751174,36.95067780071716,-4.556904352926974,4.556904352926974,-5.0
3,37,31.547083518239525,37.38774955522881,-4.184530737305991,4.184530737305991,-5.0
3,38,31.158216767185053,37.77661630628328,-3.592804283783517,3.592804283783517,-5.0
3,39,30.83248968634691,38.10234338712142,-2.921737332979289,2.921737332979289,-5.0
3,40,30.552470276639404,38.382362796828936,-2.6786508611709916,2.6786508611709916,-5.0
3,41,30.311737541256285,38.623095532212055,-2.1360038464913806,2.1360038464913806,-5.0
3,42,30.112980646852215,38.82185242661613,-1.8391340415900697,1.8391340415900697,-5.0
3,43,29.946115976247867,38.98871709722048,-1.4981593704969889,1.4981593704969889,-5.0
3,44,29.811412150421724,39.12342092304662,-1.1959171460259395,1.1959171460259395,-5.0
3,45,29.68554499422344,39.24928807924492,-1.3214259779397608,1.3214259779397608,0.0
3,46,29.5537546776902,39.38107839577816,-1.314380352725082,1.314380352725082,0.0
3,47,29.453057394570244,39.48177567889811,-0.6995653096739618,0.6995653096739618,-5.0
3,48,29.396425687864223,39.53840738560413,-0.43306882444653105,0.43306882444653105,0.0
3,49,29.33900810365332,39.59582496981504,-0.7152828597716869,0.7152828597716869,0.0
3,50,29.269640657295938,39.66519241617243,-0.6720660673760843,0.6720660673760843,0.0
3,51,29.195467221248528,39.73936585221985,-0.811402653572241,0.811402653572241,0.0
3,52,29.120581295042427,39.81425177842594,-0.6863158705497243,0.6863158705497243,0.0
3,53,29.079715111029074,39.8551179624393,-0.13100780971747383,0.13100780971747383,-5.0
3,54,29.074490924711085,39.86034214875728,0.02652408335771206,-0.02652408335771206,0.0
3,55,29.075986070835654,39.858847002632714,0.0033788391335463075,-0.0033788391335463075,0.0
3,56,29.0753738072642,39.85945926620416,-0.01562411056264068,0.01562411056264068,0.0
3,57,29.074593785940806,39.86023928752756,2.368409460373755e-05,-2.368409460373755e-05,0.0
3,58,29.059634130841317,39.87519894262705,-0.29921678608452673,0.29921678608452673,0.0
3,59,29.017180057463108,39.91765301600526,-0.5498646814796766,0.5498646814796766,0.0
3,60,28.97034972147756,39.96448335199079,-0.38674203823126607,0.38674203823126607,0.0
3,61,28.922618430436273,40.01221464303208,-0.5678837825944667,0.5678837825944667,0.0
3,62,28.883819519258054,40.05101355421029,-0.20809444096977625,0.20809444096977625,-5.0
3,63,28.88015396628846,40.05467910717988,0.134783381578103,-0.134783381578103,-5.0
3,64,28.88960776595769,40.04522530751065,0.054292611806562086,-0.054292611806562086,0.0
3,65,28.882430942949753,40.05240213051858,-0.1978290719652538,0.1978290719652538,0.0
3,66,28.874520543583614,40.060312529884726,0.03962108464235303,-0.03962108464235303,0.0
3,67,28.886919271830607,40.04791380163774,0.208353480297359,-0.208353480297359,0.0
3,68,28.906662063096107,40.02817101037224,0.1865023450126646,-0.1865023450126646,0.0
3,69,28.921613448475085,40.01321962499327,0.11252536256679146,-0.11252536256679146,0.0
3,70,28.940797465378395,39.99403560808996,0.2711549754993836,-0.2711549754993836,0.0
3,71,28.96050910035096,39.974323973117386,0.12307772395207284,-0.12307772395207284,0.0
3,72,28.980985982506184,39.953847090962164,0.28645991915231406,-0.28645991915231406,0.0
3,73,28.998574618050682,39.93625845541766,0.06531279173774429,-0.06531279173774429,0.0
3,74,28.992008532309953,39.94282454115839,-0.19663450655226544,0.19663450655226544,0.0
3,75,28.971959222241807,39.962873851226526,-0.2043516948105557,0.2043516948105557,0.0
3,76,28.949306794111507,39.985526279356826,-0.24869686779539446,0.24869686779539446,0.0
3,77,28.925580895322852,40.00925217814549,-0.22582110797783095,0.22582110797783095,0.0
3,78,28.915893492585965,40.018939580882375,0.03207305324010079,-0.03207305324010079,0.0
3,79,28.9246732270187,40.010159846449646,0.14352163541450746,-0.14352163541450746,0.0
3,80,28.948732936391366,39.98610013707698,0.33767255203884083,-0.33767255203884083,0.0
3,81,28.99577107320968,39.939062000258666,0.6030901843275247,-0.6030901843275247,0.0
3,82,29.05070118919693,39.884131884271426,0.49551213541730466,-0.49551213541730466,0.0
3,83,29.098803466874514,39.83602960659384,0.46653341813446847,-0.46653341813446847,0.0
3,84,29.137671550286726,39.797161523181636,0.3108282501096813,-0.3108282501096813,0.0
3,85,29.170791575777386,39.76404149769097,0.3515722597036355,-0.3515722597036355,0.0
3,86,29.20482959262202,39.730003480846335,0.32918807718898524,-0.32918807718898524,0.0
3,87,29.23095924117071,39.70387383229765,0.19340489378467485,-0.19340489378467485,0.0
3,88,29.25557135334921,39.67926172011916,0.298837349785285,-0.298837349785285,0.0
3,89,29.29827343482232,39.63655963864605,0.5552042796768708,-0.5552042796768708,0.0
3,90,29.341576130465413,39.593256943002956,0.31084963318500414,-0.31084963318500414,0.0
3,91,29.376798777553446,39.55803429591492,0.39360330857569803,-0.39360330857569803,0.0
3,92,29.41454121456711,39.52029185890125,0.3612454316976592,-0.3612454316976592,0.0
3,93,29.440992023343313,39.49384105012505,0.16777074382643953,-0.16777074382643953,0.0
3,94,29.45204361288411,39.48278946058425,0.0532610469895225,-0.0532610469895225,0.0
3,95,29.458883042105725,39.475950031362636,0.08352753744272245,-0.08352753744272245,0.0
3,96,29.477964284434393,39.456868789033976,0.29809730913053656,-0.29809730913053656,0.0
3,97,29.499172476185578,39.4356605972828,0.12606652589308975,-0.12606652589308975,0.0
3,98,29.52044914699698,39.4143839264714,0.2994668903348465,-0.2994668903348465,0.0
3,99,29.540723375405435,39.39410969806295,0.10601767783417415,-0.10601767783417415,0.0
3,100,29.552562312156297,39.382270761312085,0.13076105718309172,-0.13076105718309172,0.0
3,101,29.570068472635384,39.364764600833006,0.2193621523985172,-0.2193621523985172,0.0
3,102,29.60665718412315,39.32817588934524,0.5124120773567435,-0.5124120773567435,0.0
3,103,29.645784562218466,39.28904851124992,0.270135484549618,-0.270135484549618,0.0
3,104,29.66161076562915,39.27322230783925,0.04638858366384291,-0.04638858366384291,0.0
3,105,29.671732650395683,39.2631004230727,0.15604911166706525,-0.15604911166706525,0.0
3,106,29.68015499579144,39.25467807767696,0.012397796247836546,-0.012397796247836546,0.0
3,107,29.67027035636022,39.26456271710817,-0.2100905848721384,0.2100905848721384,0.0
3,108,29.648724908112825,39.28610816535555,-0.22081838007552257,0.22081838007552257,0.0
3,109,29.623942638631405,39.31089043483698,-0.2748270095531291,0.2748270095531291,0.0
3,110,29.60153705632638,39.33329601714202,-0.1732846365476286,0.1732846365476286,0.0
3,111,29.59901324004602,39.33581983342238,0.12280831094040856,-0.12280831094040856,0.0
3,112,29.61732531640365,39.31750775706476,0.24343321621193414,-0.24343321621193414,0.0
3,113,29.632860636767788,39.30197243670064,0.06727319107056307,-0.06727319107056307,0.0
3,114,29.643654934533032,39.29117813893539,0.14861276423420922,-0.14861276423420922,0.0
3,115,29.645184252785953,39.28964882068249,-0.11802639917594338,0.11802639917594338,0.0
3,116,29.645936207937837,39.2888968655306,0.13306550221374192,-0.13306550221374192,0.0
3,117,29.667649867100636,39.26718320636782,0.3012076810419586,-0.3012076810419586,0.0
3,118,29.71024434633881,39.22458872712966,0.550681903721367,-0.550681903721367,0.0
3,119,29.776538346145202,39.158294727323266,0.7751980924064368,-0.7751980924064368,0.0
3,120,29.843027724067923,39.091805349400545,0.554589466048073,-0.554589466048073,0.0
3,121,29.884720307176366,39.0501127662921,0.2792621961206505,-0.2792621961206505,0.0
3,122,29.906649474823013,39.028183598645455,0.15932115681222037,-0.15932115681222037,0.0
3,123,29.919856506193554,39.0149765672749,0.10481947059875907,-0.10481947059875907,0.0
3,124,29.93549998203366,38.99933309143479,0.20805004620351575,-0.20805004620351575,0.0
3,125,29.951611893725754,38.9832211797427,0.11418818763836835,-0.11418818763836835,0.0
3,126,29.96397876516204,38.9708543083064,0.13314924108759119,-0.13314924108759119,0.0
3,127,29.989694999433453,38.945138074035,0.3811754443404185,-0.3811754443404185,0.0
3,128,30.01778098875434,38.91705208471413,0.1805443420770736,-0.1805443420770736,0.0
3,129,30.039238828034968,38.895594245433514,0.24861244353529877,-0.24861244353529877,0.0
3,130,30.07805832818005,38.85677474528843,0.5277775593663483,-0.5277775593663483,0.0
3,131,30.14056681352733,38.79426625994115,0.7223921475793613,-0.7223921475793613,0.0
3,132,30.204714347196045,38.73011872627242,0.5605585257951358,-0.5605585257951358,0.0
3,133,30.259117025228164,38.675716048240304,0.5274950348472043,-0.5274950348472043,0.0
3,134,30.313223103754154,38.621609969714314,0.5546265356726421,-0.5546265356726421,0.0
3,135,30.381344043821116,38.55348902964735,0.8077922656666958,-0.8077922656666958,0.0
3,136,30.455486794594208,38.479346278874246,0.6750627497953801,-0.6750627497953801,0.0
3,137,30.530020776235688,38.40481229723278,0.8156168830339698,-0.8156168830339698,0.0
3,138,30.612966251310837,38.32186682215762,0.8432926184692349,-0.8432926184692349,0.0
3,139,30.692174468476992,38.242658604991476,0.740871724853668,-0.740871724853668,0.0
3,140,30.777254194447636,38.15757887902082,0.960722794559425,-0.960722794559425,0.0
3,141,30.85969281848176,38.07514025498669,0.6880496861229899,-0.6880496861229899,0.0
3,142,30.931842492919372,38.00299058054908,0.7549438026293362,-0.7549438026293362,0.0
3,143,31.00516875211426,37.92966432135421,0.7115813812681209,-0.7115813812681209,0.0
3,144,31.074072682253046,37.860760391215436,0.6664972215074281,-0.6664972215074281,0.0
3,145,31.146026567156298,37.78880650631217,0.7725804765578514,-0.7725804765578514,0.0
3,146,31.238280919955287,37.69655215351318,1.0725065794219724,-1.0725065794219724,0.0
3,147,31.35052026682561,37.584312806642856,1.172280357984647,-1.172280357984647,0.0
3,148,31.460148737206083,37.474684336262385,1.0202890496248536,-1.0202890496248536,0.0
3,149,31.557013496501753,37.377819576966715,0.9170061362886255,-0.9170061362886255,0.0
3,150,31.658483934598735,37.27634913886973,1.1124026256511215,-1.1124026256511215,0.0
3,151,31.77173857655663,37.16309449691185,1.1526902135065207,-1.1526902135065207,0.0
3,152,31.90108642150105,37.033746651967434,1.434266685381834,-1.434266685381834,0.0
3,153,32.03473483367918,36.900098239789315,1.238701558180546,-1.238701558180546,0.0
3,154,32.170565338987615,36.76426773448088,1.477908547987985,-1.477908547987985,0.0
3,155,32.310698312910546,36.62413476055795,1.3247509304706977,-1.3247509304706977,0.0
3,156,32.45616226181994,36.47867081164854,1.584528047717349,-1.584528047717349,0.0
3,157,32.628415381646164,36.306417691822304,1.8605343488073842,-1.8605343488073842,0.0
3,158,32.82595961391118,36.10887345955729,2.0903502964928524,-2.0903502964928524,0.0
3,159,33.03476260768687,35.900070465781596,2.0857095790209073,-2.0857095790209073,0.0
3,160,33.234082164488996,35.70075090897947,1.9006815570214446,-1.9006815570214446,0.0
3,161,33.42027557312974,35.51455750033871,1.823186615793725,-1.823186615793725,0.0
3,162,33.593560932561644,35.341272140906824,1.6425205728440364,-1.6425205728440364,0.0
3,163,33.75266782084461,35.18216525262385,1.5396171928154185,-1.5396171928154185,0.0
3,164,33.892009173224466,35.04282390024399,1.247209854781742,-1.247209854781742,0.0
3,165,34.029669802321365,34.905163271147075,1.506002727156515,-1.506002727156515,0.0
3,166,34.17094372552498,34.76388934794346,1.3194757369158623,-1.3194757369158623,0.0
3,167,34.30417813172579,34.63065494174266,1.3452123871001458,-1.3452123871001458,0.0
3,168,34.44762640931921,34.48720666414924,1.5237531647683387,-1.5237531647683387,0.0
3,169,34.5963766662083,34.33845640726017,1.4512519730132016,-1.4512519730132016,0.0
3,170,34.75309065197746,34.181742421490995,1.68302774237012,-1.68302774237012,0.0
3,171,34.93488920072164,33.99994387274681,1.9529432325136131,-1.9529432325136131,0.0
3,172,35.12215189411015,33.81268117935829,1.792310635256717,-1.792310635256717,0.0
3,173,35.294488192399314,33.640344881069126,1.654415330526719,-1.654415330526719,0.0
3,174,35.45680258120737,33.478030492261084,1.5918724456341362,-1.5918724456341362,0.0
3,175,35.61537161896322,33.31946145450523,1.5795083094829359,-1.5795083094829359,0.0
3,176,35.77710086127968,33.157732212188776,1.6550765368461562,-1.6550765368461562,0.0
3,177,35.93170339867018,33.00312967479829,1.4369742109636814,-1.4369742109636814,0.0
3,178,36.07472438688603,32.86010868658242,1.4234455533536252,-1.4234455533536252,0.0
3,179,36.21360994289145,32.721223130577,1.3542655667546288,-1.3542655667546288,0.0
3,180,36.35658963204904,32.5782434414194,1.5053282163972437,-1.5053282163972437,0.0
3,181,36.507036879242435,32.42779619422599,1.5036167274708916,-1.5036167274708916,0.0
3,182,36.670801397579424,32.26403167588899,1.7716736392690517,-1.7716736392690517,0.0
3,183,36.84598404168855,32.08884903177986,1.7319792429134537,-1.7319792429134537,0.0
3,184,37.01911523023588,31.915717843232514,1.7306445280334017,-1.7306445280334017,0.0
3,185,37.18645099269298,31.748382080775414,1.616070721108633,-1.616070721108633,0.0
3,186,37.34748395984718,31.587349113621215,1.6045886219752532,-1.6045886219752532,0.0
3,187,37.50921637477421,31.4256166986942,1.630059676565125,-1.630059676565125,0.0
3,188,37.65870726615046,31.276125807317953,1.3597581509600563,-1.3597581509600563,0.0
3,189,37.79846181304856,31.13637126041985,1.4353327870021655,-1.4353327870021655,0.0
3,190,37.93556994125004,30.999263132218374,1.306829777027568,-1.306829777027568,0.0
3,191,38.06774062857065,30.867092444897764,1.3365839693845025,-1.3365839693845025,0.0
3,192,38.189772874546605,30.745060198921806,1.1040609501346026,-1.1040609501346026,0.0
3,193,38.299909260606114,30.634923812862297,1.098666771055333,-1.098666771055333,0.0
3,194,38.42088618604251,30.513946887425902,1.3208717376723484,-1.3208717376723484,0.0
3,195,38.55196396571492,30.382869107753493,1.300683855775981,-1.300683855775981,0.0
3,196,38.67131107353842,30.263521999929992,1.0862583006938014,-1.0862583006938014,0.0
3,197,38.789152125079,30.145680948389412,1.2705627301178417,-1.2705627301178417,0.0
3,198,38.91543468834948,30.019398385118933,1.2550885352918915,-1.2550885352918915,0.0
3,199,39.02908993437467,29.905743139093744,1.0180163852120945,-1.0180163852120945,0.0
3,200,39.13313862290434,29.80169445056407,1.0629573853813241,-1.0629573853813241,0.0
3,201,39.230914051196805,29.703919022271606,0.8925511804680033,-0.8925511804680033,0.0
3,202,39.329205365325464,29.605627708142947,1.0732751021050806,-1.0732751021050806,0.0
3,203,39.444378813335845,29.490454260132566,1.230193858102302,-1.230193858102302,0.0
3,204,39.53930981106518,29.39552326240323,0.6684260964840023,-0.6684260964840023,3.0
3,205,39.59211044984869,29.34272262361972,0.3875866791860574,-0.3875866791860574,0.0
3,206,39.63429897269435,29.30053410077406,0.45618377772727836,-0.45618377772727836,0.0
3,207,39.67730627529613,29.25752679817228,0.40396227430854736,-0.40396227430854736,0.0
3,208,39.72080522224806,29.21402785122035,0.4660166647302937,-0.4660166647302937,0.0
3,209,39.76529798308388,29.169535090384528,0.4238385519862362,-0.4238385519862362,0.0
3,210,39.79971849357034,29.135114579898072,0.26457165774274927,-0.26457165774274927,0.0
3,211,39.817943809680884,29.116889263787527,0.09993466446810739,-0.09993466446810739,0.0
3,212,39.82791598584214,29.10691708762627,0.09950885875691728,-0.09950885875691728,0.0
3,213,39.83966325738666,29.09516981608175,0.13543657213376648,-0.13543657213376648,0.0
3,214,39.86423981443252,29.07059325903589,0.3560945687833863,-0.3560945687833863,0.0
3,215,39.90458932771713,29.030243745751278,0.4508956969089386,-0.4508956969089386,0.0
3,216,39.957565054618925,28.977268018849486,0.6086188411270532,-0.6086188411270532,0.0
3,217,39.9885900179971,28.946243055471314,0.011880426436233549,-0.011880426436233549,3.0
3,218,39.99989780782602,28.934935265642395,0.21427537014238762,-0.21427537014238762,0.0
3,219,40.03248065933195,28.90235241413646,0.43738165997663714,-0.43738165997663714,0.0
3,220,40.083713167965726,28.851119905502685,0.5872685126987527,-0.5872685126987527,0.0
3,221,40.13178270450851,28.8030503689599,0.3741222181568107,-0.3741222181568107,3.0
3,222,40.14792124698917,28.78691182647924,-0.05135136854375233,0.05135136854375233,3.0
3,223,40.13578562041994,28.799047453048473,-0.19136116284066773,0.19136116284066773,0.0
3,224,40.10753462607698,28.827298447391428,-0.37365872401850186,0.37365872401850186,0.0
3,225,40.06929246807306,28.865540605395353,-0.39118443606017994,0.39118443606017994,0.0
3,226,40.03307144187099,28.901761631597424,-0.3332360879813674,0.3332360879813674,0.0
3,227,39.99216962563182,28.942663447836594,-0.4848002368018527,0.4848002368018527,0.0
3,228,39.930951205136665,29.003881868331746,-0.7395681731013566,0.7395681731013566,0.0
3,229,39.842247999764,29.092585073704413,-1.034495934351824,1.034495934351824,0.0
3,230,39.74719443193689,29.18763864153152,-0.8665754221900039,0.8665754221900039,0.0
3,231,39.667404915002294,29.267428158466117,-0.7292149165020483,0.7292149165020483,0.0
3,232,39.60722365039331,29.327609423075103,-0.4744103756777127,0.4744103756777127,0.0
3,233,39.56813235004043,29.366700723427982,-0.30741563137986017,0.30741563137986017,0.0
3,234,39.534713415608934,29.400119657859477,-0.36096305724982436,0.36096305724982436,0.0
3,235,39.497017504020846,29.437815569447565,-0.39295517451192996,0.39295517451192996,0.0
3,236,39.46615916097167,29.46867391249674,-0.22421168647164613,0.22421168647164613,0.0
3,237,39.43247293250559,29.50236014096282,-0.44951288284976165,0.44951288284976165,0.0
3,238,39.38620868531288,29.54862438815553,-0.4757720610040721,0.4757720610040721,0.0
3,239,39.32479216802989,29.610040905438524,-0.7525582846555121,0.7525582846555121,0.0
3,240,39.25275581377471,29.6820772596937,-0.6881688004481141,0.6881688004481141,0.0
3,241,39.17918611206511,29.7556469614033,-0.7832252337437637,0.7832252337437637,0.0
3,242,39.10145260267075,29.833380470797664,-0.7714449541432193,0.7714449541432193,0.0
3,243,39.02008750716473,29.91474556630368,-0.8558569559769502,0.8558569559769502,0.0
3,244,38.936762925453394,29.998070148015017,-0.8106346782497234,0.8106346782497234,0.0
3,245,38.863311256544876,30.071521816923536,-0.6583986999205811,0.6583986999205811,0.0
3,246,38.809682896153504,30.125150177314907,-0.4141685079067896,0.4141685079067896,0.0
3,247,38.76528747027345,30.169545603194962,-0.47374000969400765,0.47374000969400765,0.0
3,248,38.717255516521135,30.217577556947276,-0.4868990653519294,0.4868990653519294,0.0
3,249,38.67714779348856,30.257685279979853,-0.3152553952993653,0.3152553952993653,0.0
3,250,38.637834704482856,30.296998368985555,-0.47100638481448787,0.47100638481448787,0.0
3,251,38.579046139473405,30.355786933995006,-0.7047649153744402,0.7047649153744402,0.0
3,252,38.50545841825689,30.429374655211518,-0.7669895089559393,0.7669895089559393,0.0
3,253,38.4285484044257,30.506284669042714,-0.7712107676681059,0.7712107676681059,0.0
3,254,38.35339662330594,30.58143645016247,-0.7318248547267956,0.7318248547267956,0.0
3,255,38.27530276454917,30.659530308919244,-0.8300523204087016,0.8300523204087016,0.0
3,256,38.187276156140285,30.747556917328126,-0.9304798477689342,0.9304798477689342,0.0
3,257,38.082739511729756,30.852093561738656,-1.1602530404414662,1.1602530404414662,0.0
3,258,37.95382745956991,30.981005613898503,-1.4179880027556768,1.4179880027556768,0.0
3,259,37.8174511237429,31.117381949725512,-1.3095387137843568,1.3095387137843568,0.0
3,260,37.70050898588167,31.234324087586742,-1.0293040434402423,1.0293040434402423,0.0
3,261,37.59029490519697,31.34453816827144,-1.1749775702536427,1.1749775702536427,0.0
3,262,37.458022269836874,31.476810803631537,-1.470475136948231,1.470475136948231,0.0
3,263,37.30362997589032,31.631203097578094,-1.6173707419826382,1.6173707419826382,0.0
3,264,37.13579343737817,31.799039636090242,-1.7393600282603252,1.7393600282603252,0.0
3,265,36.9740839717912,31.96074910167718,-1.4948292834783903,1.4948292834783903,0.0
3,266,36.832379131774616,32.10245394169377,-1.3392675168534938,1.3392675168534938,0.0
3,267,36.69502208420934,32.23981098925901,-1.4078734344513544,1.4078734344513544,0.0
3,268,36.56738344080762,32.36744963266074,-1.1448994335832259,1.1448994335832259,0.0
3,269,36.46095528993672,32.473877783531634,-0.9836635838343764,0.9836635838343764,0.0
3,270,36.363721259434925,32.5711118140334,-0.9610170262010467,0.9610170262010467,0.0
3,271,36.26716516241257,32.66766791105573,-0.9701049142455167,0.9701049142455167,0.0
3,272,36.179582791379886,32.75525028208841,-0.7815425064078632,0.7815425064078632,0.0
3,273,36.113869907359145,32.820963166109124,-0.5327151740065368,0.5327151740065368,0.0
3,274,36.063688376095996,32.87114469737227,-0.47091545125629786,0.47091545125629786,0.0
3,275,36.029455383719636,32.90537768974866,-0.2137443962711032,0.2137443962711032,0.0
3,276,36.01249386019484,32.92233921327349,-0.1254860742252344,0.1254860742252344,0.0
3,277,35.98990806586235,32.944925007605946,-0.3262298124240539,0.3262298124240539,0.0
3,278,35.964993554537415,32.96983951893088,-0.17206041407450456,0.17206041407450456,0.0
3,279,35.95688637699439,32.977946696473936,0.009916863213771165,-0.009916863213771165,0.0
3,280,35.96812466778161,32.96670840568672,0.21484895253058411,-0.21484895253058411,0.0
3,281,35.9837688092467,32.95106426422166,0.09803387677074049,-0.09803387677074049,0.0
3,282,36.00351206982279,32.93132100364559,0.2968313347508733,-0.2968313347508733,0.0
3,283,36.04595765949094,32.88887541397747,0.5520804586118206,-0.5520804586118206,0.0
3,284,36.09140184458269,32.84343122888569,0.3568032432236965,-0.3568032432236965,0.0
3,285,36.13707725183113,32.797755821637224,0.5567049017455385,-0.5567049017455385,0.0
3,286,36.19850761359643,32.73632545987192,0.6719023335606771,-0.6719023335606771,0.0
3,287,36.25341952074419,32.681413552724166,0.4263358093946188,-0.4263358093946188,0.0
3,288,36.30815885241063,32.626674221057726,0.6684508239342062,-0.6684508239342062,0.0
3,289,36.3841499808548,32.55068309261358,0.8513717449489437,-0.8513717449489437,0.0
3,290,36.45852266857074,32.476310404897646,0.6360820093699324,-0.6360820093699324,0.0
3,291,36.51232238250944,32.422510690958944,0.4399122694043882,-0.4399122694043882,0.0
3,292,36.55026745036511,32.38456562310324,0.31898908770970813,-0.31898908770970813,0.0
3,293,36.58655349833984,32.34827957512849,0.40673187178548353,-0.40673187178548353,0.0
3,294,36.62780797656151,32.307025096906784,0.41835769264841716,-0.41835769264841716,0.0
3,295,36.663493890659964,32.271339182808305,0.29536058932111153,-0.29536058932111153,0.0
3,296,36.682575813207364,32.252257260260905,0.08627786162678674,-0.08627786162678674,0.0
3,297,36.689586363760526,32.24524670970774,0.05393314943636973,-0.05393314943636973,0.0
3,298,36.702761951274255,32.232071122194014,0.20957860083842128,-0.20957860083842128,0.0
3,299,36.71595538993867,32.2188776835296,0.05429017244988721,-0.05429017244988721,0.0
3,300,36.71697117679011,32.21786189667816,-0.033974435421171734,0.033974435421171734,0.0
3,301,36.71628339969996,32.21854967376834,0.02021889361791196,-0.02021889361791196,0.0
3,302,36.730362303144744,32.20447077032355,0.26135917527787633,-0.26135917527787633,0.0
3,303,36.771142233867494,32.163690839600804,0.5542394391772785,-0.5542394391772785,0.0
3,304,36.83312417186741,32.10170890160086,0.6853993208215723,-0.6853993208215723,0.0
3,305,36.8960078913544,32.03882518211387,0.5722750689185325,-0.5722750689185325,0.0
3,306,36.944706943550074,31.990126129918167,0.40170597499549743,-0.40170597499549743,0.0
3,307,36.981284408514426,31.953548664953814,0.3298433242914154,-0.3298433242914154,0.0
3,308,37.00306321710528,31.931769856362934,0.10573284752623202,-0.10573284752623202,0.0
3,309,37.02786348162084,31.906969591847343,0.3902724427848554,-0.3902724427848554,0.0
3,310,37.05911878084294,31.875714292625247,0.23483354165737502,-0.23483354165737502,0.0
3,311,37.07163131066579,31.86320176280242,0.015417054799549135,-0.015417054799549135,0.0
3,312,37.072905802776575,31.861927270691666,0.010072787415662532,-0.010072787415662532,0.0
3,313,37.08006603362628,31.85476703984196,0.133131829578792,-0.133131829578792,0.0
3,314,37.084671461595974,31.850161611872267,-0.04102327018461871,0.04102327018461871,0.0
3,315,37.07243465265975,31.86239842080846,-0.2037129085392202,0.2037129085392202,0.0
3,316,37.04423270681053,31.890600366657708,-0.36032600844553286,0.36032600844553286,0.0
3,317,37.008918964835686,31.925914108632583,-0.34594883105178287,0.34594883105178287,0.0
3,318,36.959857991021295,31.974975082446974,-0.6352706452356811,0.6352706452356811,0.0
3,319,36.897877904510835,32.036955168957405,-0.6043310849729551,0.6043310849729551,0.0
3,320,36.85032361521604,32.0845094582522,-0.34675470092281735,0.34675470092281735,0.0
3,321,36.809392809657425,32.125440263810816,-0.4718614102494678,0.4718614102494678,0.0
3,322,36.75706338738797,32.17776968608027,-0.5747270351396905,0.5747270351396905,0.0
3,323,36.68942104857706,32.24541202489118,-0.7781197410784655,0.7781197410784655,0.0
3,324,36.62163613537194,32.313196938096326,-0.5775785230242638,0.5775785230242638,0.0
3,325,36.56999548893714,32.36483758453116,-0.45523440567219886,0.45523440567219886,0.0
3,326,36.5143639514979,32.4204691219704,-0.6573963431127732,0.6573963431127732,0.0
3,327,36.44340731033526,32.491425763133066,-0.7617364801402955,0.7617364801402955,0.0
3,328,36.35263777743427,32.58219529603406,-1.0536541778793538,1.0536541778793538,0.0
3,329,36.2563685571734,32.67846451629495,-0.8717302273383352,0.8717302273383352,0.0
3,330,36.1603204268182,32.77451264665015,-1.0492323797655319,1.0492323797655319,0.0
3,331,36.05863530694046,32.876197766527866,-0.9844700177888148,0.9844700177888148,0.0
3,332,35.95749600078727,32.97733707268108,-1.0383161052752818,1.0383161052752818,0.0
3,333,35.8387255159646,33.09610755750373,-1.337093591177604,1.337093591177604,0.0
3,334,35.70589087787482,33.228942195593504,-1.319599170617722,1.319599170617722,0.0
3,335,35.58865820347461,33.34617486999372,-1.0250543173864397,1.0250543173864397,0.0
3,336,35.480945143677616,33.45388792979071,-1.129206878553327,1.129206878553327,0.0
3,337,35.36228204473275,33.572551028735575,-1.244055100343794,1.244055100343794,0.0
3,338,35.22697619512894,33.707856878339356,-1.462061891731941,1.462061891731941,0.0
3,339,35.08210843902759,33.852724634440676,-1.4352932302945574,1.4352932302945574,0.0
3,340,34.9359832612696,33.99884981219867,-1.4872103248651847,1.4872103248651847,0.0
3,341,34.7745491184034,34.16028395506487,-1.7414725324585953,1.7414725324585953,0.0
3,342,34.595030124508526,34.33980294895974,-1.8489073454388967,1.8489073454388967,0.0
3,343,34.40367396926763,34.53115910420064,-1.978215759378755,1.978215759378755,0.0
3,344,34.20866465442896,34.72616841903931,-1.9219705373944747,1.9219705373944747,0.0
3,345,34.020741924001186,34.914091149467055,-1.8364840711604513,1.8364840711604513,0.0
3,346,33.83856397937757,35.09626909409067,-1.807074821311728,1.807074821311728,0.0
3,347,33.66641122385511,35.26842184961316,-1.6359802891377626,1.6359802891377626,0.0
3,348,33.511601725111404,35.42323134835689,-1.4602096857365927,1.4602096857365927,0.0
3,349,33.36439262070667,35.57044045276163,-1.4839724023583392,1.4839724023583392,0.0
3,350,33.20418668034711,35.73064639312122,-1.7201464048331347,1.7201464048331347,0.0
3,351,33.03901469890019,35.89581837456814,-1.5832932241050637,1.5832932241050637,0.0
3,352,32.880098657770816,36.05473441569751,-1.5950275984823694,1.5950275984823694,0.0
3,353,32.7345088736534,36.20032419981493,-1.3167680838661475,1.3167680838661475,0.0
3,354,32.615364640317296,36.31946843315103,-1.066116582856064,1.066116582856064,0.0
3,355,32.502695611575064,36.43213746189326,-1.1872639919885453,1.1872639919885453,0.0
3,356,32.38066137050055,36.55417170296778,-1.2534208295016542,1.2534208295016542,0.0
3,357,32.26081622194022,36.67401685152811,-1.1434821417050038,1.1434821417050038,0.0
3,358,32.14671105289972,36.78812202056861,-1.138621239104439,1.138621239104439,0.0
3,359,32.039077070753024,36.8957560027153,-1.0140584038298606,1.0140584038298606,0.0
3,360,31.951828981006088,36.98300409246224,-0.7309033911086642,0.7309033911086642,0.0
3,361,31.864717768270566,37.07011530519776,-1.0113208636014095,1.0113208636014095,0.0
3,362,31.759396291221094,37.17543678224723,-1.0951086773874508,1.0951086773874508,0.0
3,363,31.64153993511769,37.293293138350634,-1.2620184446803338,1.2620184446803338,0.0
3,364,31.530023962242296,37.40480911122603,-0.9683010128277614,0.9683010128277614,0.0
3,365,31.431922342204018,37.50291073126431,-0.9937313879381149,0.9937313879381149,0.0
3,366,31.34366262624451,37.59117044722382,-0.7714629312520795,0.7714629312520795,0.0
3,367,31.257748766370298,37.67708430709803,-0.9468142662322716,0.9468142662322716,0.0
3,368,31.15842093046922,37.776412142999106,-1.0397424517893876,1.0397424517893876,0.0
3,369,31.04217838701163,37.892654686456694,-1.285108417362121,1.285108417362121,0.0
3,370,30.915015132287067,38.01981794118126,-1.2581566771293984,1.2581566771293984,0.0
3,371,30.79928208261515,38.135550990853176,-1.05650431630887,1.05650431630887,0.0
3,372,30.689275974757777,38.24555709871055,-1.1436178408390525,1.1436178408390525,0.0
3,373,30.58924026820341,38.345592805264914,-0.8570962902486947,0.8570962902486947,0.0
3,374,30.503310301471004,38.43152277199732,-0.861503044399357,0.861503044399357,0.0
3,375,30.423732288118458,38.51110078534987,-0.7300572226512934,0.7300572226512934,0.0
3,376,30.36385277661401,38.570980296854316,-0.4675330074373205,0.4675330074373205,0.0
3,377,30.30592030668015,38.628912766788176,-0.6911163912402865,0.6911163912402865,0.0
3,378,30.237618727156587,38.69721434631174,-0.674915199230715,0.674915199230715,0.0
3,379,30.181014784075046,38.75381828939328,-0.4571636624004114,0.4571636624004114,0.0
3,380,30.14775209598514,38.787080977483186,-0.20809009939712908,0.20809009939712908,0.0
3,381,30.117275465049715,38.81755760841861,-0.4014425193115052,0.4014425193115052,0.0
3,382,30.086831150183684,38.84800192328464,-0.2074437780085976,0.2074437780085976,0.0
3,383,30.058144280245756,38.87668879322257,-0.3662936207496905,0.3662936207496905,0.0
3,384,30.03069887599412,38.90413419747421,-0.18261446428240902,0.18261446428240902,0.0
3,385,29.99897191989743,38.9358611535709,-0.4519246576508982,0.4519246576508982,0.0
3,386,29.961473660213073,38.97335941325525,-0.29804053603631875,0.29804053603631875,0.0
3,387,29.926453109655768,39.00837996381256,-0.4023704751099739,0.4023704751099739,0.0
3,388,29.884511780114167,39.05032129335416,-0.4364561157222182,0.4364561157222182,0.0
3,389,29.839598963236256,39.09523411023207,-0.46180022183568514,0.46180022183568514,0.0
3,390,29.784045780204337,39.15078729326399,-0.649263438802298,0.649263438802298,0.0
3,391,29.720383288361518,39.21444978510681,-0.6239863980535061,0.6239863980535061,0.0
3,392,29.654431769064786,39.28040130440354,-0.6950439878811983,0.6950439878811983,0.0
3,393,29.581955880547355,39.35287719292097,-0.7544737824672225,0.7544737824672225,0.0
3,394,29.497885379633544,39.43694769383478,-0.9269362358088182,0.9269362358088182,0.0
3,395,29.407038828968496,39.52779424449983,-0.8899947774921424,0.8899947774921424,0.0
3,396,29.328333374148315,39.60649969932001,-0.6841143189116607,0.6841143189116607,0.0
3,397,29.24929770999057,39.685535363477754,-0.8965989642427719,0.8965989642427719,0.0
3,398,29.147132082152837,39.78770099131549,-1.1467135925123912,1.1467135925123912,0.0
3,399,29.06098600752648,39.873847065941845,-0.5762079000141354,0.5762079000141354,-5.0
3,400,29.015484116950574,39.91934895651775,-0.33382991150372465,0.33382991150372465,-5.0
3,401,28.97919992075913,39.9556331527092,-0.39185401232511907,0.39185401232511907,0.0
3,402,28.93594290968815,39.998890163780175,-0.473286209094689,0.473286209094689,0.0
3,403,28.904575886493546,40.03025718697478,-0.15405425479751145,0.15405425479751145,-5.0
3,404,28.8863831351336,40.04844993833473,-0.20980077240070738,0.20980077240070738,0.0
3,405,28.861199221955076,40.07363385151325,-0.2938774911692734,0.2938774911692734,0.0
3,406,28.829962147808658,40.10487092565967,-0.33086399175856673,0.33086399175856673,0.0
3,407,28.824003922082568,40.11082915138576,0.21169947723658833,-0.21169947723658833,-5.0
3,408,28.85569236585843,40.079140707609895,0.42206939828076084,-0.42206939828076084,0.0
3,409,28.898185418454602,40.036647655013724,0.42779165364297445,-0.42779165364297445,0.0
3,410,28.94432196314756,39.99051111032077,0.49493924021609015,-0.49493924021609015,0.0
3,411,28.9953517684948,39.939481304973526,0.5256568667285002,-0.5256568667285002,0.0
3,412,29.041722947008964,39.89311012645936,0.4017667035550847,-0.4017667035550847,0.0
3,413,29.074149507937705,39.86068356553062,0.2467645150203568,-0.2467645150203568,0.0
3,414,29.10558160634821,39.829251467120116,0.3818774531895244,-0.3818774531895244,0.0
3,415,29.139853378521593,39.79497969494673,0.3035579902781329,-0.3035579902781329,0.0
3,416,29.168694938931537,39.76613813453679,0.2732732179205408,-0.2732732179205408,0.0
3,417,29.189628511905653,39.74520456156267,0.14539824156176273,-0.14539824156176273,0.0
3,418,29.19979290002317,39.73504017344516,0.05788952078885945,-0.05788952078885945,0.0
3,419,29.19934964405263,39.735483429415694,-0.06675464019889521,0.06675464019889521,0.0
3,420,29.179901268151525,39.7549318053168,-0.32221287782337615,0.32221287782337615,0.0
3,421,29.146178841496123,39.7886542319722,-0.3522356552842698,0.3522356552842698,0.0
3,422,29.110720630793992,39.824112442674334,-0.3569285587582183,0.3569285587582183,0.0
3,423,29.080669140492773,39.85416393297555,-0.24410124726582527,0.24410124726582527,0.0
3,424,29.068275205088128,39.8665578683802,-0.0037774608267024945,0.0037774608267024945,0.0
3,425,29.07994218017302,39.854890893295305,0.23711696252500314,-0.23711696252500314,0.0
3,426,29.101024891736756,39.83380818173157,0.18453726874964183,-0.18453726874964183,0.0
3,427,29.13188463502763,39.802948438440694,0.4326575970686335,-0.4326575970686335,0.0
3,428,29.164438402959775,39.77039467050855,0.21841776157486859,-0.21841776157486859,0.0
3,429,29.200216665262758,39.73461640820557,0.49714748448498636,-0.49714748448498636,0.0
3,430,29.24617268361942,39.688660389848906,0.42197288264904564,-0.42197288264904564,0.0
3,431,29.28709826763935,39.647734805828975,0.39653879775041556,-0.39653879775041556,0.0
3,432,29.333130370559502,39.601702702908824,0.524103260653213,-0.524103260653213,0.0
3,433,29.395368756504013,39.53946431696431,0.7206644582374802,-0.7206644582374802,0.0
3,434,29.47643327520501,39.458399798263315,0.900625915782773,-0.900625915782773,0.0
3,435,29.566607803299576,39.36822527016875,0.9028646461085774,-0.9028646461085774,0.0
3,436,29.66724832461375,39.267584748854574,1.1099457801749004,-1.1099457801749004,0.0
3,437,29.785014973680916,39.14981809978741,1.245387201168887,-1.245387201168887,0.0
3,438,29.90606888141525,39.028764192053075,1.1756909535184867,-1.1756909535184867,0.0
3,439,30.03619611218437,38.898636961283955,1.4268536618642784,-1.4268536618642784,0.0
3,440,30.16512147029107,38.76971160317726,1.1516535002695667,-1.1516535002695667,0.0
3,441,30.288692724432906,38.64614034903542,1.3197715825675926,-1.3197715825675926,0.0
3,442,30.427187123562874,38.50764594990545,1.4501164000320097,-1.4501164000320097,0.0
3,443,30.585506659891223,38.3493264135771,1.7162743265355838,-1.7162743265355838,0.0
3,444,30.75815276720931,38.176680306259016,1.7366478198260378,-1.7366478198260378,0.0
3,445,30.94298717866195,37.991845894806374,1.960040409226604,-1.960040409226604,0.0
3,446,31.15392177815079,37.78091129531754,2.258651580550568,-2.258651580550568,0.0
3,447,31.366504465917444,37.56832860755088,1.9930021747829834,-1.9930021747829834,0.0
3,448,31.5780429423815,37.356790131086825,2.2377673544990273,-2.2377673544990273,0.0
3,449,31.797018384981754,37.13781468848657,2.1417414975063984,-2.1417414975063984,0.0
3,450,32.00122478000952,36.9336082934588,1.9423864030491238,-1.9423864030491238,0.0
3,451,32.18294963032855,36.751883443139775,1.6921106033318987,-1.6921106033318987,0.0
3,452,32.3525845700222,36.582248503446124,1.7005881905411444,-1.7005881905411444,0.0
3,453,32.51892901465584,36.41590405881249,1.626300702131683,-1.626300702131683,0.0
3,454,32.67478699155379,36.26004608191454,1.4908588358272228,-1.4908588358272228,0.0
3,455,32.82593887015656,36.10889420331176,1.5321787362289232,-1.5321787362289232,0.0
3,456,32.99023450390126,35.94459856956706,1.7537339386659525,-1.7537339386659525,0.0
3,457,33.16776572549014,35.767067347978184,1.796890493111393,-1.796890493111393,0.0
3,458,33.344574576897855,35.59025849657047,1.7392865350429112,-1.7392865350429112,0.0
3,459,33.525357411097275,35.40947566237105,1.8763701489454725,-1.8763701489454725,0.0
3,460,33.69961857721256,35.235214496255765,1.6088531733610196,-1.6088531733610196,0.0
3,461,33.849354293909016,35.08547877955931,1.3858611605681102,-1.3858611605681102,0.0
3,462,33.99382719063459,34.941005882833736,1.5035967739431904,-1.5035967739431904,0.0
3,463,34.15262944448915,34.782203628979175,1.6724483031483448,-1.6724483031483448,0.0
3,464,34.309036540381726,34.6257965330866,1.4556936147033648,-1.4556936147033648,0.0
3,465,34.439855775315095,34.49497729815323,1.1606910839642905,-1.1606910839642905,0.0
3,466,34.54393954437887,34.39089352908945,0.9209842973115494,-0.9209842973115494,0.0
3,467,34.6441744479439,34.29065862552443,1.0837137739889044,-1.0837137739889044,0.0
3,468,34.74406683852652,34.190766234941805,0.9141340376640734,-0.9141340376640734,0.0
3,469,34.841095401922075,34.09373767154625,1.0264372302476428,-1.0264372302476428,0.0
3,470,34.93929423125604,33.995538842212284,0.9375393564318966,-0.9375393564318966,0.0
3,471,35.0465676282642,33.88826544520413,1.2079285837316105,-1.2079285837316105,0.0
3,472,35.16085800336617,33.77397507010215,1.0778789183084925,-1.0778789183084925,0.0
3,473,35.27729064270568,33.657542430762646,1.250773868482046,-1.250773868482046,0.0
3,474,35.400557350234294,33.53427572323403,1.2145602820910266,-1.2145602820910266,0.0
3,475,35.53418759818982,33.40064547527851,1.4580446770191866,-1.4580446770191866,0.0
3,476,35.68174338022277,33.253089693245556,1.493070963640684,-1.493070963640684,0.0
3,477,35.83663443866135,33.09819863480698,1.6047502051316904,-1.6047502051316904,0.0
3,478,35.99993095194634,32.934902121521986,1.661180060567931,-1.661180060567931,0.0
3,479,36.15856489173416,32.77626818173417,1.511498735188895,-1.511498735188895,0.0
3,480,36.303421145434356,32.63141192803397,1.3856263388156451,-1.3856263388156451,0.0
3,481,36.456656532853344,32.47817654061498,1.6790814095640156,-1.6790814095640156,0.0
3,482,36.6185010971829,32.316331976285426,1.557809877027788,-1.557809877027788,0.0
3,483,36.767555319994585,32.16727775347374,1.4232745792066934,-1.4232745792066934,0.0
3,484,36.91671014226171,32.01812293120662,1.559821866136189,-1.559821866136189,0.0
3,485,37.08478046897784,31.850052604490486,1.8015846681863312,-1.8015846681863312,0.0
3,486,37.27273297300172,31.662100100466603,1.957465412291377,-1.957465412291377,0.0
3,487,37.46026996011739,31.47456311335094,1.7932743300218537,-1.7932743300218537,0.0
3,488,37.64025757322281,31.294575500245514,1.8064779320873932,-1.8064779320873932,0.0
3,489,37.8076801271248,31.12715294634353,1.541973145952099,-1.541973145952099,0.0
3,490,37.96482358178838,30.970009491679946,1.6008959473202502,-1.6008959473202502,0.0
3,491,38.1155971331313,30.819235940337023,1.4145750795388885,-1.4145750795388885,0.0
3,492,38.26873769471217,30.666095378756154,1.6482361520785416,-1.6482361520785416,0.0
3,493,38.43359882527045,30.501234248197875,1.6489864590877596,-1.6489864590877596,0.0
3,494,38.603097176406834,30.331735897061492,1.7409805636407638,-1.7409805636407638,0.0
3,495,38.7909805436737,30.14385252979463,2.016686781696899,-2.016686781696899,0.0
3,496,38.988073270375935,29.94675980309239,1.925167752348301,-1.925167752348301,0.0
3,497,39.17690992794638,29.757923145521943,1.8515653990612,-1.8515653990612,3.0
3,498,39.36184334843716,29.572989725031164,1.8471030107543207,-1.8471030107543207,3.0
3,499,39.54615430922496,29.388678764243366,1.8391162050013312,-1.8391162050013312,3.0
3,500,39.7144953586382,29.220337714830123,1.527704783262557,-1.527704783262557,3.0
3,501,39.84327727923505,29.091555794233273,1.0479336286741985,-1.0479336286741985,3.0
3,502,39.9264467904199,29.008386283048424,0.6154565950227742,-0.6154565950227742,3.0
3,503,39.96661785403887,28.968215219429453,0.18796467735689326,-0.18796467735689326,3.0
3,504,39.97746883215888,28.95736424130945,0.02905488504324083,-0.02905488504324083,0.0
3,505,39.98401352537098,28.950819548097343,0.10183897919902307,-0.10183897919902307,0.0
3,506,39.98903541003773,28.945797663430596,-0.0014012858642136194,0.0014012858642136194,0.0
3,507,40.00255763089166,28.932275442576668,0.27184570294225097,-0.27184570294225097,0.0
3,508,40.03949865219067,28.895334421277653,0.4669747230375041,-0.4669747230375041,0.0
3,509,40.074628144222004,28.860204929246322,0.23561511758894582,-0.23561511758894582,0.0
3,510,40.09222888058821,28.842604192880117,0.116399609734545,-0.116399609734545,3.0
3,511,40.095842081790636,28.83899099167769,-0.04413558568512599,0.04413558568512599,0.0
3,512,40.09337654302681,28.84145653044152,-0.00517518959110852,0.00517518959110852,0.0
3,513,40.081609999474324,28.853223073994002,-0.23015568145785714,0.23015568145785714,0.0
3,514,40.04854543497578,28.886287638492547,-0.43113560851261923,0.43113560851261923,0.0
3,515,40.00977365622941,28.925059417238913,-0.3442999664139901,0.3442999664139901,0.0
3,516,39.97439644955779,28.96043662391054,-0.3632441670178981,0.3632441670178981,0.0
3,517,39.93897335024678,28.995859723221542,-0.3452178192020181,0.3452178192020181,0.0
3,518,39.902794494308864,29.03203857915946,-0.37835929955610403,0.37835929955610403,0.0
3,519,39.878881532418916,29.05595154104941,-0.0998999382426291,0.0998999382426291,0.0
3,520,39.87479061904679,29.060042454421534,0.018081670801020522,-0.018081670801020522,0.0
3,521,39.88768013763945,29.047152935828876,0.23970870105250874,-0.23970870105250874,0.0
3,522,39.91773846404266,29.01709460942567,0.3614578270116038,-0.3614578270116038,0.0
3,523,39.946990399079425,28.9878426743889,0.22358087372404079,-0.22358087372404079,0.0
3,524,39.95471812916901,28.980114944299316,-0.06902627193227318,0.06902627193227318,0.0
3,525,39.95408105722288,28.980752016245447,0.05628483301035203,-0.05628483301035203,0.0
3,526,39.962689424158725,28.9721436493096,0.11588250570754965,-0.11588250570754965,0.0
3,527,39.963829865421246,28.97100320804708,-0.09307368045661768,0.09307368045661768,0.0
3,528,39.94656276836031,28.988270305108017,-0.2522682607621043,0.2522682607621043,0.0
3,529,39.9066374655485,29.028195607919827,-0.5462377954739797,0.5462377954739797,0.0
3,530,39.857998636808304,29.07683443666002,-0.4265387793296398,0.4265387793296398,0.0
3,531,39.80398334521675,29.130849728251576,-0.6537670525013484,0.6537670525013484,0.0
3,532,39.724671054123746,29.21016201934458,-0.9324787693578278,0.9324787693578278,0.0
3,533,39.63756655167066,29.297266521797667,-0.8096112797029562,0.8096112797029562,0.0
3,534,39.558970619569834,29.375862453898492,-0.7623073623132512,0.7623073623132512,0.0
3,535,39.481114084523256,29.45371898894507,-0.7948233386181052,0.7948233386181052,0.0
3,536,39.40657040290404,29.52826267056429,-0.6960502937653583,0.6960502937653583,0.0
3,537,39.33380901308641,29.601024060381917,-0.7591775025870442,0.7591775025870442,0.0
3,538,39.24533250544886,29.68950056801947,-1.0103526501632647,1.0103526501632647,0.0
3,539,39.134936297136846,29.79989677633148,-1.1975715160759286,1.1975715160759286,0.0
3,540,39.009244720527306,29.92558835294102,-1.3162600161141533,1.3162600161141533,0.0
3,541,38.864654510731555,30.07017856273677,-1.575544179800894,1.575544179800894,0.0
3,542,38.707665551823254,30.22716752164507,-1.5642349983642339,1.5642349983642339,0.0
3,543,38.54106745185675,30.39376562161158,-1.7677270009654427,1.7677270009654427,0.0
3,544,38.36784667180439,30.56698640166394,-1.6966886000813322,1.6966886000813322,0.0
3,545,38.19013192707172,30.744701146396608,-1.8576062945709753,1.8576062945709753,0.0
3,546,38.012987882197706,30.92184519127062,-1.6852746029084482,1.6852746029084482,0.0
3,547,37.8444637945903,31.09036927887803,-1.6852071492386758,1.6852071492386758,0.0
3,548,37.678354441130296,31.25647863233803,-1.6369799199602966,1.6369799199602966,0.0
3,549,37.52910196424409,31.405731109224234,-1.3480696177634481,1.3480696177634481,0.0
3,550,37.402904089562185,31.53192898390614,-1.1758878758739577,1.1758878758739577,0.0
3,551,37.293402311868704,31.641430761599622,-1.0141476779946794,1.0141476779946794,0.0
3,552,37.20200030287606,31.732832770592267,-0.8138925018581249,0.8138925018581249,0.0
3,553,37.1181131040629,31.816719969405426,-0.8638514744042558,0.8638514744042558,0.0
3,554,37.02608739164066,31.908745681827668,-0.9766627740404124,0.9766627740404124,0.0
3,555,36.9303537387612,32.00447933470713,-0.9380102835480661,0.9380102835480661,0.0
3,556,36.83254478945645,32.10228828401188,-1.0181687025463466,1.0181687025463466,0.0
3,557,36.742492594706846,32.19234047876148,-0.7828751924448243,0.7828751924448243,0.0
3,558,36.64926725660018,32.28556581686814,-1.0816315696884402,1.0816315696884402,0.0
3,559,36.55194280545771,32.38289026801061,-0.8648574531601607,0.8648574531601607,0.0
3,560,36.454860078968295,32.47997299450003,-1.0767970766272823,1.0767970766272823,0.0
3,561,36.36073890459022,32.574094168878105,-0.8056264109334856,0.8056264109334856,0.0
3,562,36.2874223041938,32.64741076927453,-0.6607055969948137,0.6607055969948137,0.0
3,563,36.22708061343195,32.707752460036374,-0.5461282182418756,0.5461282182418756,0.0
3,564,36.157606232097635,32.77722684137069,-0.8433594084439697,0.8433594084439697,0.0
3,565,36.07878897421233,32.856044099255996,-0.7329857492618057,0.7329857492618057,0.0
3,566,35.99699496463779,32.93783810883053,-0.9028944422282281,0.9028944422282281,0.0
3,567,35.89559961521098,33.03923345825734,-1.125012546306909,1.125012546306909,0.0
3,568,35.78737166642293,33.1474614070454,-1.0395464294536936,1.0395464294536936,0.0
3,569,35.68470315090286,33.25012992256546,-1.0138238809475109,1.0138238809475109,0.0
3,570,35.57583140671528,33.359001666753045,-1.1636110028039814,1.1636110028039814,0.0
3,571,35.448540229162745,33.48629284430558,-1.382212548246721,1.382212548246721,0.0
3,572,35.324552903358665,33.61028017010966,-1.0975339678346332,1.0975339678346332,0.0
3,573,35.22208495702483,33.71274811644349,-0.9518249588414402,0.9518249588414402,0.0
3,574,35.11502758696321,33.81980548650512,-1.1893224423901785,1.1893224423901785,0.0
3,575,34.995848991202365,33.93898408226596,-1.1942494728257804,1.1942494728257804,0.0
3,576,34.865688974983584,34.06914409848474,-1.408950851549256,1.408950851549256,0.0
3,577,34.73629482022295,34.198538253245374,-1.178932243663386,1.178932243663386,0.0
3,578,34.6093064494342,34.325526624034126,-1.3608351721108622,1.3608351721108622,0.0
3,579,34.47864780081022,34.456185272658104,-1.2523378003676342,1.2523378003676342,0.0
3,580,34.36646761497269,34.568365458495634,-0.9912659163821544,0.9912659163821544,0.0
3,581,34.252835643643664,34.68199742982466,-1.2813735101977484,1.2813735101977484,0.0
3,582,34.1230456649115,34.811787408556825,-1.3144260644454988,1.3144260644454988,0.0
3,583,33.99594053170159,34.938892541766734,-1.2276765997517316,1.2276765997517316,0.0
3,584,33.8693949218507,35.06543815161763,-1.303235597265874,1.303235597265874,0.0
3,585,33.74781175283664,35.187021320631686,-1.1284277830144838,1.1284277830144838,0.0
3,586,33.633308976133776,35.30152409733455,-1.1616277510423743,1.1616277510423743,0.0
3,587,33.50452462746506,35.43030844600327,-1.4140592223310327,1.4140592223310327,0.0
3,588,33.37078930480004,35.564043768668284,-1.2606472309687122,1.2606472309687122,0.0
3,589,33.24522387561501,35.689609197853315,-1.250661352731429,1.250661352731429,0.0
3,590,33.11463403881146,35.820199034656866,-1.3611353833395228,1.3611353833395228,0.0
3,591,32.96412382860643,35.970709244861894,-1.6490688207600677,1.6490688207600677,0.0
3,592,32.79352039205196,36.141312681416366,-1.7629999103292073,1.7629999103292073,0.0
3,593,32.62471412776114,36.31011894570719,-1.6131253754864598,1.6131253754864598,0.0
3,594,32.47738578782986,36.457447285638466,-1.3334414231390976,1.3334414231390976,0.0
3,595,32.32905694445395,36.60577612901437,-1.6331354443786399,1.6331354443786399,0.0
3,596,32.16973302495887,36.76510004850945,-1.5533429455230197,1.5533429455230197,0.0
3,597,32.00030869566001,36.934524377808316,-1.8351436404533867,1.8351436404533867,0.0
3,598,31.807680808556995,37.12715226491133,-2.0174141016069473,2.0174141016069473,0.0
3,599,31.59181488531874,37.343018188149586,-2.2999043631580065,2.2999043631580065,0.0
3,600,31.352263835548285,37.58256923792004,-2.491116632250158,2.491116632250158,0.0
3,601,31.11035592640144,37.82447714706689,-2.347041550685814,2.347041550685814,0.0
3,602,30.86764048698757,38.06719258648076,-2.507267237591564,2.507267237591564,0.0
3,603,30.63095212078224,38.303880952686086,-2.2265000865147844,2.2265000865147844,0.0
3,604,30.40170892293935,38.53312415052898,-2.358363870342422,2.358363870342422,0.0
3,605,30.19777601780703,38.73705705566124,-1.7202942323033792,1.7202942323033792,-5.0
3,606,30.055137078063353,38.87969599540497,-1.1324845625711273,1.1324845625711273,-5.0
3,607,29.944182171365412,38.990650902102914,-1.0866135713877698,1.0866135713877698,0.0
3,608,29.84034050134528,39.094492572123045,-0.9902198290144772,0.9902198290144772,0.0
3,609,29.73167068851882,39.203162384949565,-1.1831764275155745,1.1831764275155745,0.0
3,610,29.627889436654527,39.3069436368138,-0.8924486097695858,0.8924486097695858,0.0
3,611,29.550091215933833,39.38474185753449,-0.6635158046442049,0.6635158046442049,0.0
3,612,29.470534402458043,39.46429867101028,-0.9276204648713291,0.9276204648713291,0.0
3,613,29.37479059781839,39.56004247564988,-0.98725562792103,0.98725562792103,0.0
3,614,29.27343318516421,39.66139988830412,-1.0398926251635165,1.0398926251635165,0.0
3,615,29.20897758825498,39.7258554852134,-0.24921931302162115,0.24921931302162115,-5.0
3,616,29.17130737063013,39.76352570283825,-0.5041850394754199,0.5041850394754199,0.0
3,617,29.123825949197624,39.8110071242707,-0.44544338917402193,0.44544338917402193,0.0
3,618,29.067897226124444,39.86693584734388,-0.6731310722894186,0.6731310722894186,0.0
3,619,28.986879481015933,39.94795359245245,-0.9472238298820832,0.9472238298820832,0.0
3,620,28.921005614247008,40.013827459221375,-0.3702535054962901,0.3702535054962901,-5.0
3,621,28.894693556966104,40.04013951650222,-0.15598764012079336,0.15598764012079336,-5.0
3,622,28.892775861967095,40.042057211501174,0.11763374014213834,-0.11763374014213834,0.0
3,623,28.915366905733777,40.019466167734436,0.3341871351930221,-0.3341871351930221,0.0
3,624,28.950105583686707,39.984727489781505,0.36058642386568085,-0.36058642386568085,0.0
3,625,28.980165359623697,39.954667713844515,0.2406090948747659,-0.2406090948747659,0.0
3,626,29.00742039320511,39.9274126802631,0.30449157675363026,-0.30449157675363026,0.0
3,627,29.034234626524494,39.90059844694366,0.2317930896351701,-0.2317930896351701,0.0
3,628,29.046903068368294,39.88793000509992,0.021575747240309973,-0.021575747240309973,0.0
3,629,29.04020990030881,39.89462317315946,-0.1554391084303708,0.1554391084303708,0.0
3,630,29.01012253354787,39.9247105399204,-0.44630822678738724,0.44630822678738724,0.0
3,631,28.970004673070093,39.96482840039812,-0.3560489827668789,0.3560489827668789,0.0
3,632,28.939692140110367,39.995140933357845,-0.250201676427003,0.250201676427003,0.0
3,633,28.90463124525843,40.03020182820978,-0.4510162206112174,0.4510162206112174,0.0
3,634,28.86338929060304,40.071443782865174,-0.3738228724964632,0.3738228724964632,0.0
3,635,28.841024142008052,40.09380893146016,-0.07348009940289568,0.07348009940289568,-5.0
3,636,28.819245630016496,40.11558744345177,-0.362090140428891,0.362090140428891,0.0
3,637,28.78725072136632,40.147582352102006,-0.27780803257502384,0.27780803257502384,0.0
3,638,28.795267175404206,40.13956589806412,0.43813711333229044,-0.43813711333229044,-5.0
3,639,28.84475348173902,40.09007959172936,0.5515890133632588,-0.5515890133632588,0.0
3,640,28.905665707659523,40.0291673658088,0.666655505047899,-0.666655505047899,0.0
3,641,28.95969235254455,39.97514072092383,0.41387739265177803,-0.41387739265177803,0.0
3,642,28.999027686482464,39.93580538698586,0.3728292861076117,-0.3728292861076117,0.0
3,643,29.030019944750563,39.90481312871776,0.2470158792541266,-0.2470158792541266,0.0
3,644,29.05675201651627,39.878081056952055,0.2876255560605232,-0.2876255560605232,0.0
3,645,29.081943977246112,39.85288909622216,0.21621365853695096,-0.21621365853695096,0.0
3,646,29.111950796548967,39.822882276919245,0.3839227275212709,-0.3839227275212709,0.0
3,647,29.1373897957414,39.79744327772681,0.12485725632783495,-0.12485725632783495,0.0
3,648,29.151839080999594,39.78299399246856,0.16412844883718058,-0.16412844883718058,0.0
3,649,29.168943068879685,39.76589000458853,0.17795130876269916,-0.17795130876269916,0.0
3,650,29.18698535171586,39.74784772175235,0.1828943479600751,-0.1828943479600751,0.0
3,651,29.200391781760118,39.734441291708094,0.08523425292445452,-0.08523425292445452,0.0
3,652,29.214945552478298,39.71988752098986,0.20584116143909625,-0.20584116143909625,0.0
3,653,29.248182498851975,39.68665057461618,0.45889776603300003,-0.45889776603300003,0.0
3,654,29.304367111205238,39.63046596226292,0.6647944810309028,-0.6647944810309028,0.0
3,655,29.375726632731926,39.55910644073629,0.7623959495006316,-0.7623959495006316,0.0
3,656,29.463942789445355,39.47089028402286,1.0019271847669353,-1.0019271847669353,0.0
3,657,29.568241732034153,39.36659134143406,1.0840516670077154,-1.0840516670077154,0.0
3,658,29.68645306378812,39.24838000968009,1.2801749680701162,-1.2801749680701162,0.0
3,659,29.81207366935996,39.122759404108194,1.2322371433661559,-1.2322371433661559,0.0
3,660,29.942888755354375,38.99194431811378,1.3840645765204798,-1.3840645765204798,0.0
3,661,30.073633094328557,38.861199979139656,1.2308222029612255,-1.2308222029612255,0.0
3,662,30.210196737680462,38.72463633578775,1.500450664075764,-1.500450664075764,0.0
3,663,30.353526224819575,38.581306848648694,1.3661390787045589,-1.3661390787045589,0.0
3,664,30.47699680475489,38.45783626871332,1.1032725200014442,-1.1032725200014442,0.0
3,665,30.59325756532894,38.34157550813927,1.2219426914781586,-1.2219426914781586,0.0
3,666,30.722736273816963,38.21209679965119,1.3676314782821324,-1.3676314782821324,0.0
3,667,30.86831326950437,38.06651980396373,1.543908435465993,-1.543908435465993,0.0
3,668,31.00796329438731,37.92686977908079,1.2490920621913597,-1.2490920621913597,0.0
3,669,31.132928201459094,37.801904872009004,1.2502060792434913,-1.2502060792434913,0.0
3,670,31.26546569386312,37.66936737960492,1.4005437688368847,-1.4005437688368847,0.0
3,671,31.406926499765177,37.527906573702865,1.4286723492034596,-1.4286723492034596,0.0
3,672,31.554929527978175,37.379903545489924,1.5313882150542701,-1.5313882150542701,0.0
3,673,31.706266364187968,37.22856670928013,1.4953485091409524,-1.4953485091409524,0.0
3,674,31.84514400910666,37.08968906436144,1.2822043892323869,-1.2822043892323869,0.0
3,675,31.988291234847452,36.94654183862065,1.5807401255824365,-1.5807401255824365,0.0
3,676,32.144594909832904,36.79023816363525,1.545333374124418,-1.545333374124418,0.0
3,677,32.30854745406339,36.62628561940477,1.7337175104844587,-1.7337175104844587,0.0
3,678,32.48958375004247,36.445249323425685,1.8870084090962163,-1.8870084090962163,0.0
3,679,32.66743170613256,36.26740136733565,1.669950712703745,-1.669950712703745,0.0
3,680,32.83609130619732,36.09874176727084,1.7032412885912134,-1.7032412885912134,0.0
3,681,32.99272794182957,35.94210513163853,1.4294914240535137,-1.4294914240535137,0.0
3,682,33.133129924478,35.80170314899004,1.3785482289147142,-1.3785482289147142,0.0
3,683,33.270315061077554,35.66451801239043,1.3651545030763836,-1.3651545030763836,0.0
3,684,33.400870175608816,35.533962897859226,1.245947787546747,-1.245947787546747,0.0
3,685,33.5154694817445,35.41936359172354,1.046038335165723,-1.046038335165723,0.0
3,686,33.61982714739361,35.31500592607438,1.041114977815914,-1.041114977815914,0.0
3,687,33.733096321568496,35.20173675189949,1.2242685056804792,-1.2242685056804792,0.0
3,688,33.863010172890995,35.07182290057705,1.3740085207676618,-1.3740085207676618,0.0
3,689,33.99787551790325,34.936957555564845,1.3232983794755064,-1.3232983794755064,0.0
3,690,34.115838826811455,34.818994246656644,1.0359677986873423,-1.0359677986873423,0.0
3,691,34.20958651368369,34.72524655978441,0.8389859387559753,-0.8389859387559753,0.0
3,692,34.28457729149545,34.6502557819727,0.660829617477158,-0.660829617477158,0.0
3,693,34.34314345429618,34.59168961917203,0.5104936385354293,-0.5104936385354293,0.0
3,694,34.37983480100502,34.55499827246325,0.22333329563919602,-0.22333329563919602,0.0
3,695,34.40203470561278,34.53279836785549,0.22066479651494753,-0.22066479651494753,0.0
3,696,34.416227080965086,34.51860599250324,0.06318271052926328,-0.06318271052926328,0.0
3,697,34.42062706609295,34.51420600737532,0.024816992027653306,-0.024816992027653306,0.0
3,698,34.42785405567781,34.50697901779046,0.1197227996682173,-0.1197227996682173,0.0
3,699,34.437558926457086,34.49727414701124,0.07437461591524741,-0.07437461591524741,0.0
3,700,34.448501739863104,34.48633133360522,0.14448165220413323,-0.14448165220413323,0.0
3,701,34.4532130441421,34.48162002932622,-0.05025556662577557,0.05025556662577557,0.0
3,702,34.44156142768668,34.49327164578159,-0.18277676248318642,0.18277676248318642,0.0
3,703,34.435834829297164,34.49899824417105,0.06824479469287503,-0.06824479469287503,0.0
3,704,34.455101233536766,34.479731839931446,0.31708329009833847,-0.31708329009833847,0.0
3,705,34.47347607071163,34.461357002756586,0.05041345339797765,-0.05041345339797765,0.0
3,706,34.46917901452616,34.46565405894205,-0.13635457710887788,0.13635457710887788,0.0
3,707,34.44346291824229,34.491370155225866,-0.37796734856867786,0.37796734856867786,0.0
3,708,34.40844144868959,34.52639162477857,-0.32246204248607935,0.32246204248607935,0.0
3,709,34.382740607946516,34.55209246552164,-0.19155477237609198,0.19155477237609198,0.0
3,710,34.365986905236696,34.56884616823146,-0.14351928182177875,0.14351928182177875,0.0
3,711,34.36452417726673,34.570308896201425,0.11426472242145014,-0.11426472242145014,0.0
3,712,34.36290544321025,34.57192763025796,-0.14663940355282534,0.14663940355282534,0.0
3,713,34.342251933865214,34.592581139603,-0.26643078334862924,0.26643078334862924,0.0
3,714,34.31152291837918,34.62331015508909,-0.3481495263739012,0.3481495263739012,0.0
3,715,34.272879651299036,34.66195342216929,-0.4247158152307797,0.4247158152307797,0.0
3,716,34.228788730044926,34.7060443434234,-0.4571026098532691,0.4571026098532691,0.0
3,717,34.195743386919844,34.73908968654848,-0.2038042526497632,0.2038042526497632,0.0
3,718,34.184219183677556,34.75061388979077,-0.026679812196329422,0.026679812196329422,0.0
3,719,34.180553318824764,34.75427975464356,-0.046637484860234224,0.046637484860234224,0.0
3,720,34.165580284177736,34.76925278929059,-0.25282320808161174,0.25282320808161174,0.0
3,721,34.138941426012025,34.7958916474563,-0.2799539552341752,0.2799539552341752,0.0
3,722,34.121588669794846,34.81324440367348,-0.06710116911075126,0.06710116911075126,0.0
3,723,34.12657114724516,34.80826192622317,0.16675071811489506,-0.16675071811489506,0.0
3,724,34.13538054954938,34.799452523918944,0.009437327969402887,-0.009437327969402887,0.0
3,725,34.128971480520704,34.80586159294762,-0.13761870854514235,0.13761870854514235,0.0
3,726,34.11716160745675,34.817671466011575,-0.09857875273422856,0.09857875273422856,0.0
3,727,34.1209615268765,34.81387154659183,0.17457714112703027,-0.17457714112703027,0.0
3,728,34.14436664106756,34.79046643240076,0.29352514269278096,-0.29352514269278096,0.0
3,729,34.16353518920869,34.77129788425964,0.08984582012807696,-0.08984582012807696,0.0
3,730,34.162984177656085,34.77184889581224,-0.10086605118049263,0.10086605118049263,0.0
3,731,34.14241473539596,34.792418338072366,-0.3105227940226225,0.3105227940226225,0.0
3,732,34.103995475430565,34.83083759803776,-0.4578624052864555,0.4578624052864555,0.0
3,733,34.06830886918476,34.866524204283564,-0.25586971963099714,0.25586971963099714,0.0
3,734,34.03036285363157,34.90447021983675,-0.503050591433599,0.503050591433599,0.0
3,735,33.98897110153132,34.945861971937006,-0.3247844505715829,0.3247844505715829,0.0
3,736,33.963255840327406,34.97157723314092,-0.18952077350765162,0.18952077350765162,0.0
3,737,33.949249205360275,34.98558386810805,-0.09061192583613309,0.09061192583613309,0.0
3,738,33.94902412940587,34.985808944062455,0.0861104067466485,-0.0861104067466485,0.0
3,739,33.96225393219743,34.9725791412709,0.17848564908238185,-0.17848564908238185,0.0
3,740,33.987485538708256,34.94734753476007,0.32614648113226874,-0.32614648113226874,0.0
3,741,34.007139354047126,34.9276937194212,0.0669298256435562,-0.0669298256435562,0.0
3,742,34.011912148848296,34.92292092462003,0.02852607037929822,-0.02852607037929822,0.0
3,743,34.01968856589406,34.91514450757427,0.1270022705351579,-0.1270022705351579,0.0
3,744,34.02302746857117,34.911805604897154,-0.06022421699337954,0.06022421699337954,0.0
3,745,34.01435275523545,34.920480318232876,-0.11327004972280807,0.11327004972280807,0.0
3,746,34.00881981740315,34.926013256065175,0.0026112930756241326,-0.0026112930756241326,0.0
3,747,34.01612345079104,34.918709622677284,0.1434613746815474,-0.1434613746815474,0.0
3,748,34.03468791580303,34.90014515766529,0.22782792555735032,-0.22782792555735032,0.0
3,749,34.06936244470785,34.86547062876048,0.46566265253872174,-0.46566265253872174,0.0
3,750,34.10397071100397,34.83086236246436,0.22650267338177876,-0.22650267338177876,0.0
3,751,34.115381952041275,34.81945112142705,0.0017221473640951501,-0.0017221473640951501,0.0
3,752,34.12425959182974,34.810573481638585,0.17583064840453488,-0.17583064840453488,0.0
3,753,34.13160673735854,34.80322633610979,-0.02888773782879195,0.02888773782879195,0.0
3,754,34.11696228636788,34.817870787100446,-0.2640012819851263,0.2640012819851263,0.0
3,755,34.101167032967396,34.83366604050093,-0.05190378602558443,0.05190378602558443,0.0
3,756,34.10888916294141,34.82594391052692,0.20634638550451356,-0.20634638550451356,0.0
3,757,34.13629564853625,34.79853742493208,0.3417833263910319,-0.3417833263910319,0.0
3,758,34.155645419570305,34.77918765389802,0.0452120942901173,-0.0452120942901173,0.0
3,759,34.17217671844128,34.76265635502705,0.2854138831290518,-0.2854138831290518,0.0
3,760,34.215243593846594,34.71958947962173,0.5759236249752391,-0.5759236249752391,0.0
3,761,34.267515018361905,34.66731805510642,0.4695048653287621,-0.4695048653287621,0.0
3,762,34.32860927290801,34.606223800560315,0.7523802255920344,-0.7523802255920344,0.0
3,763,34.41595193691421,34.518881136554114,0.9944730545305731,-0.9944730545305731,0.0
3,764,34.50353899984316,34.43129407362517,0.757268204046543,-0.757268204046543,0.0
3,765,34.573108777246944,34.36172429622138,0.6341273440290358,-0.6341273440290358,0.0
3,766,34.64603486454712,34.28879820892121,0.8243944019723282,-0.8243944019723282,0.0
3,767,34.73017853012459,34.204654543343736,0.8584789095765881,-0.8584789095765881,0.0
3,768,34.820153131481106,34.11467994198722,0.9410131175532159,-0.9410131175532159,0.0
3,769,34.90897500867629,34.02585806479203,0.8354244263498618,-0.8354244263498618,0.0
3,770,34.98867522063051,33.946157852837814,0.7585798127336565,-0.7585798127336565,0.0
3,771,35.05187078383938,33.88296228962895,0.5053314514422889,-0.5053314514422889,0.0
3,772,35.11090045736364,33.823932616104685,0.6752620190410612,-0.6752620190410612,0.0
3,773,35.16411898561557,33.77071408785275,0.389108545996784,-0.389108545996784,0.0
3,774,35.19005968386614,33.74477338960219,0.12970541901454258,-0.12970541901454258,0.0
3,775,35.194351938599766,33.74048113486856,-0.04386032434232412,0.04386032434232412,0.0
3,776,35.20272376282173,33.73210931064659,0.21129680878025248,-0.21129680878025248,0.0
3,777,35.232903638472976,33.70192943499535,0.39230070424389396,-0.39230070424389396,0.0
3,778,35.285919214225146,33.64891385924318,0.6680108107991813,-0.6680108107991813,0.0
3,779,35.34512656979746,33.58970650367087,0.5161363006467461,-0.5161363006467461,0.0
3,780,35.39527658441227,33.539556489056054,0.4868639916491526,-0.4868639916491526,0.0
3,781,35.42974101027414,33.50509206319418,0.20242452558707402,-0.20242452558707402,0.0
3,782,35.446392208505245,33.48844086496308,0.13059943903371796,-0.13059943903371796,0.0
3,783,35.46497263817048,33.469860435297846,0.24100915426988223,-0.24100915426988223,0.0
3,784,35.48451255278121,33.450320520687114,0.14978913794387605,-0.14978913794387605,0.0
3,785,35.49378070827322,33.441052365195105,0.03557397189525702,-0.03557397189525702,0.0
3,786,35.485450607733355,33.44938246573497,-0.20217598269267878,0.20217598269267878,0.0
3,787,35.45282316444798,33.48200990902035,-0.4503728830156355,0.4503728830156355,0.0
3,788,35.408568199504884,33.52626487396344,-0.43472641584619254,0.43472641584619254,0.0
3,789,35.351735376881265,33.58309769658706,-0.7019300366277834,0.7019300366277834,0.0
3,790,35.28974469433922,33.645088379129106,-0.5378836142131194,0.5378836142131194,0.0
3,791,35.239904088534104,33.69492898493422,-0.45892850189012524,0.45892850189012524,0.0
3,792,35.18981560828831,33.74501746518001,-0.5428411030275075,0.5428411030275075,0.0
3,793,35.148123719369664,33.78670935409866,-0.29099667534564855,0.29099667534564855,0.0
3,794,35.11343196748214,33.82140110598618,-0.40283836240594617,0.40283836240594617,0.0
3,795,35.06907894626386,33.86575412720447,-0.48422206196193773,0.48422206196193773,0.0
3,796,35.01435859842206,33.92047447504626,-0.6101848948739175,0.6101848948739175,0.0
3,797,34.954076944935764,33.98075612853256,-0.5954481748541065,0.5954481748541065,0.0
3,798,34.89828392514153,34.0365491483268,-0.5204122210309619,0.5204122210309619,0.0
3,799,34.8447509068626,34.090082166605725,-0.5502481445489922,0.5502481445489922,0.0
3,800,34.78921556225146,34.14561751121687,-0.5604587476743301,0.5604587476743301,0.0
3,801,34.72785755304301,34.20697552042532,-0.6667014364954511,0.6667014364954511,0.0
3,802,34.65110144728976,34.283731626178565,-0.8684206785709412,0.8684206785709412,0.0
3,803,34.560999365125895,34.37383370834243,-0.9336209647078855,0.9336209647078855,0.0
3,804,34.46637744651184,34.468455626956484,-0.9588174075746574,0.9588174075746574,0.0
3,805,34.38439072872973,34.5504423447386,-0.6809169480696422,0.6809169480696422,0.0
3,806,34.312619393616046,34.62221367985228,-0.7545097542043901,0.7545097542043901,0.0
3,807,34.23598198760635,34.698851085861975,-0.7782383659916849,0.7782383659916849,0.0
3,808,34.15988208729175,34.77495098617658,-0.7437596403021471,0.7437596403021471,0.0
3,809,34.08648106947487,34.848352003993455,-0.724260716037433,0.724260716037433,0.0
3,810,34.016316684531716,34.91851638893661,-0.6790269828272208,0.6790269828272208,0.0
3,811,33.94941309241199,34.98541998105634,-0.6590448595693914,0.6590448595693914,0.0
3,812,33.89375194183549,35.041081131632836,-0.4541781519608268,0.4541781519608268,0.0
3,813,33.84197422558475,35.092858847883576,-0.5813761730542257,0.5813761730542257,0.0
3,814,33.776460530299914,35.15837254316841,-0.7288977326424524,0.7288977326424524,0.0
3,815,33.709947316754324,35.224885756714,-0.6013665382709181,0.6013665382709181,0.0
3,816,33.652593555494946,35.28223951797338,-0.5457086869174148,0.5457086869174148,0.0
3,817,33.60569127232816,35.32914180114017,-0.39233697642039456,0.39233697642039456,0.0
3,818,33.5675827831044,35.36725029036393,-0.3698328080561879,0.3698328080561879,0.0
3,819,33.53201134726078,35.40282172620755,-0.34159590881732527,0.34159590881732527,0.0
3,820,33.51073564153489,35.42409743193343,-0.08391820570113495,0.08391820570113495,0.0
3,821,33.488254665373915,35.44657840809441,-0.3657013175206423,0.3657013175206423,0.0
3,822,33.45804773662144,35.47678533684689,-0.23843725752899303,0.23843725752899303,0.0
3,823,33.44285612437352,35.491976949094806,-0.06539498742962557,0.06539498742962557,0.0
3,824,33.427642046506094,35.50719102696223,-0.2388865699193552,0.2388865699193552,0.0
3,825,33.40406571428434,35.53076735918398,-0.2326400745175814,0.2326400745175814,0.0
3,826,33.39235564487751,35.542477428590814,-0.0015613136202112798,0.0015613136202112798,0.0
3,827,33.38307769401047,35.55175537945786,-0.18399770372262125,0.18399770372262125,0.0
3,828,33.36148943387968,35.57334363958864,-0.24776749889320815,0.24776749889320815,0.0
3,829,33.35088659200312,35.583946481465205,0.035710661360242035,-0.035710661360242035,0.0
3,830,33.345914835514236,35.58891823795409,-0.1351457911390428,0.1351457911390428,0.0
3,831,33.34230435570248,35.592528717765845,0.06293619490264923,-0.06293619490264923,0.0
3,832,33.35253474596777,35.58229832750055,0.1416716104027449,-0.1416716104027449,0.0
3,833,33.36919205431252,35.565641019155805,0.19147455649189293,-0.19147455649189293,0.0
3,834,33.39967338223414,35.535159691234185,0.418152001939454,-0.418152001939454,0.0
3,835,33.43600564331621,35.49882743015212,0.30849321970020593,-0.30849321970020593,0.0
3,836,33.47133307851436,35.46349999495396,0.3980554842615964,-0.3980554842615964,0.0
3,837,33.50435220423549,35.43048086923284,0.2623270301601517,-0.2623270301601517,0.0
3,838,33.51610198889625,35.41873108457207,-0.02733133694655443,0.02733133694655443,0.0
3,839,33.51932782465428,35.41550524881404,0.09184805210579228,-0.09184805210579228,0.0
3,840,33.530784771149,35.404048302319325,0.1372908777881916,-0.1372908777881916,0.0
3,841,33.53469875245503,35.4001343210133,-0.05901125166895049,0.05901125166895049,0.0
3,842,33.53182124962996,35.40301182383837,0.0014611951661853695,-0.0014611951661853695,0.0
3,843,33.53306348513752,35.40176958833081,0.023383514983101428,-0.023383514983101428,0.0
3,844,33.52420805260692,35.4106250208614,-0.200492165596593,0.200492165596593,0.0
3,845,33.50025593742896,35.434577136039366,-0.2785501379634212,0.2785501379634212,0.0
3,846,33.48356748636286,35.45126558710547,-0.055218883359046345,0.055218883359046345,0.0
3,847,33.49009599929593,35.444737074172394,0.18578914201999286,-0.18578914201999286,0.0
3,848,33.497831678210446,35.43700139525788,-0.031075563730444067,0.031075563730444067,0.0
3,849,33.50297106924495,35.431862004223376,0.13386338441913903,-0.13386338441913903,0.0
3,850,33.50474732520661,35.43008574826172,-0.09833826518695954,0.09833826518695954,0.0
3,851,33.4915548103279,35.44327826314043,-0.1655120323890653,0.1655120323890653,0.0
3,852,33.47067993485507,35.464153138613256,-0.2519854770695593,0.2519854770695593,0.0
3,853,33.45414075845326,35.48069231501506,-0.07879805096821002,0.07879805096821002,0.0
3,854,33.434272711871245,35.50056036159708,-0.318562880672526,0.318562880672526,0.0
3,855,33.414689088385785,35.52014398508254,-0.07310958903727904,0.07310958903727904,0.0
3,856,33.410883579783786,35.52394949368454,-0.0030005830043542403,0.0030005830043542403,0.0
3,857,33.418829378237774,35.51600369523055,0.16191655208236,-0.16191655208236,0.0
3,858,33.43226861948597,35.50256445398236,0.10686827288119982,-0.10686827288119982,0.0
3,859,33.45393601089279,35.480897062575536,0.3264795552530346,-0.3264795552530346,0.0
3,860,33.497657046504855,35.43717602696347,0.547941156986747,-0.547941156986747,0.0
3,861,33.55726393847385,35.377569134994474,0.6441966823918346,-0.6441966823918346,0.0
3,862,33.60713215622479,35.32770091724353,0.3531676726254718,-0.3531676726254718,0.0
3,863,33.63568053159133,35.29915254187699,0.21779983470452535,-0.21779983470452535,0.0
3,864,33.67240700313221,35.26242607033612,0.5167295961109808,-0.5167295961109808,0.0
3,865,33.711049375224434,35.22378369824389,0.2561178457313824,-0.2561178457313824,0.0
3,866,33.739774169385214,35.19505890408311,0.3183780374831189,-0.3183780374831189,0.0
3,867,33.78150830489517,35.15332476857316,0.5163046727159282,-0.5163046727159282,0.0
3,868,33.83200996354299,35.10282310992534,0.4937285002395795,-0.4937285002395795,0.0
3,869,33.89130857688008,35.04352449658825,0.6922437665018046,-0.6922437665018046,0.0
3,870,33.96642469075425,34.968408382714074,0.8100785109795883,-0.8100785109795883,0.0
3,871,34.059653497125055,34.87517957634327,1.0544976164359499,-1.0544976164359499,0.0
3,872,34.166609204337306,34.76822386913102,1.0846165278081061,-1.0846165278081061,0.0
3,873,34.276425201753796,34.65840787171453,1.1117034205214793,-1.1117034205214793,0.0
3,874,34.386960947490024,34.5478721259783,1.0990114942021076,-1.0990114942021076,0.0
3,875,34.48833963823006,34.44649343523827,0.9285623205966242,-0.9285623205966242,0.0
3,876,34.59079524581762,34.34403782765071,1.1205498311526725,-1.1205498311526725,0.0
3,877,34.69126255514493,34.243570518323395,0.8887963553917695,-0.8887963553917695,0.0
3,878,34.77820991574686,34.15662315772147,0.8501508566457536,-0.8501508566457536,0.0
3,879,34.85454772834112,34.08028534512721,0.6766053952389175,-0.6766053952389175,0.0
3,880,34.91890028159253,34.0159327918758,0.6104456697890921,-0.6104456697890921,0.0
3,881,34.98535184176069,33.94948123170764,0.7185855335725426,-0.7185855335725426,0.0
3,882,35.04815817394888,33.88667489951945,0.5375411101908218,-0.5375411101908218,0.0
3,883,35.10372714822131,33.831105925247016,0.5738383752569547,-0.5738383752569547,0.0
3,884,35.153936197490225,33.7808968759781,0.4303426101197605,-0.4303426101197605,0.0
3,885,35.191451707174224,33.7433813662941,0.31996758355965405,-0.31996758355965405,0.0
3,886,35.23316162807066,33.701671445397665,0.5142308343669892,-0.5142308343669892,0.0
3,887,35.27765139464839,33.65718167881994,0.37556449718746876,-0.37556449718746876,0.0
3,888,35.32253709143072,33.61229598203761,0.5221494384590599,-0.5221494384590599,0.0
3,889,35.37893585597101,33.55589721749732,0.6058258523465643,-0.6058258523465643,0.0
3,890,35.44074271862087,33.49409035484746,0.6303114006502257,-0.6303114006502257,0.0
3,891,35.5029027964905,33.43193027697782,0.6128901567407201,-0.6128901567407201,0.0
3,892,35.56574426904717,33.36908880442115,0.6439392943923687,-0.6439392943923687,0.0
3,893,35.63012886184413,33.3047042116242,0.6437525615451021,-0.6437525615451021,0.0
3,894,35.70675629925108,33.22807677421724,0.8887961865930514,-0.8887961865930514,0.0
3,895,35.7865241809385,33.148308892529826,0.7065614471544652,-0.7065614471544652,0.0
3,896,35.86136951529443,33.0734635581739,0.790345239962841,-0.790345239962841,0.0
3,897,35.93631415534128,32.99851891812705,0.7085475609733765,-0.7085475609733765,0.0
3,898,36.002193772984356,32.93263930048397,0.6090447918876389,-0.6090447918876389,0.0
3,899,36.07358189757656,32.861251175891766,0.8187176999551085,-0.8187176999551085,0.0
3,900,36.14232171535218,32.792511358116144,0.5560786555557637,-0.5560786555557637,0.0
3,901,36.2085268259342,32.726306247534126,0.7680235560828974,-0.7680235560828974,0.0
3,902,36.29308412298781,32.64174895048052,0.9231223849876198,-0.9231223849876198,0.0
3,903,36.39714586036291,32.537687213105414,1.1581123625139549,-1.1581123625139549,0.0
3,904,36.50997366787021,32.42485940559811,1.0984437876308775,-1.0984437876308775,0.0
3,905,36.616105362413236,32.31872771105509,1.0241901032292304,-1.0241901032292304,0.0
3,906,36.71656219976194,32.21827087370639,0.984946643743184,-0.984946643743184,0.0
3,907,36.80276918502511,32.13206388844321,0.7391930615183178,-0.7391930615183178,0.0
3,908,36.88032777527792,32.054505298190406,0.8119787435370887,-0.8119787435370887,0.0
3,909,36.95347243536844,31.981360638099886,0.6509144582717061,-0.6509144582717061,0.0
3,910,37.00982224110646,31.925010832361863,0.4760816564865271,-0.4760816564865271,0.0
3,911,37.05714331504157,31.877689758426754,0.4703398222150126,-0.4703398222150126,0.0
3,912,37.09858236261698,31.836250710851346,0.358441129292693,-0.358441129292693,0.0
3,913,37.123898243863664,31.810934829604662,0.14787649564054028,-0.14787649564054028,0.0
3,914,37.14592240446939,31.788910668998938,0.29260671647210934,-0.29260671647210934,0.0
3,915,37.166074181920635,31.76875889154769,0.1104288325527003,-0.1104288325527003,0.0
3,916,37.16936697631604,31.765466097152284,-0.04457294464671602,0.04457294464671602,0.0
3,917,37.152453216489334,31.78237985697899,-0.2937022518876766,0.2937022518876766,0.0
3,918,37.11124786516632,31.823585208302006,-0.5304047745741469,0.5304047745741469,0.0
3,919,37.06300718879061,31.87182588467772,-0.43440875294101655,0.43440875294101655,0.0
3,920,37.017332435177195,31.91750063829113,-0.4790863193293413,0.4790863193293413,0.0
3,921,36.97876333447016,31.956069738998167,-0.2922956948132791,0.2922956948132791,0.0
3,922,36.95215567298794,31.982677400480384,-0.23985753483233996,0.23985753483233996,0.0
3,923,36.92818921765695,32.006643855811376,-0.2394715717891378,0.2394715717891378,0.0
3,924,36.8937161436254,32.04111692984293,-0.449989908843456,0.449989908843456,0.0
3,925,36.84874148945448,32.08609158401384,-0.4495031745764644,0.4495031745764644,0.0
3,926,36.79340385369949,32.14142921976884,-0.657249540524151,0.657249540524151,0.0
3,927,36.73112813108014,32.203704942388185,-0.5882649118646679,0.5882649118646679,0.0
3,928,36.66881901523868,32.26601405822964,-0.6579174049649605,0.6579174049649605,0.0
3,929,36.59715532877556,32.33767774469277,-0.775356324299322,0.775356324299322,0.0
3,930,36.5116574756446,32.42317559782373,-0.9346007383216701,0.9346007383216701,0.0
3,931,36.43219579362858,32.502637279839746,-0.6546329020002659,0.6546329020002659,0.0
3,932,36.36552327634081,32.56930979712752,-0.6788174437566852,0.6788174437566852,0.0
3,933,36.30865270718607,32.626180366282256,-0.4585939393391687,0.4585939393391687,0.0
3,934,36.26214395781301,32.67268911565532,-0.471581048122089,0.471581048122089,0.0
3,935,36.22949112381991,32.705341949648414,-0.18147563174046244,0.18147563174046244,0.0
3,936,36.20971971060521,32.72511336286311,-0.21395263255397623,0.21395263255397623,0.0
3,937,36.1918023581153,32.74303071535303,-0.144394417244893,0.144394417244893,0.0
3,938,36.16323505443086,32.77159801903747,-0.42695165644466737,0.42695165644466737,0.0
3,939,36.10624094609932,32.82859212736901,-0.7129305101863874,0.7129305101863874,0.0
3,940,36.02772393790576,32.907109135562564,-0.8574096536869469,0.8574096536869469,0.0
3,941,35.95424005386383,32.9805930196045,-0.612268027151921,0.612268027151921,0.0
3,942,35.882251460000816,33.05258161346751,-0.8275038501096645,0.8275038501096645,0.0
3,943,35.79641310392071,33.13841996954761,-0.8892632714931299,0.8892632714931299,0.0
3,944,35.702290928656794,33.23254214481153,-0.9931802337866609,0.9931802337866609,0.0
3,945,35.60687340814263,33.32795966532569,-0.9151701764965825,0.9151701764965825,0.0
3,946,35.51988803607571,33.41494503739261,-0.8245372648431033,0.8245372648431033,0.0
3,947,35.431424065487136,33.50340900798119,-0.9447421469295456,0.9447421469295456,0.0
3,948,35.33734062111762,33.59749245235071,-0.9369267404610806,0.9369267404610806,0.0
3,949,35.231635550099554,33.70319752336877,-1.17717467990231,1.17717467990231,0.0
3,950,35.12715550520318,33.80767756826515,-0.9124262180272229,0.9124262180272229,0.0
3,951,35.02964166506672,33.905191408401606,-1.0378505847040636,1.0378505847040636,0.0
3,952,34.91687073314915,34.01796234031917,-1.2175680536481188,1.2175680536481188,0.0
3,953,34.78357903639596,34.15125403707236,-1.448265881415788,1.448265881415788,0.0
3,954,34.64746229799698,34.287370775471345,-1.2740688865658178,1.2740688865658178,0.0
3,955,34.52207291481204,34.41276015865628,-1.2337187771350875,1.2337187771350875,0.0
3,956,34.38878411741109,34.546048956057234,-1.432057170884307,1.432057170884307,0.0
3,957,34.23170926613375,34.70312380733458,-1.7094398546637413,1.7094398546637413,0.0
3,958,34.06356430605297,34.87126876741536,-1.6534593469518808,1.6534593469518808,0.0
3,959,33.885750227283665,35.04908284618466,-1.9028222284356238,1.9028222284356238,0.0
3,960,33.68992897178612,35.24490410168221,-2.0136028815163236,2.0136028815163236,0.0
3,961,33.473591485208544,35.46124158825978,-2.3131468500370973,2.3131468500370973,0.0
3,962,33.245924003410664,35.68890907005766,-2.2402027859225533,2.2402027859225533,0.0
3,963,33.0235155277436,35.91131754572473,-2.2079667274198824,2.2079667274198824,0.0
3,964,32.797265565213365,36.13756750825496,-2.317032523186237,2.317032523186237,0.0
3,965,32.57110326505017,36.36372980841816,-2.2062134800795943,2.2062134800795943,0.0
3,966,32.33792662499877,36.596906448469554,-2.457319320949109,2.457319320949109,0.0
3,967,32.09555856028021,36.839274513188116,-2.3900419734236604,2.3900419734236604,0.0
3,968,31.848527038759585,37.08630603470874,-2.5505884569889354,2.5505884569889354,0.0
3,969,31.586770080032238,37.34806299343609,-2.684550717558412,2.684550717558412,0.0
3,970,31.331944590629064,37.60288848283926,-2.4119590705052967,2.4119590705052967,0.0
3,971,31.099644508834558,37.83518856463377,-2.234042565385158,2.234042565385158,0.0
3,972,30.87982863898003,38.055004434488296,-2.1622748317063905,2.1622748317063905,0.0
3,973,30.67485580856669,38.259977264901636,-1.9371817765611312,1.9371817765611312,0.0
3,974,30.476133622832435,38.45869945063589,-2.0372619381245016,2.0372619381245016,0.0
3,975,30.284728880279317,38.65010419318901,-1.7908329129399032,1.7908329129399032,0.0
3,976,30.10823463285078,38.826598440617545,-1.739052035632454,1.739052035632454,0.0
3,977,29.931297477937846,39.00353559553048,-1.7996910626266294,1.7996910626266294,0.0
3,978,29.791135475001738,39.14369759846659,-1.0035489960967388,1.0035489960967388,-5.0
3,979,29.68779667757974,39.247036395888586,-1.0632269523442042,1.0632269523442042,0.0
3,980,29.567630744304665,39.36720232916366,-1.3400917131566752,1.3400917131566752,0.0
3,981,29.468665939961852,39.466167133506474,-0.6392043736994966,0.6392043736994966,-5.0
3,982,29.390563907880164,39.54426916558816,-0.9228362679327335,0.9228362679327335,0.0
3,983,29.306416258222043,39.62841681524628,-0.7601167252281638,0.7601167252281638,0.0
3,984,29.220633861809006,39.71419921165932,-0.9555312030325878,0.9555312030325878,0.0
3,985,29.149786846591496,39.78504622687683,-0.4614091013182091,0.4614091013182091,-5.0
3,986,29.140053693761843,39.79477937970648,0.26674604472427843,-0.26674604472427843,-5.0
3,987,29.152661869662097,39.78217120380623,-0.014582526717922484,0.014582526717922484,0.0
3,988,29.14366298053426,39.79117009293407,-0.16539525583838888,0.16539525583838888,0.0
3,989,29.140616038997905,39.79421703447042,0.10445642511203301,-0.10445642511203301,0.0
3,990,29.15883610659182,39.775996966876505,0.2599449267669476,-0.2599449267669476,0.0
3,991,29.1884460837922,39.746386989676125,0.3322546172400229,-0.3322546172400229,0.0
3,992,29.23636008628739,39.698472987180935,0.626025432663782,-0.626025432663782,0.0
3,993,29.296885871649806,39.63794720181852,0.5844902745853444,-0.5844902745853444,0.0
3,994,29.349132312815186,39.58570076065314,0.46043854872358825,-0.46043854872358825,0.0
3,995,29.391961151142596,39.54287192232573,0.3961382178242916,-0.3961382178242916,0.0
3,996,29.444125313577388,39.49070775989094,0.6471450308720619,-0.6471450308720619,0.0
3,997,29.49640899929682,39.43842407417151,0.39852868351624515,-0.39852868351624515,0.0
3,998,29.530341275047476,39.40449179842085,0.280116831497081,-0.280116831497081,0.0
3,999,29.560680806540972,39.374152266927354,0.3266737983742338,-0.3266737983742338,0.0
3,1000,29.588245480036903,39.34658759343142,0.22461967154443707,-0.22461967154443707,0.0
4,0,58.30888538023472,29.15444269011736,0.0,0.0,0.0
4,1,58.293835409531866,29.16949266082021,-0.3009994140570402,0.3009994140570402,3.0
4,2,58.248331305299516,29.214996765052568,-0.6090826705900803,0.6090826705900803,3.0
4,3,58.178937528211634,29.284390542140454,-0.7787928711676333,0.7787928711676333,3.0
4,4,58.09798557789125,29.365342492460833,-0.8402461352399513,0.8402461352399513,3.0
4,5,58.00630952708623,29.457018543265846,-0.9932748808603495,0.9932748808603495,3.0
4,6,57.903856191374416,29.559471878977668,-1.0557918333760696,1.0557918333760696,3.0
4,7,57.77916810163431,29.684159968717772,-1.4379699614260453,1.4379699614260453,3.0
4,8,57.63430743325606,29.82902063709603,-1.4592434061391284,1.4592434061391284,3.0
4,9,57.48804392931369,29.9752841410384,-1.4660266727083204,1.4660266727083204,3.0
4,10,57.313307856550736,30.150020213801355,-2.028694782550687,2.028694782550687,3.0
4,11,57.08057726855555,30.382750801796536,-2.625916977353013,2.625916977353013,3.0
4,12,56.81696976656487,30.646358303787224,-2.646233062460711,2.646233062460711,3.0
4,13,56.53781649395082,30.925511576401266,-2.9368323898201556,2.9368323898201556,3.0
4,14,56.23068061996703,31.232647450385052,-3.205885089855558,3.205885089855558,3.0
4,15,55.88684925280158,31.576478817550495,-3.6707422534533887,3.6707422534533887,3.0
4,16,55.51703793309501,31.946290137257073,-3.7254841406781036,3.7254841406781036,3.0
4,17,55.11531659638394,32.348011473968135,-4.3089425935431525,4.3089425935431525,3.0
4,18,54.68071006047848,32.782618009873595,-4.3831881245659865,4.3831881245659865,3.0
4,19,54.22019783131757,33.2431302390345,-4.827056458652166,4.827056458652166,3.0
4,20,53.72812722017216,33.7352008501799,-5.014355764255878,5.014355764255878,3.0
4,21,53.22153543497762,34.24179263537445,-5.117479939635068,5.117479939635068,3.0
4,22,52.7095045450471,34.753823525304966,-5.123137858975227,5.123137858975227,0.0
4,23,52.195339003318985,35.26798906703309,-5.160172975587118,5.160172975587118,0.0
4,24,51.689577493932525,35.77375057641955,-4.955057212142073,4.955057212142073,0.0
4,25,51.18886337759226,36.27446469275981,-5.059225114663018,5.059225114663018,0.0
4,26,50.67254766736149,36.790780402990585,-5.267089089952446,5.267089089952446,0.0
4,27,50.15570395162835,37.30762411872373,-5.069785224710397,5.069785224710397,0.0
4,28,49.63755085204409,37.82577721830798,-5.293276766974518,5.293276766974518,0.0
4,29,49.10222278395873,38.36110528639335,-5.413284594732762,5.413284594732762,0.0
4,30,48.558089884072835,38.90523818627924,-5.469373402985061,5.469373402985061,0.0
4,31,48.00740874114067,39.4559193292114,-5.5442494556580115,5.5442494556580115,0.0
4,32,47.44308020081244,40.02024786953963,-5.742321350906561,5.742321350906561,0.0
4,33,46.868115688496765,40.595212381855305,-5.7569688954069935,5.7569688954069935,0.0
4,34,46.28875603194052,41.174572038411554,-5.830224235717926,5.830224235717926,0.0
4,35,45.6953606471062,41.76796742324588,-6.037683460968552,6.037683460968552,0.0
4,36,45.10590217317008,42.357425897182,-5.751486017753825,5.751486017753825,0.0
4,37,44.53616308261766,42.92716498773442,-5.643295793294545,5.643295793294545,0.0
4,38,43.9595468158969,43.50378125445518,-5.8890295411205305,5.8890295411205305,0.0
4,39,43.370040899732786,44.093287170619284,-5.901088782161585,5.901088782161585,0.0
4,40,42.77193469687218,44.69139337347989,-6.0610352750504735,6.0610352750504735,0.0
4,41,42.1693824087356,45.29394566161647,-5.990010487681028,5.990010487681028,0.0
4,42,41.59844441899831,45.86488365135376,-5.428749307064839,5.428749307064839,-5.0
4,43,41.08694514811772,46.37638292223435,-4.801236110546965,4.801236110546965,-5.0
4,44,40.619078120462305,46.84424994988976,-4.556104442561221,4.556104442561221,-5.0
4,45,40.186684427685506,47.27664364266657,-4.091769412974893,4.091769412974893,-5.0
4,46,39.80403737160191,47.659290698750176,-3.561171708697323,3.561171708697323,-5.0
4,47,39.476408018786884,47.9869200515652,-2.991415347603157,2.991415347603157,-5.0
4,48,39.19123937378457,48.272088696567515,-2.711957552443206,2.711957552443206,-5.0
4,49,38.93701043689161,48.52631763346048,-2.3726211854160493,2.3726211854160493,-5.0
4,50,38.72903156089177,48.73429650946032,-1.7869563345806903,1.7869563345806903,-5.0
4,51,38.57158600061176,48.891742069740324,-1.3619548710194227,1.3619548710194227,-5.0
4,52,38.450543335332654,49.01278473501944,-1.0588984345628791,1.0588984345628791,-5.0
4,53,38.369464737128425,49.09386333322366,-0.5626735295215433,0.5626735295215433,-5.0
4,54,38.326931590034405,49.13639648031767,-0.2879894123586677,0.2879894123586677,-5.0
4,55,38.29896809054665,49.16435997980543,-0.2712805773966398,0.2712805773966398,0.0
4,56,38.26721142074473,49.19611664960734,-0.363852818641611,0.363852818641611,0.0
4,57,38.22384408774471,49.23948398260736,-0.5034938413588659,0.5034938413588659,0.0
4,58,38.158845585896955,49.30448248445511,-0.7964761955960764,0.7964761955960764,0.0
4,59,38.110170087984855,49.35315798236722,-0.17703376264606518,0.17703376264606518,-5.0
4,60,38.10259894429984,49.36072912605223,0.025610888945790222,-0.025610888945790222,-5.0
4,61,38.09061396739611,49.37271410295595,-0.2653104270201414,0.2653104270201414,0.0
4,62,38.05978052502951,49.40354754532257,-0.3513584203120299,0.3513584203120299,0.0
4,63,38.04504050749108,49.418287562860996,0.056558069543314105,-0.056558069543314105,-5.0
4,64,38.05631224691699,49.40701582343509,0.168876718974877,-0.168876718974877,0.0
4,65,38.08150390662564,49.38182416372642,0.33495647519849214,-0.33495647519849214,0.0
4,66,38.122367583163836,49.34096048718821,0.4823170555656695,-0.4823170555656695,0.0
4,67,38.16690931514958,49.29641875520247,0.4085175841493136,-0.4085175841493136,0.0
4,68,38.22164483806425,49.2416832322878,0.6861928741440391,-0.6861928741440391,0.0
4,69,38.3025485879499,49.16077948240215,0.9318821235690322,-0.9318821235690322,0.0
4,70,38.40408844004121,49.059239630310856,1.098914918257039,-1.098914918257039,0.0
4,71,38.50812933150789,48.95519873884419,0.9819029110764834,-0.9819029110764834,0.0
4,72,38.61288202002588,48.85044605032621,1.1131508592832322,-1.1131508592832322,0.0
4,73,38.728930589946486,48.73439748040562,1.207820539128786,-1.207820539128786,0.0
4,74,38.85789758546457,48.605430484887535,1.3715193712328215,-1.3715193712328215,0.0
4,75,38.99896854688541,48.4643595234667,1.4498998571838069,-1.4498998571838069,0.0
4,76,39.13926082018392,48.32406725016817,1.3559456087865431,-1.3559456087865431,0.0
4,77,39.2800087711953,48.18331929915679,1.4590134114407043,-1.4590134114407043,0.0
4,78,39.414130465331965,48.04919760502011,1.2234204712927106,-1.2234204712927106,0.0
4,79,39.542020399173595,47.921307671178496,1.33437820553943,-1.33437820553943,0.0
4,80,39.66690846299349,47.7964196073586,1.1633830708583037,-1.1633830708583037,0.0
4,81,39.76902191537798,47.694306154974115,0.8788859768313042,-0.8788859768313042,0.0
4,82,39.852999106514545,47.610328963837546,0.8006578458999059,-0.8006578458999059,0.0
4,83,39.94067612997179,47.522651940380285,0.9528826232451095,-0.9528826232451095,0.0
4,84,40.0405281373001,47.42279993305196,1.0441575233211218,-1.0441575233211218,0.0
4,85,40.13164491025137,47.331683160100695,0.7781779357040577,-0.7781779357040577,0.0
4,86,40.20488607848358,47.25844199186848,0.68664542894021,-0.68664542894021,0.0
4,87,40.273702415864705,47.189625654487344,0.6896813186822808,-0.6896813186822808,0.0
4,88,40.34342794517096,47.119900125181104,0.7048292674424772,-0.7048292674424772,0.0
4,89,40.399404027613144,47.063924042738904,0.4146923814013057,-0.4146923814013057,0.0
4,90,40.43247646345503,47.030851606897016,0.24675633543621522,-0.24675633543621522,0.0
4,91,40.453534084440435,47.009793985911614,0.17439608427157438,-0.17439608427157438,0.0
4,92,40.47904589247119,46.98428217788084,0.3358400763436489,-0.3358400763436489,0.0
4,93,40.50026371010384,46.96306436024821,0.08851627630884984,-0.08851627630884984,0.0
4,94,40.50307133926964,46.96025673108241,-0.032363692993016,0.032363692993016,0.0
4,95,40.51434426191409,46.94898380843797,0.2578221458816383,-0.2578221458816383,0.0
4,96,40.530048888061714,46.933279182290335,0.056270377070884336,-0.056270377070884336,0.0
4,97,40.546514422638694,46.916813647713354,0.2730403144686324,-0.2730403144686324,0.0
4,98,40.56068465393119,46.90264341642086,0.010364311380996583,-0.010364311380996583,0.0
4,99,40.55554783953622,46.90778023081582,-0.1131005992803793,0.1131005992803793,0.0
4,100,40.55782072952411,46.905507340827924,0.15855839903805524,-0.15855839903805524,0.0
4,101,40.58556399931052,46.87776407104151,0.3963069966899937,-0.3963069966899937,0.0
4,102,40.6315464803624,46.83178158998963,0.523342624347336,-0.523342624347336,0.0
4,103,40.673194359219366,46.790133711132654,0.30961495279200335,-0.30961495279200335,0.0
4,104,40.71862467866936,46.74470339168265,0.5989914362078963,-0.5989914362078963,0.0
4,105,40.76478176352296,46.698546306829044,0.3241502608639468,-0.3241502608639468,0.0
4,106,40.80890416264944,46.654423907702565,0.5582977216654861,-0.5582977216654861,0.0
4,107,40.87808349268252,46.58524457766947,0.8252888789961528,-0.8252888789961528,0.0
4,108,40.946694270839885,46.51663379951211,0.5469266841507103,-0.5469266841507103,0.0
4,109,41.01308847754612,46.45023959280587,0.7809574499737302,-0.7809574499737302,0.0
4,110,41.098764215529684,46.36456385482231,0.9325573096975717,-0.9325573096975717,0.0
4,111,41.20395886180154,46.25936920855045,1.1713356157395705,-1.1713356157395705,0.0
4,112,41.30890613685142,46.15442193350057,0.9276098852580841,-0.9276098852580841,0.0
4,113,41.40061969343711,46.062708376914884,0.9066612464557426,-0.9066612464557426,0.0
4,114,41.486893535422354,45.97643453492964,0.8188155932491838,-0.8188155932491838,0.0
4,115,41.57914919142698,45.88417887892501,1.0262975268430665,-1.0262975268430665,0.0
4,116,41.675846135194405,45.78748193515759,0.9076413485054875,-0.9076413485054875,0.0
4,117,41.76694644839313,45.696381621958864,0.914364915468969,-0.914364915468969,0.0
4,118,41.84383354787096,45.619494522481034,0.6233770740874753,-0.6233770740874753,0.0
4,119,41.91543581305987,45.54789225729212,0.8086682296904701,-0.8086682296904701,0.0
4,120,42.00944249301199,45.45388557734,1.0714653693516158,-1.0714653693516158,0.0
4,121,42.10813043301894,45.35519763733305,0.9022934307872905,-0.9022934307872905,0.0
4,122,42.18915030857872,45.274177761773274,0.7181040804078318,-0.7181040804078318,0.0
4,123,42.270206345183226,45.193121725168766,0.9030166516822575,-0.9030166516822575,0.0
4,124,42.36082495268286,45.10250311766913,0.9093554983105356,-0.9093554983105356,0.0
4,125,42.43867329763199,45.02465477272,0.6476114006721119,-0.6476114006721119,0.0
4,126,42.49428114225822,44.969046928093775,0.4645454918522205,-0.4645454918522205,0.0
4,127,42.554260376888436,44.909067693463555,0.7350392007517748,-0.7350392007517748,0.0
4,128,42.62571769145552,44.83761037889647,0.6941070905898581,-0.6941070905898581,0.0
4,129,42.69253970694487,44.77078836340712,0.6423332191971785,-0.6423332191971785,0.0
4,130,42.766004607384275,44.69732346296772,0.8269647895908978,-0.8269647895908978,0.0
4,131,42.84970761374524,44.61362045660675,0.8470953376283941,-0.8470953376283941,0.0
4,132,42.945480299898094,44.5178477704539,1.068358385428482,-1.068358385428482,0.0
4,133,43.03833685793356,44.42499121241843,0.7887727752804992,-0.7887727752804992,0.0
4,134,43.128105200191754,44.33522287016024,1.0065940698829863,-1.0065940698829863,0.0
4,135,43.22089838169606,44.24242968865593,0.8492695602026856,-0.8492695602026856,0.0
4,136,43.30173750126934,44.16159056908265,0.7675128312628949,-0.7675128312628949,0.0
4,137,43.380748977492686,44.082579092859305,0.8127166932035301,-0.8127166932035301,0.0
4,138,43.46295895166986,44.00036911868213,0.8314827903395319,-0.8314827903395319,0.0
4,139,43.55755287962299,43.905775190728974,1.0603957687231862,-1.0603957687231862,0.0
4,140,43.66986753488726,43.793460535464675,1.185897336562478,-1.185897336562478,0.0
4,141,43.80283986020649,43.66048821014547,1.4735491698215917,-1.4735491698215917,0.0
4,142,43.9448097744546,43.518518295897394,1.3658491151400298,-1.3658491151400298,0.0
4,143,44.07986440952581,43.38346366082618,1.3352435862843244,-1.3352435862843244,0.0
4,144,44.21388904754997,43.24943902280202,1.345249174198786,-1.345249174198786,0.0
4,145,44.33405490412903,43.12927316622293,1.058067957382855,-1.058067957382855,0.0
4,146,44.43904614156952,43.024281928782415,1.0417567914271917,-1.0417567914271917,0.0
4,147,44.55745546493253,42.905872605419404,1.3264296758327951,-1.3264296758327951,0.0
4,148,44.6942421068494,42.76908596350253,1.4093031625041892,-1.4093031625041892,0.0
4,149,44.82458769535512,42.638740374996814,1.197608607610153,-1.197608607610153,0.0
4,150,44.93713052439534,42.52619754595659,1.0532479731942122,-1.0532479731942122,0.0
4,151,45.041391644038896,42.42193642631301,1.0319744196771037,-1.0319744196771037,0.0
4,152,45.14907430425001,42.3142537661019,1.121678784545015,-1.121678784545015,0.0
4,153,45.256681032709565,42.20664703764237,1.030455784645678,-1.030455784645678,0.0
4,154,45.346576782392106,42.11675128795983,0.7674592090046897,-0.7674592090046897,0.0
4,155,45.43624583439308,42.02708223595883,1.0259218310149745,-1.0259218310149745,0.0
4,156,45.537426338478895,41.92590173187301,0.9976882507014615,-0.9976882507014615,0.0
4,157,45.63657409878542,41.82675397156649,0.9852669554288571,-0.9852669554288571,0.0
4,158,45.72210506650276,41.74122300384917,0.7253523989175665,-0.7253523989175665,0.0
4,159,45.77965883259205,41.683669237759915,0.4257229228674593,-0.4257229228674593,0.0
4,160,45.811295190209194,41.65203288014277,0.2070042294751815,-0.2070042294751815,0.0
4,161,45.81885775222625,41.64447031812571,-0.05575298913418614,0.05575298913418614,0.0
4,162,45.808910049997394,41.65441802035457,-0.1432010554430878,0.1432010554430878,0.0
4,163,45.78212617975166,41.681201890600335,-0.39247634947235,0.39247634947235,0.0
4,164,45.72796267973456,41.73536539061746,-0.6907936508700878,0.6907936508700878,0.0
4,165,45.66573206110192,41.7975960092501,-0.5538187217830259,0.5538187217830259,0.0
4,166,45.5996897062675,41.86363836408452,-0.7670283749054505,0.7670283749054505,0.0
4,167,45.51836207487278,41.944965995479265,-0.8595242529893401,0.8595242529893401,0.0
4,168,45.424227912537276,42.03910015781477,-1.0231589937208305,1.0231589937208305,0.0
4,169,45.32226979505518,42.14105827529684,-1.0160033559209332,1.0160033559209332,0.0
4,170,45.22180813079808,42.24151993955394,-0.9932299292212967,0.9932299292212967,0.0
4,171,45.1208787125322,42.34244935781979,-1.0253584360955053,1.0253584360955053,0.0
4,172,45.02603461384052,42.43729345651147,-0.8715235377378114,0.8715235377378114,0.0
4,173,44.94889583478658,42.51443223556544,-0.6712520433409299,0.6712520433409299,0.0
4,174,44.88385437052858,42.57947369982344,-0.6295772418185859,0.6295772418185859,0.0
4,175,44.81431933750912,42.64900873284287,-0.7611234185697775,0.7611234185697775,0.0
4,176,44.72582684753013,42.73750122282189,-1.008726381010037,1.008726381010037,0.0
4,177,44.61458744552607,42.84874062482595,-1.2160616590709274,1.2160616590709274,0.0
4,178,44.484396078252985,42.978931992099035,-1.3877656863903098,1.3877656863903098,0.0
4,179,44.335446046568904,43.127882023783144,-1.591234947291392,1.591234947291392,0.0
4,180,44.16679764578487,43.29653042456718,-1.7817330683888901,1.7817330683888901,0.0
4,181,43.978057263127994,43.485270807224055,-1.9930745847481326,1.9930745847481326,0.0
4,182,43.77881664337883,43.68451142697319,-1.9917378102342784,1.9917378102342784,0.0
4,183,43.59158538393365,43.87174268641837,-1.75288737866898,1.75288737866898,0.0
4,184,43.428779913503035,44.03454815684901,-1.503222029943439,1.503222029943439,0.0
4,185,43.2901146584926,44.17321341185945,-1.2700830702647075,1.2700830702647075,0.0
4,186,43.1513889000006,44.31193917035145,-1.504432099574867,1.504432099574867,0.0
4,187,42.989706082336454,44.473621988015594,-1.7292242537074944,1.7292242537074944,0.0
4,188,42.803858783832766,44.65946928651931,-1.9877217163662646,1.9877217163662646,0.0
4,189,42.600285516415,44.86304255393708,-2.0837436319885807,2.0837436319885807,0.0
4,190,42.392817443642514,45.070510626709535,-2.0656178234603413,2.0656178234603413,0.0
4,191,42.17710182084022,45.28622624951183,-2.248694632585295,2.248694632585295,0.0
4,192,41.950003511073476,45.5133245592786,-2.293271562749565,2.293271562749565,0.0
4,193,41.7120352670521,45.751292803299975,-2.4660933176772932,2.4660933176772932,0.0
4,194,41.47988216036276,45.983445909989314,-2.1769688161092553,2.1769688161092553,0.0
4,195,41.24731704876319,46.216011021588855,-2.4743334158812793,2.4743334158812793,0.0
4,196,40.99322614337933,46.47010192697269,-2.6074846917951415,2.6074846917951415,0.0
4,197,40.74437110150683,46.71895696884516,-2.3696161456540246,2.3696161456540246,0.0
4,198,40.510821989260535,46.95250608109143,-2.3013660992711245,2.3013660992711245,0.0
4,199,40.27428989660439,47.189038173747576,-2.4292757538515772,2.4292757538515772,0.0
4,200,40.045369404164035,47.41795866618793,-2.149134094955322,2.149134094955322,0.0
4,201,39.82460945012218,47.63871862022978,-2.266064985881316,2.266064985881316,0.0
4,202,39.58893314823291,47.87439492211905,-2.447461051903936,2.447461051903936,0.0
4,203,39.36550613397253,48.09782193637946,-2.0210792333044623,2.0210792333044623,-5.0
4,204,39.19337820601356,48.2699498643384,-1.4214793258749179,1.4214793258749179,-5.0
4,205,39.06764986534904,48.395678205002895,-1.093087487414767,1.093087487414767,-5.0
4,206,38.94449364333161,48.518834427020295,-1.3700369529336935,1.3700369529336935,0.0
4,207,38.80685558091881,48.6564724894331,-1.3827242953222925,1.3827242953222925,0.0
4,208,38.688981697787824,48.77434637256408,-0.9747533672970761,0.9747533672970761,-5.0
4,209,38.61903941813114,48.84428865222077,-0.42409222583709827,0.42409222583709827,-5.0
4,210,38.58772434949799,48.87560372085392,-0.20220914682556312,0.20220914682556312,0.0
4,211,38.575808402545306,48.8875196678066,-0.03610979222824362,0.03610979222824362,0.0
4,212,38.557269603475845,48.90605846687606,-0.33466618916038904,0.33466618916038904,0.0
4,213,38.512971857901164,48.95035621245074,-0.5512887223333305,0.5512887223333305,0.0
4,214,38.44308720926119,49.02024086109071,-0.8464042504656888,0.8464042504656888,0.0
4,215,38.37312379839443,49.090204271957475,-0.5528639668690598,0.5528639668690598,0.0
4,216,38.357217238828525,49.10611083152338,0.23473277555079974,-0.23473277555079974,-5.0
4,217,38.385240100431474,49.07808796992043,0.32572445650847826,-0.32572445650847826,0.0
4,218,38.408640178387486,49.05468789196442,0.14227710261230087,-0.14227710261230087,0.0
4,219,38.433072903317225,49.03025516703468,0.3463773959825449,-0.3463773959825449,0.0
4,220,38.48022594613383,48.98310212421808,0.5966834603494728,-0.5966834603494728,0.0
4,221,38.54350630083718,48.919821769514726,0.6689236337173199,-0.6689236337173199,0.0
4,222,38.6236634513574,48.839664618994505,0.9342193766871585,-0.9342193766871585,0.0
4,223,38.70336354145843,48.75996452889348,0.6597824253341091,-0.6597824253341091,0.0
4,224,38.777284005882336,48.68604406446957,0.8186268631440097,-0.8186268631440097,0.0
4,225,38.8543937314422,48.608934338909705,0.7235676480537006,-0.7235676480537006,0.0
4,226,38.93533048126113,48.52799758909077,0.8951673483249927,-0.8951673483249927,0.0
4,227,39.01884488930091,48.444483181051,0.7751208124707123,-0.7751208124707123,0.0
4,228,39.08567004840614,48.37765802194576,0.5613823696341598,-0.5613823696341598,0.0
4,229,39.13563463361743,48.32769343673448,0.4379093345913123,-0.4379093345913123,0.0
4,230,39.16481986325937,48.29850820709254,0.14579525824817452,-0.14579525824817452,0.0
4,231,39.17358510495467,48.28974296539724,0.029509575657932885,-0.029509575657932885,0.0
4,232,39.18498204040799,48.27834602994392,0.1984291334087125,-0.1984291334087125,0.0
4,233,39.211832808873226,48.25149526147868,0.33858623589669357,-0.33858623589669357,0.0
4,234,39.246910678821564,48.21641739153034,0.36297116307048327,-0.36297116307048327,0.0
4,235,39.28806822006521,48.17525985028669,0.46017966180258973,-0.46017966180258973,0.0
4,236,39.32816574923862,48.135162321113285,0.34177092166575385,-0.34177092166575385,0.0
4,237,39.353734741276014,48.10959332907589,0.16960891908238906,-0.16960891908238906,0.0
4,238,39.36508552130243,48.09824254904947,0.057406681446350305,-0.057406681446350305,0.0
4,239,39.37047989562541,48.0928481747265,0.05048080501360985,-0.05048080501360985,0.0
4,240,39.37852137401211,48.0848066963398,0.1103487627201929,-0.1103487627201929,0.0
4,241,39.37766041990653,48.08566765044537,-0.12756784483147143,0.12756784483147143,0.0
4,242,39.37624972177258,48.087078348579325,0.09935388215302865,-0.09935388215302865,0.0
4,243,39.37668351667742,48.08664455367449,-0.09067798405587624,0.09067798405587624,0.0
4,244,39.357275540688136,48.10605252966377,-0.2974815357300198,0.2974815357300198,0.0
4,245,39.32519789287727,48.138130177474636,-0.34407142048669925,0.34407142048669925,0.0
4,246,39.27820390564614,48.18512416470577,-0.5958083241362129,0.5958083241362129,0.0
4,247,39.207835768812686,48.25549230153922,-0.81155441253253,0.81155441253253,0.0
4,248,39.11794859852381,48.345379471828096,-0.9861889932449124,0.9861889932449124,0.0
4,249,39.01369025486963,48.449637815482276,-1.0989778798387562,1.0989778798387562,0.0
4,250,38.909772461525904,48.553555608826,-0.9793779870360719,0.9793779870360719,0.0
4,251,38.801175658397824,48.66215241195408,-1.192558075525465,1.192558075525465,0.0
4,252,38.6787216885258,48.78460638182611,-1.256521321915443,1.256521321915443,0.0
4,253,38.565902670916046,48.89742539943586,-0.9998590302798807,0.9998590302798807,-5.0
4,254,38.47592687008404,48.98740120026787,-0.799656986360004,0.799656986360004,-5.0
4,255,38.41277865761424,49.050549412737666,-0.463307263035837,0.463307263035837,-5.0
4,256,38.35466935874979,49.10865871160212,-0.6988787142539978,0.6988787142539978,0.0
4,257,38.29927997734512,49.164048093006784,-0.40890891383935646,0.40890891383935646,0.0
4,258,38.295176034064866,49.16815203628704,0.3268300482336528,-0.3268300482336528,-5.0
4,259,38.33231130686016,49.13101676349174,0.41587540767280196,-0.41587540767280196,0.0
4,260,38.35902934240164,49.104298727950265,0.11848530315694639,-0.11848530315694639,0.0
4,261,38.36846887175602,49.094859198595884,0.0703052839313898,-0.0703052839313898,0.0
4,262,38.37673191995657,49.08659615039534,0.09495568007995381,-0.09495568007995381,0.0
4,263,38.395496156590696,49.06783191376121,0.28032905260351626,-0.28032905260351626,0.0
4,264,38.423104951374,49.040223118977906,0.27184684306349993,-0.27184684306349993,0.0
4,265,38.44174470011632,49.02158337023559,0.10094813178329076,-0.10094813178329076,0.0
4,266,38.45360210078189,49.00972596957001,0.1361998815283183,-0.1361998815283183,0.0
4,267,38.45330416337214,49.01002390697977,-0.1421586297226387,0.1421586297226387,0.0
4,268,38.44722687453793,49.016101195813974,0.020612853038525003,-0.020612853038525003,0.0
4,269,38.436816969101926,49.02651110124998,-0.22881096175877857,0.22881096175877857,0.0
4,270,38.42538474553686,49.037943324815046,0.0001664904576017534,-0.0001664904576017534,0.0
4,271,38.430388268307354,49.03293980204455,0.0999039649530733,-0.0999039649530733,0.0
4,272,38.43953648448314,49.023791585868764,0.08306035856263172,-0.08306035856263172,0.0
4,273,38.44670913713753,49.016618933214374,0.06039269452571361,-0.06039269452571361,0.0
4,274,38.44683883064414,49.01648923970777,-0.05779882439353479,0.05779882439353479,0.0
4,275,38.43093390324094,49.032394167110965,-0.260299723670002,0.260299723670002,0.0
4,276,38.40518896251456,49.05813910783735,-0.25459909085676546,0.25459909085676546,0.0
4,277,38.37618106313744,49.08714700721447,-0.32555889668547433,0.32555889668547433,0.0
4,278,38.33746845707549,49.12585961327642,-0.4486932245525832,0.4486932245525832,0.0
4,279,38.29296548127411,49.1703625890778,-0.4413662914743064,0.4413662914743064,0.0
4,280,38.247145396379324,49.21618267397258,-0.47503540642088105,0.47503540642088105,0.0
4,281,38.185039283007995,49.27828878734391,-0.7670868610056853,0.7670868610056853,0.0
4,282,38.119370715339755,49.34395735501215,-0.5462844923593471,0.5462844923593471,-5.0
4,283,38.08952060903749,49.373807461314414,-0.05071763368697546,0.05071763368697546,-5.0
4,284,38.120763855657174,49.34256421469473,0.6755825660814399,-0.6755825660814399,-5.0
4,285,38.181089515000906,49.282238555351,0.5309306207930868,-0.5309306207930868,0.0
4,286,38.23511134874752,49.22821672160438,0.5495060541387238,-0.5495060541387238,0.0
4,287,38.28212092008977,49.18120715026214,0.39068537270641723,-0.39068537270641723,0.0
4,288,38.31966006545167,49.143668004900235,0.3600975345312909,-0.3600975345312909,0.0
4,289,38.353751572326246,49.10957649802566,0.32173260295960215,-0.32173260295960215,0.0
4,290,38.38172735274395,49.081600717607955,0.23778300539400288,-0.23778300539400288,0.0
4,291,38.40143984967773,49.06188822067418,0.15646693328101158,-0.15646693328101158,0.0
4,292,38.42454659945656,49.038781470895344,0.30566806229578347,-0.30566806229578347,0.0
4,293,38.464431742241004,48.9988963281109,0.49203479339261946,-0.49203479339261946,0.0
4,294,38.51650290573508,48.946825164616826,0.5493884764891863,-0.5493884764891863,0.0
4,295,38.573611078002784,48.88971699234912,0.5927749688649477,-0.5927749688649477,0.0
4,296,38.647467054428546,48.81586101592336,0.8843445596499633,-0.8843445596499633,0.0
4,297,38.72609745709434,48.737230613257566,0.6882634936651648,-0.6882634936651648,0.0
4,298,38.784164026437395,48.67916404391451,0.47306789319525766,-0.47306789319525766,0.0
4,299,38.82929592134326,48.63403214900865,0.42957000492213737,-0.42957000492213737,0.0
4,300,38.860716378686504,48.6026116916654,0.1988391419428499,-0.1988391419428499,0.0
4,301,38.88844363342241,48.574884436929494,0.35570595277545003,-0.35570595277545003,0.0
4,302,38.92990275004206,48.533425320309846,0.473476379617523,-0.473476379617523,0.0
4,303,38.98155922930033,48.481768841051576,0.5596532055473906,-0.5596532055473906,0.0
4,304,39.04112561450097,48.422202455850936,0.631674498465614,-0.631674498465614,0.0
4,305,39.11275269062128,48.35057537973063,0.8008670239407012,-0.8008670239407012,0.0
4,306,39.17858721919794,48.28474085115397,0.515823547591916,-0.515823547591916,0.0
4,307,39.24387311693522,48.21945495341669,0.7898944071538567,-0.7898944071538567,0.0
4,308,39.320449024559196,48.14287904579271,0.7416237453256418,-0.7416237453256418,0.0
4,309,39.38089706807824,48.082431002273665,0.4673371250544873,-0.4673371250544873,0.0
4,310,39.42919020528592,48.034137865065986,0.4985256190988032,-0.4985256190988032,0.0
4,311,39.4918940377907,47.971434032561206,0.7555510309965427,-0.7555510309965427,0.0
4,312,39.575725505531636,47.88760256482027,0.9210783238219307,-0.9210783238219307,0.0
4,313,39.6589202817691,47.80440778858281,0.7428172009272789,-0.7428172009272789,0.0
4,314,39.73571123921943,47.72761683113248,0.7930019480786186,-0.7930019480786186,0.0
4,315,39.8081887312232,47.65513933912871,0.6565478919966337,-0.6565478919966337,0.0
4,316,39.883948865392085,47.57937920495982,0.8586547913805163,-0.8586547913805163,0.0
4,317,39.958082972928196,47.50524509742371,0.6240273593418237,-0.6240273593418237,0.0
4,318,40.015666131689386,47.44766193866252,0.5276358158812915,-0.5276358158812915,0.0
4,319,40.0562172359472,47.407110834404705,0.28338626927442157,-0.28338626927442157,0.0
4,320,40.08264625147598,47.38068181887593,0.2451940413012137,-0.2451940413012137,0.0
4,321,40.110875090166246,47.35245298018566,0.3193827325038088,-0.3193827325038088,0.0
4,322,40.13733954453954,47.32598852581236,0.20990635496237076,-0.20990635496237076,0.0
4,323,40.155238725207425,47.30808934514448,0.14807725839504293,-0.14807725839504293,0.0
4,324,40.17893667813627,47.28439139221564,0.3258818001811825,-0.3258818001811825,0.0
4,325,40.21762121684901,47.245706853502895,0.4478089740734994,-0.4478089740734994,0.0
4,326,40.26061566928615,47.20271240106575,0.41208007466921615,-0.41208007466921615,0.0
4,327,40.28945763672732,47.173870433624586,0.1647592741536128,-0.1647592741536128,0.0
4,328,40.31512374480252,47.148204325549386,0.34856288735020247,-0.34856288735020247,0.0
4,329,40.33581147890936,47.12751659144254,0.06519179478636161,-0.06519179478636161,0.0
4,330,40.33868196659614,47.124646103755765,-0.007782041051501487,0.007782041051501487,0.0
4,331,40.33189666927859,47.131431401073314,-0.12792390529975517,0.12792390529975517,0.0
4,332,40.33397796075502,47.129350109596885,0.16954973482770974,-0.16954973482770974,0.0
4,333,40.361861403750595,47.10146666660131,0.3881191250830227,-0.3881191250830227,0.0
4,334,40.388443104728594,47.07488496562331,0.1435148944767768,-0.1435148944767768,0.0
4,335,40.393118622968814,47.07020944738309,-0.050004529672370346,0.050004529672370346,0.0
4,336,40.40291721867612,47.06041085167578,0.24597644381850614,-0.24597644381850614,0.0
4,337,40.414867731418894,47.04846033893301,-0.006966188963716924,0.006966188963716924,0.0
4,338,40.41316160751421,47.050166462837694,-0.02715628912992951,0.02715628912992951,0.0
4,339,40.419382799665755,47.04394527068615,0.15158013216040267,-0.15158013216040267,0.0
4,340,40.4378859009841,47.02544216936781,0.21848189420675368,-0.21848189420675368,0.0
4,341,40.464300061190215,46.99902800916169,0.30980130991488863,-0.30980130991488863,0.0
4,342,40.481659043788,46.98166902656391,0.0373783420403031,-0.0373783420403031,0.0
4,343,40.471492627013276,46.99183544333863,-0.24070667753511543,0.24070667753511543,0.0
4,344,40.44973644268856,47.013591627663345,-0.19441700895899494,0.19441700895899494,0.0
4,345,40.420613077598034,47.04271499275387,-0.3880502928512737,0.3880502928512737,0.0
4,346,40.37774879189175,47.08557927846016,-0.46923542127447604,0.46923542127447604,0.0
4,347,40.33504889698685,47.12827917336506,-0.3847624768236173,0.3847624768236173,0.0
4,348,40.30339284586171,47.1599352244902,-0.2483585456790447,0.2483585456790447,0.0
4,349,40.268843722549775,47.19448434780213,-0.44262392056039523,0.44262392056039523,0.0
4,350,40.239267179787305,47.2240608905646,-0.14890693468882077,0.14890693468882077,0.0
4,351,40.22645196244588,47.23687610790603,-0.10739741214022036,0.10739741214022036,0.0
4,352,40.22534269126021,47.2379853790917,0.08521198842631161,-0.08521198842631161,0.0
4,353,40.22552720378985,47.237800866562054,-0.08152173783330774,0.08152173783330774,0.0
4,354,40.20975230430611,47.2535757660458,-0.2339762518419466,0.2339762518419466,0.0
4,355,40.196399462767886,47.26692860758402,-0.03308057892333327,0.03308057892333327,0.0
4,356,40.199045579148105,47.2642824912038,0.08600290652741371,-0.08600290652741371,0.0
4,357,40.19303155905078,47.270296511301126,-0.20628330847396015,0.20628330847396015,0.0
4,358,40.182575575652834,47.28075249469907,-0.0028363594852036655,0.0028363594852036655,0.0
4,359,40.19166497121404,47.27166309913787,0.18462427070947118,-0.18462427070947118,0.0
4,360,40.21864545494719,47.24468261540471,0.3549854039538536,-0.3549854039538536,0.0
4,361,40.242617988891084,47.22071008146082,0.12446527492400516,-0.12446527492400516,0.0
4,362,40.258099350569694,47.20522871978221,0.18516195864774332,-0.18516195864774332,0.0
4,363,40.28473698501722,47.17859108533469,0.347590730302227,-0.347590730302227,0.0
4,364,40.33008630169985,47.133241768652056,0.5593956033505938,-0.5593956033505938,0.0
4,365,40.38941547068396,47.07391259966795,0.6271877763307625,-0.6271877763307625,0.0
4,366,40.45540801591653,47.007920054435374,0.6926631283199951,-0.6926631283199951,0.0
4,367,40.53055584832072,46.93277222203119,0.8102935197629684,-0.8102935197629684,0.0
4,368,40.6163758611068,46.8469522092451,0.9061067359579793,-0.9061067359579793,0.0
4,369,40.694175522934415,46.76915254741749,0.6498865005938779,-0.6498865005938779,0.0
4,370,40.76496991777054,46.69835815258136,0.7660013961282655,-0.7660013961282655,0.0
4,371,40.85061632511861,46.6127117452333,0.9469267508322963,-0.9469267508322963,0.0
4,372,40.93207927644221,46.5312487939097,0.6823322756399852,-0.6823322756399852,0.0
4,373,40.99236668500504,46.47096138534687,0.5234158956163393,-0.5234158956163393,0.0
4,374,41.03459091239756,46.428737157954345,0.3210686522333486,-0.3210686522333486,0.0
4,375,41.05721308941429,46.406114980937616,0.1313748881005674,-0.1313748881005674,0.0
4,376,41.070297566635816,46.39303050371609,0.13031465633008832,-0.13031465633008832,0.0
4,377,41.09242755144828,46.370900518903625,0.312285039919173,-0.312285039919173,0.0
4,378,41.128702963885985,46.33462510646592,0.4132232088340473,-0.4132232088340473,0.0
4,379,41.167060922207156,46.29626714814475,0.3539359575895231,-0.3539359575895231,0.0
4,380,41.19503618350052,46.26829188685139,0.20556926827749766,-0.20556926827749766,0.0
4,381,41.202188054359226,46.26114001599268,-0.06253185110315496,0.06253185110315496,0.0
4,382,41.19748728016282,46.26584079018909,-0.031483632824826024,0.031483632824826024,0.0
4,383,41.18287011788817,46.280457952463735,-0.26085961266785596,0.26085961266785596,0.0
4,384,41.146105605149614,46.31722246520229,-0.47443064210335617,0.47443064210335617,0.0
4,385,41.10159229959959,46.36173577075232,-0.4158354688972823,0.4158354688972823,0.0
4,386,41.04927654471953,46.414051525632374,-0.6304796287043768,0.6304796287043768,0.0
4,387,40.983061437386255,46.48026663296565,-0.693822517961781,0.693822517961781,0.0
4,388,40.90453942920789,46.55878864114402,-0.8766176456062507,0.8766176456062507,0.0
4,389,40.81963543829744,46.64369263205447,-0.8214621726028284,0.8214621726028284,0.0
4,390,40.73832692762164,46.725001142730264,-0.8047080409136074,0.8047080409136074,0.0
4,391,40.65887697995453,46.80445109039738,-0.7842909124285651,0.7842909124285651,0.0
4,392,40.59225558230719,46.87107248804472,-0.5481370405184807,0.5481370405184807,0.0
4,393,40.534292927809645,46.92903514254226,-0.6111160494329377,0.6111160494329377,0.0
4,394,40.46950540655837,46.99382266379354,-0.6846343755924584,0.6846343755924584,0.0
4,395,40.39252905736794,47.07079901298397,-0.8548926082162147,0.8548926082162147,0.0
4,396,40.31189531830023,47.151432752051676,-0.7577821731378886,0.7577821731378886,0.0
4,397,40.23966831262766,47.22365975772425,-0.6867579403137194,0.6867579403137194,0.0
4,398,40.16928839178246,47.29403967856945,-0.7208404765910652,0.7208404765910652,0.0
4,399,40.08415752923605,47.379170541115855,-0.981776774336824,0.981776774336824,0.0
4,400,39.9920678819318,47.4712601884201,-0.8600161717484136,0.8600161717484136,0.0
4,401,39.89323542320926,47.570092647142644,-1.1166330027032059,1.1166330027032059,0.0
4,402,39.796367777642786,47.66696029270912,-0.8207199086268391,0.8207199086268391,0.0
4,403,39.712492011011705,47.7508360593402,-0.8567954239954361,0.8567954239954361,0.0
4,404,39.63008245168044,47.83324561867147,-0.7913957626301729,0.7913957626301729,0.0
4,405,39.53824031932612,47.925087751025785,-1.0454468844559397,1.0454468844559397,0.0
4,406,39.43296630874562,48.03036176160629,-1.0600333271544002,1.0600333271544002,0.0
4,407,39.33891240853649,48.12441566181542,-0.821044677028631,0.821044677028631,0.0
4,408,39.265905628497194,48.19742244185471,-0.6390909237578422,0.6390909237578422,0.0
4,409,39.21494638151307,48.24838168883883,-0.3800940159253505,0.3800940159253505,0.0
4,410,39.173311050747316,48.29001701960459,-0.4526125993904495,0.4526125993904495,0.0
4,411,39.13606413927084,48.32726393108106,-0.2923256301389596,0.2923256301389596,0.0
4,412,39.097692768245,48.36563530210691,-0.47510179037847067,0.47510179037847067,0.0
4,413,39.053614265832664,48.40971380451924,-0.40646825786803387,0.40646825786803387,0.0
4,414,39.007587731100614,48.45574033925129,-0.5140624367730684,0.5140624367730684,0.0
4,415,38.955189704026566,48.50813836632534,-0.5338981047082889,0.5338981047082889,0.0
4,416,38.892759094375094,48.57056897597681,-0.7147140883209131,0.7147140883209131,0.0
4,417,38.82701668923363,48.636311381118276,-0.6001340145090959,0.6001340145090959,0.0
4,418,38.768883027009736,48.69444504334217,-0.5625392299695671,0.5625392299695671,0.0
4,419,38.71614528256413,48.74718278778778,-0.49221565894321184,0.49221565894321184,0.0
4,420,38.667026385440124,48.79630168491178,-0.49016228353753544,0.49016228353753544,0.0
4,421,38.62009739247122,48.84323067788068,-0.4484175758402804,0.4484175758402804,0.0
4,422,38.56118874956826,48.90213932078365,-0.7297552822198039,0.7297552822198039,0.0
4,423,38.4858286001305,48.9774994702214,-0.7774477065361136,0.7774477065361136,0.0
4,424,38.42429854975467,49.03902952059724,-0.45315330098026596,0.45315330098026596,-5.0
4,425,38.37393377610965,49.089394294242254,-0.5541421719208097,0.5541421719208097,0.0
4,426,38.31650615916175,49.14682191119016,-0.5944101670373287,0.5944101670373287,0.0
4,427,38.2839725995708,49.179355470781104,-0.056261024781343316,0.056261024781343316,-5.0
4,428,38.26821744232143,49.19511062803048,-0.2588421202058848,0.2588421202058848,0.0
4,429,38.24293446056629,49.22039360978562,-0.24681751489664627,0.24681751489664627,0.0
4,430,38.20732555511205,49.25600251523986,-0.4653605941882226,0.4653605941882226,0.0
4,431,38.17456327497433,49.28876479537763,-0.18988500856665702,0.18988500856665702,0.0
4,432,38.16544257770846,49.2978854926435,0.007471063249115062,-0.007471063249115062,0.0
4,433,38.17314198686944,49.290186083482524,0.14651711997140016,-0.14651711997140016,0.0
4,434,38.19034270121443,49.27298536913747,0.1974971669297103,-0.1974971669297103,0.0
4,435,38.19966567691398,49.26366239343798,-0.011037652939422493,0.011037652939422493,0.0
4,436,38.20549646122976,49.25783160912226,0.12765333925447742,-0.12765333925447742,0.0
4,437,38.207194285842945,49.256133784509075,-0.09369684699024994,0.09369684699024994,0.0
4,438,38.18422874622598,49.27909932412604,-0.36561394534840996,0.36561394534840996,0.0
4,439,38.150352522310925,49.312975548041095,-0.3119105329528171,0.3119105329528171,0.0
4,440,38.15763130553728,49.305696764814684,0.4574861974806952,-0.4574861974806952,-5.0
4,441,38.19166206912524,49.27166600122666,0.2231290742796821,-0.2231290742796821,0.0
4,442,38.2029535579793,49.26037451237255,0.0027007028026551083,-0.0027007028026551083,0.0
4,443,38.18915049402523,49.27417757632668,-0.27876198188485635,0.27876198188485635,0.0
4,444,38.15799759541039,49.30533047494151,-0.3442959904117009,0.3442959904117009,0.0
4,445,38.11338888981828,49.34993918053368,-0.5478781214314665,0.5478781214314665,0.0
4,446,38.078028628223194,49.38529944212877,-0.15932711047071457,0.15932711047071457,-5.0
4,447,38.09135288360932,49.3719751867427,0.42581221819290604,-0.42581221819290604,-5.0
4,448,38.1386840550922,49.32464401525988,0.5208112114633945,-0.5208112114633945,0.0
4,449,38.178804938903056,49.28452313144908,0.2816064647527101,-0.2816064647527101,0.0
4,450,38.19753579431983,49.2657922760323,0.09301064358292699,-0.09301064358292699,0.0
4,451,38.202003784095666,49.26132428625641,-0.0036508480654795505,0.0036508480654795505,0.0
4,452,38.212461163624766,49.25086690672731,0.2127984386474493,-0.2127984386474493,0.0
4,453,38.229997187218316,49.23333088313376,0.13792203322311547,-0.13792203322311547,0.0
4,454,38.25110054550953,49.21222752484255,0.2841451326006732,-0.2841451326006732,0.0
4,455,38.27477872636081,49.188549343991326,0.18941848442367526,-0.18941848442367526,0.0
4,456,38.281344708557754,49.18198336179438,-0.05809884048505598,0.05809884048505598,0.0
4,457,38.27918471905406,49.184143351298076,0.014899050411295356,-0.014899050411295356,0.0
4,458,38.287081708174924,49.17624636217715,0.14304073200646794,-0.14304073200646794,0.0
4,459,38.30570986878689,49.157618201565185,0.2295224802322009,-0.2295224802322009,0.0
4,460,38.32991060407642,49.13341746627566,0.25449222555799,-0.25449222555799,0.0
4,461,38.36272747009872,49.10060060025336,0.40184509488732,-0.40184509488732,0.0
4,462,38.388702829624094,49.074625240727926,0.11766209562071417,-0.11766209562071417,0.0
4,463,38.40217487346757,49.06115319688445,0.1517787812482796,-0.1517787812482796,0.0
4,464,38.427317532197776,49.036010538154244,0.3510743933552529,-0.3510743933552529,0.0
4,465,38.46597961518415,48.99734845516787,0.4221672663716234,-0.4221672663716234,0.0
4,466,38.50413783159809,48.95919023875388,0.3409970619077143,-0.3409970619077143,0.0
4,467,38.53796723410102,48.925360836251,0.3355909881500425,-0.3355909881500425,0.0
4,468,38.57841468123729,48.884913389114786,0.4733579545740536,-0.4733579545740536,0.0
4,469,38.61153256684446,48.85179550350762,0.18899975756893816,-0.18899975756893816,0.0
4,470,38.641937924654826,48.82139014569725,0.41910739863787594,-0.41910739863787594,0.0
4,471,38.672860914249384,48.79046715610269,0.19935239325269016,-0.19935239325269016,0.0
4,472,38.69665920473403,48.7666688656181,0.2766134164391554,-0.2766134164391554,0.0
4,473,38.71163229091627,48.75169577943586,0.022848307205666885,-0.022848307205666885,0.0
4,474,38.70403541955113,48.75929265080106,-0.17478573450974544,0.17478573450974544,0.0
4,475,38.690630969149026,48.77269710120311,-0.09330327353208911,0.09330327353208911,0.0
4,476,38.687573114140946,48.775754956211244,0.0321461733690942,-0.0321461733690942,0.0
4,477,38.68494407541044,48.77838399494169,-0.08472694797844138,0.08472694797844138,0.0
4,478,38.690044456430314,48.77328361392182,0.1867345683760222,-0.1867345683760222,0.0
4,479,38.69452292552813,48.768805144824,-0.09716518641954153,0.09716518641954153,0.0
4,480,38.681219853716584,48.782108216635606,-0.168896249812307,0.168896249812307,0.0
4,481,38.65802626139242,48.805301808959825,-0.2949755966720118,0.2949755966720118,0.0
4,482,38.63081272650879,48.832515343843454,-0.24929510100090368,0.24929510100090368,0.0
4,483,38.616734200734925,48.84659386961738,-0.0322754144774402,0.0322754144774402,0.0
4,484,38.62005075943762,48.84327731091469,0.09860658853101967,-0.09860658853101967,0.0
4,485,38.62728651883907,48.83604155151329,0.046108599496625935,-0.046108599496625935,0.0
4,486,38.61724357068715,48.84608449966521,-0.24696756253515773,0.24696756253515773,0.0
4,487,38.585510997176755,48.87781707317566,-0.387683907673944,0.387683907673944,0.0
4,488,38.55909713370647,48.904230936645945,-0.14059336173223613,0.14059336173223613,0.0
4,489,38.558685534904896,48.90464253544752,0.13236138569991063,-0.13236138569991063,0.0
4,490,38.55787965853915,48.90544841181327,-0.14847891301543248,0.14847891301543248,0.0
4,491,38.55124749412056,48.912080576231915,0.015835624642552837,-0.015835624642552837,0.0
4,492,38.55111838797279,48.91220968237968,-0.01841774759820769,0.01841774759820769,0.0
4,493,38.54808729494499,48.91524077540754,-0.04220411295888926,0.04220411295888926,0.0
4,494,38.537312436272146,48.926015634080386,-0.17329306049857118,0.17329306049857118,0.0
4,495,38.533114117852904,48.930213952499685,0.08932669211248179,-0.08932669211248179,0.0
4,496,38.536013422580254,48.92731464777239,-0.031340597566692274,0.031340597566692274,0.0
4,497,38.54385131263001,48.91947675772269,0.1880983985606921,-0.1880983985606921,0.0
4,498,38.55763121845405,48.905696851898654,0.08749971791979672,-0.08749971791979672,0.0
4,499,38.573414368638225,48.88991370171448,0.2281632857633431,-0.2281632857633431,0.0
4,500,38.60835368746416,48.85497438288854,0.4706230907554847,-0.4706230907554847,0.0
4,501,38.66211423547196,48.80121383488074,0.6045878693998059,-0.6045878693998059,0.0
4,502,38.730592282602515,48.732735787750244,0.7649730732103981,-0.7649730732103981,0.0
4,503,38.821576508831924,48.641751561520834,1.0547114513772433,-1.0547114513772433,0.0
4,504,38.921223789656324,48.54210428069649,0.9382341651095434,-0.9382341651095434,0.0
4,505,39.01880878623689,48.44451928411593,1.013465766501132,-1.013465766501132,0.0
4,506,39.12681714138864,48.33651092896412,1.1467013365347585,-1.1467013365347585,0.0
4,507,39.254750874259855,48.208577196092904,1.4119733208895449,-1.4119733208895449,0.0
4,508,39.399829123714426,48.06349894663833,1.4895916682016948,-1.4895916682016948,0.0
4,509,39.542587004751965,47.92074106560074,1.3655659525494412,-1.3655659525494412,0.0
4,510,39.69248782758609,47.77084024276661,1.6324505041330957,-1.6324505041330957,0.0
4,511,39.844595126573324,47.618732943779435,1.409695475610663,-1.409695475610663,0.0
4,512,39.98502615563643,47.478301914716326,1.398925105651287,-1.398925105651287,0.0
4,513,40.116507654529016,47.34682041582374,1.2307048722005476,-1.2307048722005476,0.0
4,514,40.25083657057496,47.21249149977774,1.455873448719097,-1.455873448719097,0.0
4,515,40.39386944623942,47.069458624113224,1.4047840645705305,-1.4047840645705305,0.0
4,516,40.53538304805966,46.92794502229299,1.4254879718334772,-1.4254879718334772,0.0
4,517,40.673384396151505,46.78994367420114,1.334538990004,-1.334538990004,0.0
4,518,40.80490550127047,46.65842256908212,1.2958831123770258,-1.2958831123770258,0.0
4,519,40.91981338317635,46.54351468717624,1.0022745257416155,-1.0022745257416155,0.0
4,520,41.02197006529536,46.44135800505728,1.0408591166387247,-1.0408591166387247,0.0
4,521,41.12050040839915,46.34282766195349,0.929747745438358,-0.929747745438358,0.0
4,522,41.21335233562979,46.24997573472291,0.9272907991744601,-0.9272907991744601,0.0
4,523,41.31775923398118,46.14556883637158,1.1608471678532313,-1.1608471678532313,0.0
4,524,41.44499459895826,46.0183334713945,1.3838601316887749,-1.3838601316887749,0.0
4,525,41.57675711937918,45.88657095097358,1.251390276731029,-1.251390276731029,0.0
4,526,41.6969451604524,45.76638290990036,1.1523705447345876,-1.1523705447345876,0.0
4,527,41.824663665906655,45.638664404446104,1.4019995643508567,-1.4019995643508567,0.0
4,528,41.96507864237071,45.4982494279821,1.406299964930156,-1.406299964930156,0.0
4,529,42.11569100387305,45.347637066479706,1.6059472651182976,-1.6059472651182976,0.0
4,530,42.271130556220214,45.19219751413249,1.5028437818269111,-1.5028437818269111,0.0
4,531,42.42787105505772,45.03545701529498,1.631966194924101,-1.631966194924101,0.0
4,532,42.59091589707589,44.87241217327687,1.6289306454390609,-1.6289306454390609,0.0
4,533,42.765807094008665,44.697520976344094,1.8688932932175932,-1.8688932932175932,0.0
4,534,42.9663624016149,44.49696566873786,2.1422128589076728,-2.1422128589076728,0.0
4,535,43.171399546875136,44.29192852347762,1.9585300462977484,-1.9585300462977484,0.0
4,536,43.35551494757601,44.10781312277675,1.7237779677206566,-1.7237779677206566,0.0
4,537,43.52938786846755,43.93394020188521,1.7536804501112373,-1.7536804501112373,0.0
4,538,43.70694068131775,43.75638738903501,1.7973758068933492,-1.7973758068933492,0.0
4,539,43.895276599714634,43.568051470638125,1.9693425610449706,-1.9693425610449706,0.0
4,540,44.09046589167633,43.372862178676485,1.9344432781887413,-1.9344432781887413,0.0
4,541,44.274046802624525,43.18928126772835,1.737174940775252,-1.737174940775252,0.0
4,542,44.434229498454556,43.02909857189826,1.4664789758271208,-1.4664789758271208,0.0
4,543,44.56988242847558,42.893445641877236,1.246579624594407,-1.246579624594407,0.0
4,544,44.68608893695614,42.77723913339673,1.0775505450167566,-1.0775505450167566,0.0
4,545,44.78509389645433,42.678234173898545,0.9025486449481956,-0.9025486449481956,0.0
4,546,44.88342053245583,42.579907537896986,1.063984075083547,-1.063984075083547,0.0
4,547,44.9769293294205,42.48639874093237,0.8061918642101276,-0.8061918642101276,0.0
4,548,45.053310980657784,42.41001708969509,0.7214411605362869,-0.7214411605362869,0.0
4,549,45.13910979069783,42.324218279654986,0.994535040266392,-0.994535040266392,0.0
4,550,45.243093605900185,42.22023446445263,1.0851412637810247,-1.0851412637810247,0.0
4,551,45.36304902741995,42.100279042932925,1.313967166614054,-1.313967166614054,0.0
4,552,45.48340316634972,41.979924904003155,1.0931156119826069,-1.0931156119826069,0.0
4,553,45.57957643604243,41.88375163431044,0.8303497818724592,-0.8303497818724592,0.0
4,554,45.66178775937465,41.80154031097817,0.8138766847734651,-0.8138766847734651,0.0
4,555,45.741423006495666,41.72190506385715,0.778828257648148,-0.778828257648148,0.0
4,556,45.81783099006793,41.64549708028488,0.7493314137985214,-0.7493314137985214,0.0
4,557,45.88480779761835,41.57852027273452,0.5902047372099295,-0.5902047372099295,0.0
4,558,45.94827072485202,41.51505734550085,0.6790538074642356,-0.6790538074642356,0.0
4,559,46.02298796553828,41.44034010481465,0.8152910062608285,-0.8152910062608285,0.0
4,560,46.115430075695144,41.34789799465773,1.0335511968784612,-1.0335511968784612,0.0
4,561,46.227500140669235,41.23582792968358,1.2078501026047963,-1.2078501026047963,0.0
4,562,46.350150570711094,41.11317749964178,1.245158498232521,-1.245158498232521,0.0
4,563,46.479583336349265,40.983744734003665,1.3434968145309902,-1.3434968145309902,0.0
4,564,46.61853054001335,40.84479753033952,1.4354472587523777,-1.4354472587523777,0.0
4,565,46.7516018132543,40.71172625709863,1.2259782060663627,-1.2259782060663627,0.0
4,566,46.863617023331926,40.599711047021,1.0143259954870771,-1.0143259954870771,0.0
4,567,46.953752363643616,40.50957570670937,0.788380810746764,-0.788380810746764,0.0
4,568,47.029573335537975,40.433754734814954,0.7280386271423946,-0.7280386271423946,0.0
4,569,47.08869003773725,40.37463803261568,0.45429541684439734,-0.45429541684439734,0.0
4,570,47.119134770756546,40.344193299596384,0.15459924354210752,-0.15459924354210752,0.0
4,571,47.13086790463626,40.33246016571667,0.08006343405345362,-0.08006343405345362,0.0
4,572,47.13507915327125,40.32824891708168,0.004161538646589413,-0.004161538646589413,0.0
4,573,47.13979336549585,40.323534704857025,0.09012270584728732,-0.09012270584728732,0.0
4,574,47.14311017128364,40.320217899069235,-0.02378659009039019,0.02378659009039019,0.0
4,575,47.15203804121427,40.31129002913855,0.20234398870489656,-0.20234398870489656,0.0
4,576,47.163666956438874,40.299661113913885,0.030234315789069655,-0.030234315789069655,0.0
4,577,47.18165576760816,40.281672302744596,0.3295419075973163,-0.3295419075973163,0.0
4,578,47.22051160834178,40.24281646201098,0.44757490707566383,-0.44757490707566383,0.0
4,579,47.25757272516046,40.20575534519236,0.2936474292977387,-0.2936474292977387,0.0
4,580,47.30057439541383,40.16275367493898,0.5663859757702472,-0.5663859757702472,0.0
4,581,47.35671292362849,40.10661514672438,0.5563845885228922,-0.5563845885228922,0.0
4,582,47.41407674257732,40.04925132777555,0.5908917904547097,-0.5908917904547097,0.0
4,583,47.47428400209924,39.98904406825358,0.6132533999850729,-0.6132533999850729,0.0
4,584,47.54054472325288,39.92278334709988,0.7119610230894855,-0.7119610230894855,0.0
4,585,47.6250566563599,39.8382714139928,0.9782776390526973,-0.9782776390526973,0.0
4,586,47.73138166377635,39.7319464065763,1.1482225092781233,-1.1482225092781233,0.0
4,587,47.83469034651091,39.628637723841734,0.9179511454141203,-0.9179511454141203,0.0
4,588,47.92943056018669,39.5338975101659,0.9768531281028938,-0.9768531281028938,0.0
4,589,48.012891989776904,39.450436080575685,0.6923754637021027,-0.6923754637021027,0.0
4,590,48.07939320854689,39.38393486180564,0.6376489116990474,-0.6376489116990474,0.0
4,591,48.152555922545844,39.31077214780669,0.8256053682810043,-0.8256053682810043,0.0
4,592,48.236602874951586,39.226725195401,0.8553336798337137,-0.8553336798337137,0.0
4,593,48.32005323674605,39.1432748336066,0.8136735560556634,-0.8136735560556634,0.0
4,594,48.39578887210553,39.06753919824706,0.701039151135336,-0.701039151135336,0.0
4,595,48.45290112321243,39.01042694714022,0.4412058710025537,-0.4412058710025537,0.0
4,596,48.50952096352398,38.95380710682866,0.6911909352297512,-0.6911909352297512,0.0
4,597,48.57368686163227,38.889641208720434,0.5921270269360441,-0.5921270269360441,0.0
4,598,48.62267979457897,38.84064827577379,0.38773163199805083,-0.38773163199805083,0.0
4,599,48.652210870090926,38.81111720026183,0.20288987824188798,-0.20288987824188798,0.0
4,600,48.66313018521021,38.80019788514255,0.015496424144052945,-0.015496424144052945,0.0
4,601,48.67178159137484,38.791546478977864,0.15753169915043852,-0.15753169915043852,0.0
4,602,48.69465863646906,38.7686694338837,0.3000092027337784,-0.3000092027337784,0.0
4,603,48.72083266895436,38.7424954013984,0.22347144697267485,-0.22347144697267485,0.0
4,604,48.73983926918959,38.723488801163114,0.15666055773348475,-0.15666055773348475,0.0
4,605,48.74774982673773,38.715578243614914,0.0015505932308226278,-0.0015505932308226278,0.0
4,606,48.75158964192201,38.71173842843058,0.07524571045645967,-0.07524571045645967,0.0
4,607,48.75729070228067,38.706037368071975,0.03877549671665648,-0.03877549671665648,0.0
4,608,48.766918533384455,38.69640953696813,0.1537811253608714,-0.1537811253608714,0.0
4,609,48.79623575431742,38.66709231603522,0.43256329329854637,-0.43256329329854637,0.0
4,610,48.837031553492125,38.62629651686052,0.3833526901966522,-0.3833526901966522,0.0
4,611,48.8826994599674,38.58062861038525,0.5300054393091944,-0.5300054393091944,0.0
4,612,48.928591924982925,38.53473614536972,0.38784386100318713,-0.38784386100318713,0.0
4,613,48.95370802399873,38.509620046353916,0.11447811931373231,-0.11447811931373231,0.0
4,614,48.98005492612424,38.483273144228406,0.4124599231964501,-0.4124599231964501,0.0
4,615,49.01539491114761,38.447933159205036,0.29433977727215144,-0.29433977727215144,0.0
4,616,49.045412450517915,38.41791561983473,0.30601101013433407,-0.30601101013433407,0.0
4,617,49.08782139742323,38.37550667292942,0.542167927972601,-0.542167927972601,0.0
4,618,49.149412175748125,38.31391589460452,0.6896476385266279,-0.6896476385266279,0.0
4,619,49.19582616160835,38.26750190874429,0.23863207867891667,-0.23863207867891667,3.0
4,620,49.227945217996876,38.23538285235577,0.4037490490913651,-0.4037490490913651,0.0
4,621,49.256428596794876,38.20689947355777,0.16591852686994457,-0.16591852686994457,0.0
4,622,49.258511032454294,38.20481703789835,-0.1242698136804048,0.1242698136804048,0.0
4,623,49.25791610160718,38.205411968745466,0.11237119673754137,-0.11237119673754137,0.0
4,624,49.28341521199991,38.179912858352736,0.39761101111663955,-0.39761101111663955,0.0
4,625,49.32174911247705,38.141578957875595,0.36906699842709756,-0.36906699842709756,0.0
4,626,49.3689294227421,38.09439864761055,0.5745392068745323,-0.5745392068745323,0.0
4,627,49.39734595129278,38.06598211905987,-0.006208635859954903,0.006208635859954903,3.0
4,628,49.39655751196756,38.06677055838509,-0.00956015064382143,0.00956015064382143,0.0
4,629,49.381580604936744,38.0817474654159,-0.2899779899721713,0.2899779899721713,0.0
4,630,49.360772420242824,38.10255565010982,-0.12618570390593398,0.12618570390593398,0.0
4,631,49.335032854942824,38.12829521540982,-0.3886056020934845,0.3886056020934845,0.0
4,632,49.303862044898096,38.15946602545455,-0.2348105988021736,0.2348105988021736,0.0
4,633,49.293944957752274,38.16938311260037,0.03646885588525706,-0.03646885588525706,0.0
4,634,49.28377661844661,38.179551451906036,-0.23983564199851592,0.23983564199851592,0.0
4,635,49.2615521163757,38.20177595397695,-0.20465439941951669,0.20465439941951669,0.0
4,636,49.229445573777184,38.23388249657546,-0.43747645255102263,0.43747645255102263,0.0
4,637,49.188610369178946,38.2747177011737,-0.3792276394130534,0.3792276394130534,0.0
4,638,49.15283845967326,38.31048961067938,-0.3362105506999864,0.3362105506999864,0.0
4,639,49.104288446606574,38.35903962374607,-0.6347897106350118,0.6347897106350118,0.0
4,640,49.036368258340644,38.426959812012,-0.7236140546831074,0.7236140546831074,0.0
4,641,48.97337660064113,38.489951469711514,-0.5362190993066225,0.5362190993066225,0.0
4,642,48.92411781157,38.539210258782646,-0.44895668211674256,0.44895668211674256,0.0
4,643,48.88384618718328,38.579481883169365,-0.3564758056189161,0.3564758056189161,0.0
4,644,48.838936216491675,38.62439185386097,-0.5417236082137578,0.5417236082137578,0.0
4,645,48.77486435386129,38.688463716491356,-0.7397136443950849,0.7397136443950849,0.0
4,646,48.70923441285572,38.754093657496924,-0.5728851757167082,0.5728851757167082,0.0
4,647,48.66396508292962,38.799362987423024,-0.332501422806339,0.332501422806339,0.0
4,648,48.6255142998408,38.83781377051184,-0.4365142389703527,0.4365142389703527,0.0
4,649,48.579965834499376,38.88336223585327,-0.4744550678585906,0.4744550678585906,0.0
4,650,48.54403425247824,38.919293817874404,-0.24417657256490344,0.24417657256490344,0.0
4,651,48.527084221606515,38.93624384874613,-0.09482404486939089,0.09482404486939089,0.0
4,652,48.51942187540919,38.94390619494345,-0.05842287907776811,0.05842287907776811,0.0
4,653,48.527867795269,38.93546027508364,0.22734127627333667,-0.22734127627333667,0.0
4,654,48.55587439226497,38.90745367808768,0.3327906636458229,-0.3327906636458229,0.0
4,655,48.60002103378338,38.86330703656927,0.5501421667226873,-0.5501421667226873,0.0
4,656,48.64780484923733,38.81552322111531,0.40553414235698426,-0.40553414235698426,0.0
4,657,48.69554100199491,38.767787068357734,0.5491889127938379,-0.5491889127938379,0.0
4,658,48.758217959265835,38.70511011108681,0.7043502326244848,-0.7043502326244848,0.0
4,659,48.82643374886038,38.636894321492264,0.6599655592658147,-0.6599655592658147,0.0
4,660,48.88778725308953,38.57554081726312,0.5671045253177649,-0.5671045253177649,0.0
4,661,48.948768121097714,38.51455994925493,0.6525128348448765,-0.6525128348448765,0.0
4,662,49.006232228526414,38.45709584182623,0.49676931372933897,-0.49676931372933897,0.0
4,663,49.04742158241959,38.41590648793306,0.3270177641337595,-0.3270177641337595,0.0
4,664,49.077515947419215,38.38581212293343,0.2748695358587785,-0.2748695358587785,0.0
4,665,49.11417080399758,38.349157266355064,0.4582275957083013,-0.4582275957083013,0.0
4,666,49.166997144044785,38.29633092630786,0.598299205234551,-0.598299205234551,0.0
4,667,49.2273856683546,38.235942401998045,0.6094712809618681,-0.6094712809618681,0.0
4,668,49.26564004333693,38.197688027015715,0.15561621868321307,-0.15561621868321307,3.0
4,669,49.2895220263556,38.17380604399705,0.3220234416886365,-0.3220234416886365,0.0
4,670,49.33568222296799,38.127645847384656,0.6011804905581375,-0.6011804905581375,0.0
4,671,49.39204198190953,38.07128608844312,0.5260146882710046,-0.5260146882710046,3.0
4,672,49.41971511834345,38.0436129520092,0.02744804040717419,-0.02744804040717419,3.0
4,673,49.40667589682698,38.05665217352566,-0.28823247073638125,0.28823247073638125,3.0
4,674,49.39266839544621,38.07065967490644,0.008082443121654848,-0.008082443121654848,0.0
4,675,49.38901541122914,38.07431265912351,-0.08114212746320693,0.08114212746320693,0.0
4,676,49.380344213928765,38.08298385642388,-0.09228181854330231,0.09228181854330231,0.0
4,677,49.362131634376624,38.10119643597602,-0.2719697725003778,0.2719697725003778,0.0
4,678,49.33068678984489,38.132641280507755,-0.35692711813432076,0.35692711813432076,0.0
4,679,49.28809971684802,38.17522835350462,-0.49481434180256034,0.49481434180256034,0.0
4,680,49.23548054145829,38.22784752889436,-0.55756916599276,0.55756916599276,0.0
4,681,49.17513996513833,38.28818810521432,-0.6492423604070323,0.6492423604070323,0.0
4,682,49.10065985758479,38.36266821276786,-0.8403597906634053,0.8403597906634053,0.0
4,683,49.02247181037069,38.440856259981956,-0.7234011536177327,0.7234011536177327,0.0
4,684,48.959071062249336,38.50425700810331,-0.5446138088084043,0.5446138088084043,0.0
4,685,48.90024193042109,38.563086139931556,-0.6319688277556788,0.6319688277556788,0.0
4,686,48.82390669881829,38.639421371534354,-0.8947358042996063,0.8947358042996063,0.0
4,687,48.74061440909088,38.722713661261764,-0.7711099902497383,0.7711099902497383,0.0
4,688,48.655972024386415,38.80735604596623,-0.9217377038387111,0.9217377038387111,0.0
4,689,48.5631351421506,38.900192928202046,-0.9349999408769882,0.9349999408769882,0.0
4,690,48.46185056055492,39.00147750979772,-1.0906916910357385,1.0906916910357385,0.0
4,691,48.34263153242898,39.12069653792366,-1.293688871483372,1.293688871483372,0.0
4,692,48.20802678510586,39.25530128524679,-1.3984060749786709,1.3984060749786709,0.0
4,693,48.077891165378674,39.38543690497397,-1.2043063195657249,1.2043063195657249,0.0
4,694,47.97056953535025,39.492758535002395,-0.9421262810020661,0.9421262810020661,0.0
4,695,47.889187148341875,39.57414092201077,-0.6855214591665684,0.6855214591665684,0.0
4,696,47.810133802484756,39.65319426786789,-0.8955454579751878,0.8955454579751878,0.0
4,697,47.73553812371688,39.72778994663577,-0.5963681173829132,0.5963681173829132,0.0
4,698,47.68294073316417,39.78038733718847,-0.45557969367091466,0.45557969367091466,0.0
4,699,47.62854731075515,39.83478075959749,-0.6322887545106113,0.6322887545106113,0.0
4,700,47.57967534161162,39.883652728741026,-0.34515062836011356,0.34515062836011356,0.0
4,701,47.53467859673219,39.92864947362045,-0.5547842692280325,0.5547842692280325,0.0
4,702,47.48070419514136,39.98262387521129,-0.5247037625884712,0.5247037625884712,0.0
4,703,47.44107780218269,40.022250268169955,-0.2678240965842811,0.2678240965842811,0.0
4,704,47.40622971430639,40.057098356046254,-0.42913766094110084,0.42913766094110084,0.0
4,705,47.35947753654693,40.10385053380571,-0.5059058942475003,0.5059058942475003,0.0
4,706,47.296591986438784,40.16673608391386,-0.7518051079147305,0.7518051079147305,0.0
4,707,47.219253763903794,40.24407430644885,-0.7949593427852539,0.7949593427852539,0.0
4,708,47.134964685661316,40.32836338469133,-0.8908222220647657,0.8908222220647657,0.0
4,709,47.058460581693566,40.40486748865908,-0.639259857290484,0.639259857290484,0.0
4,710,47.007088397564985,40.45623967278766,-0.38818382528049256,0.38818382528049256,0.0
4,711,46.96275417851871,40.50057389183394,-0.4985005556458164,0.4985005556458164,0.0
4,712,46.90707422301739,40.556253847335256,-0.6150985543799372,0.6150985543799372,0.0
4,713,46.86024423609899,40.60308383425365,-0.3215011839870998,0.3215011839870998,0.0
4,714,46.823653572871194,40.63967449748145,-0.4103120805687972,0.4103120805687972,0.0
4,715,46.781662543319044,40.6816655270336,-0.42950851047487504,0.42950851047487504,0.0
4,716,46.748245983726406,40.71508208662624,-0.23882268137728158,0.23882268137728158,0.0
4,717,46.735066028435085,40.72826204191756,-0.024776424449398426,0.024776424449398426,0.0
4,718,46.73410464656331,40.729223423789335,0.005548787014776124,-0.005548787014776124,0.0
4,719,46.74815019234188,40.71517787801076,0.2753621285557406,-0.2753621285557406,0.0
4,720,46.761562405755285,40.70176566459736,-0.007117860287001676,0.007117860287001676,0.0
4,721,46.74775343772103,40.715574632631615,-0.2690615003971155,0.2690615003971155,0.0
4,722,46.71111274762916,40.75221532272349,-0.4637523014394276,0.4637523014394276,0.0
4,723,46.66811393630735,40.795214134045295,-0.39622392499718995,0.39622392499718995,0.0
4,724,46.63650147968758,40.826826590665064,-0.2360252073972191,0.2360252073972191,0.0
4,725,46.62615432441203,40.83717374594062,0.029082101886348077,-0.029082101886348077,0.0
4,726,46.61683486049003,40.846493209862615,-0.21547138032669189,0.21547138032669189,0.0
4,727,46.60130432624044,40.86202374411221,-0.09513930466627318,0.09513930466627318,0.0
4,728,46.58021734000624,40.8831107303464,-0.32660042001842005,0.32660042001842005,0.0
4,729,46.54045107163097,40.92287699872168,-0.46872494748798665,0.46872494748798665,0.0
4,730,46.49295511462992,40.97037295572272,-0.4811941925331187,0.4811941925331187,0.0
4,731,46.45518246758559,41.00814560276706,-0.274258748352735,0.274258748352735,0.0
4,732,46.43921310064445,41.024114969708194,-0.045128590469886376,0.045128590469886376,0.0
4,733,46.43852897170575,41.024799098646895,0.031446011696176335,-0.031446011696176335,0.0
4,734,46.454198285849884,41.00912978450276,0.2819402711871364,-0.2819402711871364,0.0
4,735,46.46947672572719,40.993851344625455,0.023628526359556368,-0.023628526359556368,0.0
4,736,46.46519270544513,40.99813536490751,-0.10930893200176062,0.10930893200176062,0.0
4,737,46.46269464263378,41.00063342771887,0.05934767577448152,-0.05934767577448152,0.0
4,738,46.471010519482434,40.99231755087021,0.10696986119815755,-0.10696986119815755,0.0
4,739,46.482779069890626,40.98054900046202,0.12840114696564253,-0.12840114696564253,0.0
4,740,46.49708393041237,40.96624413994027,0.15769606346959542,-0.15769606346959542,0.0
4,741,46.516934786523166,40.94639328382948,0.239321058746242,-0.239321058746242,0.0
4,742,46.539601586298545,40.9237264840541,0.2140149367615818,-0.2140149367615818,0.0
4,743,46.56504219303201,40.89828587732063,0.2947971979065702,-0.2947971979065702,0.0
4,744,46.58814709562853,40.87518097472412,0.1673008540230141,-0.1673008540230141,0.0
4,745,46.59709517487761,40.86623289547504,0.011660730958802823,-0.011660730958802823,0.0
4,746,46.59210143491396,40.87122663543869,-0.11153553023293483,0.11153553023293483,0.0
4,747,46.594800317786394,40.86852775256625,0.16551318768063528,-0.16551318768063528,0.0
4,748,46.61165387571009,40.851674194642555,0.17155797079362767,-0.17155797079362767,0.0
4,749,46.634207397295995,40.82912067305665,0.27951246092414284,-0.27951246092414284,0.0
4,750,46.661465061996296,40.80186300835635,0.2656408330814184,-0.2656408330814184,0.0
4,751,46.67722319820143,40.78610487215121,0.049521891020405384,-0.049521891020405384,0.0
4,752,46.67855755601147,40.784770514341176,-0.022834734820621705,0.022834734820621705,0.0
4,753,46.69022586759661,40.773102202756036,0.25620096652369195,-0.25620096652369195,0.0
4,754,46.71763589784268,40.74569217250996,0.2919996383972654,-0.2919996383972654,0.0
4,755,46.746585400271215,40.71674267008143,0.2869904101730336,-0.2869904101730336,0.0
4,756,46.774753311588825,40.68857475876382,0.27636781617943473,-0.27636781617943473,0.0
4,757,46.806671086441156,40.65665698391149,0.3619876808674771,-0.3619876808674771,0.0
4,758,46.83355118508041,40.629776885272236,0.17561429191779965,-0.17561429191779965,0.0
4,759,46.847755448836665,40.61557262151598,0.10847098320750881,-0.10847098320750881,0.0
4,760,46.87077850229332,40.592549568059326,0.35199008592573655,-0.35199008592573655,0.0
4,761,46.915148402207365,40.54817966814528,0.5354079123542359,-0.5354079123542359,0.0
4,762,46.980390201926525,40.48293786842612,0.7694280820290986,-0.7694280820290986,0.0
4,763,47.0490070035944,40.41432106675825,0.6029079513276034,-0.6029079513276034,0.0
4,764,47.12168974011013,40.34163833024252,0.8507467789873209,-0.8507467789873209,0.0
4,765,47.198665266498324,40.26466280385432,0.688763748777224,-0.688763748777224,0.0
4,766,47.282325286789614,40.18100278356303,0.9844366570490486,-0.9844366570490486,0.0
4,767,47.37053980912526,40.09278826122738,0.7798537896634121,-0.7798537896634121,0.0
4,768,47.457806970411525,40.00552109994112,0.965489436062728,-0.965489436062728,0.0
4,769,47.55759856445172,39.90572950590092,1.0303424447406142,-1.0303424447406142,0.0
4,770,47.672248175940126,39.79107989441252,1.2626497850275342,-1.2626497850275342,0.0
4,771,47.792696305681716,39.67063176467093,1.1463128098038018,-1.1463128098038018,0.0
4,772,47.917289124300964,39.54603894605168,1.3455435625801204,-1.3455435625801204,0.0
4,773,48.05927514153302,39.404052928819624,1.494176782061568,-1.494176782061568,0.0
4,774,48.21265288593952,39.250675184413126,1.573378106067251,-1.573378106067251,0.0
4,775,48.38198866739697,39.08133940295568,1.8133375230826765,-1.8133375230826765,0.0
4,776,48.558659015860485,38.90466905449216,1.7200694461879094,-1.7200694461879094,3.0
4,777,48.70577610311,38.75755196724265,1.22227229880085,-1.22227229880085,3.0
4,778,48.80082409496856,38.662503975384084,0.6786875383713911,-0.6786875383713911,3.0
4,779,48.86187750847853,38.60145056187412,0.5423807318289944,-0.5423807318289944,0.0
4,780,48.91587475235576,38.54745331799688,0.537564145716316,-0.537564145716316,0.0
4,781,48.9844453002745,38.478882770078144,0.8338468126594742,-0.8338468126594742,0.0
4,782,49.05577810278635,38.4075499675663,0.5928092375777796,-0.5928092375777796,0.0
4,783,49.101934257170456,38.36139381318219,0.3303138501041749,-0.3303138501041749,3.0
4,784,49.147005802674016,38.31632226767863,0.5711170599665083,-0.5711170599665083,0.0
4,785,49.2071749911654,38.25615307918724,0.632266709860752,-0.632266709860752,0.0
4,786,49.264412158510936,38.19891591184171,0.5124766370486782,-0.5124766370486782,3.0
4,787,49.29350914563054,38.16981892472211,0.06946310534152111,-0.06946310534152111,3.0
4,788,49.292647525165535,38.17068054518711,-0.08669551463947656,0.08669551463947656,0.0
4,789,49.270101446265585,38.19322662408706,-0.36422606335753827,0.36422606335753827,0.0
4,790,49.235670331919664,38.22765773843298,-0.32439622355894127,0.32439622355894127,0.0
4,791,49.21121450648275,38.2521135638699,-0.16472028517928905,0.16472028517928905,0.0
4,792,49.19861629115678,38.26471177919586,-0.08724402133903464,0.08724402133903464,0.0
4,793,49.1903228368252,38.27300523352744,-0.07862506529108337,0.07862506529108337,0.0
4,794,49.17949267060408,38.28383539974857,-0.13797825913038686,0.13797825913038686,0.0
4,795,49.15285162708676,38.310476443265884,-0.39484261121553565,0.39484261121553565,0.0
4,796,49.10726231677211,38.35606575358054,-0.5169435950774233,0.5169435950774233,0.0
4,797,49.046376267510595,38.41695180284205,-0.7007773901525205,0.7007773901525205,0.0
4,798,48.96981715444019,38.49351091591245,-0.8304048712550065,0.8304048712550065,0.0
4,799,48.899712351921835,38.56361571843081,-0.571691179111963,0.571691179111963,0.0
4,800,48.85318227931532,38.610145791037326,-0.35891027301736766,0.35891027301736766,0.0
4,801,48.815140336769105,38.64818773358354,-0.4019285779066166,0.4019285779066166,0.0
4,802,48.774237240890216,38.68909082946243,-0.4161333396700897,0.4161333396700897,0.0
4,803,48.73315987618696,38.730168194165685,-0.40541395439499706,0.40541395439499706,0.0
4,804,48.704870322646684,38.75845774770596,-0.16037711640943186,0.16037711640943186,0.0
4,805,48.702460078659556,38.76086799169309,0.11217223666746268,-0.11217223666746268,0.0
4,806,48.6986950709412,38.76463299941145,-0.18747239103308289,0.18747239103308289,0.0
4,807,48.66642017713741,38.796907893215234,-0.4580254850422545,0.4580254850422545,0.0
4,808,48.61451867582093,38.84880939453171,-0.5800045412856054,0.5800045412856054,0.0
4,809,48.548085745719504,38.91524232463314,-0.7486540607429157,0.7486540607429157,0.0
4,810,48.46264197787377,39.00068609247887,-0.9602212961698431,0.9602212961698431,0.0
4,811,48.3677360081133,39.09559206223935,-0.9378980990377155,0.9378980990377155,0.0
4,812,48.28451832749545,39.1788097428572,-0.7264555133175339,0.7264555133175339,0.0
4,813,48.2113857673595,39.25194230299314,-0.7361956894007902,0.7361956894007902,0.0
4,814,48.14600866800049,39.317319402352155,-0.5713462977793924,0.5713462977793924,0.0
4,815,48.092993782479994,39.37033428787265,-0.4889514126290164,0.4889514126290164,0.0
4,816,48.0408333319607,39.42249473839195,-0.5542575977554742,0.5542575977554742,0.0
4,817,47.98721157191119,39.476116498441456,-0.5181776032328127,0.5181776032328127,0.0
4,818,47.938363013701064,39.52496505665158,-0.4587935609674778,0.4587935609674778,0.0
4,819,47.893275916466564,39.57005215388608,-0.4429483837205739,0.4429483837205739,0.0
4,820,47.85013411971158,39.61319395064106,-0.4198875513789293,0.4198875513789293,0.0
4,821,47.82199359863159,39.64133447172105,-0.1429228702208185,0.1429228702208185,0.0
4,822,47.79570440683233,39.66762366352032,-0.38286096576322315,0.38286096576322315,0.0
4,823,47.770776813869816,39.69255125648283,-0.11569089348695805,0.11569089348695805,0.0
4,824,47.764391721752986,39.69893634859966,-0.012010948847433589,0.012010948847433589,0.0
4,825,47.75616855523367,39.707159515118974,-0.15245238153822882,0.15245238153822882,0.0
4,826,47.751402919832344,39.7119251505203,0.05713967351292126,-0.05713967351292126,0.0
4,827,47.74239350876883,39.72093456158382,-0.2373278947815436,0.2373278947815436,0.0
4,828,47.71723078824721,39.74609728210544,-0.2659265156493893,0.2659265156493893,0.0
4,829,47.69539739821255,39.767930672140096,-0.17074128504150732,0.17074128504150732,0.0
4,830,47.668311800324545,39.7950162700281,-0.37097067271645034,0.37097067271645034,0.0
4,831,47.624539337741,39.83878873261165,-0.504478578952944,0.504478578952944,0.0
4,832,47.575241510934575,39.88808655941807,-0.48147795717369224,0.48147795717369224,0.0
4,833,47.51226494649313,39.95106312385951,-0.778053331654478,0.778053331654478,0.0
4,834,47.42631839721139,40.037009673141256,-0.9408776539788519,0.9408776539788519,0.0
4,835,47.332799210787584,40.13052885956506,-0.9295060744957935,0.9295060744957935,0.0
4,836,47.22800397108381,40.23532409926884,-1.1663987195797159,1.1663987195797159,0.0
4,837,47.11031016467075,40.353017905681895,-1.1874774086793156,1.1874774086793156,0.0
4,838,46.995745693940194,40.46758237641245,-1.1038120059298304,1.1038120059298304,0.0
4,839,46.88552892242171,40.57779914793093,-1.1005234244380047,1.1005234244380047,0.0
4,840,46.774964818588955,40.68836325176369,-1.110758652215302,1.110758652215302,0.0
4,841,46.66212875654867,40.80119931380398,-1.1459625885900095,1.1459625885900095,0.0
4,842,46.54123499343871,40.92209307691394,-1.2719126736074085,1.2719126736074085,0.0
4,843,46.41068755574588,41.052640514606765,-1.339036080246954,1.339036080246954,0.0
4,844,46.27894621960456,41.18438185074808,-1.2957906425776482,1.2957906425776482,0.0
4,845,46.14564744501274,41.317680625339904,-1.370184849257857,1.370184849257857,0.0
4,846,46.004938884549006,41.45838918580364,-1.4439863600160292,1.4439863600160292,0.0
4,847,45.85783737315501,41.60549069719764,-1.4980438678616776,1.4980438678616776,0.0
4,848,45.6987654964164,41.764562573936246,-1.6833936669086427,1.6833936669086427,0.0
4,849,45.53858216039339,41.924745909959256,-1.5202730535506523,1.5202730535506523,0.0
4,850,45.37228932571111,42.09103874464154,-1.8055836400929337,1.8055836400929337,0.0
4,851,45.20223284055862,42.26109522979402,-1.5955460629556075,1.5955460629556075,0.0
4,852,45.042468292549415,42.42085977780323,-1.5997448972282813,1.5997448972282813,0.0
4,853,44.88513353499229,42.57819453536035,-1.5469502539120743,1.5469502539120743,0.0
4,854,44.733459763711835,42.72986830664081,-1.4865251716956491,1.4865251716956491,0.0
4,855,44.59446105219479,42.86886701815786,-1.2934490586441152,1.2934490586441152,0.0
4,856,44.46904627989886,42.99428179045378,-1.2148463872729582,1.2148463872729582,0.0
4,857,44.355693142285304,43.10763492806734,-1.0522163649979612,1.0522163649979612,0.0
4,858,44.264692832697506,43.19863523765514,-0.7677898267577579,0.7677898267577579,0.0
4,859,44.181392215803385,43.28193585454926,-0.8982225111232136,0.8982225111232136,0.0
4,860,44.100030388012215,43.36329768234043,-0.7290140446989604,0.7290140446989604,0.0
4,861,44.0156636958003,43.447664374552346,-0.9583197995391686,0.9583197995391686,0.0
4,862,43.908624917004545,43.5547031533481,-1.1824557763737875,1.1824557763737875,0.0
4,863,43.802314811862516,43.66101325849013,-0.9437463264649963,0.9437463264649963,0.0
4,864,43.722088577283785,43.74123949306886,-0.6607783651079382,0.6607783651079382,0.0
4,865,43.66943545403012,43.79389261632252,-0.39228409996306723,0.39228409996306723,0.0
4,866,43.622407286698945,43.8409207836537,-0.5482792466591677,0.5482792466591677,0.0
4,867,43.55677832294941,43.90654974740323,-0.7643000283314061,0.7643000283314061,0.0
4,868,43.4758710564729,43.98745701387975,-0.8538453011968414,0.8538453011968414,0.0
4,869,43.39486203347519,44.06846603687745,-0.7663351587570251,0.7663351587570251,0.0
4,870,43.30324013990992,44.16008793044273,-1.0661027125465985,1.0661027125465985,0.0
4,871,43.18423712814581,44.279090942206835,-1.3139575227349374,1.3139575227349374,0.0
4,872,43.04831931494505,44.4150087554076,-1.4043987412792793,1.4043987412792793,0.0
4,873,42.89988274044845,44.5634453299042,-1.5643327486510898,1.5643327486510898,0.0
4,874,42.74899951041232,44.71432855994033,-1.4533318520700016,1.4533318520700016,0.0
4,875,42.61777742306606,44.845550647286586,-1.171109894854653,1.171109894854653,0.0
4,876,42.510409961133405,44.95291810921924,-0.9762393437974302,0.9762393437974302,0.0
4,877,42.41936176281092,45.04396630754172,-0.8447246226502951,0.8447246226502951,0.0
4,878,42.32931906710621,45.13400900324643,-0.9561292914417274,0.9561292914417274,0.0
4,879,42.24799197473851,45.215336095614134,-0.6704125559108478,0.6704125559108478,0.0
4,880,42.18571401313602,45.277614057216624,-0.5751466761374013,0.5751466761374013,0.0
4,881,42.13556847733412,45.32775959301853,-0.42776403989987877,0.42776403989987877,0.0
4,882,42.09238605171481,45.370942018637834,-0.43588447248587947,0.43588447248587947,0.0
4,883,42.04622332503311,45.417104745319534,-0.48737006114609294,0.48737006114609294,0.0
4,884,42.009297627024466,45.45403044332818,-0.2511438990258066,0.2511438990258066,0.0
4,885,41.9836515835882,45.47967648676445,-0.2617769696985208,0.2617769696985208,0.0
4,886,41.96003580613376,45.503292264218885,-0.21053857938970477,0.21053857938970477,0.0
4,887,41.93132876219522,45.531999308157424,-0.3636022993797594,0.3636022993797594,0.0
4,888,41.89386889505067,45.56945917530197,-0.3855950435101141,0.3855950435101141,0.0
4,889,41.84931015186362,45.614017918489026,-0.5055798202295998,0.5055798202295998,0.0
4,890,41.79366195497789,45.66966611537475,-0.6073841174834227,0.6073841174834227,0.0
4,891,41.74043769511616,45.72289037523649,-0.457101079750859,0.457101079750859,0.0
4,892,41.702061634271104,45.76126643608154,-0.31042013714918326,0.31042013714918326,0.0
4,893,41.67346196490337,45.78986610544928,-0.26157325020445565,0.26157325020445565,0.0
4,894,41.63233016936738,45.83099790098527,-0.5610626605152031,0.5610626605152031,0.0
4,895,41.57465776329843,45.88867030705421,-0.5923854608616503,0.5923854608616503,0.0
4,896,41.52965798802768,45.933670082324966,-0.3076100445523924,0.3076100445523924,0.0
4,897,41.508821705276546,45.9545063650761,-0.10911561046873519,0.10911561046873519,0.0
4,898,41.49334876485068,45.969979305501965,-0.20034319804708023,0.20034319804708023,0.0
4,899,41.460430522492175,46.00289754786047,-0.45802164912114485,0.45802164912114485,0.0
4,900,41.42250866437939,46.04081940597325,-0.3004155131331867,0.3004155131331867,0.0
4,901,41.4018634260849,46.061464644267744,-0.11248925275464838,0.11248925275464838,0.0
4,902,41.38925638535386,46.074071684998785,-0.13965156186470473,0.13965156186470473,0.0
4,903,41.380449506210084,46.08287856414256,-0.036486021009710434,0.036486021009710434,0.0
4,904,41.38898339219452,46.07434467815813,0.20716374070063992,-0.20716374070063992,0.0
4,905,41.39678895836016,46.06653911199248,-0.05105241738694133,0.05105241738694133,0.0
4,906,41.388366357316386,46.07496171303626,-0.11739960348855139,0.11739960348855139,0.0
4,907,41.385393550560366,46.07793451979228,0.05794346837000486,-0.05794346837000486,0.0
4,908,41.39956701836934,46.063761051983306,0.2255258878097619,-0.2255258878097619,0.0
4,909,41.41409027421287,46.04923779613978,0.06493922906196481,-0.06493922906196481,0.0
4,910,41.43531595707566,46.028012113276986,0.35957442819476704,-0.35957442819476704,0.0
4,911,41.46501044320689,45.99831762714575,0.23431529443056043,-0.23431529443056043,0.0
4,912,41.47595933004402,45.987368740308625,-0.01533755768608902,0.01533755768608902,0.0
4,913,41.48354640509956,45.979781665253086,0.16707905879772333,-0.16707905879772333,0.0
4,914,41.510356103400454,45.95297196695219,0.36911490722204476,-0.36911490722204476,0.0
4,915,41.560751355755656,45.90257671459699,0.6387901398821363,-0.6387901398821363,0.0
4,916,41.61348298782468,45.84984508252796,0.4158425015006202,-0.4158425015006202,0.0
4,917,41.64405404298202,45.819274027370625,0.19557860164743168,-0.19557860164743168,0.0
4,918,41.65380716203458,45.80952090831806,-0.0005162205958919586,0.0005162205958919586,0.0
4,919,41.66867221613575,45.7946558542169,0.29781730262038586,-0.29781730262038586,0.0
4,920,41.69781077134428,45.765517299008366,0.28495380155038674,-0.28495380155038674,0.0
4,921,41.71414506033864,45.74918301001401,0.041731978337759656,-0.041731978337759656,0.0
4,922,41.71902672027829,45.74430135007435,0.055901220456912704,-0.055901220456912704,0.0
4,923,41.71697658928406,45.74635148106859,-0.09690384034030064,0.09690384034030064,0.0
4,924,41.699028609597235,45.76429946075541,-0.2620557533951722,0.2620557533951722,0.0
4,925,41.68662272617689,45.77670534417575,0.013938084990137156,-0.013938084990137156,0.0
4,926,41.69374282989861,45.769585240454035,0.12846398944598025,-0.12846398944598025,0.0
4,927,41.691964696965556,45.77136337338709,-0.16402664810635592,0.16402664810635592,0.0
4,928,41.660796155129674,45.80253191522297,-0.4593441886093572,0.4593441886093572,0.0
4,929,41.61797292561653,45.84535514473612,-0.39712040165141804,0.39712040165141804,0.0
4,930,41.568175015004385,45.89515305534826,-0.5988378105895418,0.5988378105895418,0.0
4,931,41.494856488213486,45.96847158213916,-0.867532725226285,0.867532725226285,0.0
4,932,41.42143064536458,46.041897424988065,-0.6009841317497164,0.6009841317497164,0.0
4,933,41.37355870057252,46.08976936978013,-0.3564547640914153,0.3564547640914153,0.0
4,934,41.338785598039635,46.12454247231301,-0.33900728656543233,0.33900728656543233,0.0
4,935,41.296673957671146,46.1666541126815,-0.503225520802717,0.503225520802717,0.0
4,936,41.23159868643813,46.23172938391451,-0.7982799038574413,0.7982799038574413,0.0
4,937,41.14154628970209,46.321781780650554,-1.002768030862133,1.002768030862133,0.0
4,938,41.02924271679524,46.43408535355741,-1.2433034272743528,1.2433034272743528,0.0
4,939,40.91412762074265,46.54920044961,-1.0589984937772279,1.0589984937772279,0.0
4,940,40.80117388078429,46.662154189568355,-1.200076305387764,1.200076305387764,0.0
4,941,40.668622910001886,46.79470516035076,-1.4509431102587955,1.4509431102587955,0.0
4,942,40.520611599419226,46.94271647093342,-1.5092831013929278,1.5092831013929278,0.0
4,943,40.37440879038968,47.088919279962965,-1.414773079196534,1.414773079196534,0.0
4,944,40.24168860054556,47.22163946980709,-1.239630717685464,1.239630717685464,0.0
4,945,40.12789434724516,47.335433723107485,-1.0362543483218358,1.0362543483218358,0.0
4,946,40.03233037473433,47.430997695618316,-0.875025101893347,0.875025101893347,0.0
4,947,39.94318737019012,47.52014070016253,-0.9078349889908663,0.9078349889908663,0.0
4,948,39.840895057777516,47.62243301257513,-1.1380112592603933,1.1380112592603933,0.0
4,949,39.729558553865786,47.73376951648686,-1.088718818971942,1.088718818971942,0.0
4,950,39.6111764574747,47.85215161287795,-1.2789231088476667,1.2789231088476667,0.0
4,951,39.48811374403806,47.975214326314585,-1.182331159883904,1.182331159883904,0.0
4,952,39.36234929834234,48.10097877201031,-1.332957754029474,1.332957754029474,0.0
4,953,39.242853087219714,48.22047498313293,-1.0569664684217557,1.0569664684217557,0.0
4,954,39.13406631422674,48.3292617561259,-1.11876899143674,1.11876899143674,0.0
4,955,39.0190097012744,48.444318369078246,-1.1823632676098503,1.1823632676098503,0.0
4,956,38.8932326304996,48.57009543985305,-1.3331781478855964,1.3331781478855964,0.0
4,957,38.79356068978154,48.6697673805711,-0.6602606664766961,0.6602606664766961,-5.0
4,958,38.720917165397395,48.74241090495525,-0.7926098212055273,0.7926098212055273,0.0
4,959,38.632684480247235,48.83064359010541,-0.9720438817987658,0.9720438817987658,0.0
4,960,38.54462892626566,48.918699144086986,-0.7890671978340391,0.7890671978340391,0.0
4,961,38.50202889262175,48.96129917773089,-0.06293347504460112,0.06293347504460112,-5.0
4,962,38.48425620101284,48.979071869339805,-0.29252035713352065,0.29252035713352065,0.0
4,963,38.46722189596733,48.99610617438532,-0.048165743775955505,0.048165743775955505,0.0
4,964,38.46044731015752,49.002880760195126,-0.08732597241897899,0.08732597241897899,0.0
4,965,38.444787920906265,49.01854014944638,-0.22586181260592575,0.22586181260592575,0.0
4,966,38.41885778204323,49.04447028830941,-0.29274096465389476,0.29274096465389476,0.0
4,967,38.38238105761832,49.08094701273433,-0.43679352384400616,0.43679352384400616,0.0
4,968,38.338131923545575,49.12519614680707,-0.44818915761044487,0.44818915761044487,0.0
4,969,38.280237199071166,49.18309087128148,-0.709705331876112,0.709705331876112,0.0
4,970,38.24152307114355,49.2218049992091,-0.06457722667572074,0.06457722667572074,-5.0
4,971,38.22528610761913,49.23804196273352,-0.2601620438141161,0.2601620438141161,0.0
4,972,38.21402461969342,49.24930345065923,0.0349322852987175,-0.0349322852987175,0.0
4,973,38.218285155082526,49.24504291527012,0.05027842248357128,-0.05027842248357128,0.0
4,974,38.211236746979466,49.25209132337318,-0.19124658454638865,0.19124658454638865,0.0
4,975,38.18387694358205,49.279451126770596,-0.355949483401508,0.355949483401508,0.0
4,976,38.14465484227833,49.31867322807432,-0.42849254267445236,0.42849254267445236,0.0
4,977,38.11212171152579,49.35120635882686,-0.22217007237645525,0.22217007237645525,-5.0
4,978,38.1063483175451,49.35697975280755,0.10670219276327586,-0.10670219276327586,-5.0
4,979,38.10709424914262,49.356233821210026,-0.09178356081209493,0.09178356081209493,0.0
4,980,38.10612006694646,49.357208003406186,0.07229991688921533,-0.07229991688921533,0.0
4,981,38.12534640793717,49.33798166241547,0.31222690292641797,-0.31222690292641797,0.0
4,982,38.158761520490316,49.30456654986233,0.35607534813728137,-0.35607534813728137,0.0
4,983,38.20005277717996,49.26327529317268,0.46974978565586323,-0.46974978565586323,0.0
4,984,38.25107648491519,49.21225158543746,0.5507243690502479,-0.5507243690502479,0.0
4,985,38.292415120308874,49.17091295004377,0.27604833882520996,-0.27604833882520996,0.0
4,986,38.307731851355925,49.15559621899672,0.0302862821174541,-0.0302862821174541,0.0
4,987,38.31570296646669,49.14762510388596,0.1291360200988514,-0.1291360200988514,0.0
4,988,38.317245802352886,49.14608226799976,-0.0982793023727897,0.0982793023727897,0.0
4,989,38.303952490031975,49.15937558032067,-0.1675869440439932,0.1675869440439932,0.0
4,990,38.295296081844526,49.16803198850812,-0.005541219703566469,0.005541219703566469,0.0
4,991,38.29415808503916,49.16916998531349,-0.017218716401645295,0.017218716401645295,0.0
4,992,38.29519457551373,49.16813349483891,0.037948525894700325,-0.037948525894700325,0.0
4,993,38.31360248741419,49.14972558293846,0.33020971211556027,-0.33020971211556027,0.0
4,994,38.333629249118076,49.12969882123457,0.07032552196298614,-0.07032552196298614,0.0
4,995,38.333602694496676,49.12972537585597,-0.07085661438977198,0.07085661438977198,0.0
4,996,38.33931470535174,49.124013365000906,0.1850968314911876,-0.1850968314911876,0.0
4,997,38.344134339288416,49.11919373106423,-0.08870415275556365,0.08870415275556365,0.0
4,998,38.34385093304229,49.119477137310355,0.08303602783421926,-0.08303602783421926,0.0
4,999,38.35561318063469,49.107714889717954,0.15220892401548092,-0.15220892401548092,0.0
4,1000,38.375834254920505,49.08749381543214,0.2522125617010049,-0.2522125617010049,0.0
5,0,52.63588920013954,26.31794460006977,0.0,0.0,0.0
5,1,52.63422495246962,26.319608847739687,-0.03328495339837012,0.03328495339837012,3.0
5,2,52.606362780878115,26.347471019331188,-0.5239584784317213,0.5239584784317213,3.0
5,3,52.549326174650254,26.40450762555905,-0.6167736461254467,0.6167736461254467,3.0
5,4,52.46868457584384,26.485149224365465,-0.9960583300028549,0.9960583300028549,3.0
5,5,52.364745730671046,26.589088069538256,-1.0827185734529312,1.0827185734529312,3.0
5,6,52.230440641970404,26.723393158238906,-1.6033832005600885,1.6033832005600885,3.0
5,7,52.067930189204745,26.88590361100456,-1.6468258547530557,1.6468258547530557,3.0
5,8,51.87832520582559,27.075508594383713,-2.145273812829929,2.145273812829929,3.0
5,9,51.6591801602376,27.294653639971713,-2.2376270989300195,2.2376270989300195,3.0
5,10,51.413216105292975,27.540617694916335,-2.6816539999624407,2.6816539999624407,3.0
5,11,51.1257582524505,27.828075547758807,-3.0675030568870802,3.0675030568870802,3.0
5,12,50.797998975023745,28.155834825185572,-3.487682491648167,3.487682491648167,3.0
5,13,50.42582772514646,28.528006075062862,-3.955742505897611,3.955742505897611,3.0
5,14,50.016749058359665,28.93708474184966,-4.2258308298384115,4.2258308298384115,3.0
5,15,49.58466935445967,29.369164445749654,-4.415763248161401,4.415763248161401,3.0
5,16,49.12809394527269,29.825739854936636,-4.715744935578261,4.715744935578261,3.0
5,17,48.63150871017968,30.322325090029643,-5.215959766281893,5.215959766281893,3.0
5,18,48.1059938036937,30.847839996515624,-5.294338363437731,5.294338363437731,0.0
5,19,47.57587253854195,31.377961261667377,-5.308086939597279,5.308086939597279,0.0
5,20,47.03235325851693,31.921480541692397,-5.562298660903165,5.562298660903165,0.0
5,21,46.4701546785595,32.48367912164982,-5.681672938245294,5.681672938245294,0.0
5,22,45.914993417410805,33.03884038279851,-5.4215522847285165,5.4215522847285165,0.0
5,23,45.36649407890631,33.587339721303,-5.548434485361357,5.548434485361357,0.0
5,24,44.80610654698341,34.14772725322591,-5.659316153096677,5.659316153096677,0.0
5,25,44.22917921532771,34.7246545848816,-5.879230480017126,5.879230480017126,0.0
5,26,43.6519169856848,35.3019168145245,-5.666014112841051,5.666014112841051,0.0
5,27,43.09803332176036,35.85580047844895,-5.411659165647778,5.411659165647778,0.0
5,28,42.55751065232307,36.39632314788624,-5.398794223098134,5.398794223098134,0.0
5,29,42.00327634776961,36.9505574524397,-5.68589186797101,5.68589186797101,0.0
5,30,41.421435793335384,37.532398006873926,-5.9509192207135335,5.9509192207135335,0.0
5,31,40.8185496688975,38.13528413131182,-6.106803268044223,6.106803268044223,0.0
5,32,40.207063757665814,38.7467700425435,-6.122914956589415,6.122914956589415,0.0
5,33,39.58542279565798,39.368411004551334,-6.309904283567207,6.309904283567207,0.0
5,34,38.941200462408254,40.01263333780106,-6.574542381427486,6.574542381427486,0.0
5,35,38.29370991913546,40.660123881073865,-6.375268484028487,6.375268484028487,0.0
5,36,37.68383132018225,41.270002480027074,-5.822303495035644,5.822303495035644,-5.0
5,37,37.12050225555991,41.833331544649404,-5.4442777974110665,5.4442777974110665,-5.0
5,38,36.597704483972095,42.35612931623722,-5.011677634345244,5.011677634345244,-5.0
5,39,36.108850476646566,42.844983323562744,-4.765402512165153,4.765402512165153,-5.0
5,40,35.65174750222395,43.30208629798536,-4.37665697628721,4.37665697628721,-5.0
5,41,35.22455690458585,43.72927689562346,-4.167154976474622,4.167154976474622,-5.0
5,42,34.83563517850915,44.11819862170017,-3.6112795450596114,3.6112795450596114,-5.0
5,43,34.49745691190665,44.45637688830266,-3.152285786990282,3.152285786990282,-5.0
5,44,34.21254349839805,44.74129030181126,-2.5459824831816587,2.5459824831816587,-5.0
5,45,33.9687907470611,44.98504305314822,-2.3290725435573965,2.3290725435573965,-5.0
5,46,33.759337854589646,45.194495945619664,-1.8599853058715201,1.8599853058715201,-5.0
5,47,33.59445772387329,45.35937607633602,-1.4376173084556942,1.4376173084556942,-5.0
5,48,33.48038797191937,45.47344582828993,-0.8437777306225751,0.8437777306225751,-5.0
5,49,33.40984083263133,45.543992967577964,-0.5671650551380871,0.5671650551380871,-5.0
5,50,33.38369000882554,45.57014379138376,0.04414857902236946,-0.04414857902236946,-5.0
5,51,33.413553152748065,45.54028064746124,0.5531142994279943,-0.5531142994279943,-5.0
5,52,33.46511383596692,45.48871996424239,0.4780993649490153,-0.4780993649490153,0.0
5,53,33.49943565169622,45.454398148513086,0.20833694963711835,-0.20833694963711835,0.0
5,54,33.50820538655479,45.445628413654504,-0.03294225246543547,0.03294225246543547,0.0
5,55,33.53988847482188,45.413945325387424,0.6666040178070025,-0.6666040178070025,-5.0
5,56,33.61999754268554,45.33383625752376,0.9355773394663558,-0.9355773394663558,0.0
5,57,33.72419280524571,45.229640994963596,1.1483279117370309,-1.1483279117370309,0.0
5,58,33.8418169517774,45.11201684843189,1.2041550188971453,-1.2041550188971453,0.0
5,59,33.97416157899828,44.97967222121102,1.4427375255204034,-1.4427375255204034,0.0
5,60,34.11540491642184,44.83842888378746,1.382129222950919,-1.382129222950919,0.0
5,61,34.24434623090268,44.70948756930662,1.1966970666660153,-1.1966970666660153,0.0
5,62,34.34974876588443,44.604085034324875,0.9113536329689769,-0.9113536329689769,0.0
5,63,34.434814277048105,44.5190195231612,0.7899565903046115,-0.7899565903046115,0.0
5,64,34.51833146393595,44.43550233627336,0.8803871474523497,-0.8803871474523497,0.0
5,65,34.59896310371323,44.35487069649608,0.7322456480933939,-0.7322456480933939,0.0
5,66,34.657630449893915,44.29620335031539,0.4411012755205235,-0.4411012755205235,0.0
5,67,34.70224978160067,44.25158401860864,0.4512853586146246,-0.4512853586146246,0.0
5,68,34.74177819992556,44.21205560028374,0.33928300788343435,-0.33928300788343435,0.0
5,69,34.761965903144,44.1918678970653,0.06447105648545559,-0.06447105648545559,0.0
5,70,34.76367469228104,44.19015910792826,-0.03029527374445884,0.03029527374445884,0.0
5,71,34.774831004087545,44.17900279612175,0.25342150987469125,-0.25342150987469125,0.0
5,72,34.81258409657191,44.14124970363738,0.5016403398128491,-0.5016403398128491,0.0
5,73,34.87388661017185,44.07994719003744,0.7244099321860542,-0.7244099321860542,0.0
5,74,34.960485250128244,43.99334855008104,1.0075628669419778,-1.0075628669419778,0.0
5,75,35.04662894243566,43.90720485777362,0.7153109792064756,-0.7153109792064756,0.0
5,76,35.109063407988,43.84477039222128,0.5333783318404999,-0.5333783318404999,0.0
5,77,35.15515195626237,43.798681843946916,0.3883926336468715,-0.3883926336468715,0.0
5,78,35.18482003790152,43.769013762307765,0.20496899913624222,-0.20496899913624222,0.0
5,79,35.20819373778504,43.74564006242425,0.26250499853420983,-0.26250499853420983,0.0
5,80,35.23287306589647,43.72096073431282,0.23108156369459643,-0.23108156369459643,0.0
5,81,35.249507111010516,43.704326689198766,0.1015993385865066,-0.1015993385865066,0.0
5,82,35.27217057529232,43.68166322491697,0.35166994704964516,-0.35166994704964516,0.0
5,83,35.315066234924245,43.638767565285036,0.5062432455890793,-0.5062432455890793,0.0
5,84,35.377999530223605,43.575834269985684,0.752422660398052,-0.752422660398052,0.0
5,85,35.45305597162165,43.500777828587644,0.7487061675628341,-0.7487061675628341,0.0
5,86,35.529416844952124,43.42441695525717,0.7785112990467855,-0.7785112990467855,0.0
5,87,35.596427002901564,43.35740679730773,0.5616918599421252,-0.5616918599421252,0.0
5,88,35.66149289904598,43.29234090116331,0.7396260629464333,-0.7396260629464333,0.0
5,89,35.7209236997934,43.23291010041587,0.4489899520023206,-0.4489899520023206,0.0
5,90,35.772341940442516,43.18149185976676,0.5793748609800051,-0.5793748609800051,0.0
5,91,35.82729587485973,43.12653792534953,0.5197038273646433,-0.5197038273646433,0.0
5,92,35.89321771006058,43.060616090148685,0.798732876652374,-0.798732876652374,0.0
5,93,35.964949754687055,42.98888404552222,0.6359080158770638,-0.6359080158770638,0.0
5,94,36.021786099009404,42.93204770119987,0.5008188705699883,-0.5008188705699883,0.0
5,95,36.08624125270906,42.8675925475002,0.7882842034234958,-0.7882842034234958,0.0
5,96,36.16998604623339,42.78384775397587,0.88661166706326,-0.88661166706326,0.0
5,97,36.273352903826876,42.680480896382385,1.1807254848064979,-1.1807254848064979,0.0
5,98,36.39082210163315,42.563011698576105,1.1686584713191763,-1.1686584713191763,0.0
5,99,36.49659505237368,42.45723874783559,0.9468005434913014,-0.9468005434913014,0.0
5,100,36.58323005997616,42.370603740233115,0.7858996085583669,-0.7858996085583669,0.0
5,101,36.66046500709324,42.293368793116045,0.7587993337831573,-0.7587993337831573,0.0
5,102,36.721381409241104,42.23245239096818,0.4595287091742666,-0.4595287091742666,0.0
5,103,36.7574343341616,42.19639946604768,0.2615297892357846,-0.2615297892357846,0.0
5,104,36.78934636105927,42.164487439149994,0.37671074871799437,-0.37671074871799437,0.0
5,105,36.81597215729168,42.137861642917585,0.1558051759304222,-0.1558051759304222,0.0
5,106,36.84149205844551,42.11234174176376,0.35459284714638617,-0.35459284714638617,0.0
5,107,36.883391609676366,42.07044219053289,0.4833981774710603,-0.4833981774710603,0.0
5,108,36.91789242461351,42.035941375595755,0.2066181212718039,-0.2066181212718039,0.0
5,109,36.926290026317915,42.02754377389134,-0.03866608718335751,0.03866608718335751,0.0
5,110,36.92467701992035,42.0291567802889,0.0064059592323317815,-0.0064059592323317815,0.0
5,111,36.94005968595046,42.01377411425881,0.30124736136975727,-0.30124736136975727,0.0
5,112,36.96265549454526,41.99117830566399,0.15066881052655567,-0.15066881052655567,0.0
5,113,36.98307805259033,41.970755747618924,0.2577823503750407,-0.2577823503750407,0.0
5,114,37.00596810680605,41.9478656934032,0.20001873393947012,-0.20001873393947012,0.0
5,115,37.039039064771444,41.914794735437795,0.46140042536868187,-0.46140042536868187,0.0
5,116,37.09401727291555,41.85981652729369,0.6381637375135094,-0.6381637375135094,0.0
5,117,37.15212343197136,41.80171036823789,0.5239594436026351,-0.5239594436026351,0.0
5,118,37.190564819708925,41.76326898050034,0.24486831114858543,-0.24486831114858543,0.0
5,119,37.201770525206555,41.7520632750027,-0.020754201195643418,0.020754201195643418,0.0
5,120,37.203909778597506,41.74992402161176,0.06353926901452756,-0.06353926901452756,0.0
5,121,37.220644295271555,41.73318950493771,0.2711510644664905,-0.2711510644664905,0.0
5,122,37.262508808245656,41.6913249919636,0.5661391950158716,-0.5661391950158716,0.0
5,123,37.31661964545994,41.637214154749316,0.5160775492699212,-0.5160775492699212,0.0
5,124,37.37670483411634,41.577128966092914,0.6856262238581623,-0.6856262238581623,0.0
5,125,37.45637662109446,41.497457179114804,0.907809515704276,-0.907809515704276,0.0
5,126,37.53578485783288,41.41804894237637,0.6803552190643831,-0.6803552190643831,0.0
5,127,37.589748198510634,41.364085601698605,0.39891159449102354,-0.39891159449102354,0.0
5,128,37.627792257392315,41.326041542816924,0.3619695831428489,-0.3619695831428489,0.0
5,129,37.653929920767965,41.29990387944129,0.16078368437000634,-0.16078368437000634,0.0
5,130,37.66253890354264,41.291294896666614,0.011395971123641324,-0.011395971123641324,0.0
5,131,37.653049195462486,41.30078460474677,-0.2011901327267216,0.2011901327267216,0.0
5,132,37.62397936069462,41.32985443951465,-0.3802065626306481,0.3802065626306481,0.0
5,133,37.590720883738456,41.3631129164708,-0.28496297649225255,0.28496297649225255,0.0
5,134,37.56505895105431,41.38877484915494,-0.22827567719061648,0.22827567719061648,0.0
5,135,37.547467010317064,41.40636678989219,-0.12356313755443704,0.12356313755443704,0.0
5,136,37.5484576306159,41.40537616959337,0.14337554353077842,-0.14337554353077842,0.0
5,137,37.55642428338916,41.397409516820105,0.015957511934248103,-0.015957511934248103,0.0
5,138,37.54940989154332,41.40442390866595,-0.1562453488512796,0.1562453488512796,0.0
5,139,37.54232510617149,41.41150869403779,0.014549641414268066,-0.014549641414268066,0.0
5,140,37.54157264464442,41.41226115556486,-0.02959887195582578,0.02959887195582578,0.0
5,141,37.540096409845546,41.413737390363735,7.417597820857935e-05,-7.417597820857935e-05,0.0
5,142,37.54102076123556,41.412813038973724,0.018412851821887344,-0.018412851821887344,0.0
5,143,37.55242067590066,41.40141312430863,0.20958544147982927,-0.20958544147982927,0.0
5,144,37.56596185718749,41.38787194302182,0.06123818425627281,-0.06123818425627281,0.0
5,145,37.57092120596448,41.38291259424484,0.03794879128322659,-0.03794879128322659,0.0
5,146,37.573299561305134,41.38053423890419,0.009618315529547061,-0.009618315529547061,0.0
5,147,37.587984674099516,41.365849126109794,0.2840839403581983,-0.2840839403581983,0.0
5,148,37.60881851613476,41.34501528407456,0.13259290034634663,-0.13259290034634663,0.0
5,149,37.63400887779932,41.31982492241001,0.37121433294469597,-0.37121433294469597,0.0
5,150,37.67044253134179,41.28339126886753,0.3574587379046754,-0.3574587379046754,0.0
5,151,37.71745620223848,41.23637759797086,0.5828146800286653,-0.5828146800286653,0.0
5,152,37.769905029881045,41.18392877032828,0.46616187282273547,-0.46616187282273547,0.0
5,153,37.80384971770053,41.149984082508794,0.21273188356671913,-0.21273188356671913,0.0
5,154,37.83551741679193,41.11831638341741,0.4206220982608757,-0.4206220982608757,0.0
5,155,37.86268204619378,41.09115175401557,0.12267048977580242,-0.12267048977580242,0.0
5,156,37.87137399511798,41.082459805091375,0.051168488707937776,-0.051168488707937776,0.0
5,157,37.885537263225075,41.06829653698428,0.2320968734337674,-0.2320968734337674,0.0
5,158,37.92224400922561,41.03158979098376,0.5020380465764527,-0.5020380465764527,0.0
5,159,37.962353607141495,40.991480193067886,0.3001539117409413,-0.3001539117409413,0.0
5,160,37.998349544698016,40.955484255511365,0.4197648393893205,-0.4197648393893205,0.0
5,161,38.041879968635385,40.911953831573996,0.45084363935782346,-0.45084363935782346,0.0
5,162,38.08734659822804,40.86648720198134,0.4584889524950144,-0.4584889524950144,0.0
5,163,38.12108363062029,40.832750169589076,0.2162516953500635,-0.2162516953500635,0.0
5,164,38.14063627963358,40.8131975205758,0.17480128491533975,-0.17480128491533975,0.0
5,165,38.14710816604631,40.80672563416307,-0.04536355666108349,0.04536355666108349,0.0
5,166,38.13856331986304,40.81527048034634,-0.12553336700454487,0.12553336700454487,0.0
5,167,38.12513192408042,40.828701876128946,-0.14309454864776328,0.14309454864776328,0.0
5,168,38.10683961767549,40.84699418253389,-0.22275157945123514,0.22275157945123514,0.0
5,169,38.0697226515295,40.88411114867988,-0.5195877434686027,0.5195877434686027,0.0
5,170,38.01878536101296,40.93504843919641,-0.49915806686223085,0.49915806686223085,0.0
5,171,37.95970370247451,40.99413009773485,-0.6824751039069019,0.6824751039069019,0.0
5,172,37.894084091200426,41.059749709008926,-0.6299171215747768,0.6299171215747768,0.0
5,173,37.82484751759267,41.128986282616694,-0.7548143505806459,0.7548143505806459,0.0
5,174,37.73725124532456,41.21658255488482,-0.9971110947820705,0.9971110947820705,0.0
5,175,37.64546132793086,41.308372472278506,-0.8386872530917753,0.8386872530917753,0.0
5,176,37.55107541841383,41.402758381795536,-1.0490309372488822,1.0490309372488822,0.0
5,177,37.44350015180402,41.51033364840535,-1.1024743949476212,1.1024743949476212,0.0
5,178,37.318841756786384,41.634992043423,-1.3906935054053893,1.3906935054053893,0.0
5,179,37.17643185696636,41.77740194324301,-1.4575044909950217,1.4575044909950217,0.0
5,180,37.044462437033474,41.90937136317589,-1.1818839076627397,1.1818839076627397,0.0
5,181,36.929038211274246,42.024795588935106,-1.126600607521822,1.126600607521822,0.0
5,182,36.82794477643188,42.12588902377746,-0.8952680893255582,0.8952680893255582,0.0
5,183,36.75177849086859,42.20205530934075,-0.6280576219403553,0.6280576219403553,0.0
5,184,36.70233693783214,42.25149686237718,-0.36077343878850776,0.36077343878850776,0.0
5,185,36.67778323596386,42.27605056424548,-0.13030059857753162,0.13030059857753162,0.0
5,186,36.667640861995466,42.28619293821389,-0.07254688079076743,0.07254688079076743,0.0
5,187,36.648656592535275,42.30517720767409,-0.307138508413364,0.307138508413364,0.0
5,188,36.61448813269138,42.339345667517975,-0.3762306884644717,0.3762306884644717,0.0
5,189,36.56980381585856,42.384029984350775,-0.5174556481917811,0.5174556481917811,0.0
5,190,36.521759088123105,42.43207471208622,-0.4434389065173203,0.4434389065173203,0.0
5,191,36.475226682021116,42.47860711818821,-0.48720921552254737,0.48720921552254737,0.0
5,192,36.41624000621712,42.53759379399219,-0.6925243005572819,0.6925243005572819,0.0
5,193,36.3408579388103,42.61297586139899,-0.8151170475790295,0.8151170475790295,0.0
5,194,36.259525310195215,42.694308490014095,-0.8115355247228759,0.8115355247228759,0.0
5,195,36.191178485197156,42.762655315012154,-0.5554009752385216,0.5554009752385216,0.0
5,196,36.131296131542086,42.82253766866722,-0.6422460978632989,0.6422460978632989,0.0
5,197,36.07956359707171,42.8742702031376,-0.39240459154445784,0.39240459154445784,0.0
5,198,36.04883098424861,42.9050028159607,-0.22224766491778336,0.22224766491778336,0.0
5,199,36.012167225992386,42.941666574216924,-0.5110275002068612,0.5110275002068612,0.0
5,200,35.96789523457855,42.98593856563076,-0.3744123280699174,0.3744123280699174,0.0
5,201,35.93571950631144,43.01811429389787,-0.26910223727226157,0.26910223727226157,0.0
5,202,35.920536685911344,43.033297114297966,-0.034554170729721,0.034554170729721,0.0
5,203,35.90977235553973,43.04406144466958,-0.18073243670245986,0.18073243670245986,0.0
5,204,35.87687580257983,43.07695799762948,-0.47719862249580025,0.47719862249580025,0.0
5,205,35.81959705461304,43.13423674559627,-0.6683763368401632,0.6683763368401632,0.0
5,206,35.76135270318139,43.19248109702792,-0.49651069179324825,0.49651069179324825,0.0
5,207,35.69908696917048,43.25474683103883,-0.7488039884248492,0.7488039884248492,0.0
5,208,35.63216492268691,43.3216688775224,-0.5896369412464821,0.5896369412464821,0.0
5,209,35.57361124375791,43.3802225564514,-0.5814366373335007,0.5814366373335007,0.0
5,210,35.5018342773632,43.45199952284611,-0.8541026905610387,0.8541026905610387,0.0
5,211,35.42326558205582,43.53056821815349,-0.7172712155870329,0.7172712155870329,0.0
5,212,35.34655453974793,43.60727926046138,-0.8169496305707149,0.8169496305707149,0.0
5,213,35.279157294189616,43.67467650601969,-0.5309952805957252,0.5309952805957252,0.0
5,214,35.22876997814754,43.72506382206177,-0.47675104024591874,0.47675104024591874,0.0
5,215,35.18970136140729,43.76413243880202,-0.30462129455954123,0.30462129455954123,0.0
5,216,35.156117661555385,43.797716138653925,-0.36705270247860966,0.36705270247860966,0.0
5,217,35.11202033566127,43.84181346454804,-0.5148938154040037,0.5148938154040037,0.0
5,218,35.06318094849169,43.89065285171762,-0.46189392798763684,0.46189392798763684,0.0
5,219,35.00458433353512,43.94924946667419,-0.7100383711440932,0.7100383711440932,0.0
5,220,34.92403191023408,44.02980188997523,-0.9010100948772015,0.9010100948772015,0.0
5,221,34.84686937959327,44.10696442061604,-0.6422405179393413,0.6422405179393413,0.0
5,222,34.79412544900467,44.15970835120464,-0.4126380938326424,0.4126380938326424,0.0
5,223,34.76497608743912,44.18885771277019,-0.17034913747820468,0.17034913747820468,0.0
5,224,34.739883768418196,44.213950031791114,-0.331497242940455,0.331497242940455,0.0
5,225,34.70127375279233,44.25256004741698,-0.4407030695769345,0.4407030695769345,0.0
5,226,34.6646122427897,44.28922155741961,-0.2925271304758912,0.2925271304758912,0.0
5,227,34.63923222896054,44.31460157124877,-0.21507314610737538,0.21507314610737538,0.0
5,228,34.62600872912145,44.32782507108786,-0.04939685067463717,0.04939685067463717,0.0
5,229,34.617968451232514,44.335865348976796,-0.11140870710433237,0.11140870710433237,0.0
5,230,34.60073644882655,44.35309735138276,-0.23323134101522136,0.23323134101522136,0.0
5,231,34.576612670366444,44.377221129842866,-0.24924422818735792,0.24924422818735792,0.0
5,232,34.540260283857634,44.413573516351676,-0.4778035019891318,0.4778035019891318,0.0
5,233,34.502416364460885,44.451417435748425,-0.27907488594582563,0.27907488594582563,0.0
5,234,34.46558960864135,44.48824419156796,-0.4574602304450561,0.4574602304450561,0.0
5,235,34.42381457873452,44.53001922147479,-0.3780403676919155,0.3780403676919155,0.0
5,236,34.37849402595023,44.57533977425908,-0.5283706879939523,0.5283706879939523,0.0
5,237,34.32278433273859,44.63104946747072,-0.5858231762387636,0.5858231762387636,0.0
5,238,34.25468461073123,44.69914918947808,-0.7761712639088394,0.7761712639088394,0.0
5,239,34.176975066843056,44.776858733366254,-0.7780196138548545,0.7780196138548545,0.0
5,240,34.13198025262449,44.82185354758482,-0.12187667051655993,0.12187667051655993,-5.0
5,241,34.128326260943,44.82550753926631,0.04879683688703551,-0.04879683688703551,0.0
5,242,34.13695162957919,44.81688217063012,0.1237105358368904,-0.1237105358368904,0.0
5,243,34.14269425560869,44.81113954460062,-0.008858015246703488,0.008858015246703488,0.0
5,244,34.15475969396158,44.79907410624773,0.2501667823045457,-0.2501667823045457,0.0
5,245,34.188954728556695,44.764879071652615,0.4337339095978443,-0.4337339095978443,0.0
5,246,34.24065325712664,44.71318054308267,0.6002366618010084,-0.6002366618010084,0.0
5,247,34.29560305286944,44.65823074733987,0.49875925305502644,-0.49875925305502644,0.0
5,248,34.34390368154567,44.60993011866364,0.4672533204695073,-0.4672533204695073,0.0
5,249,34.3947973471962,44.55903645301311,0.5506199925415611,-0.5506199925415611,0.0
5,250,34.45549081670296,44.49834298350635,0.6632493975937681,-0.6632493975937681,0.0
5,251,34.52068829960896,44.43314550060035,0.6407002605264971,-0.6407002605264971,0.0
5,252,34.588675365019924,44.365158435189386,0.7190410476931639,-0.7190410476931639,0.0
5,253,34.658879820939916,44.294953979269394,0.6850480707068431,-0.6850480707068431,0.0
5,254,34.72434251155744,44.22949128865187,0.624205741643574,-0.624205741643574,0.0
5,255,34.77870402786789,44.17512977234142,0.4630245845655816,-0.4630245845655816,0.0
5,256,34.82913397513903,44.12469982507028,0.5455743608572732,-0.5455743608572732,0.0
5,257,34.89179797121389,44.06203582899542,0.7077055606403118,-0.7077055606403118,0.0
5,258,34.953866998736544,43.999966801472766,0.5336749898131714,-0.5336749898131714,0.0
5,259,35.006091161147566,43.947742639061744,0.5108082584074891,-0.5108082584074891,0.0
5,260,35.054959764405055,43.898874035804255,0.4665638067426032,-0.4665638067426032,0.0
5,261,35.10890538577402,43.84492841443529,0.6123486206371931,-0.6123486206371931,0.0
5,262,35.15669204257628,43.79714175763303,0.3433845154079638,-0.3433845154079638,0.0
5,263,35.18370203472213,43.77013176548718,0.19681532750900121,-0.19681532750900121,0.0
5,264,35.19530660820462,43.75852719200469,0.035276142140657996,-0.035276142140657996,0.0
5,265,35.206668839470694,43.747164960738615,0.19196848318088566,-0.19196848318088566,0.0
5,266,35.227593394907615,43.726240405301695,0.22652262555792468,-0.22652262555792468,0.0
5,267,35.245657566984306,43.708176233225004,0.13476081597626166,-0.13476081597626166,0.0
5,268,35.26756087787169,43.686272922337594,0.30330540177190546,-0.30330540177190546,0.0
5,269,35.302198004063285,43.651635796145996,0.38943712206038583,-0.38943712206038583,0.0
5,270,35.35160247094535,43.60223132926393,0.5986522155812324,-0.5986522155812324,0.0
5,271,35.40719053224646,43.54664326796282,0.5131090104413785,-0.5131090104413785,0.0
5,272,35.45159639164751,43.5022374085618,0.3750081775793559,-0.3750081775793559,0.0
5,273,35.49168190359856,43.46215189661072,0.4267020614421,-0.4267020614421,0.0
5,274,35.54379909885449,43.41003470135479,0.6156418436769089,-0.6156418436769089,0.0
5,275,35.60989510688378,43.343938693325526,0.7062783169086915,-0.7062783169086915,0.0
5,276,35.67814230460806,43.27569149560125,0.6586656375772701,-0.6586656375772701,0.0
5,277,35.732544401608465,43.221289398600874,0.4293763024305992,-0.4293763024305992,0.0
5,278,35.789358781866724,43.164475018342586,0.7069113027351648,-0.7069113027351648,0.0
5,279,35.85296782747733,43.10086597273198,0.565269609477351,-0.565269609477351,0.0
5,280,35.90044440998116,43.05338939022815,0.38426204059932445,-0.38426204059932445,0.0
5,281,35.95372441641152,43.00010938379779,0.6813380880079398,-0.6813380880079398,0.0
5,282,36.03615657308666,42.91767722712265,0.9673050454949506,-0.9673050454949506,0.0
5,283,36.125858661633316,42.827975138575994,0.8267367254385878,-0.8267367254385878,0.0
5,284,36.19573622308462,42.758097577124715,0.5708145035872354,-0.5708145035872354,0.0
5,285,36.267326217441536,42.68650758276783,0.8609853835507328,-0.8609853835507328,0.0
5,286,36.35622645160163,42.59760734860777,0.9170192996507964,-0.9170192996507964,0.0
5,287,36.447789048995304,42.50604475121409,0.9142326482231393,-0.9142326482231393,0.0
5,288,36.546651376341515,42.40718242386785,1.0630138987018212,-1.0630138987018212,0.0
5,289,36.65574339783896,42.298090402370406,1.118826531247386,-1.118826531247386,0.0
5,290,36.76662969618525,42.18720410402415,1.0988994356781339,-1.0988994356781339,0.0
5,291,36.876172395860095,42.0776614043493,1.0919545578190988,-1.0919545578190988,0.0
5,292,36.988414277121194,41.9654195230882,1.152883067403085,-1.152883067403085,0.0
5,293,37.097036458231486,41.85679734197791,1.0195605548027267,-1.0195605548027267,0.0
5,294,37.19677670364899,41.75705709656043,0.975244353547077,-0.975244353547077,0.0
5,295,37.30885094878013,41.64498285142929,1.2662405490761692,-1.2662405490761692,0.0
5,296,37.450437942117844,41.50339585809158,1.5654993176779701,-1.5654993176779701,0.0
5,297,37.608620779992094,41.3452130202173,1.5981574398077623,-1.5981574398077623,0.0
5,298,37.756020812563406,41.19781298764599,1.3498432116187873,-1.3498432116187873,0.0
5,299,37.88970330766571,41.06413049254368,1.323806690427709,-1.323806690427709,0.0
5,300,38.01399414137052,40.939839658838906,1.1620099836681597,-1.1620099836681597,0.0
5,301,38.134668996803185,40.81916480340624,1.2514871249854336,-1.2514871249854336,0.0
5,302,38.25502949270884,40.69880430750061,1.1557227931273246,-1.1557227931273246,0.0
5,303,38.365295473266684,40.58853832694274,1.0495968180300768,-1.0495968180300768,0.0
5,304,38.466767179278634,40.48706662093076,0.9798373022094227,-0.9798373022094227,0.0
5,305,38.55018783983641,40.403645960372984,0.6885759089464818,-0.6885759089464818,0.0
5,306,38.61393752118232,40.339896279027045,0.5864177179723518,-0.5864177179723518,0.0
5,307,38.66246203545208,40.291371764757315,0.3840725674224261,-0.3840725674224261,0.0
5,308,38.70879856961221,40.24503523059715,0.5426581157809105,-0.5426581157809105,0.0
5,309,38.768488906768056,40.18534489344128,0.6511486273364895,-0.6511486273364895,0.0
5,310,38.82052561947353,40.13330818073581,0.38958562677288544,-0.38958562677288544,0.0
5,311,38.872037298407946,40.08179650180142,0.6406479519152182,-0.6406479519152182,0.0
5,312,38.949055406763534,40.00477839344583,0.8997142151969868,-0.8997142151969868,0.0
5,313,39.038555297416536,39.9152785027928,0.890283597863716,-0.890283597863716,0.0
5,314,39.13741953379508,39.816414266414256,1.0870011297072644,-1.0870011297072644,0.0
5,315,39.26057295719053,39.69326084301878,1.3760673382024544,-1.3760673382024544,0.0
5,316,39.40418366327515,39.54965013693416,1.4961467834902766,-1.4961467834902766,0.0
5,317,39.53961308381119,39.41422071639809,1.2124416272310459,-1.2124416272310459,0.0
5,318,39.66285589979458,39.29097790041473,1.2524146924365134,-1.2524146924365134,0.0
5,319,39.77692687735362,39.17690692285569,1.0290048587438365,-1.0290048587438365,0.0
5,320,39.87823958105997,39.075594219149366,0.9972492153825767,-0.9972492153825767,0.0
5,321,39.973767923808,38.98006587640134,0.9133176395777296,-0.9133176395777296,0.0
5,322,40.07122364800739,38.88261015220192,1.0357968444102603,-1.0357968444102603,0.0
5,323,40.17584878924737,38.77798501096194,1.0567059803891574,-1.0567059803891574,0.0
5,324,40.2836897722529,38.67014402795638,1.100113679721626,-1.100113679721626,0.0
5,325,40.39879266508626,38.55504113512305,1.2019441769447816,-1.2019441769447816,0.0
5,326,40.52659366502007,38.42724013518924,1.3540758217309543,-1.3540758217309543,0.0
5,327,40.66534818123063,38.28848561897868,1.4210145024796983,-1.4210145024796983,0.0
5,328,40.80827500049173,38.14555879971758,1.437521882741768,-1.437521882741768,0.0
5,329,40.964205031037125,37.989628769172185,1.68107872816568,-1.68107872816568,0.0
5,330,41.14685271653752,37.80698108367176,1.9718749818423529,-1.9718749818423529,0.0
5,331,41.33629794270979,37.61753585749952,1.81702954160205,-1.81702954160205,0.0
5,332,41.52170121716733,37.43213258304198,1.8910359475483869,-1.8910359475483869,0.0
5,333,41.71699412292975,37.23683967727956,2.0148221676997604,-2.0148221676997604,0.0
5,334,41.91212010869543,37.04171369151388,1.8876975476133975,-1.8876975476133975,0.0
5,335,42.10520559258282,36.84862820762649,1.9740121301339268,-1.9740121301339268,0.0
5,336,42.30003604231217,36.65379775789711,1.922596864453018,-1.922596864453018,0.0
5,337,42.482826711294706,36.471007088914575,1.7332165151973182,-1.7332165151973182,0.0
5,338,42.66666010150266,36.287173698706596,1.9434512889616382,-1.9434512889616382,0.0
5,339,42.873006645283,36.080827154926226,2.1834795866452676,-2.1834795866452676,0.0
5,340,43.08387667923904,35.869957120970156,2.0339210924755626,-2.0339210924755626,0.0
5,341,43.2786545679798,35.67517923222937,1.8616366823397925,-1.8616366823397925,0.0
5,342,43.4753990766859,35.478434723523236,2.0732534917823315,-2.0732534917823315,0.0
5,343,43.677768261375604,35.27606553883356,1.9741302020109561,-1.9741302020109561,0.0
5,344,43.87723854666291,35.07659525354629,2.015275503734385,-2.015275503734385,0.0
5,345,44.06352347427372,34.8903103259355,1.7104230484818155,-1.7104230484818155,3.0
5,346,44.21472977981074,34.73910402039846,1.3137030622587957,-1.3137030622587957,3.0
5,347,44.33030315139786,34.62353064881134,0.997764369484007,-0.997764369484007,3.0
5,348,44.428506873298545,34.52532692691068,0.9663100685295047,-0.9663100685295047,0.0
5,349,44.52143493203681,34.432398868172385,0.8922511062364817,-0.8922511062364817,0.0
5,350,44.60179863141826,34.352035168790934,0.7150228813924988,-0.7150228813924988,0.0
5,351,44.685827018682005,34.26800678152719,0.9655448638827275,-0.9655448638827275,0.0
5,352,44.78887140912525,34.16496239108395,1.0953429449822343,-1.0953429449822343,0.0
5,353,44.87196723034094,34.081866569868254,0.5665734793314492,-0.5665734793314492,3.0
5,354,44.8993076617968,34.05452613841243,-0.019764850214249563,0.019764850214249563,3.0
5,355,44.90264092620123,34.051192874008024,0.0864301383028252,-0.0864301383028252,0.0
5,356,44.89786719251424,34.05596660769501,-0.18190481204227105,0.18190481204227105,0.0
5,357,44.88169320461168,34.072140595597574,-0.1415749460088671,0.1415749460088671,0.0
5,358,44.871058015971926,34.08277578423733,-0.07112882678591781,0.07112882678591781,0.0
5,359,44.86816451875785,34.0856692814514,0.013258882504930014,-0.013258882504930014,0.0
5,360,44.875519970673224,34.07831382953603,0.1338501558027314,-0.1338501558027314,0.0
5,361,44.898681675052785,34.055152125156496,0.3293839317884544,-0.3293839317884544,0.0
5,362,44.921878857720344,34.031954942488966,0.13455972156264373,-0.13455972156264373,0.0
5,363,44.934345867701495,34.019487932507786,0.11478047806102687,-0.11478047806102687,0.0
5,364,44.960050392157996,33.99378340805126,0.3993100110696979,-0.3993100110696979,0.0
5,365,44.988013121606855,33.96582067860243,0.15994457790726635,-0.15994457790726635,0.0
5,366,44.99102005803263,33.96281374217665,-0.09980584939127901,0.09980584939127901,0.0
5,367,44.993465204107,33.960368596102285,0.14870877087899714,-0.14870877087899714,0.0
5,368,45.004536367042874,33.94929743316641,0.07271448783905754,-0.07271448783905754,0.0
5,369,45.02064581850965,33.93318798169963,0.2494745414962125,-0.2494745414962125,0.0
5,370,45.03278217229234,33.92105162791694,-0.006747465842545708,0.006747465842545708,0.0
5,371,45.02558309752919,33.92825070268009,-0.1372340294205543,0.1372340294205543,0.0
5,372,44.99822610301425,33.955607697195035,-0.40990586087834213,0.40990586087834213,0.0
5,373,44.95019309052543,34.00364070968385,-0.5507543888980804,0.5507543888980804,0.0
5,374,44.90137754848183,34.05245625172745,-0.42555645197389946,0.42555645197389946,0.0
5,375,44.85509472997336,34.09873907023592,-0.5000999181951498,0.5000999181951498,0.0
5,376,44.80936725953842,34.14446654067086,-0.41444949050383606,0.41444949050383606,0.0
5,377,44.77376255100239,34.18007124920689,-0.29764468021684287,0.29764468021684287,0.0
5,378,44.7521319238009,34.20170187640838,-0.13496786381251535,0.13496786381251535,0.0
5,379,44.739766327654365,34.214067472554916,-0.11234405911778467,0.11234405911778467,0.0
5,380,44.730346467364996,34.223487332844286,-0.07605314666914431,0.07605314666914431,0.0
5,381,44.73076277061506,34.22307102959422,0.08437921167122653,-0.08437921167122653,0.0
5,382,44.74007155576686,34.21376224444242,0.1017964913646896,-0.1017964913646896,0.0
5,383,44.748579102365,34.20525469784428,0.06835444059841578,-0.06835444059841578,0.0
5,384,44.742150464500696,34.211683335708585,-0.19692719788381474,0.19692719788381474,0.0
5,385,44.72238973716463,34.23144406304465,-0.19828734883668897,0.19828734883668897,0.0
5,386,44.702170522466304,34.25166327774298,-0.20609694512924737,0.20609694512924737,0.0
5,387,44.673024783684866,34.280809016524415,-0.3768178304989691,0.3768178304989691,0.0
5,388,44.63814916307183,34.31568463713745,-0.32069458176187204,0.32069458176187204,0.0
5,389,44.602698253189146,34.351135547020135,-0.38832361589147,0.38832361589147,0.0
5,390,44.57614182284976,34.37769197735952,-0.14280499089600074,0.14280499089600074,0.0
5,391,44.55377094945783,34.40006285075145,-0.3046124769425935,0.3046124769425935,0.0
5,392,44.508998257300505,34.44483554290878,-0.5908413662039971,0.5908413662039971,0.0
5,393,44.44865279227503,34.505181007934254,-0.6160679343053062,0.6160679343053062,0.0
5,394,44.37804196450486,34.57579183570442,-0.7961486210978999,0.7961486210978999,0.0
5,395,44.306751546114015,34.64708225409527,-0.6296597467191454,0.6296597467191454,0.0
5,396,44.23749535779598,34.7163384424133,-0.7554640196417077,0.7554640196417077,0.0
5,397,44.150972486593844,34.80286131361544,-0.9749934044002551,0.9749934044002551,0.0
5,398,44.06343135647916,34.890402443730125,-0.7758291978930956,0.7758291978930956,0.0
5,399,43.984207530200706,34.969626270008575,-0.8086473276751347,0.8086473276751347,0.0
5,400,43.90783377693009,35.04600002327919,-0.71882773773706,0.71882773773706,0.0
5,401,43.82852837389237,35.12530542631691,-0.867280323017094,0.867280323017094,0.0
5,402,43.74813380734719,35.205699992862094,-0.7406110078862236,0.7406110078862236,0.0
5,403,43.665007591188555,35.288826209020726,-0.9219133152864547,0.9219133152864547,0.0
5,404,43.5815987827371,35.37223501747218,-0.7462628537428175,0.7462628537428175,0.0
5,405,43.497325163635196,35.456508636574085,-0.9392095282955264,0.9392095282955264,0.0
5,406,43.393876660885724,35.55995713932356,-1.1297605266939463,1.1297605266939463,0.0
5,407,43.26839095115372,35.68544284905556,-1.3799536679457054,1.3799536679457054,0.0
5,408,43.11869140954252,35.83514239066676,-1.6140371642775344,1.6140371642775344,0.0
5,409,42.957064021864426,35.996769778344856,-1.6185105892845595,1.6185105892845595,0.0
5,410,42.800147809510804,36.15368599069848,-1.5198136577880481,1.5198136577880481,0.0
5,411,42.65549844459338,36.298335355615905,-1.373173640559675,1.373173640559675,0.0
5,412,42.5130250458696,36.440808754339685,-1.4762943339155719,1.4762943339155719,0.0
5,413,42.37081128968407,36.58302251052521,-1.3679807897948573,1.3679807897948573,0.0
5,414,42.235434760086434,36.71839904012285,-1.339549802157415,1.339549802157415,0.0
5,415,42.10109440117236,36.85273939903692,-1.3472573761240128,1.3472573761240128,0.0
5,416,41.96521450470971,36.988619295499575,-1.3703405531284112,1.3703405531284112,0.0
5,417,41.82675131468659,37.12708248552269,-1.3989232473334416,1.3989232473334416,0.0
5,418,41.70059644342956,37.25323735677972,-1.1241741778066734,1.1241741778066734,0.0
5,419,41.577874402502914,37.37595939770637,-1.3302666407254815,1.3302666407254815,0.0
5,420,41.45961289161073,37.49422090859855,-1.0349635771183872,1.0349635771183872,0.0
5,421,41.34694135545999,37.60689244474929,-1.2184671458956906,1.2184671458956906,0.0
5,422,41.21167876590579,37.742155034303494,-1.486784645187555,1.486784645187555,0.0
5,423,41.073259170928964,37.88057462928032,-1.2816072543482084,1.2816072543482084,0.0
5,424,40.941130874496196,38.012702925713086,-1.3609586743070636,1.3609586743070636,0.0
5,425,40.793973802412836,38.159859997796445,-1.5821827673598312,1.5821827673598312,0.0
5,426,40.63185340743121,38.32198039277807,-1.6602251322729842,1.6602251322729842,0.0
5,427,40.47549148298384,38.47834231722544,-1.4670133566742116,1.4670133566742116,0.0
5,428,40.340532079635864,38.61330172057342,-1.2321747102845828,1.2321747102845828,0.0
5,429,40.2189580777121,38.73487572249718,-1.1993053281898156,1.1993053281898156,0.0
5,430,40.10590503071137,38.84792876949791,-1.0617556118243776,1.0617556118243776,0.0
5,431,40.01448193695876,38.93935186325052,-0.766706263227313,0.766706263227313,0.0
5,432,39.930383775119765,39.02345002508952,-0.9152569735522258,0.9152569735522258,0.0
5,433,39.84362821993898,39.1102055802703,-0.8198541300626596,0.8198541300626596,0.0
5,434,39.76047871529789,39.19335508491139,-0.843135962758577,0.843135962758577,0.0
5,435,39.67527401053911,39.27855978967017,-0.8609581324164912,0.8609581324164912,0.0
5,436,39.5984647217428,39.35536907846648,-0.6752276435095688,0.6752276435095688,0.0
5,437,39.54301160213157,39.41082219807771,-0.4338347487149159,0.4338347487149159,0.0
5,438,39.5086448451878,39.44518895502148,-0.2535003901599442,0.2535003901599442,0.0
5,439,39.487316563620254,39.46651723658903,-0.17306524119120947,0.17306524119120947,0.0
5,440,39.476073554546986,39.477760245662296,-0.05179494027373188,0.05179494027373188,0.0
5,441,39.464162390578736,39.489671409630546,-0.1864283390913002,0.1864283390913002,0.0
5,442,39.43559811958761,39.51823568062167,-0.3848570807305567,0.3848570807305567,0.0
5,443,39.39435001874381,39.559483781465474,-0.4401049361451621,0.4401049361451621,0.0
5,444,39.36029012339321,39.59354367681607,-0.24109297086636428,0.24109297086636428,0.0
5,445,39.3302651128526,39.62356868735668,-0.35940723994579393,0.35940723994579393,0.0
5,446,39.28268930279171,39.67114449741757,-0.5921089612718529,0.5921089612718529,0.0
5,447,39.23612560475681,39.717708195452474,-0.33916499942597333,0.33916499942597333,0.0
5,448,39.215159091272085,39.7386747089372,-0.08016527026803288,0.08016527026803288,0.0
5,449,39.22206861704376,39.73176518316552,0.21835578570239278,-0.21835578570239278,0.0
5,450,39.23021894757926,39.72361485263002,-0.05534917499209158,0.05534917499209158,0.0
5,451,39.21864739147071,39.73518640873857,-0.1760819471784787,0.1760819471784787,0.0
5,452,39.18675060543694,39.76708319477234,-0.4618537734964381,0.4618537734964381,0.0
5,453,39.13159761942484,39.822236180784444,-0.6412059467449778,0.6412059467449778,0.0
5,454,39.054891157751115,39.89894264245817,-0.8929232867288981,0.8929232867288981,0.0
5,455,38.9660862023178,39.987747597891484,-0.8831758219370096,0.8831758219370096,0.0
5,456,38.87863053849583,40.075203261713455,-0.8659374545019567,0.8659374545019567,0.0
5,457,38.804728172756825,40.14910562745246,-0.6121098602775277,0.6121098602775277,0.0
5,458,38.74875287849778,40.2050809217115,-0.5073960249031293,0.5073960249031293,0.0
5,459,38.685559962376544,40.26827383783274,-0.7564622975212094,0.7564622975212094,0.0
5,460,38.62213736438815,40.33169643582113,-0.5119896622468314,0.5119896622468314,0.0
5,461,38.57525895596825,40.37857484424103,-0.4255785061506314,0.4255785061506314,0.0
5,462,38.52057028196043,40.43326351824885,-0.6681949740051154,0.6681949740051154,0.0
5,463,38.448645126793,40.505188673416285,-0.7703081293437064,0.7703081293437064,0.0
5,464,38.37502086263612,40.57881293757316,-0.7021771537940964,0.7021771537940964,0.0
5,465,38.292492411275646,40.661341388933636,-0.9483918734149404,0.9483918734149404,0.0
5,466,38.20907859546389,40.74475520474539,-0.7198844428197004,0.7198844428197004,0.0
5,467,38.126122582632036,40.827711217577246,-0.9392358138172945,0.9392358138172945,0.0
5,468,38.040408434221774,40.91342536598751,-0.775047154387261,0.775047154387261,0.0
5,469,37.952671751065225,41.00116204914406,-0.9796865087435016,0.9796865087435016,0.0
5,470,37.8485781274685,41.10525567274078,-1.1021859631910562,1.1021859631910562,0.0
5,471,37.731605839565816,41.222227960643465,-1.237259794862248,1.237259794862248,0.0
5,472,37.603697930774786,41.350135869434496,-1.3208983809582913,1.3208983809582913,0.0
5,473,37.469931892522936,41.483901907686345,-1.35442238407858,1.35442238407858,0.0
5,474,37.32415911407452,41.62967468613476,-1.5610331848898005,1.5610331848898005,0.0
5,475,37.17656032044738,41.7772734797619,-1.3909426876529682,1.3909426876529682,0.0
5,476,37.03905327170929,41.91478052849999,-1.3591982871089323,1.3591982871089323,0.0
5,477,36.91516222388981,42.03867157631947,-1.118622669279973,1.118622669279973,0.0
5,478,36.793586527487776,42.160247272721506,-1.3128912587609252,1.3128912587609252,0.0
5,479,36.67257725346548,42.281256546743805,-1.1072942216851285,1.1072942216851285,0.0
5,480,36.553383826042136,42.400449974167145,-1.2765743267819012,1.2765743267819012,0.0
5,481,36.41963245365008,42.5342013465592,-1.3984531210584947,1.3984531210584947,0.0
5,482,36.268729019484795,42.68510478072449,-1.6196155622466684,1.6196155622466684,0.0
5,483,36.11668520034408,42.8371485998652,-1.4212608205674284,1.4212608205674284,0.0
5,484,35.966498321612335,42.98733547859695,-1.5824767540675584,1.5824767540675584,0.0
5,485,35.81725714458207,43.13657665562721,-1.4023467865378318,1.4023467865378318,0.0
5,486,35.6640479396317,43.28978586057758,-1.6618373124689407,1.6618373124689407,0.0
5,487,35.500554187274645,43.45327961293464,-1.608037734672231,1.608037734672231,0.0
5,488,35.32679560566561,43.62703819454367,-1.867133897508075,1.867133897508075,0.0
5,489,35.12660861913071,43.827225181078575,-2.1366058331901803,2.1366058331901803,0.0
5,490,34.929732652953646,44.024101147255635,-1.800913490351518,1.800913490351518,-5.0
5,491,34.77719738286021,44.17663641734907,-1.2497919115162839,1.2497919115162839,-5.0
5,492,34.66261364530885,44.29122015490043,-1.041882839510623,1.041882839510623,-5.0
5,493,34.54757649355378,44.406257306655505,-1.2588601955908958,1.2588601955908958,0.0
5,494,34.44875717711437,44.50507662309491,-0.7175261331965439,0.7175261331965439,-5.0
5,495,34.391680093119646,44.562153707089635,-0.4240155466977438,0.4240155466977438,0.0
5,496,34.36339584280927,44.59043795740001,-0.1416694595096315,0.1416694595096315,0.0
5,497,34.35599839358338,44.597835406625904,-0.006279525007351516,0.006279525007351516,0.0
5,498,34.368732157670536,44.585101642538746,0.2609548067513012,-0.2609548067513012,0.0
5,499,34.40695870354841,44.54687509666087,0.5035761108068,-0.5035761108068,0.0
5,500,34.44422786244712,44.50960593776216,0.2418070671676622,-0.2418070671676622,0.0
5,501,34.45823545785015,44.49559834235913,0.03834484089333756,-0.03834484089333756,0.0
5,502,34.454639212437826,44.499194587771456,-0.11026974913937337,0.11026974913937337,0.0
5,503,34.44874627663927,44.50508752357001,-0.007588966831659327,0.007588966831659327,0.0
5,504,34.45586948049663,44.49796431971265,0.15005304397942965,-0.15005304397942965,0.0
5,505,34.458405822096495,44.49542797811279,-0.09932621198158209,0.09932621198158209,0.0
5,506,34.44983641747086,44.50399738273842,-0.07206188053023865,0.07206188053023865,0.0
5,507,34.42983287807107,44.524000922138214,-0.3280089074654855,0.3280089074654855,0.0
5,508,34.38358951927404,44.57024428093524,-0.5968582684745494,0.5968582684745494,0.0
5,509,34.33604480637052,44.61778899383876,-0.35403598959515925,0.35403598959515925,0.0
5,510,34.28708918985234,44.66674461035694,-0.6250763407684046,0.6250763407684046,0.0
5,511,34.22650603563892,44.72732776457036,-0.5865867434992689,0.5865867434992689,0.0
5,512,34.1606799842678,44.79315381594148,-0.7299342839228471,0.7299342839228471,0.0
5,513,34.078046032754855,44.875787767454426,-0.9227447463354093,0.9227447463354093,0.0
5,514,34.021526503671225,44.932307296538056,-0.20764583533778502,0.20764583533778502,-5.0
5,515,34.03887190613824,44.91496189407104,0.5545538846773352,-0.5545538846773352,-5.0
5,516,34.08699289150417,44.866840908705115,0.4078658226412628,-0.4078658226412628,0.0
5,517,34.13193608065478,44.8218977195545,0.49099796037156374,-0.49099796037156374,0.0
5,518,34.17063746986997,44.78319633033931,0.28302982393285436,-0.28302982393285436,0.0
5,519,34.211296092688826,44.742537707520455,0.5301426324440044,-0.5301426324440044,0.0
5,520,34.273102961993175,44.68073083821611,0.7059947536435613,-0.7059947536435613,0.0
5,521,34.348134988953916,44.605698811255365,0.7946457855717242,-0.7946457855717242,0.0
5,522,34.424352124204404,44.52948167600488,0.7296969194380489,-0.7296969194380489,0.0
5,523,34.49446934464919,44.45936445556009,0.6726474894582806,-0.6726474894582806,0.0
5,524,34.57566545757578,44.3781683426335,0.9512747690732528,-0.9512747690732528,0.0
5,525,34.682976474043926,44.270857326165356,1.194945560289181,-1.194945560289181,0.0
5,526,34.80947321827841,44.14436058193087,1.33498932440044,-1.33498932440044,0.0
5,527,34.933755544284736,44.020078255924545,1.1506571957263727,-1.1506571957263727,0.0
5,528,35.05491219880179,43.898921601407494,1.2724758946146828,-1.2724758946146828,0.0
5,529,35.17589046780432,43.77794333240496,1.1470894854359726,-1.1470894854359726,0.0
5,530,35.30344414856057,43.65038965164871,1.4039841296889515,-1.4039841296889515,0.0
5,531,35.436997479311,43.51683632089828,1.2670824853196452,-1.2670824853196452,0.0
5,532,35.57750243302104,43.37633136718824,1.5430165888815264,-1.5430165888815264,0.0
5,533,35.73866967825393,43.215164121955354,1.6803283157765554,-1.6803283157765554,0.0
5,534,35.898747401471326,43.055086398737956,1.5212261485709853,-1.5212261485709853,0.0
5,535,36.045582761690696,42.908251038518586,1.4154810558165911,-1.4154810558165911,0.0
5,536,36.20007346574482,42.75376033446446,1.674333025265498,-1.674333025265498,0.0
5,537,36.366452337484816,42.587381462724466,1.6532444095339835,-1.6532444095339835,0.0
5,538,36.53713615687576,42.41669764333352,1.7604319782844957,-1.7604319782844957,0.0
5,539,36.69886806382482,42.25496573638446,1.4742061606963643,-1.4742061606963643,0.0
5,540,36.84435900501404,42.10947479519524,1.4356126630877988,-1.4356126630877988,0.0
5,541,36.98117950928628,41.972654290923,1.300797422356788,-1.300797422356788,0.0
5,542,37.115076315870226,41.838757484339055,1.3771387093226517,-1.3771387093226517,0.0
5,543,37.25579225426952,41.69804154593976,1.4371800586635581,-1.4371800586635581,0.0
5,544,37.412030897400484,41.5418029028088,1.6875928039560089,-1.6875928039560089,0.0
5,545,37.569334128615196,41.384499671594085,1.4584718203380733,-1.4584718203380733,0.0
5,546,37.72656924251544,41.22726455769384,1.6862304576665395,-1.6862304576665395,0.0
5,547,37.898502097923995,41.05533170228529,1.752426650505078,-1.752426650505078,0.0
5,548,38.08026441289081,40.87356938731847,1.8828196488313358,-1.8828196488313358,0.0
5,549,38.25495508090546,40.69887871930382,1.610993711461644,-1.610993711461644,0.0
5,550,38.417050958779726,40.536782841429556,1.6309238460237196,-1.6309238460237196,0.0
5,551,38.58466015538431,40.36917364482497,1.7212600860678124,-1.7212600860678124,0.0
5,552,38.76682612285674,40.18700767735254,1.9220592633809348,-1.9220592633809348,0.0
5,553,38.94421186841356,40.00962193179572,1.6256556477560231,-1.6256556477560231,0.0
5,554,39.0979608016209,39.85587299858838,1.4493230163912019,-1.4493230163912019,0.0
5,555,39.23777878418474,39.71605501602454,1.3470366348852343,-1.3470366348852343,0.0
5,556,39.36021503465878,39.5936187655505,1.1016883745950459,-1.1016883745950459,0.0
5,557,39.467857581787484,39.4859762184218,1.0511625679794658,-1.0511625679794658,0.0
5,558,39.586256300574576,39.367577499634706,1.316811807762054,-1.316811807762054,0.0
5,559,39.70559690099674,39.24823689921254,1.0700002006813003,-1.0700002006813003,0.0
5,560,39.810430037035076,39.143403763174206,1.0266625200856474,-1.0266625200856474,0.0
5,561,39.91526316731603,39.038570632893254,1.0700000855336151,-1.0700000855336151,0.0
5,562,40.017974805211,38.935858994998284,0.9842326723654207,-0.9842326723654207,0.0
5,563,40.113600724955006,38.840233075254275,0.92828572251452,-0.92828572251452,0.0
5,564,40.19263763622723,38.76119616398205,0.6524525029300028,-0.6524525029300028,0.0
5,565,40.258664823262905,38.69516897694638,0.6680912377837958,-0.6680912377837958,0.0
5,566,40.32938022886242,38.62445357134686,0.7462168742068034,-0.7462168742068034,0.0
5,567,40.39129777271296,38.56253602749632,0.4921340028039616,-0.4921340028039616,0.0
5,568,40.435631528349234,38.51820227186005,0.39454110992201397,-0.39454110992201397,0.0
5,569,40.48245958663426,38.47137421357502,0.5420200557786679,-0.5420200557786679,0.0
5,570,40.548018582262216,38.405815217947065,0.7691598567799565,-0.7691598567799565,0.0
5,571,40.625260501953164,38.32857329825612,0.7756785370393633,-0.7756785370393633,0.0
5,572,40.69565554348816,38.25817825672112,0.6322222936606527,-0.6322222936606527,0.0
5,573,40.77069515379475,38.183138646414534,0.8685699124710933,-0.8685699124710933,0.0
5,574,40.86355014763461,38.09028365257467,0.9885299643262355,-0.9885299643262355,0.0
5,575,40.973944513949334,37.97988928625995,1.2193573619685063,-1.2193573619685063,0.0
5,576,41.09745120165593,37.85638259855335,1.2507763921638713,-1.2507763921638713,0.0
5,577,41.213515168331185,37.7403186318781,1.0705029413412088,-1.0705029413412088,0.0
5,578,41.30867040800092,37.64516339220836,0.8326018520539549,-0.8326018520539549,0.0
5,579,41.39188192826259,37.56195187194669,0.8316285531792724,-0.8316285531792724,0.0
5,580,41.48801122183448,37.4658225783748,1.0909573182588588,-1.0909573182588588,0.0
5,581,41.5889897508161,37.364844049393184,0.9286132613731946,-0.9286132613731946,0.0
5,582,41.67697040767234,37.27686339253694,0.8309998757516972,-0.8309998757516972,0.0
5,583,41.750616997500515,37.203216802708766,0.6419319208119401,-0.6419319208119401,0.0
5,584,41.80881374683497,37.14502005337431,0.5220030658776444,-0.5220030658776444,0.0
5,585,41.864061684805165,37.08977211540412,0.5829556935260589,-0.5829556935260589,0.0
5,586,41.90810974230112,37.04572405790816,0.2980054563935042,-0.2980054563935042,0.0
5,587,41.94381438315628,37.010019417053,0.4160873607101241,-0.4160873607101241,0.0
5,588,41.99996511756774,36.95386868264154,0.7069273275190504,-0.7069273275190504,0.0
5,589,42.07940320362576,36.87443059658352,0.8818343936410526,-0.8818343936410526,0.0
5,590,42.182175961945575,36.77165783826371,1.173620772755842,-1.173620772755842,0.0
5,591,42.3020316660365,36.65180213417278,1.2234933090626177,-1.2234933090626177,0.0
5,592,42.42609024858643,36.52774355162285,1.2576783419364075,-1.2576783419364075,0.0
5,593,42.54653332656534,36.40730047364394,1.151183217641825,-1.151183217641825,0.0
5,594,42.64796536202539,36.30586843818389,0.8774574915590314,-0.8774574915590314,0.0
5,595,42.740695918832444,36.21313788137684,0.9771536445817564,-0.9771536445817564,0.0
5,596,42.82746560856032,36.126368191648965,0.7582401499758626,-0.7582401499758626,0.0
5,597,42.89780681839886,36.05602698181042,0.6485840467955342,-0.6485840467955342,0.0
5,598,42.94995142113362,36.00388237907566,0.39430800790009,-0.39430800790009,0.0
5,599,42.98066673179636,35.97316706841292,0.21999820535432946,-0.21999820535432946,0.0
5,600,42.99592084212708,35.957912958082204,0.08508400126028626,-0.08508400126028626,0.0
5,601,43.005688992703995,35.94814480750529,0.11027901027765008,-0.11027901027765008,0.0
5,602,43.008391006024965,35.945442794184316,-0.056238743858202156,0.056238743858202156,0.0
5,603,43.01426869943725,35.93956510077203,0.17379261210419283,-0.17379261210419283,0.0
5,604,43.04512475387571,35.90870904633357,0.44332847666487574,-0.44332847666487574,0.0
5,605,43.08111613596935,35.87271766423993,0.27649916520840634,-0.27649916520840634,0.0
5,606,43.09714060600692,35.856693194202364,0.04399023554315207,-0.04399023554315207,0.0
5,607,43.10937915674111,35.84445464346817,0.20078077914078385,-0.20078077914078385,0.0
5,608,43.13705947335228,35.816774326857,0.352825553082849,-0.352825553082849,0.0
5,609,43.18621328870336,35.767620511505925,0.6302507539381992,-0.6302507539381992,0.0
5,610,43.24830476730568,35.7055290329036,0.6115788181086144,-0.6115788181086144,0.0
5,611,43.31419904279244,35.63963475741684,0.7063066916268266,-0.7063066916268266,0.0
5,612,43.37102997151379,35.58280382869549,0.4303118828005319,-0.4303118828005319,0.0
5,613,43.40156557245632,35.55226822775296,0.1804001360500127,-0.1804001360500127,0.0
5,614,43.41127724175317,35.54255655845611,0.013833249886476828,-0.013833249886476828,0.0
5,615,43.42011872927509,35.53371507093419,0.1629965005523566,-0.1629965005523566,0.0
5,616,43.435753532273566,35.518080267935716,0.14969955941689062,-0.14969955941689062,0.0
5,617,43.449244324355845,35.504589475853436,0.12011628222884685,-0.12011628222884685,0.0
5,618,43.47107297458899,35.48276082562029,0.31645672243427203,-0.31645672243427203,0.0
5,619,43.5082839807539,35.44554981945538,0.4277634008638298,-0.4277634008638298,0.0
5,620,43.557323087146244,35.39651071306304,0.5530187269825868,-0.5530187269825868,0.0
5,621,43.612134476753624,35.34169932345566,0.5432090651645121,-0.5432090651645121,0.0
5,622,43.65503122359911,35.29880257661017,0.3147258717455328,-0.3147258717455328,0.0
5,623,43.689942993871625,35.263890806337656,0.38350953370477026,-0.38350953370477026,0.0
5,624,43.71624375579955,35.23759004440973,0.14250570485417136,-0.14250570485417136,0.0
5,625,43.71616508986193,35.23766871034735,-0.14407902360649238,0.14407902360649238,0.0
5,626,43.69209685738804,35.261736942821244,-0.3372856258717647,0.3372856258717647,0.0
5,627,43.654320778727424,35.29951302148186,-0.4182359473399986,0.4182359473399986,0.0
5,628,43.60487899523196,35.348954804977325,-0.5705997225692139,0.5705997225692139,0.0
5,629,43.55938541464502,35.39444838556426,-0.3392718891692974,0.3392718891692974,0.0
5,630,43.531170839319145,35.422662960890136,-0.22501961734803722,0.22501961734803722,0.0
5,631,43.508151064193044,35.44568273601624,-0.23537588517338381,0.23537588517338381,0.0
5,632,43.47005792214327,35.48377587806601,-0.5264869558221426,0.5264869558221426,0.0
5,633,43.42387853065935,35.52995526954993,-0.39710087385613324,0.39710087385613324,0.0
5,634,43.38530409234477,35.56852970786451,-0.37438789243554016,0.37438789243554016,0.0
5,635,43.35720164149171,35.59663215871757,-0.18766112462586726,0.18766112462586726,0.0
5,636,43.340826738909186,35.613007061300095,-0.13983692702501838,0.13983692702501838,0.0
5,637,43.32158561882039,35.63224818138889,-0.24498547475103827,0.24498547475103827,0.0
5,638,43.28470622535673,35.66912757485255,-0.49260239452209653,0.49260239452209653,0.0
5,639,43.22643293593268,35.72740086427655,-0.6728633939580728,0.6728633939580728,0.0
5,640,43.160750909552064,35.793082890657104,-0.6407771336535326,0.6407771336535326,0.0
5,641,43.09519033315888,35.858643467050285,-0.6704343942101332,0.6704343942101332,0.0
5,642,43.03295802985093,35.92087577035829,-0.5742116719494321,0.5742116719494321,0.0
5,643,42.98887130534496,35.964962494864324,-0.3075228181708827,0.3075228181708827,0.0
5,644,42.94573346500539,36.00810033520389,-0.5552339886207207,0.5552339886207207,0.0
5,645,42.89600511527743,36.05782868493185,-0.4393330059382947,0.4393330059382947,0.0
5,646,42.843678830472925,36.11015496973636,-0.6071926901520293,0.6071926901520293,0.0
5,647,42.78471807835052,36.169115721858816,-0.5720223522967691,0.5720223522967691,0.0
5,648,42.72921257535705,36.22462122485234,-0.5380877075734221,0.5380877075734221,0.0
5,649,42.687131907093715,36.26670189311574,-0.303525657694248,0.303525657694248,0.0
5,650,42.66305678318594,36.29077701702346,-0.1779768204602057,0.1779768204602057,0.0
5,651,42.64740999802274,36.3064238021866,-0.13495888280278656,0.13495888280278656,0.0
5,652,42.64189307980433,36.31194072040506,0.02462051843392299,-0.02462051843392299,0.0
5,653,42.64632033179413,36.307513468415266,0.06392452136249638,-0.06392452136249638,0.0
5,654,42.64049784091998,36.31333595928936,-0.18037433884484955,0.18037433884484955,0.0
5,655,42.63566307203331,36.31817072817603,0.08367896111123319,-0.08367896111123319,0.0
5,656,42.6381528281442,36.31568097206514,-0.03388383889329116,0.03388383889329116,0.0
5,657,42.623869597141095,36.32996420306824,-0.25178078116870584,0.25178078116870584,0.0
5,658,42.60442282915659,36.349410971052805,-0.1371545785219368,0.1371545785219368,0.0
5,659,42.576809263156576,36.37702453705282,-0.41511674147829325,0.41511674147829325,0.0
5,660,42.543214517509284,36.41061928270017,-0.2567781714686168,0.2567781714686168,0.0
5,661,42.50438422290807,36.449449577301436,-0.5198277205565232,0.5198277205565232,0.0
5,662,42.44055308928631,36.51328071092314,-0.7567949518778594,0.7567949518778594,0.0
5,663,42.379289564122985,36.57454423608647,-0.4684755513888561,0.4684755513888561,0.0
5,664,42.336751376865834,36.617082423343675,-0.38228819375520295,0.38228819375520295,0.0
5,665,42.31037190057731,36.64346189963214,-0.1453013320144887,0.1453013320144887,0.0
5,666,42.30748680038238,36.646346999827074,0.08759932811554094,-0.08759932811554094,0.0
5,667,42.32809149902522,36.62574230118429,0.3244946447403825,-0.3244946447403825,0.0
5,668,42.374646200820564,36.579187599388945,0.6065993911660277,-0.6065993911660277,0.0
5,669,42.428528417682685,36.52530538252688,0.47104494607578307,-0.47104494607578307,0.0
5,670,42.48070590553965,36.473127894669915,0.5725048110639337,-0.5725048110639337,0.0
5,671,42.53832287049278,36.41551092971673,0.5798344879993884,-0.5798344879993884,0.0
5,672,42.60582886178673,36.34800493842272,0.7702853378803658,-0.7702853378803658,0.0
5,673,42.67350705125085,36.280326748958544,0.5832784514030482,-0.5832784514030482,0.0
5,674,42.73252609926618,36.22130770094316,0.597102508904582,-0.597102508904582,0.0
5,675,42.79564290081015,36.15819089939913,0.6652335219755141,-0.6652335219755141,0.0
5,676,42.85220975085139,36.101624049357895,0.46610347884980285,-0.46610347884980285,0.0
5,677,42.88506677819163,36.06876702201765,0.1910370679547171,-0.1910370679547171,0.0
5,678,42.89879580983103,36.055037990378196,0.08354356483410541,-0.08354356483410541,0.0
5,679,42.906745866247604,36.04708793396162,0.07545756349721167,-0.07545756349721167,0.0
5,680,42.91559918707975,36.038234613129475,0.10160885314626178,-0.10160885314626178,0.0
5,681,42.93610705361215,36.01772674659708,0.30854847750128744,-0.30854847750128744,0.0
5,682,42.95360222752896,36.00023157268021,0.04135500083576105,-0.04135500083576105,0.0
5,683,42.94304936397697,36.0107844362322,-0.2524122718754338,0.2524122718754338,0.0
5,684,42.92790809719537,36.025925703013854,-0.050413063757304144,0.050413063757304144,0.0
5,685,42.91322662016745,36.04060718004172,-0.24321647680001135,0.24321647680001135,0.0
5,686,42.8743169712057,36.07951682900347,-0.53497650243437,0.53497650243437,0.0
5,687,42.83328042425063,36.12055337595859,-0.28575443666794964,0.28575443666794964,0.0
5,688,42.816954411388394,36.13687938882089,-0.04076582057739575,0.04076582057739575,0.0
5,689,42.80884250778962,36.144991292419604,-0.1214722513969182,0.1214722513969182,0.0
5,690,42.79004530372828,36.16378849648089,-0.2544718298292086,0.2544718298292086,0.0
5,691,42.75201574738304,36.201818052826184,-0.506119297076042,0.506119297076042,0.0
5,692,42.69499156167359,36.25884223853569,-0.6343644171138978,0.6343644171138978,0.0
5,693,42.63594446143037,36.317889338778855,-0.5465775877496393,0.5465775877496393,0.0
5,694,42.591078345537255,36.36275545467197,-0.3507447301127167,0.3507447301127167,0.0
5,695,42.56551552045818,36.38831827975099,-0.16051177146801887,0.16051177146801887,0.0
5,696,42.56241030157588,36.39142349863323,0.0984073938230079,-0.0984073938230079,0.0
5,697,42.574849633071665,36.3789841671375,0.15037923609210857,-0.15037923609210857,0.0
5,698,42.58842737819742,36.3654064220118,0.1211756664224426,-0.1211756664224426,0.0
5,699,42.60726637753265,36.34656742267657,0.2556043202821039,-0.2556043202821039,0.0
5,700,42.64471630711961,36.309117493089616,0.4933942714575803,-0.4933942714575803,0.0
5,701,42.70550997985953,36.24832382034975,0.7224791833399644,-0.7224791833399644,0.0
5,702,42.771932020504266,36.18190177970496,0.6059616295557255,-0.6059616295557255,0.0
5,703,42.84613766965907,36.107696130550096,0.8781513535410523,-0.8781513535410523,0.0
5,704,42.92590745716842,36.02792634304069,0.7172443966466187,-0.7172443966466187,0.0
5,705,42.995318715203496,35.958515085005615,0.6709807640549723,-0.6709807640549723,0.0
5,706,43.0649070589173,35.888926741291755,0.7207861102217423,-0.7207861102217423,0.0
5,707,43.1308948330979,35.822938967111156,0.5989693733901298,-0.5989693733901298,0.0
5,708,43.20483833521422,35.74899546499478,0.8799006689372773,-0.8799006689372773,0.0
5,709,43.28799097946711,35.66584282074183,0.7831522161216373,-0.7831522161216373,0.0
5,710,43.356425861155174,35.597407939053824,0.5855454176390174,-0.5855454176390174,0.0
5,711,43.40101873764121,35.55281506256779,0.3063121120819696,-0.3063121120819696,0.0
5,712,43.4350679599176,35.518765840291394,0.37467233344626294,-0.37467233344626294,0.0
5,713,43.47193432922944,35.48189947097961,0.3626550527894654,-0.3626550527894654,0.0
5,714,43.49903092457117,35.45480287563794,0.17927685404427596,-0.17927685404427596,0.0
5,715,43.5247529569362,35.429080843272914,0.3351637932557985,-0.3351637932557985,0.0
5,716,43.55059035980668,35.40324344040238,0.18158426415489082,-0.18158426415489082,0.0
5,717,43.56613590061107,35.38769789959798,0.12932655193269937,-0.12932655193269937,0.0
5,718,43.59217397097683,35.36165982923228,0.39143485538185896,-0.39143485538185896,0.0
5,719,43.61640156180857,35.337432238400595,0.09311696125214652,-0.09311696125214652,0.0
5,720,43.63411463492497,35.3197191652842,0.26114450107581444,-0.26114450107581444,0.0
5,721,43.66407493952619,35.28975886068298,0.3380615909487723,-0.3380615909487723,0.0
5,722,43.68751412409301,35.266319676116154,0.13072210038719412,-0.13072210038719412,0.0
5,723,43.70562688687107,35.24820691333815,0.23153315517301198,-0.23153315517301198,0.0
5,724,43.716024599492926,35.2378092007163,-0.023578902735369667,0.023578902735369667,0.0
5,725,43.70839674671515,35.24543705349413,-0.12897815282104208,0.12897815282104208,0.0
5,726,43.695247135004934,35.25858666520429,-0.13401408138233073,0.13401408138233073,0.0
5,727,43.6742743694241,35.279559430785184,-0.2854412302351941,0.2854412302351941,0.0
5,728,43.64139552658082,35.31243827362846,-0.37213562663022337,0.37213562663022337,0.0
5,729,43.59381556304288,35.360018237166344,-0.5794636441275731,0.5794636441275731,0.0
5,730,43.521165047450154,35.43266875275907,-0.8735466677265817,0.8735466677265817,0.0
5,731,43.44132804884782,35.51250575136146,-0.7231933043211143,0.7231933043211143,0.0
5,732,43.36243109284351,35.59140270736577,-0.8547458157653143,0.8547458157653143,0.0
5,733,43.27536608094158,35.6784677192677,-0.8865544222733277,0.8865544222733277,0.0
5,734,43.187127463133606,35.76670633707573,-0.8782179338870364,0.8782179338870364,0.0
5,735,43.10682007622256,35.847013723986834,-0.7279298043345435,0.7279298043345435,0.0
5,736,43.026381626681996,35.927452173527456,-0.8808391864777381,0.8808391864777381,0.0
5,737,42.94412264599896,36.009711154210436,-0.7643404271819243,0.7643404271819243,0.0
5,738,42.87687110279285,36.076962697416604,-0.5806904369409338,0.5806904369409338,0.0
5,739,42.820545303337894,36.1332884968715,-0.5458255521571704,0.5458255521571704,0.0
5,740,42.77495317649755,36.17888062371185,-0.36601698464970767,0.36601698464970767,0.0
5,741,42.7514424430326,36.20239135717679,-0.10419768464937906,0.10419768464937906,0.0
5,742,42.73299417958651,36.22083962062288,-0.26476758427247216,0.26476758427247216,0.0
5,743,42.709284386390095,36.24454941381936,-0.20942827965659827,0.20942827965659827,0.0
5,744,42.68002070022601,36.27381309998344,-0.3758454436246943,0.3758454436246943,0.0
5,745,42.64203999969902,36.31179380051043,-0.38376856691517247,0.38376856691517247,0.0
5,746,42.59120693135708,36.362626868852374,-0.6328927999232734,0.6328927999232734,0.0
5,747,42.529615211633995,36.4242185885754,-0.5989415945376582,0.5989415945376582,0.0
5,748,42.46900434326744,36.48482945694195,-0.6132757727927656,0.6132757727927656,0.0
5,749,42.405515306815005,36.54831849339439,-0.6565049562556418,0.6565049562556418,0.0
5,750,42.34039554529477,36.61343825491463,-0.6458902741488064,0.6458902741488064,0.0
5,751,42.26217784916798,36.69165595104147,-0.9184636483874407,0.9184636483874407,0.0
5,752,42.18153283951381,36.772300960695645,-0.6944365446959031,0.6944365446959031,0.0
5,753,42.12030186089555,36.8335319393139,-0.5301830276688566,0.5301830276688566,0.0
5,754,42.07227435171501,36.8815594484945,-0.43036715594260766,0.43036715594260766,0.0
5,755,42.03177469943455,36.9220591007749,-0.3796258896655216,0.3796258896655216,0.0
5,756,41.99173425452739,36.962099545682065,-0.4211830084772412,0.4211830084772412,0.0
5,757,41.9576985464264,36.99613525378305,-0.25953115354192846,0.25953115354192846,0.0
5,758,41.94313418748129,37.01069961272822,-0.031756025360877516,0.031756025360877516,0.0
5,759,41.946194933742504,37.00763886646695,0.09297095058617,-0.09297095058617,0.0
5,760,41.95343382550891,37.0003999747006,0.05180688474096584,-0.05180688474096584,0.0
5,761,41.96340548092462,36.990428319284945,0.1476262235722876,-0.1476262235722876,0.0
5,762,41.98815490276263,36.965678897446935,0.3473622131882408,-0.3473622131882408,0.0
5,763,42.037373045097866,36.91646075511164,0.6370006335173937,-0.6370006335173937,0.0
5,764,42.09226871184683,36.86156508836274,0.46091270146122554,-0.46091270146122554,0.0
5,765,42.142056414161175,36.81177738604839,0.5348413448258675,-0.5348413448258675,0.0
5,766,42.20871679474203,36.74511700546748,0.7983662667922617,-0.7983662667922617,0.0
5,767,42.29743823244053,36.65639556776904,0.9760624871768311,-0.9760624871768311,0.0
5,768,42.40075611690372,36.553077683305844,1.0902952020874457,-1.0902952020874457,0.0
5,769,42.49942080424512,36.45441299596445,0.8829985447407891,-0.8829985447407891,0.0
5,770,42.591229919369084,36.362603880840425,0.9531837577393478,-0.9531837577393478,0.0
5,771,42.680999935576665,36.272833864632844,0.8422165664125805,-0.8422165664125805,0.0
5,772,42.75303694674528,36.200796853464226,0.5985236569596086,-0.5985236569596086,0.0
5,773,42.80066399095142,36.15316980925809,0.3540172271630606,-0.3540172271630606,0.0
5,774,42.8414640203971,36.11236977981241,0.4619833617499829,-0.4619833617499829,0.0
5,775,42.88166588495642,36.07216791525303,0.3420539294375011,-0.3420539294375011,0.0
5,776,42.9137649733633,36.04006882684621,0.29992783869918416,-0.29992783869918416,0.0
5,777,42.938041964354966,36.015791835854486,0.18561198113502808,-0.18561198113502808,0.0
5,778,42.957492411596945,35.99634138861245,0.20339696370562255,-0.20339696370562255,0.0
5,779,42.97310985018396,35.980723950025435,0.10895180803440585,-0.10895180803440585,0.0
5,780,42.97249533803347,35.981338462175984,-0.12124205104479469,0.12124205104479469,0.0
5,781,42.95244908363907,36.001384716570385,-0.27968303684291573,0.27968303684291573,0.0
5,782,42.93687366020174,36.01696014000771,-0.03182543190306841,0.03182543190306841,0.0
5,783,42.93149172425774,36.022342075951656,-0.0758132869761825,0.0758132869761825,0.0
5,784,42.93159985892373,36.02223394128566,0.07797598029625163,-0.07797598029625163,0.0
5,785,42.944826738601364,36.00900706160803,0.18656161325664478,-0.18656161325664478,0.0
5,786,42.97195608579136,35.98187771441803,0.3560253305436305,-0.3560253305436305,0.0
5,787,42.994458959952,35.9593748402574,0.09403215266898801,-0.09403215266898801,0.0
5,788,43.01300264573331,35.940831154476086,0.2768415629573999,-0.2768415629573999,0.0
5,789,43.041838757003916,35.91199504320548,0.2998806624549166,-0.2998806624549166,0.0
5,790,43.06625223738388,35.887581562825574,0.18838894514350368,-0.18838894514350368,0.0
5,791,43.07497556142346,35.878858238785995,-0.013922464351543873,0.013922464351543873,0.0
5,792,43.0855666297706,35.8682671704388,0.225743831295242,-0.225743831295242,0.0
5,793,43.096559766839846,35.85727403336955,-0.005881089911298432,0.005881089911298432,0.0
5,794,43.08682477576383,35.867009024445565,-0.18881873160905993,0.18881873160905993,0.0
5,795,43.07024919169328,35.88358460851612,-0.14269294980296632,0.14269294980296632,0.0
5,796,43.06911370278647,35.88472009742293,0.1199831716664006,-0.1199831716664006,0.0
5,797,43.09326781738969,35.86056598281971,0.363099120397508,-0.363099120397508,0.0
5,798,43.14430775312621,35.80952604708318,0.65769959433357,-0.65769959433357,0.0
5,799,43.20546575570495,35.748368044504446,0.5654604572417021,-0.5654604572417021,0.0
5,800,43.270560481449365,35.68327331876003,0.7364340576464237,-0.7364340576464237,0.0
5,801,43.3428018559963,35.611031944213096,0.7083934332923985,-0.7083934332923985,0.0
5,802,43.4199437869496,35.53389001325979,0.8344451857737516,-0.8344451857737516,0.0
5,803,43.50397812972369,35.449855670485704,0.8462416697070427,-0.8462416697070427,0.0
5,804,43.582943977685204,35.37088982252419,0.7330752895227901,-0.7330752895227901,0.0
5,805,43.65197165041877,35.30186214979062,0.6474781651493728,-0.6474781651493728,0.0
5,806,43.72344219689057,35.23039160331882,0.7819327642872418,-0.7819327642872418,0.0
5,807,43.786860132500806,35.16697366770859,0.486425947917275,-0.486425947917275,0.0
5,808,43.83287004049669,35.12096375971271,0.4337722120013314,-0.4337722120013314,0.0
5,809,43.870513884647494,35.0833199155619,0.31910467101432083,-0.31910467101432083,0.0
5,810,43.89776966643694,35.05606413377245,0.22601096477411442,-0.22601096477411442,0.0
5,811,43.910945845120864,35.04288795508853,0.037512608904965106,-0.037512608904965106,0.0
5,812,43.92185545991322,35.03197834029618,0.18067968694174041,-0.18067968694174041,0.0
5,813,43.9462695075365,35.007564292672896,0.3076012655238607,-0.3076012655238607,0.0
5,814,43.963443784706556,34.99039001550284,0.03588427787673698,-0.03588427787673698,0.0
5,815,43.97027911072098,34.983554689488415,0.10082224241162763,-0.10082224241162763,0.0
5,816,43.979347457473295,34.9744863427361,0.08054469263495978,-0.08054469263495978,0.0
5,817,43.98337733789094,34.97045646231845,5.291571777199522e-05,-5.291571777199522e-05,0.0
5,818,43.99697914337719,34.956854656832206,0.2719831940061326,-0.2719831940061326,0.0
5,819,44.02871726690432,34.92511653330507,0.3627792765364699,-0.3627792765364699,0.0
5,820,44.07105407986103,34.88277972034837,0.48395698259815045,-0.48395698259815045,0.0
5,821,44.10520192677268,34.848631873436716,0.19899995563480122,-0.19899995563480122,0.0
5,822,44.12307869168865,34.83075510852075,0.15853534268444935,-0.15853534268444935,0.0
5,823,44.14675847505691,34.80707532515248,0.3150603246815882,-0.3150603246815882,0.0
5,824,44.16584658747706,34.78798721273233,0.06670192372104289,-0.06670192372104289,0.0
5,825,44.17078560238485,34.78304819782454,0.03207837443488959,-0.03207837443488959,0.0
5,826,44.186612345043386,34.76722145516601,0.2844564787355637,-0.2844564787355637,0.0
5,827,44.20015413629574,34.75367966391366,-0.013620653689402573,0.013620653689402573,0.0
5,828,44.189080106821166,34.76475369338823,-0.20785993580266293,0.20785993580266293,0.0
5,829,44.17412156847581,34.77971223173358,-0.09131083110498484,0.09131083110498484,0.0
5,830,44.16741324418524,34.786420556024154,-0.042855654707283364,0.042855654707283364,0.0
5,831,44.171701881179615,34.78213191902978,0.1286283945938953,-0.1286283945938953,0.0
5,832,44.19805098364509,34.755782816564306,0.39835365471624407,-0.39835365471624407,0.0
5,833,44.23075675921723,34.723077040992166,0.25576185672630736,-0.25576185672630736,0.0
5,834,44.2549570409941,34.698876759215295,0.2282437788102305,-0.2282437788102305,0.0
5,835,44.2719803794771,34.681853420732295,0.11222299084921161,-0.11222299084921161,0.0
5,836,44.282181234042696,34.6716525661667,0.09179410046209835,-0.09179410046209835,0.0
5,837,44.30444059571039,34.649393204499006,0.3533931328929265,-0.3533931328929265,0.0
5,838,44.34714534491388,34.60668845529551,0.5007018511779151,-0.5007018511779151,0.0
5,839,44.38934839205103,34.56448540815836,0.34335909156415223,-0.34335909156415223,0.0
5,840,44.418777236548635,34.53505656366076,0.24521779838684754,-0.24521779838684754,0.0
5,841,44.437173509906074,34.51666029030332,0.1227076687630273,-0.1227076687630273,0.0
5,842,44.44066663256092,34.513167167648476,-0.052845215665608514,0.052845215665608514,0.0
5,843,44.42279615122493,34.531037648984466,-0.30456441105356635,0.30456441105356635,0.0
5,844,44.39663733370105,34.557196466508344,-0.21861193942355328,0.21861193942355328,0.0
5,845,44.3614053753372,34.592428424872196,-0.4860272278525315,0.4860272278525315,0.0
5,846,44.31788124453499,34.63595255567441,-0.3844553881925279,0.3844553881925279,0.0
5,847,44.293534681652886,34.66029911855651,-0.10247586944914744,0.10247586944914744,0.0
5,848,44.276612836713866,34.67722096349553,-0.23596102933070728,0.23596102933070728,0.0
5,849,44.265527928700294,34.6883058715091,0.014262869059225913,-0.014262869059225913,0.0
5,850,44.27396888176861,34.679864918440785,0.15455619230712614,-0.15455619230712614,0.0
5,851,44.284841629823404,34.66899217038599,0.06289876878900902,-0.06289876878900902,0.0
5,852,44.280165825896916,34.67366797431248,-0.1564148473178264,0.1564148473178264,0.0
5,853,44.27475055697744,34.67908324323196,0.04810946892775636,-0.04810946892775636,0.0
5,854,44.267555076463395,34.686278723746,-0.19201907920907058,0.19201907920907058,0.0
5,855,44.25287742933688,34.70095637087252,-0.10153386332201109,0.10153386332201109,0.0
5,856,44.2484765690582,34.7053572311512,0.013516657748424699,-0.013516657748424699,0.0
5,857,44.25935421110273,34.69447958910666,0.20403618314133354,-0.20403618314133354,0.0
5,858,44.26834039036828,34.685493409841115,-0.024312597830339122,0.024312597830339122,0.0
5,859,44.26842512509597,34.68540867511342,0.02600729238404309,-0.02600729238404309,0.0
5,860,44.26118187757663,34.69265192263276,-0.17087224277095814,0.17087224277095814,0.0
5,861,44.25382506342521,34.700008736784184,0.023735959741991053,-0.023735959741991053,0.0
5,862,44.26451917636507,34.689314623844325,0.1901462990556535,-0.1901462990556535,0.0
5,863,44.278389056832,34.6754447433774,0.08725131028386457,-0.08725131028386457,0.0
5,864,44.299866875050725,34.65396692515867,0.3423050540904571,-0.3423050540904571,0.0
5,865,44.31962104716479,34.63421275304461,0.05277838818974345,-0.05277838818974345,0.0
5,866,44.33535634062457,34.618477459584824,0.26192748100705465,-0.26192748100705465,0.0
5,867,44.3642993318731,34.589534468336296,0.31693234396353454,-0.31693234396353454,0.0
5,868,44.39304787768128,34.56078592252811,0.2580385721991689,-0.2580385721991689,0.0
5,869,44.426204491815724,34.52762930839367,0.4050937104903012,-0.4050937104903012,0.0
5,870,44.468392189542556,34.48544161066684,0.4386602440460159,-0.4386602440460159,0.0
5,871,44.50101029754546,34.45282350266393,0.21370191601109223,-0.21370191601109223,0.0
5,872,44.53202130012755,34.42181250008184,0.4065181356311678,-0.4065181356311678,0.0
5,873,44.58672470983686,34.36710909037254,0.6875500585560621,-0.6875500585560621,0.0
5,874,44.64062403953335,34.313209760676045,0.3904365353727437,-0.3904365353727437,0.0
5,875,44.68513483568688,34.268698964522514,0.49977938769827013,-0.49977938769827013,0.0
5,876,44.732077306606584,34.22175649360281,0.4390700306961399,-0.4390700306961399,0.0
5,877,44.76242843531179,34.191405364897605,0.16795254340878607,-0.16795254340878607,0.0
5,878,44.7726323998362,34.1812014003732,0.036126747079107346,-0.036126747079107346,0.0
5,879,44.76148806733124,34.19234573287815,-0.2590133971770747,0.2590133971770747,0.0
5,880,44.73556391575744,34.218269884451956,-0.2594696342998297,0.2594696342998297,0.0
5,881,44.72038504250713,34.23344875770226,-0.04410783070666824,0.04410783070666824,0.0
5,882,44.7080873574115,34.245746442797895,-0.20184587120499664,0.20184587120499664,0.0
5,883,44.698867392330044,34.25496640787935,0.017446569575447768,-0.017446569575447768,0.0
5,884,44.70084043798897,34.25299336222042,0.022014343603958153,-0.022014343603958153,0.0
5,885,44.71051527943496,34.24331852077444,0.17148248531609944,-0.17148248531609944,0.0
5,886,44.718983788349874,34.23485001185952,-0.0021123070176809478,0.0021123070176809478,0.0
5,887,44.727576970814994,34.2262568293944,0.1739759563191008,-0.1739759563191008,0.0
5,888,44.753905918509986,34.19992788169941,0.3526029975813332,-0.3526029975813332,0.0
5,889,44.79200380106852,34.16182999914088,0.40935465358951717,-0.40935465358951717,0.0
5,890,44.84441284182458,34.10942095838482,0.6388261615308348,-0.6388261615308348,0.0
5,891,44.895282244226905,34.05855155598249,0.3785618865148983,-0.3785618865148983,0.0
5,892,44.92404424107997,34.029789559129426,0.19667805054660192,-0.19667805054660192,0.0
5,893,44.94611208234289,34.0077217178665,0.2446787747122663,-0.2446787747122663,0.0
5,894,44.9739634035019,33.9798703967075,0.31234764846677354,-0.31234764846677354,0.0
5,895,44.99426159615757,33.959572204051824,0.09361620464596054,-0.09361620464596054,0.0
5,896,45.00042814138021,33.95340565882918,0.02971469980729413,-0.02971469980729413,0.0
5,897,44.988616063191444,33.96521773701795,-0.265956263582396,0.265956263582396,0.0
5,898,44.97082178658752,33.983012013621874,-0.08992926849705718,0.08992926849705718,0.0
5,899,44.96170800321647,33.99212579699292,-0.09234639892408847,0.09234639892408847,0.0
5,900,44.95996394246026,33.99386985774913,0.057465183801023834,-0.057465183801023834,0.0
5,901,44.97186958971861,33.98196421049079,0.18064776136595828,-0.18064776136595828,0.0
5,902,45.00280475100544,33.95102904920395,0.43805546437091625,-0.43805546437091625,0.0
5,903,45.052696808676274,33.90113699153312,0.5597856890466213,-0.5597856890466213,0.0
5,904,45.087470069264214,33.86636373094518,0.1356795227119374,-0.1356795227119374,3.0
5,905,45.091279166572235,33.86255463363716,-0.059497576553321,0.059497576553321,3.0
5,906,45.08952241137422,33.864311388835176,0.024362472593078444,-0.024362472593078444,0.0
5,907,45.078085700583415,33.87574809962598,-0.25309668840935995,0.25309668840935995,0.0
5,908,45.04179406915716,33.91203973105223,-0.47273594011778375,0.47273594011778375,0.0
5,909,44.997855107481996,33.9559786927274,-0.4060432933869986,0.4060432933869986,0.0
5,910,44.968938760325614,33.98489503988378,-0.17228364974278598,0.17228364974278598,0.0
5,911,44.95026261922658,34.00357118098282,-0.20123917223965204,0.20123917223965204,0.0
5,912,44.93042824688382,34.023405553325574,-0.1954482746156696,0.1954482746156696,0.0
5,913,44.91111125229327,34.04272254791613,-0.1908916171973214,0.1908916171973214,0.0
5,914,44.87810468450505,34.07572911570435,-0.46923973856827583,0.46923973856827583,0.0
5,915,44.83277086082808,34.12106293938132,-0.4374367349711763,0.4374367349711763,0.0
5,916,44.80129439992356,34.15253940028583,-0.19209248312049887,0.19209248312049887,0.0
5,917,44.78281666043631,34.171017139773085,-0.17746230662643292,0.17746230662643292,0.0
5,918,44.760128224702726,34.19370557550667,-0.2763064080457962,0.2763064080457962,0.0
5,919,44.72311985627732,34.230713943932074,-0.4638609604626378,0.4638609604626378,0.0
5,920,44.66508967073071,34.28874412947869,-0.6967427504702739,0.6967427504702739,0.0
5,921,44.60266467628526,34.35116912392414,-0.5517571384391511,0.5517571384391511,0.0
5,922,44.54827261889341,34.40556118131599,-0.5360840093992731,0.5360840093992731,0.0
5,923,44.49518551911501,34.45864828109438,-0.5256579861697945,0.5256579861697945,0.0
5,924,44.44263892198899,34.51119487822041,-0.5252739563527511,0.5252739563527511,0.0
5,925,44.37759686869674,34.57623693151265,-0.7755671094931316,0.7755671094931316,0.0
5,926,44.305189337445086,34.64864446276431,-0.6725835155414979,0.6725835155414979,0.0
5,927,44.239611365721885,34.71422243448751,-0.6389759189231823,0.6389759189231823,0.0
5,928,44.18538284674969,34.768450953459705,-0.44559446052218554,0.44559446052218554,0.0
5,929,44.14434272308097,34.80949107712843,-0.3752080128523483,0.3752080128523483,0.0
5,930,44.092703772218556,34.86113002799084,-0.6575710043965772,0.6575710043965772,0.0
5,931,44.027602951785866,34.92623084842353,-0.6444454042573406,0.6444454042573406,0.0
5,932,43.97454490174539,34.979288898464006,-0.4167155965531917,0.4167155965531917,0.0
5,933,43.94085030149358,35.01298349871581,-0.2571764084849013,0.2571764084849013,0.0
5,934,43.911016149681814,35.04281765052758,-0.33950662775248563,0.33950662775248563,0.0
5,935,43.86738094062298,35.086452859586416,-0.533197553424209,0.533197553424209,0.0
5,936,43.803616118010154,35.15021768219924,-0.7420988988339099,0.7420988988339099,0.0
5,937,43.739815117995136,35.21401868221426,-0.5339211014675671,0.5339211014675671,0.0
5,938,43.690800605325194,35.2630331948842,-0.4463691519333022,0.4463691519333022,0.0
5,939,43.640777716522166,35.31305608368723,-0.5540886241275649,0.5540886241275649,0.0
5,940,43.58845306864578,35.36538073156362,-0.4924043334011037,0.4924043334011037,0.0
5,941,43.549928601030274,35.40390519917912,-0.27808501890886816,0.27808501890886816,0.0
5,942,43.5363466374539,35.41748716275549,0.00644574738097603,-0.00644574738097603,0.0
5,943,43.52840203938172,35.42543176082768,-0.16533770882514975,0.16533770882514975,0.0
5,944,43.519344452730934,35.43448934747846,-0.015814024191264764,0.015814024191264764,0.0
5,945,43.53024248869622,35.42359131151318,0.23377474349490424,-0.23377474349490424,0.0
5,946,43.54216484024653,35.41166895996287,0.004672287510730122,-0.004672287510730122,0.0
5,947,43.54410023500452,35.409733565204874,0.03403560764921121,-0.03403560764921121,0.0
5,948,43.53766188745476,35.416171912754635,-0.1628025586449855,0.1628025586449855,0.0
5,949,43.51330257307643,35.440531227132965,-0.3243837289223048,0.3243837289223048,0.0
5,950,43.48596912633741,35.467864673871986,-0.2222852058588103,0.2222852058588103,0.0
5,951,43.45488184683222,35.49895195337717,-0.39946038424590835,0.39946038424590835,0.0
5,952,43.4262838736837,35.527549926525694,-0.17249907872658188,0.17249907872658188,0.0
5,953,43.4081135549618,35.545720245247594,-0.19090729571250087,0.19090729571250087,0.0
5,954,43.379396390029,35.574437410180394,-0.38343600294355085,0.38343600294355085,0.0
5,955,43.344581475866676,35.60925232434272,-0.31286228030438235,0.31286228030438235,0.0
5,956,43.32716869852686,35.62666510168253,-0.035393266493348285,0.035393266493348285,0.0
5,957,43.320582422683174,35.63325137752622,-0.09633225038116677,0.09633225038116677,0.0
5,958,43.29853651152973,35.65529728867966,-0.3445859726895444,0.3445859726895444,0.0
5,959,43.26833682585345,35.68549697435594,-0.2594077408362807,0.2594077408362807,0.0
5,960,43.23051257233419,35.7233212278752,-0.49707732955068895,0.49707732955068895,0.0
5,961,43.18913099690917,35.764702803300224,-0.3305541789517701,0.3305541789517701,0.0
5,962,43.166264011333055,35.78756978887634,-0.12678553257140468,0.12678553257140468,0.0
5,963,43.144478492244275,35.80935530796512,-0.3089248492061758,0.3089248492061758,0.0
5,964,43.107444545836756,35.84638925437264,-0.43175407894484774,0.43175407894484774,0.0
5,965,43.07800773359304,35.875826066616355,-0.15698216593001746,0.15698216593001746,0.0
5,966,43.06714237776407,35.886691422445324,-0.060324950649972564,0.060324950649972564,0.0
5,967,43.053868220838694,35.8999655793707,-0.20515818785847628,0.20515818785847628,0.0
5,968,43.035830313665315,35.91800348654408,-0.1555999556112253,0.1555999556112253,0.0
5,969,43.01931554356406,35.93451825664533,-0.17469544641545642,0.17469544641545642,0.0
5,970,43.00819661274363,35.94563718746576,-0.047683169994033214,0.047683169994033214,0.0
5,971,42.99313015895086,35.96070364125853,-0.25364590586278446,0.25364590586278446,0.0
5,972,42.959626786112494,35.9942070140969,-0.41642155090534416,0.41642155090534416,0.0
5,973,42.9035911917656,36.050242608443796,-0.7042903360335497,0.7042903360335497,0.0
5,974,42.819135721305884,36.13469807890351,-0.9848190731614821,0.9848190731614821,0.0
5,975,42.72696224108188,36.22687155912752,-0.8586505313197366,0.8586505313197366,0.0
5,976,42.627546716330585,36.32628708387881,-1.1296599637072484,1.1296599637072484,0.0
5,977,42.52371017255598,36.430123627653415,-0.9470709117860823,0.9470709117860823,0.0
5,978,42.44227885535315,36.51155494485624,-0.6815554322707396,0.6815554322707396,0.0
5,979,42.36603310438704,36.58780069582235,-0.8433595870528849,0.8433595870528849,0.0
5,980,42.28164072976085,36.67219307044854,-0.8444879054721586,0.8444879054721586,0.0
5,981,42.19115751733352,36.76267628287587,-0.9651763430758837,0.9651763430758837,0.0
5,982,42.08123840162921,36.87259539858019,-1.2332059710123104,1.2332059710123104,0.0
5,983,41.962600868391974,36.99123293181742,-1.1395446937331934,1.1395446937331934,0.0
5,984,41.84639170520802,37.107442095001375,-1.184638569946463,1.184638569946463,0.0
5,985,41.73505236075596,37.21878143945344,-1.0421483190953884,1.0421483190953884,0.0
5,986,41.63769473490174,37.31613906530765,-0.9050041979899834,0.9050041979899834,0.0
5,987,41.560042836831826,37.39379096337757,-0.6480337634101119,0.6480337634101119,0.0
5,988,41.48960412543806,37.46422967477133,-0.7607404644653677,0.7607404644653677,0.0
5,989,41.40527184879443,37.54856195141497,-0.9259050684090386,0.9259050684090386,0.0
5,990,41.318171807658246,37.63566199255115,-0.8160957543151683,0.8160957543151683,0.0
5,991,41.232235172739024,37.72159862747037,-0.9026369440712392,0.9026369440712392,0.0
5,992,41.14932112812153,37.80451267208787,-0.7556439482792667,0.7556439482792667,0.0
5,993,41.07642328854865,37.87741051166074,-0.7023128431790386,0.7023128431790386,0.0
5,994,41.0128032031713,37.94103059703809,-0.5700888643696702,0.5700888643696702,0.0
5,995,40.96160372175211,37.99223007845728,-0.4539007640141257,0.4539007640141257,0.0
5,996,40.910565381542824,38.04326841866657,-0.5668660401726786,0.5668660401726786,0.0
5,997,40.84850825514695,38.10532554506244,-0.6742764877447467,0.6742764877447467,0.0
5,998,40.78651922971994,38.16731457048945,-0.5655040207958413,0.5655040207958413,0.0
5,999,40.72162017840901,38.23221362180038,-0.7324770054233554,0.7324770054233554,0.0
5,1000,40.6598548257374,38.293978974472,-0.502830048009864,0.502830048009864,0.0
6,0,40.38417335278551,20.192086676392755,0.0,0.0,0.0
6,1,40.36861721223679,20.207642816941473,-0.3111228109743571,0.3111228109743571,3.0
6,2,40.3248556235307,20.251404405647556,-0.564108963147282,0.564108963147282,3.0
6,3,40.25526915035283,20.32099087882543,-0.8276205004102177,0.8276205004102177,3.0
6,4,40.15466994644158,20.42159008273668,-1.1843635778148371,1.1843635778148371,3.0
6,5,40.03517389087802,20.541086138300244,-1.2055575334563873,1.2055575334563873,3.0
6,6,39.90559217239989,20.67066785677838,-1.3860768361063016,1.3860768361063016,3.0
6,7,39.74742156169369,20.828838467484573,-1.7773353780176198,1.7773353780176198,3.0
6,8,39.55332856921045,21.02293145996781,-2.1045244716471334,2.1045244716471334,3.0
6,9,39.337218333717466,21.23904169546079,-2.2176802382125285,2.2176802382125285,3.0
6,10,39.10854409455847,21.467715934619793,-2.3558045449674445,2.3558045449674445,3.0
6,11,38.87123632608608,21.705023703092188,-2.390350824480425,2.390350824480425,3.0
6,12,38.626228029424205,21.95003199975406,-2.5098151087569978,2.5098151087569978,3.0
6,13,38.35831526305881,22.217944766119448,-2.8484402185508273,2.8484402185508273,3.0
6,14,38.07072916210167,22.505530867076594,-2.903281800592069,2.903281800592069,0.0
6,15,37.773536647355115,22.802723381823153,-3.040568494339153,3.040568494339153,0.0
6,16,37.45960782858616,23.116652200592107,-3.2380078810399073,3.2380078810399073,0.0
6,17,37.124930940827866,23.4513290883504,-3.455529874125947,3.455529874125947,0.0
6,18,36.7707153051254,23.805544724052858,-3.628782839923275,3.628782839923275,0.0
6,19,36.41140667081717,24.164853358361093,-3.557389846241467,3.557389846241467,0.0
6,20,36.069997823075525,24.50626220610274,-3.270787108591424,3.270787108591424,0.0
6,21,35.729017310194706,24.847242718983562,-3.5488231490250275,3.5488231490250275,0.0
6,22,35.369474024939464,25.206786004238808,-3.6420425560797636,3.6420425560797636,0.0
6,23,34.99733641193555,25.578923617242722,-3.800709703998475,3.800709703998475,0.0
6,24,34.60929599066391,25.966964038514355,-3.9600987214341767,3.9600987214341767,0.0
6,25,34.219305504852684,26.35695452432558,-3.8397109947902326,3.8397109947902326,0.0
6,26,33.84339967855732,26.73286035062095,-3.678405531117118,3.678405531117118,0.0
6,27,33.48909386058105,27.08716616859721,-3.4077108284080566,3.4077108284080566,0.0
6,28,33.13390909957312,27.442350929605148,-3.695984391750633,3.695984391750633,0.0
6,29,32.76971074966161,27.80654927951665,-3.587982606479338,3.587982606479338,0.0
6,30,32.406310527210366,28.169949501967903,-3.680021842545676,3.680021842545676,0.0
6,31,32.05206864632481,28.52419138285345,-3.4048157751651917,3.4048157751651917,0.0
6,32,31.708443985175037,28.86781604400322,-3.467677447830166,3.467677447830166,0.0
6,33,31.364592173598652,29.21166785557961,-3.4093587836975843,3.4093587836975843,0.0
6,34,31.0365048968756,29.53975513230266,-3.1523867507633643,3.1523867507633643,0.0
6,35,30.722045729052653,29.854214300125612,-3.1367966056956185,3.1367966056956185,0.0
6,36,30.40077773603018,30.175482293148086,-3.2885632547538233,3.2885632547538233,0.0
6,37,30.07890364659643,30.497356382581827,-3.1489185339209875,3.1489185339209875,0.0
6,38,29.762026478436383,30.814233550741875,-3.1886248292799237,3.1886248292799237,0.0
6,39,29.451707726432105,31.12455230274615,-3.01775021080549,3.01775021080549,0.0
6,40,29.14499586998862,31.431264159189638,-3.1164869180642523,3.1164869180642523,0.0
6,41,28.847077242928904,31.729182786249353,-2.8418856231299863,2.8418856231299863,0.0
6,42,28.574468957233393,32.00179107194487,-2.6102800907802894,2.6102800907802894,0.0
6,43,28.314299560807882,32.261960468370376,-2.593107837729727,2.593107837729727,0.0
6,44,28.065824901683314,32.51043512749495,-2.3763853447616565,2.3763853447616565,0.0
6,45,27.84182611076298,32.73443391841529,-2.1035904736450863,2.1035904736450863,0.0
6,46,27.629727969765185,32.946532059413094,-2.1383723463108844,2.1383723463108844,0.0
6,47,27.416722505609442,33.15953752356883,-2.1217369368038277,2.1217369368038277,0.0
6,48,27.216267745971592,33.35999228320669,-1.8873582559532185,1.8873582559532185,0.0
6,49,27.032527107139515,33.54373292203877,-1.7874545206883958,1.7874545206883958,0.0
6,50,26.852870803470154,33.72338922570814,-1.8056715526989127,1.8056715526989127,0.0
6,51,26.670019008833307,33.90624102034499,-1.8513643400380655,1.8513643400380655,0.0
6,52,26.492941617457674,34.08331841172063,-1.6901834874746129,1.6901834874746129,0.0
6,53,26.32918098912549,34.24707904005281,-1.5850290791689083,1.5850290791689083,0.0
6,54,26.168385316664683,34.40787471251361,-1.6308843700470987,1.6308843700470987,0.0
6,55,26.009895661229265,34.566364367949035,-1.538908738661327,1.538908738661327,0.0
6,56,25.86570611783924,34.71055391133906,-1.344882129139128,1.344882129139128,0.0
6,57,25.739438577599856,34.836821451578444,-1.1804686756485072,1.1804686756485072,0.0
6,58,25.634243614480567,34.942016414697726,-0.923430586737096,0.923430586737096,0.0
6,59,25.53337069754656,35.042889331631734,-1.0940277519429884,1.0940277519429884,0.0
6,60,25.416066696776937,35.160193332401356,-1.252052263449352,1.252052263449352,0.0
6,61,25.284230578878166,35.292029450300134,-1.3846700945261343,1.3846700945261343,0.0
6,62,25.158347298558837,35.41791273061946,-1.1329955118606119,1.1329955118606119,-5.0
6,63,25.065817538559358,35.51044249061894,-0.7175996881288835,0.7175996881288835,-5.0
6,64,25.01306174403726,35.563198285141056,-0.33751620231326385,0.33751620231326385,-5.0
6,65,24.972967356441856,35.60329267273647,-0.4643715495950218,0.4643715495950218,0.0
6,66,24.927330057507618,35.64892997167071,-0.44837442908979597,0.44837442908979597,0.0
6,67,24.875358450979135,35.70090157819921,-0.5910577014800591,0.5910577014800591,0.0
6,68,24.82078618236386,35.75547384681448,-0.500387670825349,0.500387670825349,0.0
6,69,24.791646479012144,35.7846135501662,-0.08240639620879797,0.08240639620879797,-5.0
6,70,24.776021164013002,35.800238865165326,-0.23009990377375544,0.23009990377375544,0.0
6,71,24.751937931504813,35.8243220976735,-0.2515647463898709,0.2515647463898709,0.0
6,72,24.72047594195567,35.855784087222645,-0.3776750445930457,0.3776750445930457,0.0
6,73,24.69495660489875,35.881303424279565,-0.13271169654526105,0.13271169654526105,0.0
6,74,24.687566267518207,35.88869376166009,-0.015095051065310727,0.015095051065310727,0.0
6,75,24.677400207073987,35.89885982210431,-0.1882261578191251,0.1882261578191251,0.0
6,76,24.66871032044469,35.907549708733626,0.014428425232875242,-0.014428425232875242,0.0
6,77,24.666385899610077,35.90987412956825,-0.060916841925312326,0.060916841925312326,0.0
6,78,24.64610739200174,35.930152637176576,-0.34465331024124524,0.34465331024124524,0.0
6,79,24.60211600537454,35.974144023803774,-0.5351744223028341,0.5351744223028341,0.0
6,80,24.564192250927277,36.01206777825104,-0.2233006666424231,0.2233006666424231,-5.0
6,81,24.553944463046463,36.022315566131866,0.01834490902607122,-0.01834490902607122,-5.0
6,82,24.568587807644832,36.0076722215335,0.27452198294129815,-0.27452198294129815,0.0
6,83,24.596233955173886,35.98002607400444,0.2784009676399304,-0.2784009676399304,0.0
6,84,24.630936034960428,35.9453239942179,0.41564062809095326,-0.41564062809095326,0.0
6,85,24.687368202723206,35.888891826455136,0.7130027271644739,-0.7130027271644739,0.0
6,86,24.755903110873163,35.82035691830518,0.6576954358347802,-0.6576954358347802,0.0
6,87,24.828528833630827,35.747731195547516,0.7948190193187035,-0.7948190193187035,0.0
6,88,24.90316652225104,35.6730935069273,0.6979347530856348,-0.6979347530856348,0.0
6,89,24.973597617677513,35.60266241150083,0.7106871554438019,-0.7106871554438019,0.0
6,90,25.050675486404117,35.525584542774226,0.8308702190885437,-0.8308702190885437,0.0
6,91,25.125191489894803,35.45106853928354,0.6594498507253359,-0.6594498507253359,0.0
6,92,25.18737397012083,35.3888860590575,0.584199753795577,-0.584199753795577,0.0
6,93,25.25633307775169,35.31992695142662,0.7949823988218885,-0.7949823988218885,0.0
6,94,25.34194703198918,35.234312997189136,0.9172966859278695,-0.9172966859278695,0.0
6,95,25.421008908432583,35.15525112074573,0.6639408429403861,-0.6639408429403861,0.0
6,96,25.494739795765128,35.08152023341319,0.8106769037105384,-0.8106769037105384,0.0
6,97,25.577837416943453,34.99842261223486,0.8512755198560473,-0.8512755198560473,0.0
6,98,25.657958185263624,34.91830184391469,0.7511398465473818,-0.7511398465473818,0.0
6,99,25.74108786399077,34.835172165187544,0.9114537279955783,-0.9114537279955783,0.0
6,100,25.823869489815678,34.752390539362636,0.744178788502742,-0.744178788502742,0.0
6,101,25.89224197672283,34.68401805245547,0.6232709496405615,-0.6232709496405615,0.0
6,102,25.960675356469835,34.615584672708465,0.7453966452995733,-0.7453966452995733,0.0
6,103,26.020346496566162,34.555913532612124,0.4480261566273498,-0.4480261566273498,0.0
6,104,26.058569265464627,34.51769076371366,0.31642922134208185,-0.31642922134208185,0.0
6,105,26.091374791397612,34.48488523778066,0.3396812973180303,-0.3396812973180303,0.0
6,106,26.13882898912985,34.43743104004844,0.6094026573266405,-0.6094026573266405,0.0
6,107,26.2035397324166,34.372720296761685,0.6848122084087933,-0.6848122084087933,0.0
6,108,26.263783353980642,34.312476675197644,0.5200602228720559,-0.5200602228720559,0.0
6,109,26.322656725143105,34.25360330403518,0.6574072003775431,-0.6574072003775431,0.0
6,110,26.388383310518776,34.18787671865951,0.65712450713586,-0.65712450713586,0.0
6,111,26.46244895450377,34.113811074674516,0.8241883725638868,-0.8241883725638868,0.0
6,112,26.532470990600814,34.04378903857747,0.576252349377171,-0.576252349377171,0.0
6,113,26.59923108660692,33.977028942571366,0.7589495707453295,-0.7589495707453295,0.0
6,114,26.660535824161798,33.91572420501649,0.46714518035219044,-0.46714518035219044,0.0
6,115,26.718743285191323,33.85751674398696,0.6970040402383315,-0.6970040402383315,0.0
6,116,26.782315229006343,33.79394480017194,0.5744348360619149,-0.5744348360619149,0.0
6,117,26.83057579357981,33.745684235598475,0.39077645540777795,-0.39077645540777795,0.0
6,118,26.884029812411683,33.6922302167666,0.6783039212299666,-0.6783039212299666,0.0
6,119,26.94310667183086,33.633153357347425,0.5032332671536679,-0.5032332671536679,0.0
6,120,26.99941977191844,33.576840257259846,0.6230287345982894,-0.6230287345982894,0.0
6,121,27.057923808476772,33.518336220701514,0.5470519965682783,-0.5470519965682783,0.0
6,122,27.097928352806377,33.47833167637191,0.253038890024218,-0.253038890024218,0.0
6,123,27.13819753255055,33.43806249662774,0.5523447048591485,-0.5523447048591485,0.0
6,124,27.186224611924132,33.390035417254154,0.40819688261235854,-0.40819688261235854,0.0
6,125,27.224795936072326,33.35146409310596,0.36322960035171015,-0.36322960035171015,0.0
6,126,27.25017623681734,33.32608379236095,0.1443764145486668,-0.1443764145486668,0.0
6,127,27.252924844421898,33.32333518475639,-0.08940426245760058,0.08940426245760058,0.0
6,128,27.257624194470424,33.31863583470786,0.18339126342810985,-0.18339126342810985,0.0
6,129,27.268779453427925,33.30748057575036,0.03971391572198257,-0.03971391572198257,0.0
6,130,27.28265501160348,33.293605017574805,0.23779724778905198,-0.23779724778905198,0.0
6,131,27.298281462818665,33.27797856635962,0.07473177651493934,-0.07473177651493934,0.0
6,132,27.299873202654823,33.27638682652346,-0.042896979791459344,0.042896979791459344,0.0
6,133,27.302546823473108,33.27371320570518,0.09636939615727869,-0.09636939615727869,0.0
6,134,27.322593876452657,33.25366615272563,0.3045716634335438,-0.3045716634335438,0.0
6,135,27.361202956556667,33.21505707262162,0.46760993864684686,-0.46760993864684686,0.0
6,136,27.403300059903756,33.17295996927453,0.37433212829481555,-0.37433212829481555,0.0
6,137,27.43893076471531,33.13732926446298,0.33828196793632337,-0.33828196793632337,0.0
6,138,27.463057071959014,33.11320295721927,0.14424417693790836,-0.14424417693790836,0.0
6,139,27.4806762214196,33.095583807758686,0.2081388122739618,-0.2081388122739618,0.0
6,140,27.490782083452785,33.0854779457255,-0.006021571610231646,0.006021571610231646,0.0
6,141,27.495738188518146,33.08052184066014,0.1051436729174764,-0.1051436729174764,0.0
6,142,27.507561127720265,33.06869890145802,0.13131511112475636,-0.13131511112475636,0.0
6,143,27.52264393314843,33.053616096029856,0.17034099743884745,-0.17034099743884745,0.0
6,144,27.54724001858864,33.02902001058965,0.3215807113652698,-0.3215807113652698,0.0
6,145,27.57201459358916,33.00424543558913,0.17391078864515563,-0.17391078864515563,0.0
6,146,27.596353839402383,32.9799061897759,0.31287412761956546,-0.31287412761956546,0.0
6,147,27.62509346138441,32.95116656779388,0.2619183120212334,-0.2619183120212334,0.0
6,148,27.65271910422726,32.92354092495103,0.2905945448361109,-0.2905945448361109,0.0
6,149,27.692397536003313,32.88386249317497,0.5029740906849263,-0.5029740906849263,0.0
6,150,27.735328303254704,32.84093172592358,0.35564125434312643,-0.35564125434312643,0.0
6,151,27.756715607923695,32.81954442125459,0.07210483903672404,-0.07210483903672404,0.0
6,152,27.767274490460665,32.80898553871762,0.13907281170251728,-0.13907281170251728,0.0
6,153,27.782606180453712,32.793653848724574,0.16756098815830534,-0.16756098815830534,0.0
6,154,27.7941697197856,32.782090309392686,0.06370979847931935,-0.06370979847931935,0.0
6,155,27.806690903799307,32.76956912537895,0.18671388179544302,-0.18671388179544302,0.0
6,156,27.83331139727926,32.742948631899026,0.3456959878032677,-0.3456959878032677,0.0
6,157,27.87678603349164,32.699473995686645,0.5237967364447336,-0.5237967364447336,0.0
6,158,27.91720187872818,32.659058150450136,0.2845201682856313,-0.2845201682856313,0.0
6,159,27.94237459169736,32.633885437480956,0.21893409109784123,-0.21893409109784123,0.0
6,160,27.964906687188034,32.61135334199031,0.23170781871540314,-0.23170781871540314,0.0
6,161,28.001807305596486,32.574452723581885,0.5063045494533807,-0.5063045494533807,0.0
6,162,28.054553073752004,32.52170695542634,0.5486108136573833,-0.5486108136573833,0.0
6,163,28.11493044046935,32.46132958870902,0.6589365206893003,-0.6589365206893003,0.0
6,164,28.183425932117473,32.39283409706087,0.7109733122738096,-0.7109733122738096,0.0
6,165,28.268484201864368,32.307775827314,0.990192082663734,-0.990192082663734,0.0
6,166,28.377788523875438,32.19847150530296,1.1958943575572594,-1.1958943575572594,0.0
6,167,28.499667182927652,32.07659284625075,1.2416788234872822,-1.2416788234872822,0.0
6,168,28.620829789647587,31.955430239530813,1.1815733109115332,-1.1815733109115332,0.0
6,169,28.730894276626458,31.845365752551942,1.0197164286658307,-1.0197164286658307,0.0
6,170,28.82401789926348,31.75224212991492,0.842756024074621,-0.842756024074621,0.0
6,171,28.910089256891894,31.666170772286506,0.8786711284936786,-0.8786711284936786,0.0
6,172,28.99687986038191,31.57938016879649,0.8571409413066178,-0.8571409413066178,0.0
6,173,29.07261346555069,31.503646563627683,0.6575311620695121,-0.6575311620695121,0.0
6,174,29.12793428139372,31.44832574778468,0.4488851547909274,-0.4488851547909274,0.0
6,175,29.18727699032462,31.38898303885378,0.7379690238267234,-0.7379690238267234,0.0
6,176,29.257789197528837,31.31847083164959,0.6722751202568098,-0.6722751202568098,0.0
6,177,29.330543392666016,31.245716636512412,0.7828087824861409,-0.7828087824861409,0.0
6,178,29.396671363026485,31.179588666151915,0.5397506247230837,-0.5397506247230837,0.0
6,179,29.439484917054187,31.13677511212424,0.3165204558301351,-0.3165204558301351,0.0
6,180,29.45868333599867,31.117576693179757,0.06744792305908298,-0.06744792305908298,0.0
6,181,29.459176739762484,31.117083289415945,-0.057579847783362226,0.057579847783362226,0.0
6,182,29.451088662028383,31.125171367150017,-0.10418170689856154,0.10418170689856154,0.0
6,183,29.427836358465697,31.148423670712674,-0.3608643643552405,0.3608643643552405,0.0
6,184,29.3978387718509,31.1784212573275,-0.23908736794150087,0.23908736794150087,0.0
6,185,29.35894651268353,31.21731351649487,-0.5387578154061625,0.5387578154061625,0.0
6,186,29.316435901067507,31.259824128110893,-0.3114544169145841,0.3114544169145841,0.0
6,187,29.298318543124083,31.27794148605429,-0.05089274195400684,0.05089274195400684,0.0
6,188,29.288327685733293,31.28793234344508,-0.14892440586230293,0.14892440586230293,0.0
6,189,29.26908181369788,31.307178215480462,-0.23599303484594003,0.23599303484594003,0.0
6,190,29.258045390823668,31.318214638354704,0.015264577360779796,-0.015264577360779796,0.0
6,191,29.271196501219492,31.30506352795888,0.24775763055540878,-0.24775763055540878,0.0
6,192,29.284870673876867,31.291389355301504,0.02572582259134748,-0.02572582259134748,0.0
6,193,29.288829151089146,31.287430878089197,0.05344372165423117,-0.05344372165423117,0.0
6,194,29.293561694811046,31.282698334367296,0.041207152783508505,-0.041207152783508505,0.0
6,195,29.29773048315144,31.278529546026903,0.04216861402382399,-0.04216861402382399,0.0
6,196,29.312764853483316,31.263495175695056,0.2585187926127297,-0.2585187926127297,0.0
6,197,29.349255391895326,31.227004637283073,0.4712919756267624,-0.4712919756267624,0.0
6,198,29.38192356279137,31.19433646638703,0.18207144229326033,-0.18207144229326033,0.0
6,199,29.39245943079004,31.18380059838836,0.028645917679126498,-0.028645917679126498,0.0
6,200,29.392151577712525,31.184108451465875,-0.03480297923025155,0.03480297923025155,0.0
6,201,29.40357381694571,31.17268621223269,0.2632477638934567,-0.2632477638934567,0.0
6,202,29.437732008438843,31.138528020739557,0.4199160659682484,-0.4199160659682484,0.0
6,203,29.4843595189422,31.0919005102362,0.5126341440986053,-0.5126341440986053,0.0
6,204,29.523540509227075,31.052719519951324,0.27098566159853377,-0.27098566159853377,0.0
6,205,29.546529239378344,31.029730789800055,0.188788941426294,-0.188788941426294,0.0
6,206,29.558279687604966,31.017980341573434,0.04622002310570217,-0.04622002310570217,0.0
6,207,29.55076669667517,31.02549333250323,-0.1964798417023026,0.1964798417023026,0.0
6,208,29.52355091612378,31.05270911305462,-0.34783576932627547,0.34783576932627547,0.0
6,209,29.5006728643595,31.0755871648189,-0.10972526595937637,0.10972526595937637,0.0
6,210,29.501506648248665,31.074753380929735,0.12640094374253152,-0.12640094374253152,0.0
6,211,29.52866333357116,31.04759669560724,0.4167327627065287,-0.4167327627065287,0.0
6,212,29.58085613613764,30.99540389304076,0.6271232886222808,-0.6271232886222808,0.0
6,213,29.656158328276092,30.920101700902308,0.8789205541465144,-0.8789205541465144,0.0
6,214,29.73725603117748,30.83900399800092,0.7430335038806195,-0.7430335038806195,0.0
6,215,29.80290098754398,30.77335904163442,0.5698656234487167,-0.5698656234487167,0.0
6,216,29.856606746365287,30.719653282813113,0.504249552977134,-0.504249552977134,0.0
6,217,29.89424082625726,30.68201920292114,0.24843204486221282,-0.24843204486221282,0.0
6,218,29.914140175085436,30.662119854092964,0.14955493170044853,-0.14955493170044853,0.0
6,219,29.916429815771608,30.659830213406792,-0.10376211797782098,0.10376211797782098,0.0
6,220,29.897855727447677,30.678404301730723,-0.26771964850132335,0.26771964850132335,0.0
6,221,29.876864530157263,30.699395499021136,-0.1521042973079485,0.1521042973079485,0.0
6,222,29.86576234232035,30.710497686858048,-0.06993945943058577,0.06993945943058577,0.0
6,223,29.871936700279775,30.704323328898624,0.19342661861809773,-0.19342661861809773,0.0
6,224,29.90086578258979,30.67539424658861,0.38515502758207276,-0.38515502758207276,0.0
6,225,29.93234809438775,30.64391193479065,0.24449120837637572,-0.24449120837637572,0.0
6,226,29.952850194165137,30.623409835013263,0.1655507871707833,-0.1655507871707833,0.0
6,227,29.97431357985039,30.60194644932801,0.2637169265340926,-0.2637169265340926,0.0
6,228,30.004061936228766,30.572198092949634,0.3312502010326934,-0.3312502010326934,0.0
6,229,30.025495368923828,30.550764660254572,0.09741845286832884,-0.09741845286832884,0.0
6,230,30.02392581956383,30.55233420961457,-0.1288094400689186,0.1288094400689186,0.0
6,231,30.005530682198014,30.570729346980386,-0.23909330724756828,0.23909330724756828,0.0
6,232,29.97898565051753,30.59727437866087,-0.29180732636239526,0.29180732636239526,0.0
6,233,29.93700471297882,30.63925531619958,-0.5478114244121173,0.5478114244121173,0.0
6,234,29.895438217462868,30.680821811715532,-0.2835184859072317,0.2835184859072317,0.0
6,235,29.87640313109739,30.69985689808101,-0.09718324140244228,0.09718324140244228,0.0
6,236,29.870219812427763,30.706040216750637,-0.026483131990959308,0.026483131990959308,0.0
6,237,29.853751241416603,30.722508787761797,-0.3028882882330297,0.3028882882330297,0.0
6,238,29.829916960102707,30.746343069075692,-0.17379733804578024,0.17379733804578024,0.0
6,239,29.819623085235946,30.756636943942453,-0.032080159290373444,0.032080159290373444,0.0
6,240,29.814175129714442,30.762084899463957,-0.07687895114044174,0.07687895114044174,0.0
6,241,29.80936537575866,30.76689465341974,-0.019316127975885777,0.019316127975885777,0.0
6,242,29.811668661274837,30.764591367903563,0.06538183829852784,-0.06538183829852784,0.0
6,243,29.804567768597906,30.771692260580494,-0.2073996918373151,0.2073996918373151,0.0
6,244,29.790646608542943,30.785613420635457,-0.07102350926231438,0.07102350926231438,0.0
6,245,29.782321376688458,30.793938652489942,-0.09548112782766616,0.09548112782766616,0.0
6,246,29.767535243025748,30.808724786152652,-0.20024154542660177,0.20024154542660177,0.0
6,247,29.733636269144483,30.842623760033916,-0.4777379321985844,0.4777379321985844,0.0
6,248,29.696791545561155,30.879468483617245,-0.25915653946794315,0.25915653946794315,0.0
6,249,29.65660987876265,30.919650150415748,-0.5444767965020567,0.5444767965020567,0.0
6,250,29.61100153341829,30.96525849576011,-0.3676901103860981,0.3676901103860981,0.0
6,251,29.56805438057671,31.008205648601688,-0.49125294644613504,0.49125294644613504,0.0
6,252,29.513902611442916,31.062357417735484,-0.5917824362300603,0.5917824362300603,0.0
6,253,29.457588380070604,31.118671649107796,-0.5345021912171894,0.5345021912171894,0.0
6,254,29.401930149026157,31.174329880152243,-0.5786624296725975,0.5786624296725975,0.0
6,255,29.35141860409317,31.22484142508523,-0.4315684689873436,0.4315684689873436,0.0
6,256,29.307419217491145,31.268840811687255,-0.4484192630536388,0.4484192630536388,0.0
6,257,29.25866305012397,31.31759697905443,-0.5267040842904276,0.5267040842904276,0.0
6,258,29.206793116721485,31.369466912456915,-0.5106945837596761,0.5106945837596761,0.0
6,259,29.150143616576543,31.426116412601857,-0.6222954191401584,0.6222954191401584,0.0
6,260,29.083681754323436,31.492578274854964,-0.7069418259227263,0.7069418259227263,0.0
6,261,29.024683272131313,31.551576757047087,-0.473027817920018,0.473027817920018,0.0
6,262,28.986421297208153,31.589838731970246,-0.29221168054353264,0.29221168054353264,0.0
6,263,28.95064982828319,31.62561020089521,-0.4232176979563782,0.4232176979563782,0.0
6,264,28.90946914523704,31.66679088394136,-0.40039596296727176,0.40039596296727176,0.0
6,265,28.85869273296231,31.71756729621609,-0.6151322825282346,0.6151322825282346,0.0
6,266,28.794786933536272,31.781473095642127,-0.6629837059924917,0.6629837059924917,0.0
6,267,28.73406939001063,31.842190639167768,-0.551367164520288,0.551367164520288,0.0
6,268,28.674888335151195,31.901371694027205,-0.632253932669018,0.632253932669018,0.0
6,269,28.61877570851459,31.95748432066381,-0.48999860006356144,0.48999860006356144,0.0
6,270,28.573880302669863,32.002379726508536,-0.4079095168310065,0.4079095168310065,0.0
6,271,28.523225070369563,32.05303495880884,-0.6051951291758702,0.6051951291758702,0.0
6,272,28.460213157625674,32.116046871552726,-0.6550431257023153,0.6550431257023153,0.0
6,273,28.383728985639948,32.19253104353845,-0.8746403140125327,0.8746403140125327,0.0
6,274,28.303883516355654,32.272376512822746,-0.7222690716741944,0.7222690716741944,0.0
6,275,28.239005077069123,32.33725495210928,-0.5752997140568059,0.5752997140568059,0.0
6,276,28.16816270529472,32.40809732388368,-0.8415477214313487,0.8415477214313487,0.0
6,277,28.087311981138612,32.48894804803979,-0.7754667616914119,0.7754667616914119,0.0
6,278,28.022787799161506,32.553472230016894,-0.5150168778510409,0.5150168778510409,0.0
6,279,27.96856166810545,32.60769836107295,-0.5695057432700512,0.5695057432700512,0.0
6,280,27.92613295215932,32.65012707701908,-0.27906857565311505,0.27906857565311505,0.0
6,281,27.885236851853676,32.69102317732472,-0.5388534304598753,0.5388534304598753,0.0
6,282,27.842441990756072,32.73381803842233,-0.31704379149229567,0.31704379149229567,0.0
6,283,27.807553624455352,32.76870640472305,-0.38072353452206364,0.38072353452206364,0.0
6,284,27.767959564270086,32.808300464908314,-0.41115766918314733,0.41115766918314733,0.0
6,285,27.73801764105383,32.83824238812457,-0.18768079514295444,0.18768079514295444,0.0
6,286,27.719860299443383,32.85639972973502,-0.17546603706679065,0.17546603706679065,0.0
6,287,27.69561606759737,32.88064396158103,-0.3094185998539025,0.3094185998539025,0.0
6,288,27.674098872208845,32.902161156969555,-0.12092530791669809,0.12092530791669809,0.0
6,289,27.647258248329535,32.929001780848864,-0.41588716967031303,0.41588716967031303,0.0
6,290,27.606002582683004,32.970257446495395,-0.40922614326064277,0.40922614326064277,0.0
6,291,27.569795703050318,33.00646432612808,-0.31491144939368176,0.31491144939368176,0.0
6,292,27.53450637052299,33.04175365865541,-0.3908752011530776,0.3908752011530776,0.0
6,293,27.50885128063038,33.06740874854802,-0.12222659669987124,0.12222659669987124,0.0
6,294,27.49857633077852,33.07768369839988,-0.08327240033744232,0.08327240033744232,0.0
6,295,27.497893694887352,33.078366334291104,0.06961968251308193,-0.06961968251308193,0.0
6,296,27.493984814106796,33.08227521507166,-0.1477972981247877,0.1477972981247877,0.0
6,297,27.493865327787546,33.08239470139091,0.14540757173966412,-0.14540757173966412,0.0
6,298,27.506439077514585,33.06982095166387,0.10606742280075032,-0.10606742280075032,0.0
6,299,27.51107159276063,33.06518843641783,-0.01341711788071187,0.01341711788071187,0.0
6,300,27.497353208747427,33.07890682043103,-0.2609505623842434,0.2609505623842434,0.0
6,301,27.463651867219596,33.11260816195886,-0.4130762681732083,0.4130762681732083,0.0
6,302,27.426523119894398,33.14973690928406,-0.3294986783317153,0.3294986783317153,0.0
6,303,27.397423258392223,33.17883677078623,-0.2524985517126055,0.2524985517126055,0.0
6,304,27.359852838207928,33.21640719097053,-0.49890985197357907,0.49890985197357907,0.0
6,305,27.30739639458716,33.2688636345913,-0.5502190204424053,0.5502190204424053,0.0
6,306,27.259907140924383,33.31635288825407,-0.3995660528138689,0.3995660528138689,0.0
6,307,27.20975583800191,33.366504191176546,-0.6034600056363821,0.6034600056363821,0.0
6,308,27.144981307925264,33.43127872125319,-0.6920305958975703,0.6920305958975703,0.0
6,309,27.07947635498516,33.496783674193296,-0.6180684629045761,0.6180684629045761,0.0
6,310,27.01061707910094,33.56564295007752,-0.7591170547797947,0.7591170547797947,0.0
6,311,26.926096944129768,33.65016308504869,-0.9312856446437205,0.9312856446437205,0.0
6,312,26.8231004038592,33.753159625319256,-1.1286451607675154,1.1286451607675154,0.0
6,313,26.700760432458196,33.87549959672026,-1.31815426725319,1.31815426725319,0.0
6,314,26.556939254960298,34.01932077421816,-1.558269282705723,1.558269282705723,0.0
6,315,26.405569678629945,34.17069035054851,-1.4691222439017952,1.4691222439017952,0.0
6,316,26.25491434553362,34.321345683644836,-1.5439844180251647,1.5439844180251647,0.0
6,317,26.11548611312213,34.460773916056326,-1.2445802302056492,1.2445802302056492,0.0
6,318,25.98691388450112,34.589346144677336,-1.3268643422151207,1.3268643422151207,0.0
6,319,25.86575529282368,34.71050473635478,-1.0963074913341426,1.0963074913341426,0.0
6,320,25.763052484718457,34.81320754446,-0.9577486707711422,0.9577486707711422,0.0
6,321,25.66758166626431,34.908678362914145,-0.9516676983116774,0.9516676983116774,0.0
6,322,25.55792666393353,35.01833336524493,-1.2414323483046985,1.2414323483046985,0.0
6,323,25.42424268103366,35.152017348144796,-1.4322473096930928,1.4322473096930928,0.0
6,324,25.309662377131588,35.26659765204687,-0.8593587683488444,0.8593587683488444,-5.0
6,325,25.250373065539065,35.32588696363939,-0.3264274635015276,0.3264274635015276,-5.0
6,326,25.22821268143997,35.348047347738486,-0.11678021848038256,0.11678021848038256,0.0
6,327,25.226016064889734,35.35024396428872,0.0728478874757652,-0.0728478874757652,0.0
6,328,25.223638261959536,35.35262176721892,-0.12040394607954497,0.12040394607954497,0.0
6,329,25.217969144659094,35.35829088451936,0.0070216000708036574,-0.0070216000708036574,0.0
6,330,25.2080926392851,35.36816738989336,-0.20455170755098173,0.20455170755098173,0.0
6,331,25.190628279661553,35.385631749516904,-0.14473548492022914,0.14473548492022914,0.0
6,332,25.188980352315298,35.38727967686316,0.11177693799566768,-0.11177693799566768,0.0
6,333,25.201876108275314,35.37438392090314,0.14613818120492894,-0.14613818120492894,0.0
6,334,25.205440447110107,35.37081958206835,-0.07485140450870276,0.07485140450870276,0.0
6,335,25.205207413305402,35.371052615873054,0.07019072841453067,-0.07019072841453067,0.0
6,336,25.198690179462346,35.37756984971611,-0.20053540527524127,0.20053540527524127,0.0
6,337,25.18293465751509,35.393325371663366,-0.11457503366909982,0.11457503366909982,0.0
6,338,25.169973907267945,35.40628612191051,-0.1446399712732216,0.1446399712732216,0.0
6,339,25.15930318910233,35.416956840076125,-0.06877439203932312,0.06877439203932312,0.0
6,340,25.140976197200985,35.43528383197747,-0.29776544598757226,0.29776544598757226,0.0
6,341,25.09978710081606,35.4764729283624,-0.5260164817105188,0.5260164817105188,0.0
6,342,25.046547052970766,35.52971297620769,-0.5387844751955981,0.5387844751955981,0.0
6,343,25.003237497004477,35.57302253217398,-0.3274066441300789,0.3274066441300789,0.0
6,344,24.980493694218524,35.59576633495993,-0.1274694115892796,0.1274694115892796,0.0
6,345,24.97522498557572,35.601035043602735,0.0220952387337654,-0.0220952387337654,0.0
6,346,24.96667368148661,35.6095863476919,-0.19312132051651432,0.19312132051651432,0.0
6,347,24.933369476276255,35.64289055290226,-0.4729627836900665,0.4729627836900665,0.0
6,348,24.884093910222475,35.69216611895598,-0.5125485373842409,0.5125485373842409,0.0
6,349,24.843838450207556,35.7324215789709,-0.2925606629135853,0.2925606629135853,0.0
6,350,24.818312047297525,35.75794798188093,-0.2179673952871095,0.2179673952871095,0.0
6,351,24.789047690632685,35.78721233854583,-0.36731973801056483,0.36731973801056483,0.0
6,352,24.759284054801526,35.81697597437693,-0.22795297861173047,0.22795297861173047,0.0
6,353,24.749101708965384,35.827158320213016,0.02430606189000173,-0.02430606189000173,0.0
6,354,24.751113583653876,35.82514644552458,0.015931431879463887,-0.015931431879463887,0.0
6,355,24.738483719784483,35.83777630939397,-0.26852870926732564,0.26852870926732564,0.0
6,356,24.70198062833532,35.874279400843136,-0.46153311971530364,0.46153311971530364,0.0
6,357,24.695342421950045,35.88091760722847,0.32876899200872955,-0.32876899200872955,-5.0
6,358,24.738967269591797,35.837292759586774,0.5437279608255192,-0.5437279608255192,0.0
6,359,24.801461289602457,35.77479873957611,0.7061524393872531,-0.7061524393872531,0.0
6,360,24.85897184714196,35.71728818203667,0.4440587114020804,-0.4440587114020804,0.0
6,361,24.89368229477543,35.682577734403196,0.2501502412675425,-0.2501502412675425,0.0
6,362,24.909048350840123,35.66721167833845,0.05717088002742976,-0.05717088002742976,0.0
6,363,24.905388611023,35.67087141815557,-0.130365676370225,0.130365676370225,0.0
6,364,24.90693491634113,35.66932511283744,0.16129178273185474,-0.16129178273185474,0.0
6,365,24.911995524520194,35.66426450465832,-0.060079619148703856,0.060079619148703856,0.0
6,366,24.893343990691392,35.68291603848712,-0.312951057426206,0.312951057426206,0.0
6,367,24.852287105631262,35.723972923547194,-0.5081866437743034,0.5081866437743034,0.0
6,368,24.805775875374707,35.77048415380381,-0.4220379613567271,0.4220379613567271,0.0
6,369,24.775117951917764,35.80114207726069,-0.1911205077817577,0.1911205077817577,-5.0
6,370,24.753558520272463,35.822701508905936,-0.24006812512376108,0.24006812512376108,0.0
6,371,24.739323623543555,35.83693640563479,-0.04462980945402251,0.04462980945402251,0.0
6,372,24.7309929196947,35.84526710948364,-0.12198426752378211,0.12198426752378211,0.0
6,373,24.726487475768067,35.849772553410276,0.03187538899117115,-0.03187538899117115,0.0
6,374,24.741354257184298,35.83490577199399,0.26546023933379814,-0.26546023933379814,0.0
6,375,24.77182044291385,35.80443958626449,0.3438634752562564,-0.3438634752562564,0.0
6,376,24.7997665583423,35.776493470836044,0.2150588333130088,-0.2150588333130088,0.0
6,377,24.83398703521425,35.74227299396409,0.4693507041260627,-0.4693507041260627,0.0
6,378,24.885013415292292,35.691246613885994,0.55117689743531,-0.55117689743531,0.0
6,379,24.94100474377501,35.63525528540333,0.5686496722177772,-0.5686496722177772,0.0
6,380,24.99783591387404,35.5784241153043,0.5679737297621816,-0.5679737297621816,0.0
6,381,25.05850154011364,35.51775848906476,0.6453387950288398,-0.6453387950288398,0.0
6,382,25.122972095164982,35.453287934013474,0.6440723059972076,-0.6440723059972076,0.0
6,383,25.19917497138465,35.37708505779386,0.8799852183949497,-0.8799852183949497,0.0
6,384,25.27903961841423,35.29722041076428,0.7173077221966171,-0.7173077221966171,0.0
6,385,25.342789169558728,35.233470859619786,0.5576833006928013,-0.5576833006928013,0.0
6,386,25.394212430511175,35.18204759866728,0.4707819183567423,-0.4707819183567423,0.0
6,387,25.454556755639715,35.1217032735388,0.7361045842130292,-0.7361045842130292,0.0
6,388,25.536578767929313,35.03968126124926,0.9043356615777931,-0.9043356615777931,0.0
6,389,25.62228612051217,34.953973908666455,0.8098113900781296,-0.8098113900781296,0.0
6,390,25.717092897694442,34.859167131484185,1.0863241535670625,-1.0863241535670625,0.0
6,391,25.83841059128713,34.73784943789144,1.3400297182872798,-1.3400297182872798,0.0
6,392,25.96877070039534,34.607489328783174,1.2671724638776318,-1.2671724638776318,0.0
6,393,26.101010653834805,34.475249375343765,1.3776266049106685,-1.3776266049106685,0.0
6,394,26.244174228761608,34.33208580041696,1.4856448936252118,-1.4856448936252118,0.0
6,395,26.387970262323506,34.188289766855064,1.3902757776130397,-1.3902757776130397,0.0
6,396,26.526088458208505,34.050171570970065,1.3720881400862126,-1.3720881400862126,0.0
6,397,26.677153629058125,33.899106400120445,1.6492152769051298,-1.6492152769051298,0.0
6,398,26.83088817915393,33.74537185002464,1.42547572501174,-1.42547572501174,0.0
6,399,26.97764120249269,33.59861882668588,1.5095847417622625,-1.5095847417622625,0.0
6,400,27.124522529608953,33.45173749956962,1.4280418005622764,-1.4280418005622764,0.0
6,401,27.264992484479308,33.31126754469926,1.3813572968448913,-1.3813572968448913,0.0
6,402,27.389180765193714,33.187079263984856,1.102408317442464,-1.102408317442464,0.0
6,403,27.48984085993652,33.08641916924205,0.9107935774126013,-0.9107935774126013,0.0
6,404,27.589338569664505,32.986921459514065,1.0791606171463641,-1.0791606171463641,0.0
6,405,27.68840855584392,32.88785147333465,0.9022391064408506,-0.9022391064408506,0.0
6,406,27.78940068352597,32.7868593456526,1.1176034471999063,-1.1176034471999063,0.0
6,407,27.889050746001544,32.687209283177026,0.8753978023124276,-0.8753978023124276,0.0
6,408,27.96367066402115,32.61258936515742,0.6170005580802727,-0.6170005580802727,0.0
6,409,28.031773545808846,32.544486483369724,0.7450570776732306,-0.7450570776732306,0.0
6,410,28.09188877102497,32.4843712581536,0.4572474266494382,-0.4572474266494382,0.0
6,411,28.124438211042957,32.45182181813561,0.19374137371010036,-0.19374137371010036,0.0
6,412,28.13501803938732,32.44124198979125,0.01785519317721196,-0.01785519317721196,0.0
6,413,28.140497113297897,32.43576291588067,0.09172628503490365,-0.09172628503490365,0.0
6,414,28.138002308400132,32.43825772077844,-0.1416223829898069,0.1416223829898069,0.0
6,415,28.132119805133243,32.44414022404533,0.02397231765243646,-0.02397231765243646,0.0
6,416,28.147958781326224,32.428301247852346,0.2928072062064988,-0.2928072062064988,0.0
6,417,28.18390340378494,32.39235662539363,0.42608524296677963,-0.42608524296677963,0.0
6,418,28.23692883532317,32.3393311938554,0.6344233877970833,-0.6344233877970833,0.0
6,419,28.314871923544274,32.261388105634296,0.9244383766258117,-0.9244383766258117,0.0
6,420,28.41182344714025,32.16443658203832,1.0145920952926346,-1.0145920952926346,0.0
6,421,28.50042887960626,32.07583114957231,0.7575165540262745,-0.7575165540262745,0.0
6,422,28.58244542975433,31.99381459942424,0.8828144489346137,-0.8828144489346137,0.0
6,423,28.655884946759784,31.920375082418786,0.5859758911743977,-0.5859758911743977,0.0
6,424,28.72058621173028,31.85567381744829,0.708049408235027,-0.708049408235027,0.0
6,425,28.800052309155717,31.776207720022853,0.8812725402741943,-0.8812725402741943,0.0
6,426,28.874849138549166,31.701410890629404,0.6146640475940153,-0.6146640475940153,0.0
6,427,28.92943768106761,31.64682234811096,0.477106802775749,-0.477106802775749,0.0
6,428,28.96548302655333,31.61077700262524,0.24380010693793253,-0.24380010693793253,0.0
6,429,28.98054051769452,31.59571951148405,0.057349715885809616,-0.057349715885809616,0.0
6,430,28.997027405881113,31.579232623297457,0.27238804784617443,-0.27238804784617443,0.0
6,431,29.035362599048653,31.540897430129917,0.4943158155036951,-0.4943158155036951,0.0
6,432,29.093318562469108,31.482941466709462,0.6648034529051774,-0.6648034529051774,0.0
6,433,29.150061990019026,31.426198039159544,0.4700650980930785,-0.4700650980930785,0.0
6,434,29.193888258586753,31.382371770591817,0.4064602732607554,-0.4064602732607554,0.0
6,435,29.239544083293367,31.336715945885203,0.5066562208719354,-0.5066562208719354,0.0
6,436,29.290608617504745,31.285651411673825,0.5146344633542519,-0.5146344633542519,0.0
6,437,29.344972093733872,31.231287935444698,0.5726350612291053,-0.5726350612291053,0.0
6,438,29.39017734005688,31.18608268912169,0.33146986522974053,-0.33146986522974053,0.0
6,439,29.425537084956773,31.150722944221798,0.37572503276832236,-0.37572503276832236,0.0
6,440,29.451473118271224,31.124786910907346,0.1429956335193694,-0.1429956335193694,0.0
6,441,29.471667440266856,31.104592588911714,0.26089080639402695,-0.26089080639402695,0.0
6,442,29.487510844883218,31.088749184295352,0.05597728593295592,-0.05597728593295592,0.0
6,443,29.499276197927998,31.076983831250573,0.17932977496175795,-0.17932977496175795,0.0
6,444,29.5187727201328,31.05748730904577,0.2106006691331288,-0.2106006691331288,0.0
6,445,29.54178868451845,31.03447134466012,0.2497186185803386,-0.2497186185803386,0.0
6,446,29.570254205117863,31.006005824060708,0.31959179340848465,-0.31959179340848465,0.0
6,447,29.59505815884563,30.98120187033294,0.17648728114685852,-0.17648728114685852,0.0
6,448,29.62640363783055,30.94985639134802,0.4504222985523345,-0.4504222985523345,0.0
6,449,29.666308236392297,30.909951792786273,0.3476696726832813,-0.3476696726832813,0.0
6,450,29.714839191982264,30.861420837196306,0.6229494391165726,-0.6229494391165726,0.0
6,451,29.76941210489565,30.80684792428292,0.46850881914982523,-0.46850881914982523,0.0
6,452,29.828533524319482,30.747726504859088,0.7139195693257889,-0.7139195693257889,0.0
6,453,29.906610442255328,30.669649586923242,0.8476187893915856,-0.8476187893915856,0.0
6,454,29.98296663969643,30.59329338948214,0.679505159430235,-0.679505159430235,0.0
6,455,30.051934867230784,30.524325161947786,0.6998593912567159,-0.6998593912567159,0.0
6,456,30.116649987245864,30.459610041932706,0.5944430090453867,-0.5944430090453867,0.0
6,457,30.189309783336512,30.38695024584206,0.8587529127678319,-0.8587529127678319,0.0
6,458,30.27107607952155,30.30518394965702,0.7765730109325943,-0.7765730109325943,0.0
6,459,30.360674148920225,30.215585880258345,1.0153883770415586,-1.0153883770415586,0.0
6,460,30.447638176562464,30.128621852616106,0.7238921758033463,-0.7238921758033463,0.0
6,461,30.506618279908025,30.069641749270545,0.4557098911086257,-0.4557098911086257,0.0
6,462,30.55416245454046,30.02209757463811,0.49517360153932266,-0.49517360153932266,0.0
6,463,30.60320103738661,29.97305899179196,0.4855980553841821,-0.4855980553841821,0.0
6,464,30.647859915780487,29.928400113398084,0.40757951249295665,-0.40757951249295665,0.0
6,465,30.67568023965464,29.90057978952393,0.14882696498993653,-0.14882696498993653,0.0
6,466,30.70370228977322,29.87255773940535,0.41161403738037095,-0.41161403738037095,0.0
6,467,30.74391457687227,29.8323454523063,0.39263170460035823,-0.39263170460035823,0.0
6,468,30.788039185649723,29.788220843528848,0.4898604709485763,-0.4898604709485763,0.0
6,469,30.828576854497555,29.747683174681015,0.32089290600697495,-0.32089290600697495,0.0
6,470,30.874409592576058,29.701850436602513,0.5957618555627366,-0.5957618555627366,0.0
6,471,30.919610454875283,29.656649574303287,0.3082553904206833,-0.3082553904206833,0.0
6,472,30.953708525914294,29.622551503264276,0.3737060303588944,-0.3737060303588944,0.0
6,473,30.982322682804124,29.593937346374446,0.1985771074372611,-0.1985771074372611,0.0
6,474,30.990798435362763,29.585461593815808,-0.029062056263622793,0.029062056263622793,0.0
6,475,30.990827828615352,29.58543220056322,0.02964992131458999,-0.02964992131458999,0.0
6,476,31.000025781985073,29.576234247193497,0.15430914608042734,-0.15430914608042734,0.0
6,477,31.023360203326547,29.552899825852023,0.31237928074842713,-0.31237928074842713,0.0
6,478,31.06687550020888,29.50938452896969,0.5579266568985819,-0.5579266568985819,0.0
6,479,31.126030400024774,29.450229629153796,0.6251713394190173,-0.6251713394190173,0.0
6,480,31.203113340992786,29.373146688185784,0.9164874799413258,-0.9164874799413258,0.0
6,481,31.287634394756992,29.288625634421578,0.7739335953430366,-0.7739335953430366,0.0
6,482,31.36290990654561,29.21335012263296,0.7315766404280879,-0.7315766404280879,0.0
6,483,31.439238660959518,29.137021368219052,0.7949984478493377,-0.7949984478493377,0.0
6,484,31.519541083514355,29.056718945664215,0.8110500032460433,-0.8110500032460433,0.0
6,485,31.591444001553896,28.984816027624674,0.627008357544943,-0.627008357544943,0.0
6,486,31.66361083982804,28.91264918935053,0.816328407937501,-0.816328407937501,0.0
6,487,31.745698367359182,28.830561661819388,0.8254221426855253,-0.8254221426855253,0.0
6,488,31.832944620553576,28.743315408624994,0.9195029212025538,-0.9195029212025538,0.0
6,489,31.930810187250245,28.645449841928325,1.0378084127300653,-1.0378084127300653,0.0
6,490,32.02773828493366,28.54852174424491,0.9007535409369876,-0.9007535409369876,0.0
6,491,32.122496490576395,28.453763538602175,0.9944105719168199,-0.9944105719168199,0.0
6,492,32.218572441478614,28.357687587699957,0.9271084461262049,-0.9271084461262049,0.0
6,493,32.30702658704763,28.26923344213094,0.8419744652547703,-0.8419744652547703,0.0
6,494,32.396750309752406,28.179509719426164,0.9524999888395662,-0.9524999888395662,0.0
6,495,32.49619564875127,28.080064380427302,1.0364067911372636,-1.0364067911372636,0.0
6,496,32.60490409491763,27.97135593426094,1.1377621321886995,-1.1377621321886995,0.0
6,497,32.71624922058379,27.86001080859478,1.0891403811343228,-1.0891403811343228,0.0
6,498,32.838870206487286,27.737389822691284,1.3632793369346174,-1.3632793369346174,0.0
6,499,32.987301573068976,27.588958456109594,1.6053479946985458,-1.6053479946985458,0.0
6,500,33.13981364345966,27.43644638571891,1.4448934131146043,-1.4448934131146043,0.0
6,501,33.28968124680762,27.286578782370952,1.5524586538439191,-1.5524586538439191,0.0
6,502,33.446898569100995,27.129361460077575,1.5918877920240089,-1.5918877920240089,0.0
6,503,33.60303533074773,26.97322469843084,1.530847440909774,-1.530847440909774,0.0
6,504,33.7617900000497,26.81447002912887,1.6442459451292546,-1.6442459451292546,0.0
6,505,33.924982850685296,26.651277178493274,1.619611067582337,-1.619611067582337,0.0
6,506,34.074278018850805,26.501982010327765,1.3662922957280266,-1.3662922957280266,0.0
6,507,34.20530315991846,26.370956869260112,1.254210525625755,-1.254210525625755,0.0
6,508,34.342215503405214,26.234044525773356,1.4840363441089117,-1.4840363441089117,0.0
6,509,34.485240347421154,26.091019681757416,1.376460536210379,-1.376460536210379,0.0
6,510,34.63134026568969,25.944919763488883,1.545537829159441,-1.545537829159441,0.0
6,511,34.79883548502971,25.777424544148857,1.8043665576410604,-1.8043665576410604,0.0
6,512,34.97911025464077,25.597149774537797,1.8011288345804122,-1.8011288345804122,0.0
6,513,35.15211856436861,25.424141464809964,1.6590373599756507,-1.6590373599756507,3.0
6,514,35.31290852727284,25.26335150190573,1.556761898108542,-1.556761898108542,3.0
6,515,35.45707792961912,25.119182099559453,1.3266261488171907,-1.3266261488171907,3.0
6,516,35.580108416791404,24.996151612387166,1.1339835946280967,-1.1339835946280967,3.0
6,517,35.6636631286367,24.91259690054187,0.5371106422771437,-0.5371106422771437,3.0
6,518,35.70030545919576,24.87595456998281,0.19573596890294276,-0.19573596890294276,3.0
6,519,35.70885198905194,24.867408040126634,-0.024805371779104135,0.024805371779104135,0.0
6,520,35.7061541320885,24.87010589709007,-0.0291517674875994,0.0291517674875994,0.0
6,521,35.697345415006225,24.878914614172345,-0.14702257415599007,0.14702257415599007,0.0
6,522,35.68441537235378,24.891844656824787,-0.11157827889207894,0.11157827889207894,0.0
6,523,35.66254417559321,24.91371585358536,-0.3258456563176111,0.3258456563176111,0.0
6,524,35.62146420709644,24.954795822082133,-0.4957537136162724,0.4957537136162724,0.0
6,525,35.5776734225808,24.99858660659777,-0.38006197669557196,0.38006197669557196,0.0
6,526,35.53227706754899,25.04398296162958,-0.5278651239394794,0.5278651239394794,0.0
6,527,35.47580294221382,25.100457086964752,-0.6016173827629654,0.6016173827629654,0.0
6,528,35.417797444236385,25.158462584942185,-0.5584925767838715,0.5584925767838715,0.0
6,529,35.34728549006206,25.228974539116507,-0.8517465067013514,0.8517465067013514,0.0
6,530,35.2569461006168,25.31931392856177,-0.95504128220316,0.95504128220316,0.0
6,531,35.15685903305814,25.41940099612043,-1.0467000689687804,1.0467000689687804,0.0
6,532,35.04988097705473,25.526379052123843,-1.092861051097815,1.092861051097815,0.0
6,533,34.95475027121972,25.621509757958847,-0.8097530656011376,0.8097530656011376,0.0
6,534,34.87531591228799,25.700944116890582,-0.7789341130322338,0.7789341130322338,0.0
6,535,34.80515418548873,25.77110584368984,-0.6243004229509186,0.6243004229509186,0.0
6,536,34.757055485765136,25.819204543413434,-0.3376735715200656,0.3376735715200656,0.0
6,537,34.71258662215496,25.86367340702361,-0.5517037006826637,0.5517037006826637,0.0
6,538,34.65268900859246,25.92357102058611,-0.6462485705654188,0.6462485705654188,0.0
6,539,34.6028310094722,25.973429019706373,-0.3509114118387249,0.3509114118387249,0.0
6,540,34.56286643946305,26.01339358971552,-0.4483799883422357,0.4483799883422357,0.0
6,541,34.5094146824473,26.06684534673127,-0.6206551519714463,0.6206551519714463,0.0
6,542,34.45475179182415,26.12150823735442,-0.47260266049022626,0.47260266049022626,0.0
6,543,34.41805123713675,26.15820879204182,-0.26140843325655183,0.26140843325655183,0.0
6,544,34.37755913500905,26.19870089416952,-0.5484336092966409,0.5484336092966409,0.0
6,545,34.33165678221508,26.244603246963493,-0.36961344658260487,0.36961344658260487,0.0
6,546,34.298405170285605,26.277854858892965,-0.29541879200485077,0.29541879200485077,0.0
6,547,34.26518702942724,26.31107299975133,-0.36894402516134583,0.36894402516134583,0.0
6,548,34.23525065728097,26.3410093718976,-0.22978341776344813,0.22978341776344813,0.0
6,549,34.2132962544116,26.362963774766968,-0.20930463962327828,0.20930463962327828,0.0
6,550,34.1877792462584,26.38848078292017,-0.30103552343985385,0.30103552343985385,0.0
6,551,34.16232265893882,26.41393737023975,-0.20809622295106145,0.20809622295106145,0.0
6,552,34.14598389548701,26.430276133691564,-0.11867904608336843,0.11867904608336843,0.0
6,553,34.12273034008592,26.453529689092647,-0.34639206193823213,0.34639206193823213,0.0
6,554,34.10287191772068,26.473388111457894,-0.05077638536500828,0.05077638536500828,0.0
6,555,34.0986568274692,26.47760320170937,-0.03352541966253497,0.03352541966253497,0.0
6,556,34.10322900360245,26.47303102557612,0.12496894232903699,-0.12496894232903699,0.0
6,557,34.110108647555876,26.466151381622694,0.012623936739585062,-0.012623936739585062,0.0
6,558,34.116603417321244,26.459656611857326,0.11727145856940169,-0.11727145856940169,0.0
6,559,34.12658936217281,26.449670667005762,0.08244743846225333,-0.08244743846225333,0.0
6,560,34.12422670643764,26.45203332274093,-0.1297005531637403,0.1297005531637403,0.0
6,561,34.098416759486554,26.477843269692016,-0.3864983858569442,0.3864983858569442,0.0
6,562,34.07206715541963,26.50419287375894,-0.14049369548074964,0.14049369548074964,0.0
6,563,34.066893812067974,26.509366217110596,0.03702682844937044,-0.03702682844937044,0.0
6,564,34.06727204423805,26.508987984940518,-0.02946218504689746,0.02946218504689746,0.0
6,565,34.06603165944489,26.51022836973368,0.004654489185256239,-0.004654489185256239,0.0
6,566,34.06916700712327,26.5070930220553,0.05805246438271361,-0.05805246438271361,0.0
6,567,34.07358172100612,26.50267830817245,0.030241813274342277,-0.030241813274342277,0.0
6,568,34.08110922198216,26.49515080719641,0.1203082062465537,-0.1203082062465537,0.0
6,569,34.107391139844026,26.468868889334544,0.4053301509919933,-0.4053301509919933,0.0
6,570,34.13912515654022,26.437134872638353,0.22935018293212117,-0.22935018293212117,0.0
6,571,34.1762373703865,26.400022658792068,0.5128940939946478,-0.5128940939946478,0.0
6,572,34.231773649705815,26.344486379472755,0.5978314923926931,-0.5978314923926931,0.0
6,573,34.30216666193314,26.274093367245428,0.8100287521541762,-0.8100287521541762,0.0
6,574,34.377220566981805,26.199039462196765,0.6910493488210072,-0.6910493488210072,0.0
6,575,34.46087941257133,26.11538061660724,0.9821275629709945,-0.9821275629709945,0.0
6,576,34.56147138168444,26.01478864749413,1.0297118192921868,-1.0297118192921868,0.0
6,577,34.65002196696946,25.92623806220911,0.7412998864093048,-0.7412998864093048,0.0
6,578,34.73042792490992,25.845832104268652,0.8668192724013082,-0.8668192724013082,0.0
6,579,34.8119938988782,25.76426613030037,0.7645002069644864,-0.7645002069644864,0.0
6,580,34.88885304480061,25.687406984377958,0.7726827114842845,-0.7726827114842845,0.0
6,581,34.970829241641695,25.605430787536875,0.8668412253395434,-0.8668412253395434,0.0
6,582,35.06860021773389,25.507659811444682,1.0885782965044637,-1.0885782965044637,0.0
6,583,35.18834493385725,25.38791509532132,1.30631602596317,-1.30631602596317,0.0
6,584,35.31859886369796,25.257661165480613,1.2987625708520092,-1.2987625708520092,0.0
6,585,35.43736197173939,25.138898057439178,1.0764995899765317,-1.0764995899765317,3.0
6,586,35.535900382652585,25.040359646525985,0.8942686282879571,-0.8942686282879571,3.0
6,587,35.6201027507924,24.956157278386172,0.789778734507756,-0.789778734507756,3.0
6,588,35.68559213220874,24.89066789696983,0.5200088938186624,-0.5200088938186624,3.0
6,589,35.70976447467615,24.86649555450242,-0.036562044468857025,0.036562044468857025,3.0
6,590,35.69178728808038,24.884472741098193,-0.3229816874460276,0.3229816874460276,0.0
6,591,35.65069046683686,24.925569562341707,-0.4989547374240466,0.4989547374240466,0.0
6,592,35.615224710880966,24.961035318297604,-0.2103603816934143,0.2103603816934143,0.0
6,593,35.592497761092545,24.983762268086025,-0.2441786140736948,0.2441786140736948,0.0
6,594,35.58217166956865,24.99408835960992,0.037656783597043386,-0.037656783597043386,0.0
6,595,35.571992230636624,25.004267798541946,-0.24124556223735816,0.24124556223735816,0.0
6,596,35.56200564168296,25.014254387495612,0.04151378316521992,-0.04151378316521992,0.0
6,597,35.57567740212005,25.00058262705852,0.23192142557799578,-0.23192142557799578,0.0
6,598,35.593832733962586,24.982427295215984,0.13118521127232086,-0.13118521127232086,0.0
6,599,35.60132990661987,24.974930122558703,0.01875824187301589,-0.01875824187301589,0.0
6,600,35.6123495205004,24.96391050867817,0.2016340357380244,-0.2016340357380244,0.0
6,601,35.629609207090425,24.946650822088145,0.14355969606399377,-0.14355969606399377,0.0
6,602,35.64891228676072,24.92734774241785,0.2425018973416826,-0.2425018973416826,0.0
6,603,35.68465392734754,24.89160610183103,0.47233091439493435,-0.47233091439493435,0.0
6,604,35.72631869670636,24.849941332472213,0.36096447278186616,-0.36096447278186616,0.0
6,605,35.760420351744074,24.815839677434496,0.32106862797382085,-0.32106862797382085,0.0
6,606,35.807038913726615,24.769221115451955,0.6113026116765301,-0.6113026116765301,0.0
6,607,35.85200191949343,24.724258109685138,0.28795750365970285,-0.28795750365970285,3.0
6,608,35.86048643557888,24.715773593599693,-0.11826718195153241,0.11826718195153241,3.0
6,609,35.861305559475454,24.714954469703116,0.13464965988243804,-0.13464965988243804,0.0
6,610,35.88018250110599,24.69607752807258,0.24288917272803623,-0.24288917272803623,0.0
6,611,35.89777787001606,24.678482159162513,0.10901820547286611,-0.10901820547286611,0.0
6,612,35.895074785584484,24.681185243594086,-0.16307989410546853,0.16307989410546853,0.0
6,613,35.87573571235464,24.70052431682393,-0.22370157049231132,0.22370157049231132,0.0
6,614,35.840072851418654,24.736187177759916,-0.48955564822819575,0.48955564822819575,0.0
6,615,35.79902743619982,24.77723259297875,-0.33135265614997067,0.33135265614997067,0.0
6,616,35.773611783183696,24.802648245994874,-0.17696040417368764,0.17696040417368764,0.0
6,617,35.75425238432467,24.822007644853898,-0.21022757300661787,0.21022757300661787,0.0
6,618,35.72811213309956,24.848147896079013,-0.31257745149609484,0.31257745149609484,0.0
6,619,35.68417422128448,24.89208580789409,-0.5661807848057592,0.5661807848057592,0.0
6,620,35.61515770024823,24.961102328930338,-0.8141496359186426,0.8141496359186426,0.0
6,621,35.53945036971538,25.036809659463188,-0.6999969747387293,0.6999969747387293,0.0
6,622,35.47471404158739,25.10154598759118,-0.5947295878220888,0.5947295878220888,0.0
6,623,35.41847750018189,25.157782528996677,-0.5300012402876852,0.5300012402876852,0.0
6,624,35.38022929130909,25.196030737869478,-0.23496293716796934,0.23496293716796934,0.0
6,625,35.35224402388519,25.22401600529338,-0.32474241131152226,0.32474241131152226,0.0
6,626,35.33462170842847,25.2416383207501,-0.027703897823215584,0.027703897823215584,0.0
6,627,35.32344545543879,25.252814573739784,-0.19582116197153177,0.19582116197153177,0.0
6,628,35.29592127947308,25.280338749705493,-0.35466235734366336,0.35466235734366336,0.0
6,629,35.26313937326938,25.313120655909188,-0.3009757667300601,0.3009757667300601,0.0
6,630,35.22120463225076,25.35505539692781,-0.5377190536427019,0.5377190536427019,0.0
6,631,35.17766775833695,25.39859227084162,-0.3330184246349539,0.3330184246349539,0.0
6,632,35.15732575839456,25.418934270784007,-0.07382157421258917,0.07382157421258917,0.0
6,633,35.135264367456216,25.440995661722354,-0.367406244553953,0.367406244553953,0.0
6,634,35.085088614252186,25.491171414926384,-0.6361088195274096,0.6361088195274096,0.0
6,635,35.01165457334662,25.564605455831952,-0.8325719985846547,0.8325719985846547,0.0
6,636,34.91366457487618,25.66259545430239,-1.1272279708252562,1.1272279708252562,0.0
6,637,34.78781403357846,25.788445995600114,-1.3897828551302087,1.3897828551302087,0.0
6,638,34.64852418044529,25.927735848733278,-1.3960142075332822,1.3960142075332822,0.0
6,639,34.50449111694968,26.07176891222889,-1.4846470623804802,1.4846470623804802,0.0
6,640,34.35157200432616,26.224688024852412,-1.5737351900900318,1.5737351900900318,0.0
6,641,34.2001560026232,26.376104026555367,-1.4545848439688438,1.4545848439688438,0.0
6,642,34.05264253529879,26.523617493879783,-1.4956845025195769,1.4956845025195769,0.0
6,643,33.89012673030538,26.686133298873187,-1.7546315973481796,1.7546315973481796,0.0
6,644,33.725052865143425,26.851207164035145,-1.5468457058904033,1.5468457058904033,0.0
6,645,33.569934494787276,27.006325534391294,-1.5555217012321751,1.5555217012321751,0.0
6,646,33.4222884529579,27.15397157622067,-1.3973991353561654,1.3973991353561654,0.0
6,647,33.28752139751464,27.288738631663932,-1.297941973510417,1.297941973510417,0.0
6,648,33.17092527692296,27.405334752255612,-1.0339804383237094,1.0339804383237094,0.0
6,649,33.07479403357456,27.501465995604008,-0.888644428644028,0.888644428644028,0.0
6,650,32.98169016410884,27.59456986506973,-0.9734329606709498,0.9734329606709498,0.0
6,651,32.87350352712576,27.702756502052807,-1.190299778991582,1.190299778991582,0.0
6,652,32.75530944687364,27.82095058230493,-1.173581826052244,1.173581826052244,0.0
6,653,32.633043698123515,27.943216331055055,-1.2717331489513537,1.2717331489513537,0.0
6,654,32.51335208373064,28.062907945447932,-1.1220991389075827,1.1220991389075827,0.0
6,655,32.40670540977908,28.16955461939949,-1.0108343401231767,1.0108343401231767,0.0
6,656,32.31056736525477,28.2656926639238,-0.9119265503640896,0.9119265503640896,0.0
6,657,32.21579904795374,28.360460981224833,-0.9834397956564604,0.9834397956564604,0.0
6,658,32.11037818209718,28.46588184708139,-1.1249775214741309,1.1249775214741309,0.0
6,659,31.993128638773783,28.583131390404787,-1.2200133449951398,1.2200133449951398,0.0
6,660,31.867335872396666,28.708924156781904,-1.2958419825484953,1.2958419825484953,0.0
6,661,31.725600281995185,28.850659747183386,-1.5388698254807345,1.5388698254807345,0.0
6,662,31.5732558405831,29.00300418859547,-1.5080190027625022,1.5080190027625022,0.0
6,663,31.425060508102547,29.151199521076023,-1.45588764684992,1.45588764684992,0.0
6,664,31.28544049862353,29.29081953055504,-1.3365125427311657,1.3365125427311657,0.0
6,665,31.13755115031347,29.4387088788651,-1.621274423470263,1.621274423470263,0.0
6,666,30.965866790760856,29.610393238417714,-1.812412767583325,1.812412767583325,0.0
6,667,30.776452871190827,29.799807157987743,-1.9758656238176577,1.9758656238176577,0.0
6,668,30.571417007040168,30.004843022138402,-2.1248516591959454,2.1248516591959454,0.0
6,669,30.363485406803647,30.212774622374923,-2.0337803455357477,2.0337803455357477,0.0
6,670,30.163904229374452,30.412355799804118,-1.9578432030490376,1.9578432030490376,0.0
6,671,29.965648416716135,30.610611612462435,-2.007273050117611,2.007273050117611,0.0
6,672,29.754222394577482,30.822037634601088,-2.2212473926563145,2.2212473926563145,0.0
6,673,29.519381411794143,31.056878617384427,-2.475572263010161,2.475572263010161,0.0
6,674,29.266058013853467,31.310202015325103,-2.590895695803905,2.590895695803905,0.0
6,675,29.014364129227147,31.561895899951423,-2.442981996723926,2.442981996723926,0.0
6,676,28.759682974551538,31.816577054627032,-2.6506410967879006,2.6506410967879006,0.0
6,677,28.49530330485993,32.08095672431864,-2.6369522970456654,2.6369522970456654,0.0
6,678,28.23548014130199,32.34077988787658,-2.559510974113712,2.559510974113712,0.0
6,679,27.99281467111041,32.58344535806816,-2.2937984297178815,2.2937984297178815,0.0
6,680,27.76825761800717,32.8080024111714,-2.1973426323473184,2.1973426323473184,0.0
6,681,27.535277138124002,33.04098289105457,-2.462266965315912,2.462266965315912,0.0
6,682,27.290483882587296,33.285776146591274,-2.433598145417861,2.433598145417861,0.0
6,683,27.050884210926597,33.52537581825197,-2.3583952877957,2.3583952877957,0.0
6,684,26.817156192002244,33.759103837176326,-2.316165090691534,2.316165090691534,0.0
6,685,26.594720215029724,33.981539814148846,-2.132554448760347,2.132554448760347,0.0
6,686,26.373959471061426,34.202300558117145,-2.28266043060675,2.28266043060675,0.0
6,687,26.155590224803063,34.42066980437551,-2.0847244945609873,2.0847244945609873,0.0
6,688,25.96429425642873,34.61196577274984,-1.7411948729255986,1.7411948729255986,-5.0
6,689,25.809998429869665,34.766261599308905,-1.3447216582547128,1.3447216582547128,-5.0
6,690,25.689790322811632,34.88646970636694,-1.0594404829076023,1.0594404829076023,0.0
6,691,25.571816961311697,35.00444306786687,-1.3000267470910192,1.3000267470910192,0.0
6,692,25.43268032581011,35.14357970336846,-1.482705962941342,1.482705962941342,0.0
6,693,25.31122876588904,35.26503126328953,-0.9463252354801064,0.9463252354801064,-5.0
6,694,25.228167593292937,35.34809243588563,-0.714898216441533,0.714898216441533,-5.0
6,695,25.16786552021449,35.40839450896408,-0.4911432451267359,0.4911432451267359,0.0
6,696,25.110951662730145,35.465308366448426,-0.6471339045595101,0.6471339045595101,0.0
6,697,25.054450453756544,35.521809575422026,-0.48289027491243885,0.48289027491243885,0.0
6,698,25.001124722212012,35.57513530696656,-0.5836243559784471,0.5836243559784471,0.0
6,699,24.942898300544698,35.63336172863387,-0.5809040773675509,0.5809040773675509,0.0
6,700,24.874876113219443,35.70138391595913,-0.7795396691374386,0.7795396691374386,0.0
6,701,24.820849753053494,35.755410276125076,-0.3009875341824113,0.3009875341824113,-5.0
6,702,24.825979892553164,35.750280136625406,0.40359032417624086,-0.40359032417624086,-5.0
6,703,24.876547787531877,35.699712241646694,0.6077675753991532,-0.6077675753991532,0.0
6,704,24.92672695196393,35.64953307721464,0.3958157132427722,-0.3958157132427722,0.0
6,705,24.95478963574476,35.62147039343381,0.1654379623740514,-0.1654379623740514,0.0
6,706,24.968482845028916,35.607777184149654,0.10842622331035656,-0.10842622331035656,0.0
6,707,24.972492472896874,35.603767556281696,-0.02823366595087151,0.02823366595087151,0.0
6,708,24.984623071820806,35.591636957357764,0.2708456444294569,-0.2708456444294569,0.0
6,709,25.002689085418297,35.573570943760274,0.09047462751973967,-0.09047462751973967,0.0
6,710,25.004268566373526,35.571991462805045,-0.0588850084149648,0.0588850084149648,0.0
6,711,24.998245358200393,35.57801467097818,-0.0615791550477347,0.0615791550477347,0.0
6,712,24.984677435537492,35.59158259364108,-0.2097792982108011,0.2097792982108011,0.0
6,713,24.961947115923522,35.61431291325505,-0.24482709406820646,0.24482709406820646,0.0
6,714,24.926408157108085,35.649851872070485,-0.46595208223955,0.46595208223955,0.0
6,715,24.88540551850076,35.69085451067781,-0.3541006899057244,0.3541006899057244,0.0
6,716,24.86430328816766,35.71195674101091,-0.06794391675569678,0.06794391675569678,0.0
6,717,24.84510951065215,35.73115051852642,-0.3159316335540261,0.3159316335540261,0.0
6,718,24.800880551094906,35.775379478083664,-0.568647557591202,0.568647557591202,0.0
6,719,24.731518951780686,35.844741077397885,-0.8185844286930077,0.8185844286930077,0.0
6,720,24.676187586014976,35.900072443163594,-0.2880428866198059,0.2880428866198059,-5.0
6,721,24.660102614903053,35.91615741427552,-0.03365653561955284,0.03365653561955284,-5.0
6,722,24.658532842561044,35.917727186617526,0.002261088778224618,-0.002261088778224618,0.0
6,723,24.669223613454164,35.907036415724406,0.21155432908505212,-0.21155432908505212,0.0
6,724,24.70240844162197,35.8738515875566,0.45214223427028166,-0.45214223427028166,0.0
6,725,24.74983173428916,35.82642829488941,0.49632361907397815,-0.49632361907397815,0.0
6,726,24.797664019956642,35.77859600922193,0.4603220942759805,-0.4603220942759805,0.0
6,727,24.84882584396621,35.72743418521236,0.5629143859160166,-0.5629143859160166,0.0
6,728,24.894915095451665,35.681344933726905,0.35887064379400435,-0.35887064379400435,0.0
6,729,24.92442325848515,35.65183677069342,0.23129261687586045,-0.23129261687586045,0.0
6,730,24.93794936053473,35.63831066864384,0.03922942411536745,-0.03922942411536745,0.0
6,731,24.942456205833878,35.63380382334469,0.05090748186654892,-0.05090748186654892,0.0
6,732,24.94254677684114,35.633713252337316,-0.049096061719364315,0.049096061719364315,0.0
6,733,24.938154168444953,35.6381058607335,-0.03875610620528391,0.03875610620528391,0.0
6,734,24.935118674318005,35.64114135486045,-0.021953776333530683,0.021953776333530683,0.0
6,735,24.937129527309935,35.639130501868635,0.06217083617000618,-0.06217083617000618,0.0
6,736,24.942647318073455,35.63361271110523,0.04818497909891306,-0.04818497909891306,0.0
6,737,24.941635065174523,35.63462496400405,-0.06843003707628448,0.06843003707628448,0.0
6,738,24.93958886859093,35.63667116058775,0.027506105402515857,-0.027506105402515857,0.0
6,739,24.94824703494328,35.628012994235405,0.14565722164357453,-0.14565722164357453,0.0
6,740,24.961946331902368,35.614313697276316,0.1283287175377641,-0.1283287175377641,0.0
6,741,24.989444666255167,35.58681536292352,0.4216379695179331,-0.4216379695179331,0.0
6,742,25.029362708334133,35.54689732084444,0.3767228720631355,-0.3767228720631355,0.0
6,743,25.065705696858686,35.510554332319884,0.3501368984269675,-0.3501368984269675,0.0
6,744,25.08941975744972,35.48684027172885,0.12414431339260013,-0.12414431339260013,0.0
6,745,25.102147311802355,35.4741127173761,0.13040677366144138,-0.13040677366144138,0.0
6,746,25.114756549219123,35.46150347995945,0.12177797467159657,-0.12177797467159657,0.0
6,747,25.128452305180417,35.44780772399804,0.15213714455632044,-0.15213714455632044,0.0
6,748,25.131680968807245,35.4445790603711,-0.08756387201832538,0.08756387201832538,0.0
6,749,25.126836873958155,35.44942315522019,-0.009318024963450355,0.009318024963450355,0.0
6,750,25.124548595226656,35.45171143395169,-0.036447549665682644,0.036447549665682644,0.0
6,751,25.106477961916198,35.46978206726226,-0.32496511654541393,0.32496511654541393,0.0
6,752,25.077370067934567,35.49888996124389,-0.25719276308614525,0.25719276308614525,0.0
6,753,25.05574321891072,35.52051681026785,-0.17534421739201278,0.17534421739201278,0.0
6,754,25.028197479512073,35.5480625496665,-0.37557057057807874,0.37557057057807874,0.0
6,755,24.985863474123107,35.59039655505535,-0.47110953719705684,0.47110953719705684,0.0
6,756,24.93784796620389,35.63841206297468,-0.4892006211873454,0.4892006211873454,0.0
6,757,24.899430188236465,35.676829840942105,-0.27915493815858383,0.27915493815858383,0.0
6,758,24.85965652179948,35.716603507379205,-0.5163183905809969,0.5163183905809969,0.0
6,759,24.796018899636238,35.78024112954256,-0.7564340526833817,0.7564340526833817,0.0
6,760,24.742951874638038,35.833308154540646,-0.3049064472788494,0.3049064472788494,-5.0
6,761,24.741266581875152,35.83499344730353,0.2712005920217635,-0.2712005920217635,-5.0
6,762,24.763067258152432,35.813192771026365,0.16481293352194548,-0.16481293352194548,0.0
6,763,24.78727623287523,35.788983796303455,0.31936656093484395,-0.31936656093484395,0.0
6,764,24.833287995481214,35.74297203369758,0.6008686911831216,-0.6008686911831216,0.0
6,765,24.88212840434562,35.694131624833176,0.3759394861047447,-0.3759394861047447,0.0
6,766,24.914178720442806,35.662081308736106,0.26506683583712487,-0.26506683583712487,0.0
6,767,24.95082175535481,35.6254382738241,0.4677938624031839,-0.4677938624031839,0.0
6,768,24.983767614563476,35.59249241461532,0.1911233217716397,-0.1911233217716397,0.0
6,769,25.011101281318815,35.56515874785998,0.3555500133350282,-0.3555500133350282,0.0
6,770,25.04356598740992,35.53269404176888,0.29374410848742016,-0.29374410848742016,0.0
6,771,25.079831060496417,35.49642896868238,0.43155735324237376,-0.43155735324237376,0.0
6,772,25.13556663267582,35.440693396502866,0.6831540903472764,-0.6831540903472764,0.0
6,773,25.191628542432,35.384631486746684,0.43808410477630666,-0.43808410477630666,0.0
6,774,25.232354906240744,35.343905122938054,0.37644317139637806,-0.37644317139637806,0.0
6,775,25.27428768163577,35.30197234754314,0.46221233650148896,-0.46221233650148896,0.0
6,776,25.323351434026335,35.25290859515269,0.5190627113070949,-0.5190627113070949,0.0
6,777,25.36565724868001,35.2106027804989,0.3270535817674247,-0.3270535817674247,0.0
6,778,25.407394122297774,35.16886590688114,0.5076838905876819,-0.5076838905876819,0.0
6,779,25.462553955505655,35.11370607367326,0.5955127735683305,-0.5955127735683305,0.0
6,780,25.527807065379648,35.04845296379915,0.7095494239126854,-0.7095494239126854,0.0
6,781,25.61061242486403,34.96564760431488,0.9465577657725746,-0.9465577657725746,0.0
6,782,25.711319428943625,34.864940600235286,1.067582315818706,-1.067582315818706,0.0
6,783,25.809671414344166,34.76658861483486,0.8994573921896425,-0.8994573921896425,0.0
6,784,25.893826042586625,34.682433986592514,0.7836351726572168,-0.7836351726572168,0.0
6,785,25.986538295301898,34.58972173387724,1.0706098816485135,-1.0706098816485135,0.0
6,786,26.080347654407888,34.49591237477125,0.8055773004721605,-0.8055773004721605,0.0
6,787,26.17512565720608,34.40113437197306,1.0899827554900465,-1.0899827554900465,0.0
6,788,26.297059641626902,34.27920038755224,1.3486969329254883,-1.3486969329254883,0.0
6,789,26.424096608682248,34.15216342049689,1.1920424081800753,-1.1920424081800753,0.0
6,790,26.545553488472706,34.03070654070643,1.2370951876296257,-1.2370951876296257,0.0
6,791,26.656181787229798,33.92007824194934,0.9754707875117425,-0.9754707875117425,0.0
6,792,26.763006135744263,33.813253893434876,1.1610161827780274,-1.1610161827780274,0.0
6,793,26.869734984749584,33.706525044429554,0.9735607973273321,-0.9735607973273321,0.0
6,794,26.982089603901386,33.59417042527775,1.273531585708957,-1.273531585708957,0.0
6,795,27.12128733138843,33.45497269779071,1.5104229640325624,-1.5104229640325624,0.0
6,796,27.261587136403932,33.31467289277521,1.2955731362767722,-1.2955731362767722,0.0
6,797,27.399969982099492,33.17629004707965,1.4720837776336442,-1.4720837776336442,0.0
6,798,27.54780452620912,33.02845550297002,1.4846071045574902,-1.4846071045574902,0.0
6,799,27.704042031979498,32.87221799719964,1.6401430108505792,-1.6401430108505792,0.0
6,800,27.872298441586736,32.7039615875924,1.7249851812934711,-1.7249851812934711,0.0
6,801,28.036579686919367,32.53968034225977,1.5606397253582358,-1.5606397253582358,0.0
6,802,28.205667268880916,32.37059276029822,1.8211119138731977,-1.8211119138731977,0.0
6,803,28.399970340659365,32.17628968851977,2.064949521696315,-2.064949521696315,0.0
6,804,28.601957433518464,31.974302595660674,1.9747923354862724,-1.9747923354862724,0.0
6,805,28.789359839730423,31.786900189448716,1.7732557887545326,-1.7732557887545326,0.0
6,806,28.97014510487702,31.60611492430212,1.842449514177762,-1.842449514177762,0.0
6,807,29.155043521464677,31.421216507714462,1.8555188175761383,-1.8555188175761383,0.0
6,808,29.330180756295476,31.246079272883662,1.6472258790385634,-1.6472258790385634,0.0
6,809,29.506585563534827,31.06967446564431,1.8808702657489444,-1.8808702657489444,0.0
6,810,29.692053912518304,30.884206116660835,1.8284967139190158,-1.8284967139190158,0.0
6,811,29.87164538025513,30.704614648924007,1.7633326408175947,-1.7633326408175947,0.0
6,812,30.05009632578708,30.526163703392058,1.8056862698204839,-1.8056862698204839,0.0
6,813,30.24524553442916,30.33101449474998,2.0972979030216568,-2.0972979030216568,0.0
6,814,30.453674470896203,30.122585558282935,2.0712808263197555,-2.0712808263197555,0.0
6,815,30.661757178156904,29.914502851022235,2.090373318894832,-2.090373318894832,0.0
6,816,30.883135837359077,29.69312419182006,2.337199865149623,-2.337199865149623,0.0
6,817,31.112904223718942,29.463355805460196,2.258167862045271,-2.258167862045271,0.0
6,818,31.327773590948937,29.248486438230202,2.039219482555179,-2.039219482555179,0.0
6,819,31.52915222752381,29.04710780165533,1.988353248943513,-1.988353248943513,0.0
6,820,31.739194568286166,28.837065460892973,2.2124935663030296,-2.2124935663030296,0.0
6,821,31.94628836205925,28.62997166711989,1.9293823091582674,-1.9293823091582674,0.0
6,822,32.1288857962104,28.44737423296874,1.7225663738623371,-1.7225663738623371,0.0
6,823,32.30524290021185,28.271017128967287,1.8045757061684728,-1.8045757061684728,0.0
6,824,32.48110244188206,28.09515758729708,1.712615127235562,-1.712615127235562,0.0
6,825,32.64991408400101,27.926345945178127,1.663617715143829,-1.663617715143829,0.0
6,826,32.82159954115423,27.75466048802491,1.770091427920729,-1.770091427920729,0.0
6,827,33.01286522758005,27.563394801599088,2.055222300596741,-2.055222300596741,0.0
6,828,33.23250819042596,27.343751838753178,2.3376369563203703,-2.3376369563203703,0.0
6,829,33.46896146647805,27.10729856270109,2.3914285647228795,-2.3914285647228795,0.0
6,830,33.70325919929087,26.87300082988827,2.294526091533566,-2.294526091533566,0.0
6,831,33.921953811135154,26.654306218043985,2.079366145352866,-2.079366145352866,0.0
6,832,34.12558174373248,26.450678285446656,1.9931925065949336,-1.9931925065949336,0.0
6,833,34.33200439527491,26.24425563390423,2.1352605242545835,-2.1352605242545835,0.0
6,834,34.540918945486965,26.035341083692174,2.043030479986525,-2.043030479986525,0.0
6,835,34.72534500207985,25.85091502709929,1.6454906518746064,-1.6454906518746064,3.0
6,836,34.887049254708245,25.689210774470894,1.5885944006946833,-1.5885944006946833,3.0
6,837,35.02178864238658,25.554471386792557,1.1061933528719514,-1.1061933528719514,3.0
6,838,35.144188357350686,25.432071671828453,1.341800946405991,-1.341800946405991,0.0
6,839,35.29125254325777,25.28500748592137,1.5994827717315676,-1.5994827717315676,0.0
6,840,35.443197822809,25.13306220637014,1.4394228192917122,-1.4394228192917122,3.0
6,841,35.58676749009146,24.989492539087678,1.4319705263587785,-1.4319705263587785,3.0
6,842,35.72031909758357,24.85594093159557,1.239061623483325,-1.239061623483325,3.0
6,843,35.84207346014273,24.73418656903641,1.196025627697546,-1.196025627697546,3.0
6,844,35.95337551900184,24.6228845101773,1.0300155494874108,-1.0300155494874108,3.0
6,845,36.031529969036,24.544730060143138,0.5330734511987743,-0.5330734511987743,3.0
6,846,36.070132016697244,24.506128012481895,0.23896750202910155,-0.23896750202910155,3.0
6,847,36.077970654293495,24.498289374885644,-0.08219475010205102,0.08219475010205102,3.0
6,848,36.0770377547467,24.49922227443244,0.06353675916440338,-0.06353675916440338,0.0
6,849,36.07936757430298,24.49689245487616,-0.016940368039801257,0.016940368039801257,0.0
6,850,36.08426114147164,24.491998887707496,0.11481171141213053,-0.11481171141213053,0.0
6,851,36.089521523545045,24.486738505634094,-0.009604069946711036,0.009604069946711036,0.0
6,852,36.09227953204186,24.48398049713728,0.06476423988042512,-0.06476423988042512,0.0
6,853,36.094341527166534,24.481918502012604,-0.023524337390485428,0.023524337390485428,0.0
6,854,36.091934356286174,24.484325672892965,-0.024619080218554856,0.024619080218554856,0.0
6,855,36.10149153528005,24.47476849389909,0.2157626600951179,-0.2157626600951179,0.0
6,856,36.11473170393765,24.46152832524149,0.049040713056871965,-0.049040713056871965,0.0
6,857,36.117127678343195,24.459132350835944,-0.0011212249452423606,0.0011212249452423606,3.0
6,858,36.11517511177021,24.461084917408925,-0.03793010651262563,0.03793010651262563,0.0
6,859,36.103675355793484,24.472584673385654,-0.19206501301906265,0.19206501301906265,0.0
6,860,36.09261442340221,24.48364560577693,-0.029153634802765893,0.029153634802765893,0.0
6,861,36.07739826962552,24.49886175955362,-0.2751694407295524,0.2751694407295524,0.0
6,862,36.04280548968063,24.533454539498507,-0.41668615816427135,0.41668615816427135,0.0
6,863,35.999481411354054,24.576778617825084,-0.44979540836743404,0.44979540836743404,0.0
6,864,35.94674692273952,24.629513106439617,-0.6048943639214563,0.6048943639214563,0.0
6,865,35.89555558524489,24.680704443934246,-0.4189323859692671,0.4189323859692671,0.0
6,866,35.840434123580735,24.735825905598404,-0.6834968473105825,0.6834968473105825,0.0
6,867,35.78284914113556,24.79341088804358,-0.46820280159277594,0.46820280159277594,0.0
6,868,35.745754667314486,24.830505361864653,-0.2736866748257345,0.2736866748257345,0.0
6,869,35.73190670517488,24.84435332400426,-0.003272567964090811,0.003272567964090811,0.0
6,870,35.74203257087356,24.834227458305577,0.20578988194131043,-0.20578988194131043,0.0
6,871,35.74956641658923,24.826693612589906,-0.055112967627241716,0.055112967627241716,0.0
6,872,35.73138975936672,24.844870269812418,-0.3084201768204977,0.3084201768204977,0.0
6,873,35.700404002193636,24.875856026985502,-0.31129496663733747,0.31129496663733747,0.0
6,874,35.6618088811872,24.91445114799194,-0.46060745349099896,0.46060745349099896,0.0
6,875,35.62677451544846,24.94948551373068,-0.24007986127956826,0.24007986127956826,0.0
6,876,35.59551890708326,24.98074112209588,-0.38503230602282557,0.38503230602282557,0.0
6,877,35.560409850659426,25.015850178519713,-0.31714882245389653,0.31714882245389653,0.0
6,878,35.5230377101675,25.05322231901164,-0.43029398738318214,0.43029398738318214,0.0
6,879,35.47484520911826,25.10141482006088,-0.5335560335989182,0.5335560335989182,0.0
6,880,35.43636203386495,25.139897995314186,-0.23610747146516964,0.23610747146516964,0.0
6,881,35.403382152952645,25.172877876226494,-0.4234901467802601,0.4234901467802601,0.0
6,882,35.35813150067588,25.218128528503257,-0.48152289875232057,0.48152289875232057,0.0
6,883,35.306767036698375,25.269492992480764,-0.545766380795456,0.545766380795456,0.0
6,884,35.258789780941015,25.317470248238124,-0.41377873435015466,0.41377873435015466,0.0
6,885,35.21664653417224,25.359613495006897,-0.42908620102261175,0.42908620102261175,0.0
6,886,35.18061458463444,25.395645444544698,-0.29155278973035514,0.29155278973035514,0.0
6,887,35.141726589720975,25.434533439458164,-0.4862071085357762,0.4862071085357762,0.0
6,888,35.09681480543259,25.479445223746552,-0.4120285772317267,0.4120285772317267,0.0
6,889,35.05531375543046,25.520946273748677,-0.4179924228093981,0.4179924228093981,0.0
6,890,35.021646200066925,25.554613829112213,-0.2553586844582867,0.2553586844582867,0.0
6,891,35.00732548749238,25.568934541686758,-0.031055567031954112,0.031055567031954112,0.0
6,892,35.0175887401017,25.558671289077438,0.2363206192184535,-0.2363206192184535,0.0
6,893,35.04688845357805,25.52937157560109,0.3496736503117237,-0.3496736503117237,0.0
6,894,35.07288143839037,25.50337859078877,0.1701860459350062,-0.1701860459350062,0.0
6,895,35.08087495012455,25.495385079054586,-0.010315811249983042,0.010315811249983042,0.0
6,896,35.091711475954526,25.484548553224613,0.2270463278521504,-0.2270463278521504,0.0
6,897,35.10114613924179,25.475113889937347,-0.038353062105292324,0.038353062105292324,0.0
6,898,35.100575654375916,25.475684374803222,0.02694336479045667,-0.02694336479045667,0.0
6,899,35.11406139753262,25.462198631646515,0.24277149834514056,-0.24277149834514056,0.0
6,900,35.14348596803916,25.43277406113998,0.34571991178540706,-0.34571991178540706,0.0
6,901,35.18771567498834,25.3885443541908,0.5388742272017097,-0.5388742272017097,0.0
6,902,35.23343270910391,25.34282732007523,0.3754664551115301,-0.3754664551115301,0.0
6,903,35.263066469345404,25.313193559833735,0.2172087497204238,-0.2172087497204238,0.0
6,904,35.2738916842095,25.302368344969636,-0.0007044524386206064,0.0007044524386206064,0.0
6,905,35.27058829386601,25.305671735313126,-0.06536335443093222,0.06536335443093222,0.0
6,906,35.27121092942684,25.305049099752296,0.07781606564986099,-0.07781606564986099,0.0
6,907,35.26758402437531,25.30867600480383,-0.15035416667803858,0.15035416667803858,0.0
6,908,35.25901532073863,25.317244708440512,-0.021019906055556703,0.021019906055556703,0.0
6,909,35.25416277129261,25.322097257886526,-0.07603108286263804,0.07603108286263804,0.0
6,910,35.24638191680083,25.32987811237831,-0.07958600697132923,0.07958600697132923,0.0
6,911,35.22737362903422,25.34888640014492,-0.30057974835736445,0.30057974835736445,0.0
6,912,35.18271300071956,25.39354702845958,-0.5926328179351366,0.5926328179351366,0.0
6,913,35.110462389829536,25.465797639349603,-0.8523793998646134,0.8523793998646134,0.0
6,914,35.0340953720704,25.542164657108742,-0.6749609553180971,0.6749609553180971,0.0
6,915,34.97217194475229,25.60408808442685,-0.5635075910436509,0.5635075910436509,0.0
6,916,34.92346626718427,25.65279376199487,-0.41060596031405083,0.41060596031405083,0.0
6,917,34.897175016699975,25.679085012479163,-0.11521904937165672,0.11521904937165672,0.0
6,918,34.89151589186304,25.684744137316102,0.0020365526329371164,-0.0020365526329371164,0.0
6,919,34.905959356311314,25.670300672867825,0.28683273633429174,-0.28683273633429174,0.0
6,920,34.937427156191234,25.638832872987905,0.34252326126554955,-0.34252326126554955,0.0
6,921,34.980074832295486,25.596185196883653,0.5104302608209341,-0.5104302608209341,0.0
6,922,35.02785705849669,25.548402970682446,0.4452142632048339,-0.4452142632048339,0.0
6,923,35.07145440453155,25.504805624647588,0.4267326574962045,-0.4267326574962045,0.0
6,924,35.10529780225124,25.470962226927895,0.250135296897934,-0.250135296897934,0.0
6,925,35.116901886534606,25.459358142644533,-0.018053611227708544,0.018053611227708544,0.0
6,926,35.10872889963548,25.46753112954366,-0.1454061267547786,0.1454061267547786,0.0
6,927,35.09549211743342,25.480767911745716,-0.11932951728491936,0.11932951728491936,0.0
6,928,35.08570699738743,25.490553031791706,-0.07637288363218175,0.07637288363218175,0.0
6,929,35.09300915444851,25.48325087473063,0.22241602485705236,-0.22241602485705236,0.0
6,930,35.124219598692434,25.452040430486704,0.40179286002556047,-0.40179286002556047,0.0
6,931,35.17409148238971,25.402168546789426,0.5956448139200976,-0.5956448139200976,0.0
6,932,35.24501351266417,25.331246516514966,0.8227957915697051,-0.8227957915697051,0.0
6,933,35.32633173084196,25.24992829833718,0.8035685719881176,-0.8035685719881176,0.0
6,934,35.415798600282415,25.160461428896724,0.9857688168250824,-0.9857688168250824,0.0
6,935,35.52498298928026,25.051277039898878,1.1979189631334979,-1.1979189631334979,0.0
6,936,35.6294128488139,24.94684718036524,0.8906782275391798,-0.8906782275391798,3.0
6,937,35.705779078020214,24.870480951158925,0.6366463565844231,-0.6366463565844231,3.0
6,938,35.76251533191544,24.8137446972637,0.4980787213206579,-0.4980787213206579,3.0
6,939,35.791575194071584,24.784684835107555,0.08311852180171186,-0.08311852180171186,3.0
6,940,35.79356745060977,24.782692578569367,-0.04327339103697447,0.04327339103697447,0.0
6,941,35.786735414974146,24.789524614204993,-0.09336732167350803,0.09336732167350803,0.0
6,942,35.76340679750615,24.81285323167299,-0.37320502768517905,0.37320502768517905,0.0
6,943,35.71457684816983,24.86168318100931,-0.6033939590405399,0.6033939590405399,0.0
6,944,35.654419532563224,24.921840496615914,-0.599752353092649,0.599752353092649,0.0
6,945,35.5998692109913,24.976390818187838,-0.4912540783460919,0.4912540783460919,0.0
6,946,35.547079668373044,25.029180360806095,-0.5645367740180589,0.5645367740180589,0.0
6,947,35.49535832520223,25.080901703976906,-0.4698900893970528,0.4698900893970528,0.0
6,948,35.441367473465334,25.134892555713805,-0.609926945341865,0.609926945341865,0.0
6,949,35.378646388125844,25.197613641053294,-0.6444947614459036,0.6444947614459036,0.0
6,950,35.30353476779442,25.27272526138472,-0.8577376451809045,0.8577376451809045,0.0
6,951,35.23100146677325,25.34525856240589,-0.5929283752445347,0.5929283752445347,0.0
6,952,35.18550696370016,25.390753065478975,-0.31696168621527576,0.31696168621527576,0.0
6,953,35.16666543392739,25.409594595251747,-0.059868909240648804,0.059868909240648804,0.0
6,954,35.15880685010529,25.417453179073846,-0.09730276719987785,0.09730276719987785,0.0
6,955,35.15704707609552,25.419212953083616,0.06210728700624912,-0.06210728700624912,0.0
6,956,35.16286802198829,25.41339200719085,0.05431163084822721,-0.05431163084822721,0.0
6,957,35.16117495755066,25.415085071628482,-0.08817291960064999,0.08817291960064999,0.0
6,958,35.14663294882166,25.429627080357477,-0.2026672549780777,0.2026672549780777,0.0
6,959,35.137127893915704,25.439132135263435,0.012566156860147615,-0.012566156860147615,0.0
6,960,35.147435888768996,25.428824140410143,0.19359374020765685,-0.19359374020765685,0.0
6,961,35.161623888096756,25.414636141082383,0.09016624634590187,-0.09016624634590187,0.0
6,962,35.17340290453717,25.40285712464197,0.14541408246348553,-0.14541408246348553,0.0
6,963,35.18008274899421,25.39617728018493,-0.01181719332095632,0.01181719332095632,0.0
6,964,35.16524408038231,25.41101594879683,-0.2849561789175574,0.2849561789175574,0.0
6,965,35.14378061761386,25.432479411565282,-0.1443130764502243,0.1443130764502243,0.0
6,966,35.12071158556114,25.455548443618,-0.31706756460534535,0.31706756460534535,0.0
6,967,35.083572830186995,25.492687198992144,-0.4257075428795982,0.4257075428795982,0.0
6,968,35.03462051431825,25.54163951486089,-0.5533387744966589,0.5533387744966589,0.0
6,969,34.97257202535684,25.6036880038223,-0.6876310047298926,0.6876310047298926,0.0
6,970,34.89324682489473,25.683013204284407,-0.8988730045114082,0.8988730045114082,0.0
6,971,34.817412376757375,25.758847652421764,-0.6178159582360152,0.6178159582360152,0.0
6,972,34.75014091217486,25.826119117004282,-0.7276133334160573,0.7276133334160573,0.0
6,973,34.67854191962647,25.89771810955267,-0.7043665175511595,0.7043665175511595,0.0
6,974,34.619653417684276,25.956606611494863,-0.47340352129481467,0.47340352129481467,0.0
6,975,34.580666141118854,25.995593888060284,-0.3063420100126759,0.3063420100126759,0.0
6,976,34.536257695621316,26.040002333557823,-0.5818268999401024,0.5818268999401024,0.0
6,977,34.46723367790469,26.10902635127445,-0.7986534543916974,0.7986534543916974,0.0
6,978,34.39035458023909,26.185905448940048,-0.738928498919412,0.738928498919412,0.0
6,979,34.32871309182269,26.247546937356447,-0.49390126940773094,0.49390126940773094,0.0
6,980,34.283340020178,26.292920009001136,-0.41356016348743374,0.41356016348743374,0.0
6,981,34.22783207708994,26.348427952089196,-0.6965986982745562,0.6965986982745562,0.0
6,982,34.16707608965294,26.4091839395262,-0.5185210504656332,0.5185210504656332,0.0
6,983,34.12598082279533,26.45027920638381,-0.30338428668449957,0.30338428668449957,0.0
6,984,34.094667698988815,26.481592330190324,-0.32287818944747393,0.32287818944747393,0.0
6,985,34.04895156596854,26.527308463210602,-0.5914444709605107,0.5914444709605107,0.0
6,986,33.99070348627629,26.58555654290285,-0.5735171228858658,0.5735171228858658,0.0
6,987,33.933226415038234,26.643033614140904,-0.5760243018756519,0.5760243018756519,0.0
6,988,33.876737072172546,26.699522957006593,-0.5537625554377037,0.5537625554377037,0.0
6,989,33.81098583264361,26.76527419653553,-0.7612622351404337,0.7612622351404337,0.0
6,990,33.74979277512989,26.82646725404925,-0.46259891513365936,0.46259891513365936,0.0
6,991,33.71477608200689,26.861483947172246,-0.23773494732477118,0.23773494732477118,0.0
6,992,33.69912499159932,26.87713503757982,-0.07528686082602754,0.07528686082602754,0.0
6,993,33.69487015238883,26.88138987679031,-0.009809923383800268,0.009809923383800268,0.0
6,994,33.6958921515145,26.88036787766464,0.030249905898244833,-0.030249905898244833,0.0
6,995,33.70118903279922,26.875070996379918,0.07568771979494571,-0.07568771979494571,0.0
6,996,33.698007291694694,26.878252737484445,-0.13932254188592097,0.13932254188592097,0.0
6,997,33.694254886613635,26.882005142565504,0.0642744402652724,-0.0642744402652724,0.0
6,998,33.709383229322384,26.866876799856755,0.2382924139095568,-0.2382924139095568,0.0
6,999,33.7414252465519,26.83483478262724,0.40254793067905936,-0.40254793067905936,0.0
6,1000,33.77067775927685,26.80558226990229,0.18250232381848974,-0.18250232381848974,0.0
7,0,58.99625322838061,29.498126614190305,0.0,0.0,0.0
7,1,58.967611542728925,29.52676829984199,-0.5728337130336723,0.5728337130336723,3.0
7,2,58.90881971436203,29.58556012820889,-0.6030028543043429,0.6030028543043429,3.0
7,3,58.83775399819239,29.656625844378524,-0.8183114690883855,0.8183114690883855,3.0
7,4,58.7359543625153,29.758425480055614,-1.2176812444534892,1.2176812444534892,3.0
7,5,58.584214783216694,29.910165059354227,-1.817110341518715,1.817110341518715,3.0
7,6,58.38032626254734,30.114053580023576,-2.2606600718682444,2.2606600718682444,3.0
7,7,58.12845730681222,30.365922535758692,-2.776719042834131,2.776719042834131,3.0
7,8,57.830573167553126,30.663806675017785,-3.1809637423476964,3.1809637423476964,3.0
7,9,57.49074854999567,31.003631292575243,-3.615528608801462,3.615528608801462,3.0
7,10,57.1165484326385,31.377831409932416,-3.86847373834196,3.86847373834196,3.0
7,11,56.72037321339056,31.774006629180363,-4.055030646616974,4.055030646616974,3.0
7,12,56.29748051084624,32.19689933172467,-4.4028234042692365,4.4028234042692365,3.0
7,13,55.841343600217144,32.65303624235378,-4.719914808312948,4.719914808312948,3.0
7,14,55.362075099068846,33.132304743502075,-4.865455214652819,4.865455214652819,3.0
7,15,54.86364957441302,33.630730268157905,-5.103055278463952,5.103055278463952,3.0
7,16,54.329897411300394,34.16448243127054,-5.571987983788661,5.571987983788661,3.0
7,17,53.78322504611226,34.71115479645867,-5.3614593199739335,5.3614593199739335,0.0
7,18,53.254976367147904,35.23940347542301,-5.2035142593129535,5.2035142593129535,0.0
7,19,52.7385949673435,35.75578487522743,-5.124113736775293,5.124113736775293,0.0
7,20,52.23815150993927,36.25622833263166,-4.884755411309342,4.884755411309342,0.0
7,21,51.743611146462264,36.75076869610866,-5.0060518582307,5.0060518582307,0.0
7,22,51.23984595370566,37.25453388886527,-5.069251996901462,5.069251996901462,0.0
7,23,50.7258273417904,37.76855250078053,-5.211120241403849,5.211120241403849,0.0
7,24,50.200317480248934,38.294062362321995,-5.299076989425549,5.299076989425549,0.0
7,25,49.66457005824294,38.82980978432799,-5.415871450694427,5.415871450694427,0.0
7,26,49.12679246371109,39.36758737885984,-5.339680439942574,5.339680439942574,0.0
7,27,48.577844527965176,39.91653531460576,-5.639278274975904,5.639278274975904,0.0
7,28,48.00368082447245,40.49069901809849,-5.843995794878818,5.843995794878818,0.0
7,29,47.40528937985271,41.08909046271823,-6.123833097516108,6.123833097516108,0.0
7,30,46.79575959468361,41.69862024788734,-6.066762605866087,6.066762605866087,0.0
7,31,46.19226318889691,42.30211665367404,-6.0031655098679675,6.0031655098679675,0.0
7,32,45.58346369777514,42.91091614479582,-6.172824312567663,6.172824312567663,0.0
7,33,44.95551391711694,43.538865925454004,-6.3861713005962315,6.3861713005962315,0.0
7,34,44.32610762626475,44.16827221630619,-6.201954516447598,6.201954516447598,0.0
7,35,43.69195370115606,44.8024261414149,-6.481123985726427,6.481123985726427,0.0
7,36,43.05415040341355,45.4402294391574,-6.2749419691237645,6.2749419691237645,0.0
7,37,42.457701813061945,46.03667802950901,-5.6540298379084994,5.6540298379084994,-5.0
7,38,41.91208479782994,46.58229504474102,-5.258310466731649,5.258310466731649,-5.0
7,39,41.408231969862534,47.08614787270842,-4.818746092616545,4.818746092616545,-5.0
7,40,40.96118975742842,47.53319008514254,-4.1220981560657854,4.1220981560657854,-5.0
7,41,40.561761082246804,47.93261876032416,-3.866475347566725,3.866475347566725,-5.0
7,42,40.21079055268311,48.28358928988786,-3.1529352437070077,3.1529352437070077,-5.0
7,43,39.91550161805566,48.57887822451531,-2.752843448842059,2.752843448842059,-5.0
7,44,39.66716674243693,48.827213100134024,-2.2138540635324055,2.2138540635324055,-5.0
7,45,39.46918174930063,49.025198093270326,-1.745845799193619,1.745845799193619,-5.0
7,46,39.33044586503537,49.163933977535585,-1.0288718861115136,1.0288718861115136,-5.0
7,47,39.26494758693754,49.22943225563343,-0.2810936758451703,0.2810936758451703,-5.0
7,48,39.22489946315507,49.269480379415896,-0.5198687998042502,0.5198687998042502,0.0
7,49,39.15933585461785,49.335043987953114,-0.7914033709401416,0.7914033709401416,0.0
7,50,39.074308145174925,49.42007169739603,-0.9091508179183432,0.9091508179183432,0.0
7,51,38.98962779102226,49.50475205154869,-0.7844562651348692,0.7844562651348692,0.0
7,52,38.946521110697816,49.547858731873134,-0.07767734135404503,0.07767734135404503,-5.0
7,53,38.929017902765224,49.565361939805726,-0.2723868172978037,0.2723868172978037,0.0
7,54,38.899382496334425,49.594997346236525,-0.3203213113180787,0.3203213113180787,0.0
7,55,38.87778548142683,49.616594361144124,-0.11161898683385552,0.11161898683385552,0.0
7,56,38.85360996664832,49.64076987592263,-0.3718913087361848,0.3718913087361848,0.0
7,57,38.810357562757886,49.684022279813064,-0.49315676907245987,0.49315676907245987,0.0
7,58,38.74996211314111,49.74441772942984,-0.7147522232630728,0.7147522232630728,0.0
7,59,38.70833766564503,49.78604217692592,-0.1177367266584568,0.1177367266584568,-5.0
7,60,38.70033473731891,49.79404510525204,-0.042321839863838306,0.042321839863838306,0.0
7,61,38.68756770889128,49.80681213367967,-0.2130187286887537,0.2130187286887537,0.0
7,62,38.666086323266995,49.82829351930395,-0.21660898379672844,0.21660898379672844,0.0
7,63,38.65821058777945,49.83616925479148,0.05909427404620082,-0.05909427404620082,0.0
7,64,38.65817960437009,49.836200238200846,-0.05971394223347559,0.05971394223347559,0.0
7,65,38.65249429411173,49.8418855484592,-0.05399226293356563,0.05399226293356563,0.0
7,66,38.65636030740099,49.83801953516994,0.13131252871886367,-0.13131252871886367,0.0
7,67,38.6757369512537,49.81864289131723,0.2562203483354253,-0.2562203483354253,0.0
7,68,38.69689525100132,49.79748459156961,0.16694564661713507,-0.16694564661713507,0.0
7,69,38.71101540814465,49.78336443442629,0.11545749624929158,-0.11545749624929158,0.0
7,70,38.71985101112155,49.77452883144939,0.06125456328888923,-0.06125456328888923,0.0
7,71,38.73346369786617,49.76091614470476,0.21099917160384862,-0.21099917160384862,0.0
7,72,38.755124127423485,49.739255715147436,0.22220941954276263,-0.22220941954276263,0.0
7,73,38.770774533233094,49.72360530933783,0.09079869664953222,-0.09079869664953222,0.0
7,74,38.78705773177289,49.70732211079803,0.23486527414643632,-0.23486527414643632,0.0
7,75,38.818028063251006,49.676351779319916,0.38454135541603307,-0.38454135541603307,0.0
7,76,38.849459563970655,49.64492027860026,0.244088658977196,-0.244088658977196,0.0
7,77,38.87906636179238,49.61531348077854,0.34804729745727947,-0.34804729745727947,0.0
7,78,38.92458833560876,49.56979150696217,0.562392178870299,-0.562392178870299,0.0
7,79,38.98463346650556,49.50974637606538,0.6385104390655449,-0.6385104390655449,0.0
7,80,39.05577324672812,49.43860659584282,0.7842851653857998,-0.7842851653857998,0.0
7,81,39.14460831727553,49.34977152529541,0.9924162455625485,-0.9924162455625485,0.0
7,82,39.23634443685428,49.25803540571666,0.8423061460125538,-0.8423061460125538,0.0
7,83,39.320662578412026,49.173717264158924,0.8440566851423323,-0.8440566851423323,0.0
7,84,39.40920816535039,49.08517167722054,0.9268550536253635,-0.9268550536253635,0.0
7,85,39.50921525111329,48.98516459145763,1.0732866616328565,-1.0732866616328565,0.0
7,86,39.608585335516565,48.88579450705437,0.9141150264325777,-0.9141150264325777,0.0
7,87,39.695281548604356,48.79909829396658,0.8198092353234312,-0.8198092353234312,0.0
7,88,39.79127378197013,48.7031060606008,1.1000354319922074,-1.1000354319922074,0.0
7,89,39.90660008831759,48.58777975425335,1.2064906949570187,-1.2064906949570187,0.0
7,90,40.03789772809513,48.45648211447582,1.419462100593801,-1.419462100593801,0.0
7,91,40.17030062663582,48.32407921593514,1.2285958702198698,-1.2285958702198698,0.0
7,92,40.290777922887415,48.203601919683564,1.1809500548118823,-1.1809500548118823,0.0
7,93,40.40450632547322,48.08987351709776,1.0936179969044773,-1.0936179969044773,0.0
7,94,40.52505884110688,47.96932100146411,1.3174323157686487,-1.3174323157686487,0.0
7,95,40.654046635697796,47.84033320687318,1.2623235760499352,-1.2623235760499352,0.0
7,96,40.785011536897954,47.70936830567301,1.3569744479535704,-1.3569744479535704,0.0
7,97,40.910852944185365,47.5835268983856,1.1598536977946168,-1.1598536977946168,0.0
7,98,41.04115225599263,47.45322758657835,1.4461325383505947,-1.4461325383505947,0.0
7,99,41.18388754663593,47.31049229593505,1.4085732745154118,-1.4085732745154118,0.0
7,100,41.31416148555721,47.18021835701377,1.1969055039100311,-1.1969055039100311,0.0
7,101,41.444377830739825,47.050002011831154,1.4074213997422085,-1.4074213997422085,0.0
7,102,41.59512329960032,46.89925654297066,1.6074879774674162,-1.6074879774674162,0.0
7,103,41.752596522842055,46.741783319728924,1.5419764873671582,-1.5419764873671582,0.0
7,104,41.9009810561615,46.59339878640948,1.4257141790214636,-1.4257141790214636,0.0
7,105,42.030962648863834,46.46341719370713,1.1739176750252653,-1.1739176750252653,0.0
7,106,42.1570757846423,46.33730405792865,1.3483450405441317,-1.3483450405441317,0.0
7,107,42.29286011820224,46.20151972436871,1.3673416306546198,-1.3673416306546198,0.0
7,108,42.43874860420087,46.0556312383701,1.5504280893175206,-1.5504280893175206,0.0
7,109,42.580270551424405,45.91410929114656,1.2800108551531402,-1.2800108551531402,0.0
7,110,42.7014978270316,45.79288201553938,1.144534656990352,-1.144534656990352,0.0
7,111,42.81963007570198,45.674749766868985,1.2181103164172633,-1.2181103164172633,0.0
7,112,42.94425772299647,45.55012211957448,1.2744426294725955,-1.2744426294725955,0.0
7,113,43.07915756295097,45.41522227962,1.4235541696170522,-1.4235541696170522,0.0
7,114,43.23268776916083,45.26169207341013,1.6470499545799697,-1.6470499545799697,0.0
7,115,43.387778527615524,45.10660131495544,1.4547652145137988,-1.4547652145137988,0.0
7,116,43.522219188443074,44.972160654127904,1.2340480020368538,-1.2340480020368538,0.0
7,117,43.65155382045356,44.842826022117436,1.352644638172407,-1.352644638172407,0.0
7,118,43.77885887423264,44.71552096833837,1.1934564374089103,-1.1934564374089103,0.0
7,119,43.88879744477947,44.60558239779152,1.0053149735277795,-1.0053149735277795,0.0
7,120,43.997438009737266,44.49694183283373,1.1674963256279014,-1.1674963256279014,0.0
7,121,44.12421050023244,44.37016934233854,1.367953484275544,-1.367953484275544,0.0
7,122,44.2607089287381,44.23367091383288,1.3620150858374025,-1.3620150858374025,0.0
7,123,44.40450189166174,44.08987795090923,1.5138441726354355,-1.5138441726354355,0.0
7,124,44.55177850888242,43.94260133368853,1.4316881717783208,-1.4316881717783208,0.0
7,125,44.692934216973356,43.80144562559761,1.3914259900400427,-1.3914259900400427,0.0
7,126,44.83601620660224,43.65836363596871,1.4702138025376659,-1.4702138025376659,0.0
7,127,44.9732800218687,43.52109982070225,1.2750625027913376,-1.2750625027913376,0.0
7,128,45.10435548468158,43.39002435788939,1.3464467534657345,-1.3464467534657345,0.0
7,129,45.25319271429959,43.24118712827139,1.6302978388940303,-1.6302978388940303,0.0
7,130,45.402331776726896,43.09204806584408,1.352483409651862,-1.352483409651862,0.0
7,131,45.52748773925714,42.96689210331384,1.1506358409529085,-1.1506358409529085,0.0
7,132,45.6501735946172,42.84420624795378,1.3030812662481157,-1.3030812662481157,0.0
7,133,45.79411063944622,42.70026920312476,1.5756596303321206,-1.5756596303321206,0.0
7,134,45.94722992647803,42.54714991609295,1.4867261103038665,-1.4867261103038665,0.0
7,135,46.083478855809545,42.41090098676143,1.238252476326151,-1.238252476326151,0.0
7,136,46.212439648980535,42.281940193590444,1.3409633870933533,-1.3409633870933533,0.0
7,137,46.33624097108466,42.15813887148633,1.1350630549888727,-1.1350630549888727,0.0
7,138,46.446327847687115,42.04805199488388,1.0666744770600953,-1.0666744770600953,0.0
7,139,46.54914170208346,41.94523814048752,0.9896026108668377,-0.9896026108668377,0.0
7,140,46.65661696314524,41.83776287942575,1.1599026103682988,-1.1599026103682988,0.0
7,141,46.760856562375466,41.73352328019553,0.9248893742359616,-0.9248893742359616,0.0
7,142,46.84208899042426,41.652290852146734,0.6997591867399251,-0.6997591867399251,0.0
7,143,46.90624768061019,41.5881321619608,0.5834146169783203,-0.5834146169783203,0.0
7,144,46.9769760442351,41.51740379833589,0.8311526555198476,-0.8311526555198476,0.0
7,145,47.053143734943006,41.44123610762799,0.6922011586382517,-0.6922011586382517,0.0
7,146,47.12857412577813,41.36580571679286,0.8164066580641212,-0.8164066580641212,0.0
7,147,47.21122726596772,41.28315257660327,0.8366561457275541,-0.8366561457275541,0.0
7,148,47.307983821049845,41.18639602152115,1.098474955914467,-1.098474955914467,0.0
7,149,47.42983024868468,41.06454959388631,1.3384535967817914,-1.3384535967817914,0.0
7,150,47.56734400737636,40.92703583519463,1.4118215770518354,-1.4118215770518354,0.0
7,151,47.709267232852966,40.78511260971803,1.4266429324803056,-1.4266429324803056,0.0
7,152,47.86046121401375,40.63391862855724,1.5972366907351105,-1.5972366907351105,0.0
7,153,48.022592096811735,40.47178774575926,1.6453809652241418,-1.6453809652241418,0.0
7,154,48.17826663622998,40.316113206341015,1.468109823140594,-1.468109823140594,0.0
7,155,48.32878685846464,40.165592984106354,1.5422946215522195,-1.5422946215522195,0.0
7,156,48.491639587642794,40.0027402549282,1.7147599620108505,-1.7147599620108505,0.0
7,157,48.66255436120886,39.83182548136213,1.703535509310111,-1.703535509310111,0.0
7,158,48.829705167654424,39.66467467491657,1.6394806196009384,-1.6394806196009384,0.0
7,159,48.99029255862902,39.50408728394197,1.5722671998909679,-1.5722671998909679,3.0
7,160,49.13339216213177,39.36098768043922,1.2897248701643242,-1.2897248701643242,3.0
7,161,49.25750936433704,39.23687047823395,1.192619173941015,-1.192619173941015,3.0
7,162,49.357388563012876,39.13699127955812,0.8049647995756732,-0.8049647995756732,3.0
7,163,49.430582493611354,39.06379734895964,0.6589138123943066,-0.6589138123943066,3.0
7,164,49.48651668742585,39.007863155145145,0.45977006389570363,-0.45977006389570363,0.0
7,165,49.5376852924276,38.956694550143396,0.5636020361393488,-0.5636020361393488,0.0
7,166,49.607008725429154,38.88737111714184,0.8228666238919935,-0.8228666238919935,0.0
7,167,49.67294134234217,38.82143850022882,0.4957857143688127,-0.4957857143688127,3.0
7,168,49.70202472649447,38.79235511607652,0.0858819686772403,-0.0858819686772403,3.0
7,169,49.70610547812021,38.788274364450785,-0.004266936162832025,0.004266936162832025,0.0
7,170,49.697099941628124,38.79727990094287,-0.17584379367876934,0.17584379367876934,0.0
7,171,49.69335825448681,38.80102158808418,0.10101005085222425,-0.10101005085222425,0.0
7,172,49.69561582535496,38.79876401721603,-0.055858633489306087,0.055858633489306087,0.0
7,173,49.69656391239462,38.79781593017637,0.07482037428244404,-0.07482037428244404,0.0
7,174,49.71223588018208,38.782143962388886,0.23861898146704874,-0.23861898146704874,0.0
7,175,49.73860945410044,38.75577038847052,0.2888524969003008,-0.2888524969003008,0.0
7,176,49.75701567662318,38.73736416594778,0.07927195355464889,-0.07927195355464889,0.0
7,177,49.76734899331538,38.72703084925561,0.12739438028879846,-0.12739438028879846,0.0
7,178,49.78912215371227,38.70525768885872,0.30806882764921895,-0.30806882764921895,0.0
7,179,49.83232121910973,38.66205862346126,0.5559124802998259,-0.5559124802998259,0.0
7,180,49.86070070974847,38.63367913282252,0.01167733247541669,-0.01167733247541669,3.0
7,181,49.86821285554183,38.62616698702914,0.13856558339222858,-0.13856558339222858,0.0
7,182,49.88661764168819,38.607762200882775,0.22953013953510748,-0.22953013953510748,0.0
7,183,49.916150137715334,38.57822970485563,0.3611197810078455,-0.3611197810078455,0.0
7,184,49.94718477522781,38.547195067343154,0.2595729692412867,-0.2595729692412867,3.0
7,185,49.97096173172264,38.523418110848326,0.2159661606552774,-0.2159661606552774,3.0
7,186,49.969300808798806,38.52507903377219,-0.2491846191327074,0.2491846191327074,3.0
7,187,49.95424758928547,38.54013225328555,-0.051879771134467845,0.051879771134467845,0.0
7,188,49.93655129056569,38.55782855200533,-0.30204620326113485,0.30204620326113485,0.0
7,189,49.90801980153074,38.58636004104028,-0.2685835774375054,0.2685835774375054,0.0
7,190,49.89546758522127,38.598912257349724,0.017539251248498644,-0.017539251248498644,0.0
7,191,49.89517204421705,38.59920779835397,-0.023450071333197542,0.023450071333197542,0.0
7,192,49.88750791113776,38.60687193143323,-0.12983259025200056,0.12983259025200056,0.0
7,193,49.87002016648452,38.62435967608647,-0.21992230281266245,0.21992230281266245,0.0
7,194,49.85075483428173,38.64362500828929,-0.1653843412435414,0.1653843412435414,0.0
7,195,49.838671156518075,38.65570868605292,-0.07628921402908162,0.07628921402908162,0.0
7,196,49.82278501645291,38.67159482611808,-0.24143358727393327,0.24143358727393327,0.0
7,197,49.785241909741416,38.709137932829606,-0.5094285469564177,0.5094285469564177,0.0
7,198,49.72924286166213,38.76513698090892,-0.6105524146295451,0.6105524146295451,0.0
7,199,49.656437448889136,38.837942393681914,-0.8455558408304622,0.8455558408304622,0.0
7,200,49.56524226716229,38.92913757540876,-0.978347793706158,0.978347793706158,0.0
7,201,49.47168457647123,39.02269526609979,-0.8928060201145307,0.8928060201145307,0.0
7,202,49.39438677965043,39.09999306292056,-0.6531499163009595,0.6531499163009595,0.0
7,203,49.31970209039193,39.174677752179065,-0.8405438688693376,0.8405438688693376,0.0
7,204,49.237027140957565,39.257352701613456,-0.8129551198184171,0.8129551198184171,0.0
7,205,49.15085492106974,39.34352492150131,-0.910489277938531,0.910489277938531,0.0
7,206,49.04780282062265,39.44657702194843,-1.1505527310035006,1.1505527310035006,0.0
7,207,48.932606907832536,39.56177293473854,-1.1533655247986285,1.1533655247986285,0.0
7,208,48.831008070608476,39.663371771962574,-0.8786112196820302,0.8786112196820302,0.0
7,209,48.75474373374604,39.73963610882501,-0.6466755175665639,0.6466755175665639,0.0
7,210,48.69082532777679,39.80355451479426,-0.6316926018191573,0.6316926018191573,0.0
7,211,48.63137217579646,39.86300766677459,-0.5573704377872204,0.5573704377872204,0.0
7,212,48.58481801044985,39.9095618321212,-0.373712869144855,0.373712869144855,0.0
7,213,48.54797055056849,39.946409292002585,-0.3632363284825768,0.3632363284825768,0.0
7,214,48.519450515196866,39.97492932737424,-0.2071643789504023,0.2071643789504023,0.0
7,215,48.504838999147864,39.989540843423214,-0.08506594202904338,0.08506594202904338,0.0
7,216,48.496144701532955,39.99823514103815,-0.0888200102695258,0.0888200102695258,0.0
7,217,48.48523319298607,40.009146649585034,-0.1294101606682716,0.1294101606682716,0.0
7,218,48.458452901594455,40.03592694097665,-0.40619566716424416,0.40619566716424416,0.0
7,219,48.408847725525845,40.08553211704526,-0.5859078542080525,0.5859078542080525,0.0
7,220,48.35410462011765,40.14027522245348,-0.5089542539561673,0.5089542539561673,0.0
7,221,48.30001325980828,40.194366582762825,-0.5728729522308065,0.5728729522308065,0.0
7,222,48.25061519846594,40.24376464410517,-0.4150882746162168,0.4150882746162168,0.0
7,223,48.202322120427255,40.29205772214385,-0.5507732861572823,0.5507732861572823,0.0
7,224,48.14777936778523,40.34660047478587,-0.5400817666829418,0.5400817666829418,0.0
7,225,48.09309546924982,40.40128437332129,-0.5535962040255491,0.5535962040255491,0.0
7,226,48.02486635453789,40.469513488033215,-0.810986090212646,0.810986090212646,0.0
7,227,47.93113647566889,40.56324336690221,-1.063611487167508,1.063611487167508,0.0
7,228,47.81691607882101,40.67746376375007,-1.220796449789633,1.220796449789633,0.0
7,229,47.702725702693385,40.791654139877664,-1.0630110727623698,1.0630110727623698,0.0
7,230,47.589849955729505,40.90452988684157,-1.1945038665155359,1.1945038665155359,0.0
7,231,47.473875158479075,41.020504684092,-1.1249920784927507,1.1249920784927507,0.0
7,232,47.370939756567736,41.12344008600334,-0.9337159597340268,0.9337159597340268,0.0
7,233,47.27245881501824,41.22192102755287,-1.035902871256397,1.035902871256397,0.0
7,234,47.16513552996685,41.32924431260429,-1.1105628297719239,1.1105628297719239,0.0
7,235,47.03966222715445,41.45471761541668,-1.3989032264757881,1.3989032264757881,0.0
7,236,46.904103447205614,41.59027639536555,-1.3122723725013863,1.3122723725013863,0.0
7,237,46.7738911152108,41.72048872736036,-1.291974267394794,1.291974267394794,0.0
7,238,46.64349819508425,41.85088164748689,-1.3158841351357768,1.3158841351357768,0.0
7,239,46.508210715854375,41.98616912671676,-1.389865449461766,1.389865449461766,0.0
7,240,46.37536712810129,42.119012714469875,-1.2670063056000238,1.2670063056000238,0.0
7,241,46.24603655388404,42.248343288687124,-1.3196051787443857,1.3196051787443857,0.0
7,242,46.12198608953406,42.3723937530371,-1.1614041082555584,1.1614041082555584,0.0
7,243,46.01241374709065,42.481966095480516,-1.030042740612691,1.030042740612691,0.0
7,244,45.89561430617135,42.59876553639981,-1.3059460777731786,1.3059460777731786,0.0
7,245,45.760655774553356,42.73372406801781,-1.3932245545868067,1.3932245545868067,0.0
7,246,45.608243718242534,42.88613612432863,-1.655016571629357,1.655016571629357,0.0
7,247,45.452193271681324,43.04218657088984,-1.465992359595143,1.465992359595143,0.0
7,248,45.310292819399706,43.18408702317146,-1.3720166860375063,1.3720166860375063,0.0
7,249,45.18705855120402,43.307321291367145,-1.0926686778764267,1.0926686778764267,0.0
7,250,45.07042752286412,43.42395231970704,-1.2399518889215635,1.2399518889215635,0.0
7,251,44.95061595702856,43.5437638855426,-1.1562794277891353,1.1562794277891353,0.0
7,252,44.84473070468658,43.64964913788458,-0.9614256190502442,0.9614256190502442,0.0
7,253,44.74852518621225,43.745854656358915,-0.9626847504359706,0.9626847504359706,0.0
7,254,44.65056234958382,43.84381749298734,-0.9965719821321137,0.9965719821321137,0.0
7,255,44.55865323436444,43.93572660820672,-0.8416103222549225,0.8416103222549225,0.0
7,256,44.47888174614627,44.01549809642489,-0.7538194421082522,0.7538194421082522,0.0
7,257,44.39143491029802,44.10294493227315,-0.9951172748572841,0.9951172748572841,0.0
7,258,44.28567339291692,44.208706449654244,-1.1201130727642372,1.1201130727642372,0.0
7,259,44.18703631135651,44.307343531214656,-0.852628558443687,0.852628558443687,0.0
7,260,44.10006163414715,44.39431820842401,-0.8868649857430562,0.8868649857430562,0.0
7,261,44.0255377854989,44.468842057072266,-0.6036119872222372,0.6036119872222372,0.0
7,262,43.96419360284921,44.53018623972196,-0.6232716657713517,0.6232716657713517,0.0
7,263,43.905881034904496,44.58849880766667,-0.5429796931226658,0.5429796931226658,0.0
7,264,43.84449997770031,44.649879864870854,-0.6846414509615144,0.6846414509615144,0.0
7,265,43.783445204712564,44.7109346378586,-0.5364540087931609,0.5364540087931609,0.0
7,266,43.72232845565401,44.772051386917155,-0.6858809723774542,0.6858809723774542,0.0
7,267,43.65527960850403,44.83910023406713,-0.6550959706217245,0.6550959706217245,0.0
7,268,43.58001292264146,44.914366919929705,-0.8502377466296007,0.8502377466296007,0.0
7,269,43.49796452376677,44.996415318804395,-0.7907302308647015,0.7907302308647015,0.0
7,270,43.432851982600084,45.06152785997108,-0.5115205924687629,0.5115205924687629,0.0
7,271,43.38463379808098,45.10974604449018,-0.4528430979129183,0.4528430979129183,0.0
7,272,43.34712810255968,45.147251740011484,-0.2972708125129415,0.2972708125129415,0.0
7,273,43.3087930108274,45.18558683174376,-0.46943102213290544,0.46943102213290544,0.0
7,274,43.271140459232186,45.22323938333898,-0.28362000977103996,0.28362000977103996,0.0
7,275,43.22929781722894,45.265082025342224,-0.5532328302934122,0.5532328302934122,0.0
7,276,43.16689814277254,45.327481699798625,-0.6947606588340509,0.6947606588340509,0.0
7,277,43.09860732230652,45.39577252026464,-0.6710557504860333,0.6710557504860333,0.0
7,278,43.04506998342123,45.449309859149935,-0.39969102721924976,0.39969102721924976,0.0
7,279,43.01386841033667,45.48051143223449,-0.2243404344724258,0.2243404344724258,0.0
7,280,43.004321315471884,45.49005852709928,0.033398537177079746,-0.033398537177079746,0.0
7,281,43.010598837085524,45.48378100548564,0.09215189509600386,-0.09215189509600386,0.0
7,282,43.01624100580733,45.47813883676383,0.02069147934023796,-0.02069147934023796,0.0
7,283,43.012137493903595,45.48224234866757,-0.10276171741459272,0.10276171741459272,0.0
7,284,42.9923207481487,45.502059094422464,-0.2935731976827327,0.2935731976827327,0.0
7,285,42.971707582791055,45.52267225978011,-0.11869010947022574,0.11869010947022574,0.0
7,286,42.949291028609764,45.5450888139614,-0.32964097415529814,0.32964097415529814,0.0
7,287,42.92443647056416,45.569943372007,-0.16745018675694112,0.16745018675694112,0.0
7,288,42.895100538655186,45.59927930391598,-0.4192684514229974,0.4192684514229974,0.0
7,289,42.84632595799985,45.64805388457131,-0.5562231616837874,0.5562231616837874,0.0
7,290,42.802252125079065,45.6921277174921,-0.32525349673213455,0.32525349673213455,0.0
7,291,42.7574577494355,45.73692209313566,-0.5706340161389871,0.5706340161389871,0.0
7,292,42.71513501947959,45.779244823091574,-0.27582058297973155,0.27582058297973155,0.0
7,293,42.698049522736255,45.79633031983491,-0.06588935188744927,0.06588935188744927,0.0
7,294,42.68790220943521,45.806477633135955,-0.13705691413387555,0.13705691413387555,0.0
7,295,42.662246564135614,45.83213327843555,-0.37605599185791405,0.37605599185791405,0.0
7,296,42.61163476788249,45.88274507468867,-0.6361799332044846,0.6361799332044846,0.0
7,297,42.54476223988587,45.949617602685294,-0.7012706267278705,0.7012706267278705,0.0
7,298,42.467089417464535,46.02729042510663,-0.8521858216991092,0.8521858216991092,0.0
7,299,42.36832343787796,46.1260564046932,-1.1231337700325756,1.1231337700325756,0.0
7,300,42.268925342443424,46.22545450012774,-0.8648281386583214,0.8648281386583214,0.0
7,301,42.189660409446276,46.30471943312489,-0.720470521284204,0.720470521284204,0.0
7,302,42.127453863987625,46.36692597858354,-0.5236603878884356,0.5236603878884356,0.0
7,303,42.07265753624267,46.42172230632849,-0.5722661670101825,0.5722661670101825,0.0
7,304,42.019065867460256,46.47531397511091,-0.4995672086383429,0.4995672086383429,0.0
7,305,41.973479163784816,46.52090067878635,-0.4121668648699899,0.4121668648699899,0.0
7,306,41.92597502310559,46.56840481946557,-0.5379159487138789,0.5379159487138789,0.0
7,307,41.86800850827922,46.626371334291946,-0.6214143478141008,0.6214143478141008,0.0
7,308,41.791280010869684,46.70309983170148,-0.9131556003763865,0.9131556003763865,0.0
7,309,41.699540010494445,46.79483983207672,-0.9216444071287029,0.9216444071287029,0.0
7,310,41.61990009823677,46.874479744334394,-0.671153838024436,0.671153838024436,0.0
7,311,41.56400584375609,46.93037399881507,-0.4467312515890516,0.4467312515890516,0.0
7,312,41.51204632731219,46.98233351525897,-0.5924590772890355,0.5924590772890355,0.0
7,313,41.438169188592326,47.05621065397884,-0.885083697108394,0.885083697108394,0.0
7,314,41.35738618063755,47.136993661933616,-0.7305764619870683,0.7305764619870683,0.0
7,315,41.27351749893921,47.22086234363195,-0.9467971719798136,0.9467971719798136,0.0
7,316,41.173000022548024,47.32137982002314,-1.0635523558439601,1.0635523558439601,0.0
7,317,41.06086908689696,47.433510755674206,-1.1790663571772448,1.1790663571772448,0.0
7,318,40.93904838911902,47.55533145345214,-1.2573475983817044,1.2573475983817044,0.0
7,319,40.82042524093282,47.67395460163834,-1.1151153653418557,1.1151153653418557,0.0
7,320,40.70765821533763,47.78672162723353,-1.140225146561841,1.140225146561841,0.0
7,321,40.594645010988984,47.89973483158218,-1.1200389404110833,1.1200389404110833,0.0
7,322,40.49449901658244,47.999880825988726,-0.8828809477202029,0.8828809477202029,0.0
7,323,40.40867678660396,48.0857030559672,-0.8335636518488041,0.8335636518488041,0.0
7,324,40.31752013266771,48.176859709903454,-0.9895694268762103,0.9895694268762103,0.0
7,325,40.22797415288301,48.266405689688156,-0.8013501688181908,0.8013501688181908,0.0
7,326,40.158024264616074,48.33635557795509,-0.5976475965202237,0.5976475965202237,0.0
7,327,40.10500808182445,48.38937176074671,-0.4626760593121695,0.4626760593121695,0.0
7,328,40.05157667897521,48.442803163595954,-0.6059519976727898,0.6059519976727898,0.0
7,329,39.994611491132446,48.49976835143872,-0.5333517591824748,0.5333517591824748,0.0
7,330,39.95018745375546,48.5441923888157,-0.3551289883570057,0.3551289883570057,0.0
7,331,39.91546372505252,48.578916117518645,-0.3393455857013006,0.3393455857013006,0.0
7,332,39.87675366220179,48.61762618036937,-0.43485567131361513,0.43485567131361513,0.0
7,333,39.83013642571456,48.66424341685661,-0.49748905843136093,0.49748905843136093,0.0
7,334,39.794427630334155,48.69995221223701,-0.21668684917684722,0.21668684917684722,0.0
7,335,39.76000833384626,48.734371508724905,-0.47169908058139676,0.47169908058139676,0.0
7,336,39.71855182321468,48.77582801935648,-0.3574311320505217,0.3574311320505217,0.0
7,337,39.672037904775664,48.8223419377955,-0.5728472367295723,0.5728472367295723,0.0
7,338,39.61897081686999,48.875409025701174,-0.4884945213843963,0.4884945213843963,0.0
7,339,39.564788418943806,48.92959142362736,-0.5951534371397376,0.5951534371397376,0.0
7,340,39.50921574984096,48.9851640927302,-0.5162999449175558,0.5162999449175558,0.0
7,341,39.45735213760747,49.03702770496369,-0.5209722997518984,0.5209722997518984,0.0
7,342,39.4062745514226,49.088105291148565,-0.5005794239456431,0.5005794239456431,0.0
7,343,39.35833633283329,49.136043509737874,-0.45818494784017183,0.45818494784017183,0.0
7,344,39.302190185460574,49.19218965711059,-0.6647379996143883,0.6647379996143883,0.0
7,345,39.22331418712713,49.27106565544403,-0.912781967054892,0.912781967054892,0.0
7,346,39.13919830310613,49.355181539465036,-0.7695357133656664,0.7695357133656664,0.0
7,347,39.0671952947103,49.42718454786086,-0.6705244545510798,0.6705244545510798,0.0
7,348,38.996923511759235,49.49745633081193,-0.7349112044698956,0.7349112044698956,0.0
7,349,38.93259180530521,49.561788037265956,-0.5517229246105764,0.5517229246105764,0.0
7,350,38.88820465488334,49.606175187687825,-0.336020083826682,0.336020083826682,0.0
7,351,38.84617180335238,49.64820803921879,-0.5046369467919405,0.5046369467919405,0.0
7,352,38.781577845208744,49.71280199736242,-0.7872422160810526,0.7872422160810526,0.0
7,353,38.72601210920783,49.768367733363334,-0.32407250393681153,0.32407250393681153,-5.0
7,354,38.71203127090837,49.782348571662794,0.044455737947401985,-0.044455737947401985,-5.0
7,355,38.72415695450508,49.77022288806609,0.19805793398685267,-0.19805793398685267,0.0
7,356,38.74772863967104,49.746651202900125,0.2733757693316452,-0.2733757693316452,0.0
7,357,38.76219345470156,49.7321863878696,0.015920531278698746,-0.015920531278698746,0.0
7,358,38.76565067922439,49.72872916334677,0.053223959177675084,-0.053223959177675084,0.0
7,359,38.76789876261972,49.72648107995144,-0.00826229127171807,0.00826229127171807,0.0
7,360,38.76540329709724,49.72897654547393,-0.04164701917852298,0.04164701917852298,0.0
7,361,38.75399250201866,49.7403873405525,-0.18656888239354963,0.18656888239354963,0.0
7,362,38.74193825912886,49.752441583442305,-0.054515975403310435,0.054515975403310435,0.0
7,363,38.74527513132074,49.749104711250425,0.12125341924086186,-0.12125341924086186,0.0
7,364,38.75243752860348,49.741942313967684,0.021994526413466886,-0.021994526413466886,0.0
7,365,38.75652215027367,49.737857692297496,0.05969790698937416,-0.05969790698937416,0.0
7,366,38.76917895615799,49.72520088641318,0.19343821069617206,-0.19343821069617206,0.0
7,367,38.7922099742658,49.70216986830536,0.26718215146014224,-0.26718215146014224,0.0
7,368,38.81463476524118,49.67974507732998,0.18131366804722937,-0.18131366804722937,0.0
7,369,38.81923258945977,49.675147253111334,-0.0893571836746414,0.0893571836746414,0.0
7,370,38.813256057655565,49.681123784915485,-0.03017345240905911,0.03017345240905911,0.0
7,371,38.82243759480201,49.67194224776898,0.2138041953382661,-0.2138041953382661,0.0
7,372,38.848388111875636,49.645991730695414,0.30520614613279307,-0.30520614613279307,0.0
7,373,38.89133359363478,49.60304624893632,0.5537034890488322,-0.5537034890488322,0.0
7,374,38.947373056604704,49.547006785966346,0.567085770349836,-0.567085770349836,0.0
7,375,39.01724483543279,49.47713500713826,0.8303498062113661,-0.8303498062113661,0.0
7,376,39.086367736073214,49.408012106497836,0.5521082065967651,-0.5521082065967651,0.0
7,377,39.14827762323938,49.346102219331726,0.6860895367250457,-0.6860895367250457,0.0
7,378,39.23094277496972,49.26343706760139,0.9672134978808415,-0.9672134978808415,0.0
7,379,39.33370088235773,49.160678960213374,1.0879486498791486,-1.0879486498791486,0.0
7,380,39.44256442811212,49.051815414458986,1.0893222652081391,-1.0893222652081391,0.0
7,381,39.542618683012336,48.951761159558714,0.9117628327964571,-0.9117628327964571,0.0
7,382,39.64657501131336,48.84780483125769,1.1673637332239508,-1.1673637332239508,0.0
7,383,39.770032311890134,48.724347530680916,1.3017822783108546,-1.3017822783108546,0.0
7,384,39.90538760315491,48.58899223941614,1.4053235469845333,-1.4053235469845333,0.0
7,385,40.0526896413831,48.44169020118795,1.540717217578857,-1.540717217578857,0.0
7,386,40.206520601001614,48.287859241569436,1.535901974790649,-1.535901974790649,0.0
7,387,40.36204911423573,48.13233072833532,1.5746682898912194,-1.5746682898912194,0.0
7,388,40.51935960819884,47.97502023437221,1.5715415893706037,-1.5715415893706037,0.0
7,389,40.69053345916626,47.803846383404846,1.851935429976768,-1.851935429976768,0.0
7,390,40.88645076654001,47.60792907603104,2.0664107174984423,-2.0664107174984423,0.0
7,391,41.0955352544359,47.39884458813515,2.115279040419221,-2.115279040419221,0.0
7,392,41.294730252247916,47.19964959032319,1.868620915820026,-1.868620915820026,0.0
7,393,41.49053433631008,47.00384550626103,2.0474607654229704,-2.0474607654229704,0.0
7,394,41.70325151417234,46.79112832839883,2.206882791820915,-2.206882791820915,0.0
7,395,41.91642304794203,46.57795679462913,2.056547883572966,-2.056547883572966,0.0
7,396,42.134520039529036,46.35985980304207,2.3053919481676335,-2.3053919481676335,0.0
7,397,42.35581481051719,46.138565032053975,2.120503471593974,-2.120503471593974,0.0
7,398,42.577270515819976,45.91710932675113,2.3086106344623882,-2.3086106344623882,0.0
7,399,42.79413808662696,45.700241755944205,2.028740781677044,-2.028740781677044,0.0
7,400,43.00465752317007,45.48972231940104,2.181647949185333,-2.181647949185333,0.0
7,401,43.21160920892669,45.28277063364442,1.957385765946686,-1.957385765946686,0.0
7,402,43.41619908285941,45.0781807597117,2.1344117127069993,-2.1344117127069993,0.0
7,403,43.61901272986188,44.87536711270923,1.9218612273421094,-1.9218612273421094,0.0
7,404,43.80843893584563,44.68594090672548,1.8666628923324868,-1.8666628923324868,0.0
7,405,43.987325253551376,44.50705458901979,1.711063461781313,-1.711063461781313,0.0
7,406,44.155417508651,44.33896233392022,1.650781640209642,-1.650781640209642,0.0
7,407,44.33293021695033,44.161449625620946,1.8994725257757814,-1.8994725257757814,0.0
7,408,44.52707827480583,43.9673015677655,1.9834886313331808,-1.9834886313331808,0.0
7,409,44.71265337712737,43.781726465444024,1.728013415096326,-1.728013415096326,0.0
7,410,44.89796208999451,43.59641775257694,1.9781608422453818,-1.9781608422453818,0.0
7,411,45.083671484683464,43.410708357887984,1.7360270515335827,-1.7360270515335827,0.0
7,412,45.265073838461035,43.22930600411041,1.8920200240170324,-1.8920200240170324,0.0
7,413,45.443252598840445,43.05112724373106,1.671555183570172,-1.671555183570172,0.0
7,414,45.61318464449596,42.8811951980756,1.7270857295387874,-1.7270857295387874,0.0
7,415,45.7783465572669,42.71603328530466,1.5761525258799267,-1.5761525258799267,0.0
7,416,45.933951691132506,42.560428151439055,1.5359501514320506,-1.5359501514320506,0.0
7,417,46.09481761245672,42.39956223011484,1.6813682750524261,-1.6813682750524261,0.0
7,418,46.24795722449619,42.24642261807537,1.3814239657362748,-1.3814239657362748,0.0
7,419,46.40017989737976,42.09419994519186,1.6630294919336137,-1.6630294919336137,0.0
7,420,46.56870423118221,41.925675611389465,1.7074571841141974,-1.7074571841141974,0.0
7,421,46.74304422106013,41.75133562151149,1.7793426134447738,-1.7793426134447738,0.0
7,422,46.925629710465955,41.56875013210566,1.8723671746710586,-1.8723671746710586,0.0
7,423,47.111904707057874,41.38247513551369,1.8531327571676783,-1.8531327571676783,0.0
7,424,47.28303176830889,41.21134807426262,1.5694084678530071,-1.5694084678530071,0.0
7,425,47.44081361717372,41.05356622539779,1.5862285094432185,-1.5862285094432185,0.0
7,426,47.604551814640445,40.889828027931,1.6885354398918224,-1.6885354398918224,0.0
7,427,47.762762378765615,40.73161746380583,1.47567584261078,-1.47567584261078,0.0
7,428,47.89666146811862,40.597718374452825,1.2023059444493391,-1.2023059444493391,0.0
7,429,48.023367872707695,40.47101196986375,1.3318221473321454,-1.3318221473321454,0.0
7,430,48.14373357573959,40.3506462668318,1.075491913306113,-1.075491913306113,0.0
7,431,48.26603662974776,40.228343212823575,1.3705691668577522,-1.3705691668577522,0.0
7,432,48.39124122126509,40.10313862130624,1.1335226634875752,-1.1335226634875752,0.0
7,433,48.50505703414035,39.989322808430984,1.142793594016977,-1.142793594016977,0.0
7,434,48.625608161659784,39.86877168091155,1.268228956371665,-1.268228956371665,0.0
7,435,48.75585597016118,39.738523872410155,1.336727213655493,-1.336727213655493,0.0
7,436,48.89502624832937,39.59935359424196,1.4466783497079536,-1.4466783497079536,0.0
7,437,49.047883198936006,39.44649664363533,1.610460662425373,-1.610460662425373,0.0
7,438,49.19312687614615,39.30125296642518,1.2944128817771379,-1.2944128817771379,3.0
7,439,49.30280496148873,39.1915748810826,0.8991488250748869,-0.8991488250748869,3.0
7,440,49.366833808079036,39.1275460344923,0.38142810673128125,-0.38142810673128125,3.0
7,441,49.412379419241915,39.08200042332942,0.5294841165254311,-0.5294841165254311,0.0
7,442,49.47341779446788,39.020962048103456,0.6912833879943339,-0.6912833879943339,0.0
7,443,49.549167469442864,38.94521237312847,0.8237101115060828,-0.8237101115060828,0.0
7,444,49.60690605826255,38.88747378430878,0.3310616648870095,-0.3310616648870095,3.0
7,445,49.64426717165645,38.85011267091488,0.4161606029915337,-0.4161606029915337,0.0
7,446,49.67671546569102,38.817664376880316,0.2328052777003098,-0.2328052777003098,0.0
7,447,49.689960314092446,38.80441952847889,0.032091690328496014,-0.032091690328496014,0.0
7,448,49.687209483745846,38.80717035882549,-0.08710829726176428,0.08710829726176428,0.0
7,449,49.67557773584258,38.818802106728754,-0.14552666080388477,0.14552666080388477,0.0
7,450,49.64606867526402,38.848311167307315,-0.44465455076721305,0.44465455076721305,0.0
7,451,49.611006652130186,38.88337319044115,-0.2565859119101219,0.2565859119101219,0.0
7,452,49.59820137696647,38.89617846560486,0.00048040863633858066,-0.00048040863633858066,0.0
7,453,49.60522136652753,38.889158476043804,0.13991938258364023,-0.13991938258364023,0.0
7,454,49.63399439594366,38.860385446627674,0.43554120573891275,-0.43554120573891275,0.0
7,455,49.683169872280814,38.81120997029052,0.5479683210036601,-0.5479683210036601,0.0
7,456,49.74802826026735,38.74635158230399,0.7491994387265883,-0.7491994387265883,0.0
7,457,49.797968049354495,38.69641179321684,0.24959634301533207,-0.24959634301533207,3.0
7,458,49.81366655255829,38.680713290013045,0.06437372105854244,-0.06437372105854244,3.0
7,459,49.82545439998569,38.668925442585646,0.17138322749094037,-0.17138322749094037,0.0
7,460,49.850063449871186,38.64431639270015,0.3207977702203362,-0.3207977702203362,0.0
7,461,49.877080089328956,38.61729975324238,0.21953501893698935,-0.21953501893698935,0.0
7,462,49.90728554975408,38.587094292817255,0.3845741895653081,-0.3845741895653081,0.0
7,463,49.91981833066143,38.574561511909906,-0.13391857141855468,0.13391857141855468,3.0
7,464,49.895732837602964,38.59864700496837,-0.3477912897504769,0.3477912897504769,0.0
7,465,49.86698813138048,38.62739171119085,-0.22710283469839432,0.22710283469839432,0.0
7,466,49.83277026723238,38.66160957533896,-0.4572544482645,0.4572544482645,0.0
7,467,49.77590016546799,38.718479677103346,-0.6801475870237255,0.6801475870237255,0.0
7,468,49.708069999261966,38.78630984330937,-0.6764557370960631,0.6764557370960631,0.0
7,469,49.64081269565156,38.85356714691977,-0.6686903351113234,0.6686903351113234,0.0
7,470,49.587866237874664,38.90651360469667,-0.39023882042622304,0.39023882042622304,0.0
7,471,49.55503314956968,38.93934669300165,-0.26642294567311,0.26642294567311,0.0
7,472,49.54212946862799,38.95225037394334,0.008349326838530402,-0.008349326838530402,0.0
7,473,49.529435436301014,38.96494440627032,-0.26222997337876564,0.26222997337876564,0.0
7,474,49.49916375565124,38.995216086920095,-0.3432036396168101,0.3432036396168101,0.0
7,475,49.47630048844485,39.018079354126485,-0.1140617045106751,0.1140617045106751,0.0
7,476,49.4568111303513,39.037568712220036,-0.2757254573596697,0.2757254573596697,0.0
7,477,49.4188145822111,39.075565260360236,-0.48420550544355656,0.48420550544355656,0.0
7,478,49.35676140247119,39.13761844010014,-0.7568580893541323,0.7568580893541323,0.0
7,479,49.29557352130939,39.19880632126194,-0.466899533882021,0.466899533882021,0.0
7,480,49.25303788961344,39.241341952957896,-0.3838131000359688,0.3838131000359688,0.0
7,481,49.208911872982526,39.28546796958881,-0.4987072325813884,0.4987072325813884,0.0
7,482,49.15495824470395,39.339421597867386,-0.5803653329892686,0.5803653329892686,0.0
7,483,49.107177312077965,39.38720253049337,-0.37525331952967456,0.37525331952967456,0.0
7,484,49.08366292949154,39.410716913079796,-0.09503433219929391,0.09503433219929391,0.0
7,485,49.07002428008366,39.424355562487676,-0.17773865595788862,0.17773865595788862,0.0
7,486,49.037472293993915,39.45690754857742,-0.4733010658376564,0.4733010658376564,0.0
7,487,48.98281855934283,39.5115612832285,-0.6197736271843794,0.6197736271843794,0.0
7,488,48.90964334969999,39.58473649287134,-0.8437305656714518,0.8437305656714518,0.0
7,489,48.83415313267551,39.660226709895824,-0.6660737748177112,0.6660737748177112,0.0
7,490,48.763755355308035,39.7306244872633,-0.741881772531487,0.741881772531487,0.0
7,491,48.703706060811214,39.79067378176012,-0.4591041174038981,0.4591041174038981,0.0
7,492,48.64971404016694,39.84466580240439,-0.620736295480155,0.620736295480155,0.0
7,493,48.57406732651805,39.920312516053286,-0.8921979774971138,0.8921979774971138,0.0
7,494,48.477842109560015,40.01653773301132,-1.0323063616628563,1.0323063616628563,0.0
7,495,48.3825558133334,40.11182402923794,-0.8734195628684134,0.8734195628684134,0.0
7,496,48.295101841786504,40.19927800078483,-0.8756598680698868,0.8756598680698868,0.0
7,497,48.22070569709274,40.273674145478594,-0.6122630258061719,0.6122630258061719,0.0
7,498,48.149367060752525,40.34501278181881,-0.8145097009983449,0.8145097009983449,0.0
7,499,48.06871927125235,40.425660571318986,-0.7984460890047576,0.7984460890047576,0.0
7,500,47.984837547813754,40.50954229475758,-0.8791883797661182,0.8791883797661182,0.0
7,501,47.90662132210241,40.587758520468924,-0.6851361344601106,0.6851361344601106,0.0
7,502,47.826182899435594,40.66819694313574,-0.9236323188758817,0.9236323188758817,0.0
7,503,47.7293522238233,40.765027618748036,-1.0129811933690949,1.0129811933690949,0.0
7,504,47.615353869872365,40.87902597269897,-1.2669858856485998,1.2669858856485998,0.0
7,505,47.48279409657664,41.011585745994694,-1.3842095802662016,1.3842095802662016,0.0
7,506,47.35927248254825,41.135107360023085,-1.0862227003005458,1.0862227003005458,0.0
7,507,47.24527241128351,41.249107431287825,-1.1937787249935745,1.1937787249935745,0.0
7,508,47.12585590169272,41.36852394087862,-1.194551466822304,1.194551466822304,0.0
7,509,46.995999206205965,41.49838063636537,-1.4025824429122302,1.4025824429122302,0.0
7,510,46.860894807338354,41.63348503523298,-1.299505534438893,1.299505534438893,0.0
7,511,46.71600380795883,41.778376034612506,-1.5983144531508966,1.5983144531508966,0.0
7,512,46.56228362707361,41.93209621549772,-1.4760891645539136,1.4760891645539136,0.0
7,513,46.40703343037865,42.08734641219269,-1.628914769344341,1.628914769344341,0.0
7,514,46.237726787968995,42.25665305460234,-1.7572180788488296,1.7572180788488296,0.0
7,515,46.06667347174425,42.42770637082708,-1.6638482456455286,1.6638482456455286,0.0
7,516,45.90548286040564,42.58889698216569,-1.5599639811259838,1.5599639811259838,0.0
7,517,45.76199181304469,42.732388029526646,-1.30985696609355,1.30985696609355,0.0
7,518,45.62663002906913,42.8677498135022,-1.39737871341719,1.39737871341719,0.0
7,519,45.488332111132195,43.00604773143914,-1.3685796453223293,1.3685796453223293,0.0
7,520,45.35270715103752,43.14167269153381,-1.3439195565702757,1.3439195565702757,0.0
7,521,45.20769885784853,43.28668098472281,-1.5562463072082409,1.5562463072082409,0.0
7,522,45.05952415022671,43.43485569234463,-1.4072478452282589,1.4072478452282589,0.0
7,523,44.93140258880078,43.562977253770555,-1.1551833832906233,1.1551833832906233,0.0
7,524,44.826142086444406,43.66823775612693,-0.9500266638365318,0.9500266638365318,0.0
7,525,44.73785378570619,43.75652605686514,-0.8157393509263251,0.8157393509263251,0.0
7,526,44.64395548015307,43.850424362418266,-1.0622267601347453,1.0622267601347453,0.0
7,527,44.55094228660357,43.94343755596776,-0.7980371108542741,0.7980371108542741,0.0
7,528,44.46639179198837,44.02798805058296,-0.8929727814493003,0.8929727814493003,0.0
7,529,44.36267907987781,44.13170076269353,-1.181281460762733,1.181281460762733,0.0
7,530,44.232002625029054,44.26237721754228,-1.432247636212562,1.432247636212562,0.0
7,531,44.10055629749161,44.39382354507973,-1.1966789145366619,1.1966789145366619,0.0
7,532,43.96687041962832,44.52750942294301,-1.4770386427278712,1.4770386427278712,0.0
7,533,43.81252239278729,44.68185744978405,-1.6099218940935494,1.6099218940935494,0.0
7,534,43.64344373943811,44.85093610313322,-1.7716511728886886,1.7716511728886886,0.0
7,535,43.45354000418433,45.040839838387,-2.026423532186687,2.026423532186687,0.0
7,536,43.25773007772489,45.23664976484645,-1.8897749970029363,1.8897749970029363,0.0
7,537,43.06835816812372,45.42602167444761,-1.8976631950198986,1.8976631950198986,0.0
7,538,42.88870504694455,45.60567479562678,-1.695399228562172,1.695399228562172,0.0
7,539,42.73218531694215,45.762194525629184,-1.4349953714857264,1.4349953714857264,0.0
7,540,42.5847315840507,45.90964825852063,-1.514079286342417,1.514079286342417,0.0
7,541,42.42893063178997,46.06544921078137,-1.6019397588708841,1.6019397588708841,0.0
7,542,42.26450221170114,46.22987763087019,-1.6866286429056672,1.6866286429056672,0.0
7,543,42.10887938657197,46.38550045599936,-1.4258278596763816,1.4258278596763816,0.0
7,544,41.96944054985511,46.524939292716226,-1.3629488746608942,1.3629488746608942,0.0
7,545,41.82520926499342,46.669170577577916,-1.5216768225717807,1.5216768225717807,0.0
7,546,41.674384503822466,46.81999533874887,-1.4948184008473042,1.4948184008473042,0.0
7,547,41.52622198796155,46.968157854609785,-1.4684319163704114,1.4684319163704114,0.0
7,548,41.37571859115667,47.118661251414665,-1.5416360197266705,1.5416360197266705,0.0
7,549,41.215671416691976,47.27870842587936,-1.6593074695665884,1.6593074695665884,0.0
7,550,41.060672226774045,47.43370761579729,-1.4406763287907456,1.4406763287907456,0.0
7,551,40.93147302319403,47.562906819377304,-1.1433077428100251,1.1433077428100251,0.0
7,552,40.82366015546938,47.67071968710195,-1.0129496116816785,1.0129496116816785,0.0
7,553,40.711029573272185,47.78335026929915,-1.2396620322618457,1.2396620322618457,0.0
7,554,40.58455526674493,47.909824575826406,-1.289824098282093,1.289824098282093,0.0
7,555,40.45595270534022,48.03842713723111,-1.2822271298116341,1.2822271298116341,0.0
7,556,40.3260950789811,48.168284763590236,-1.3149253973713204,1.3149253973713204,0.0
7,557,40.18872109912297,48.30565874344836,-1.4325541997917952,1.4325541997917952,0.0
7,558,40.05648481235983,48.43789503021151,-1.212171535471395,1.212171535471395,0.0
7,559,39.942561529574505,48.55181831299683,-1.0662941202336498,1.0662941202336498,0.0
7,560,39.84379665838935,48.65058318418198,-0.9090033034684897,0.9090033034684897,0.0
7,561,39.76092837177532,48.73345147079601,-0.7483624288110668,0.7483624288110668,0.0
7,562,39.682177968208066,48.81220187436327,-0.8266456425342614,0.8266456425342614,0.0
7,563,39.590284226293534,48.9040956162778,-1.0112291957556696,1.0112291957556696,0.0
7,564,39.488325988327574,49.00605385424376,-1.0279355635637266,1.0279355635637266,0.0
7,565,39.384429428441535,49.1099504141298,-1.0499956341559589,1.0499956341559589,0.0
7,566,39.28615614437285,49.20822369819848,-0.915470047216445,0.915470047216445,0.0
7,567,39.202890878173434,49.2914889643979,-0.7498352767726093,0.7498352767726093,0.0
7,568,39.13049404664025,49.36388579593108,-0.6981013538908325,0.6981013538908325,0.0
7,569,39.05768435472601,49.43669548784533,-0.7580924843936714,0.7580924843936714,0.0
7,570,38.993208304743575,49.50117153782776,-0.531428515253948,0.531428515253948,0.0
7,571,38.95347192265751,49.54090791991382,-0.2632991264672899,0.2632991264672899,0.0
7,572,38.93401971214246,49.560360130428876,-0.12574508383463723,0.12574508383463723,0.0
7,573,38.930332187752015,49.56404765481932,0.05199459602683554,-0.05199459602683554,0.0
7,574,38.94379776644166,49.55058207612967,0.21731697776616699,-0.21731697776616699,0.0
7,575,38.96944151364153,49.52493832892981,0.29555796623130526,-0.29555796623130526,0.0
7,576,39.007334376824815,49.48704546574652,0.4622992974352105,-0.4622992974352105,0.0
7,577,39.063742510809334,49.430637331762,0.6658633822563989,-0.6658633822563989,0.0
7,578,39.12236604998009,49.37201379259125,0.5066074011591795,-0.5066074011591795,0.0
7,579,39.17899845405782,49.315381388513515,0.6260406803966774,-0.6260406803966774,0.0
7,580,39.23101947948578,49.26336036308555,0.4143798281618327,-0.4143798281618327,0.0
7,581,39.285247386400556,49.20913245617078,0.6701783101347463,-0.6701783101347463,0.0
7,582,39.33891513910726,49.15546470346408,0.403176743999504,-0.403176743999504,0.0
7,583,39.386019068824,49.108360773747336,0.5389018503354048,-0.5389018503354048,0.0
7,584,39.43368606883962,49.060693773731714,0.4144381499776042,-0.4144381499776042,0.0
7,585,39.471314202161466,49.02306564040987,0.3381245164604323,-0.3381245164604323,0.0
7,586,39.507603211503806,48.98677663106753,0.38765567038702464,-0.38765567038702464,0.0
7,587,39.53658445738165,48.957795385189684,0.19196924717017616,-0.19196924717017616,0.0
7,588,39.55494900208703,48.939430840484306,0.1753216469374479,-0.1753216469374479,0.0
7,589,39.586911338001755,48.90746850456958,0.4639250713568508,-0.4639250713568508,0.0
7,590,39.642054263372415,48.85232557919892,0.6389334360571226,-0.6389334360571226,0.0
7,591,39.71574821656509,48.778631626006245,0.8349456277977705,-0.8349456277977705,0.0
7,592,39.809292668310036,48.6850871742613,1.0359434071023763,-1.0359434071023763,0.0
7,593,39.90614694105159,48.588232901519746,0.9011420477294649,-0.9011420477294649,0.0
7,594,39.99810504267077,48.49627479990056,0.9380199846554653,-0.9380199846554653,0.0
7,595,40.07814210122308,48.416237741348255,0.6627211863903284,-0.6627211863903284,0.0
7,596,40.159091865093274,48.33528797747806,0.9562740910141301,-0.9562740910141301,0.0
7,597,40.25711575794696,48.23726408462437,1.0042037660609093,-1.0042037660609093,0.0
7,598,40.34704151749827,48.147338325073065,0.7943114249650165,-0.7943114249650165,0.0
7,599,40.4345000693113,48.059879773260036,0.9548596112960759,-0.9548596112960759,0.0
7,600,40.52836067493706,47.96601916763427,0.9223525012205656,-0.9223525012205656,0.0
7,601,40.6247487493888,47.869631093182534,1.0054089878138228,-1.0054089878138228,0.0
7,602,40.735285798817245,47.75909404375409,1.2053320007550887,-1.2053320007550887,0.0
7,603,40.86669401495283,47.62768582761851,1.422832321956836,-1.422832321956836,0.0
7,604,41.01131305847264,47.483066784098696,1.4695485484394872,-1.4695485484394872,0.0
7,605,41.17131282830849,47.32306701426285,1.730446848277385,-1.730446848277385,0.0
7,606,41.33820816024104,47.156171682330296,1.607459790373202,-1.607459790373202,0.0
7,607,41.4855710814702,47.008808761101136,1.3397986342107764,-1.3397986342107764,0.0
7,608,41.62689561402465,46.86748422854669,1.486692016878159,-1.486692016878159,0.0
7,609,41.76638129791479,46.72799854465654,1.3030216609255163,-1.3030216609255163,0.0
7,610,41.89362656399442,46.60075327857692,1.2418836606673516,-1.2418836606673516,0.0
7,611,42.02038756740808,46.473992275163255,1.2933364076056648,-1.2933364076056648,0.0
7,612,42.138035397935596,46.35634444463574,1.0596202029452133,-1.0596202029452133,0.0
7,613,42.23143355131742,46.26294629125391,0.8083428646925679,-0.8083428646925679,0.0
7,614,42.32646137480185,46.16791846776948,1.092213604996493,-1.092213604996493,0.0
7,615,42.427339517872156,46.06704032469918,0.9253492564100299,-0.9253492564100299,0.0
7,616,42.51264279145198,45.98173705111935,0.7807162151858371,-0.7807162151858371,0.0
7,617,42.57916310593339,45.915216736637944,0.549690074443653,-0.549690074443653,0.0
7,618,42.62549017333049,45.86888966924084,0.3768512734994829,-0.3768512734994829,0.0
7,619,42.677307932854205,45.81707190971713,0.6595039169758259,-0.6595039169758259,0.0
7,620,42.74030576001303,45.754074082558304,0.6004526262001377,-0.6004526262001377,0.0
7,621,42.801382496082965,45.69299734648837,0.6210820951982683,-0.6210820951982683,0.0
7,622,42.86632569274968,45.62805414982165,0.6777818381361662,-0.6777818381361662,0.0
7,623,42.93902603236961,45.55535381020172,0.7762249542619823,-0.7762249542619823,0.0
7,624,43.00219506487406,45.492184777697275,0.48715569582642715,-0.48715569582642715,0.0
7,625,43.04609599725143,45.44828384531991,0.3908629517201998,-0.3908629517201998,0.0
7,626,43.08008107653325,45.41429876603809,0.288838633916745,-0.288838633916745,0.0
7,627,43.11600437919492,45.378375463376415,0.4296274193168781,-0.4296274193168781,0.0
7,628,43.15495510736412,45.33942473520722,0.34938714406694515,-0.34938714406694515,0.0
7,629,43.20275778680127,45.29162205577006,0.6066664446764687,-0.6066664446764687,0.0
7,630,43.260342367532985,45.23403747503835,0.5450251699582278,-0.5450251699582278,0.0
7,631,43.3243411082625,45.17003873430883,0.7349496446331756,-0.7349496446331756,0.0
7,632,43.40685127501661,45.08752856755473,0.9152536904490329,-0.9152536904490329,0.0
7,633,43.50287667719408,44.99150316537725,1.0052543531004776,-1.0052543531004776,0.0
7,634,43.593406492376744,44.90097335019459,0.8053419505523127,-0.8053419505523127,0.0
7,635,43.67758240585863,44.816797436712704,0.8781763190864318,-0.8781763190864318,0.0
7,636,43.76548386685022,44.728895975721116,0.8798529007459237,-0.8798529007459237,0.0
7,637,43.842805938995525,44.65157390357581,0.666588542161179,-0.666588542161179,0.0
7,638,43.90326559311313,44.5911142494582,0.5426045401916504,-0.5426045401916504,0.0
7,639,43.94605120049653,44.54832864207481,0.31310760747735245,-0.31310760747735245,0.0
7,640,43.97741933130874,44.516960511262596,0.31425500876814105,-0.31425500876814105,0.0
7,641,44.016369137628544,44.47801070494279,0.4647411176291296,-0.4647411176291296,0.0
7,642,44.056211742906385,44.43816809966495,0.33211098792806126,-0.33211098792806126,0.0
7,643,44.0819192581539,44.41246058441743,0.18203931702336362,-0.18203931702336362,0.0
7,644,44.0939070622552,44.400472780316136,0.05771676500341982,-0.05771676500341982,0.0
7,645,44.094384372535046,44.39999547003629,-0.04817055940637438,0.04817055940637438,0.0
7,646,44.076200816372875,44.41817902619846,-0.31550056383721703,0.31550056383721703,0.0
7,647,44.02966430327467,44.46471553929666,-0.6152296981258072,0.6152296981258072,0.0
7,648,43.95771466480289,44.53666517776844,-0.8237630713090578,0.8237630713090578,0.0
7,649,43.867780413269315,44.62659942930202,-0.9749219593628826,0.9749219593628826,0.0
7,650,43.76424277334604,44.73013706922529,-1.0958308391030176,1.0958308391030176,0.0
7,651,43.663434453130776,44.83094538944056,-0.920335565202441,0.920335565202441,0.0
7,652,43.58465247544996,44.90972736712138,-0.6553039884137615,0.6553039884137615,0.0
7,653,43.50852834679006,44.985851495781276,-0.867178584783133,0.867178584783133,0.0
7,654,43.422432494780196,45.07194734779114,-0.8547384554127024,0.8547384554127024,0.0
7,655,43.346454900245476,45.14792494232586,-0.6648134352821078,0.6648134352821078,0.0
7,656,43.28932349013121,45.205056352440124,-0.4778147670021333,0.4778147670021333,0.0
7,657,43.227684511488974,45.26669533108236,-0.7549648058423806,0.7549648058423806,0.0
7,658,43.13905555071824,45.355324291853094,-1.0176144095714168,1.0176144095714168,0.0
7,659,43.05217204617111,45.442207796400226,-0.7200556813703152,0.7200556813703152,0.0
7,660,42.98631749701167,45.508062345559665,-0.5970353018177406,0.5970353018177406,0.0
7,661,42.93430166440294,45.560078178168396,-0.4432813503561217,0.4432813503561217,0.0
7,662,42.89443390236511,45.599945940206226,-0.35407389040037174,0.35407389040037174,0.0
7,663,42.85302105823871,45.641358784332624,-0.4741829921273517,0.4741829921273517,0.0
7,664,42.814367144626885,45.68001269794445,-0.2988952801077769,0.2988952801077769,0.0
7,665,42.783083025568885,45.71129681700245,-0.32678710105238196,0.32678710105238196,0.0
7,666,42.765377370907004,45.72900247166433,-0.027325992184023207,0.027325992184023207,0.0
7,667,42.75298168570441,45.74139815686692,-0.22058771186735804,0.22058771186735804,0.0
7,668,42.72139469809872,45.772985144472614,-0.41115204024532126,0.41115204024532126,0.0
7,669,42.679241168579665,45.81513867399167,-0.43191855013651903,0.43191855013651903,0.0
7,670,42.64782000833384,45.846559834237496,-0.19650465477874235,0.19650465477874235,0.0
7,671,42.63106909338637,45.86331074918496,-0.13851364416988332,0.13851364416988332,0.0
7,672,42.62051270127097,45.873867141300366,-0.07261419813887748,0.07261419813887748,0.0
7,673,42.61042241989401,45.88395742267733,-0.12919142940110717,0.12919142940110717,0.0
7,674,42.587314859864364,45.90706498270697,-0.3329597711915451,0.3329597711915451,0.0
7,675,42.55416994945938,45.940209893111955,-0.3299384369080638,0.3299384369080638,0.0
7,676,42.52217896089053,45.972200881680806,-0.30988133446929744,0.30988133446929744,0.0
7,677,42.486107268616934,46.0082725739544,-0.41155251100181367,0.41155251100181367,0.0
7,678,42.453479281373916,46.04090056119742,-0.24100723385708633,0.24100723385708633,0.0
7,679,42.436186738849756,46.05819310372158,-0.1048436166256419,0.1048436166256419,0.0
7,680,42.41108528217262,46.08329456039871,-0.39718551691769477,0.39718551691769477,0.0
7,681,42.385879218272066,46.10850062429927,-0.1069357610935544,0.1069357610935544,0.0
7,682,42.38798164548109,46.10639819709024,0.1489843052740163,-0.1489843052740163,0.0
7,683,42.41603540586448,46.07834443670686,0.4120909023930803,-0.4120909023930803,0.0
7,684,42.45193688547863,46.0424429570927,0.3059386898901746,-0.3059386898901746,0.0
7,685,42.46817696796734,46.026202874603996,0.018862959883616526,-0.018862959883616526,0.0
7,686,42.45660586385509,46.037773978716245,-0.2502850421291072,0.2502850421291072,0.0
7,687,42.424065957692164,46.07031388487917,-0.40051308112835393,0.40051308112835393,0.0
7,688,42.39173362273175,46.102646219839585,-0.2461336180792859,0.2461336180792859,0.0
7,689,42.37141253848813,46.122967304083204,-0.16028806679364038,0.16028806679364038,0.0
7,690,42.361216383413534,46.1331634591578,-0.04363503469813601,0.04363503469813601,0.0
7,691,42.36768813781657,46.12669170475476,0.17307012275856515,-0.17307012275856515,0.0
7,692,42.38597846252412,46.10840138004721,0.1927363713932735,-0.1927363713932735,0.0
7,693,42.401189041848966,46.09319080072237,0.11147521510402214,-0.11147521510402214,0.0
7,694,42.41228542694898,46.08209441562235,0.11045248689646492,-0.11045248689646492,0.0
7,695,42.43553198892141,46.05884785364992,0.3544787525525237,-0.3544787525525237,0.0
7,696,42.46490950506757,46.02947033750377,0.23307157037105242,-0.23307157037105242,0.0
7,697,42.476765543436954,46.01761429913438,0.004049197017209849,-0.004049197017209849,0.0
7,698,42.482615570855614,46.01176427171572,0.11295135135723555,-0.11295135135723555,0.0
7,699,42.49242098093748,46.00195886163385,0.08315685028063413,-0.08315685028063413,0.0
7,700,42.503646780364534,45.9907330622068,0.14135913826019397,-0.14135913826019397,0.0
7,701,42.51311238070127,45.98126746187006,0.04795286847453717,-0.04795286847453717,0.0
7,702,42.51111374082893,45.9832661017424,-0.08792566592198092,0.08792566592198092,0.0
7,703,42.49462374359598,45.999756098975354,-0.24187427873654954,0.24187427873654954,0.0
7,704,42.48277770292327,46.01160213964806,0.004953465281619884,-0.004953465281619884,0.0
7,705,42.491905805067404,46.00247403750393,0.17760857760157478,-0.17760857760157478,0.0
7,706,42.52192430204548,45.97245554052586,0.42276136196024794,-0.42276136196024794,0.0
7,707,42.56803510587076,45.92634473670057,0.4994547145457737,-0.4994547145457737,0.0
7,708,42.63016333511496,45.864216507456376,0.7431098703385626,-0.7431098703385626,0.0
7,709,42.70523881532279,45.78914102724855,0.7583997338178445,-0.7583997338178445,0.0
7,710,42.77467754897441,45.719702293596924,0.6303749392149776,-0.6303749392149776,0.0
7,711,42.82842764666236,45.66595219590897,0.4446270145433733,-0.4446270145433733,0.0
7,712,42.873248512541636,45.6211313300297,0.4517903030430599,-0.4517903030430599,0.0
7,713,42.93223111815621,45.562148724415124,0.7278618092480951,-0.7278618092480951,0.0
7,714,42.998683783372826,45.49569605919851,0.6011914950852812,-0.6011914950852812,0.0
7,715,43.070956267481506,45.42342357508983,0.8442581870881813,-0.8442581870881813,0.0
7,716,43.16316742090828,45.331212421663054,0.9999648814467008,-0.9999648814467008,0.0
7,717,43.27503315906665,45.21934668350468,1.2373498817217516,-1.2373498817217516,0.0
7,718,43.3967568003269,45.097623042244436,1.19712294348275,-1.19712294348275,0.0
7,719,43.52194196077107,44.97243788180026,1.306580265400786,-1.306580265400786,0.0
7,720,43.64107434781215,44.853305494759184,1.076067475421592,-1.076067475421592,0.0
7,721,43.73533240303561,44.759047439535834,0.8090936290461279,-0.8090936290461279,0.0
7,722,43.82621137274816,44.668168469823286,1.0084857652051387,-1.0084857652051387,0.0
7,723,43.941875839294994,44.55250400327634,1.3048035657337742,-1.3048035657337742,0.0
7,724,44.0589644215637,44.43541542100752,1.0369680796427918,-1.0369680796427918,0.0
7,725,44.152002121321516,44.342377721249704,0.8237859155146552,-0.8237859155146552,0.0
7,726,44.24587769827292,44.248502144298186,1.053725623515147,-1.053725623515147,0.0
7,727,44.36327335256681,44.1311064900043,1.2941874623634,-1.2941874623634,0.0
7,728,44.498649822872835,43.99573001969827,1.4133419437563965,-1.4133419437563965,0.0
7,729,44.64587699644346,43.84850284612776,1.5312015276543178,-1.5312015276543178,0.0
7,730,44.796435039024686,43.69794480354665,1.4799593239682558,-1.4799593239682558,0.0
7,731,44.94577810680323,43.5486017357681,1.5069020316022552,-1.5069020316022552,0.0
7,732,45.109740106478625,43.38463973609282,1.7723379619047819,-1.7723379619047819,0.0
7,733,45.288439044486836,43.205940798084725,1.8016407982581164,-1.8016407982581164,0.0
7,734,45.46174816410701,43.032631678464554,1.6645415941457316,-1.6645415941457316,0.0
7,735,45.61492984151448,42.87945000105708,1.399091954004497,-1.399091954004497,0.0
7,736,45.75121367639542,42.74316616617614,1.326584743614461,-1.326584743614461,0.0
7,737,45.87570517778056,42.618674664791115,1.1632452840874379,-1.1632452840874379,0.0
7,738,46.00074749090311,42.493632351668566,1.3376009783630494,-1.3376009783630494,0.0
7,739,46.12491426657709,42.36946557599447,1.1457345351191233,-1.1457345351191233,0.0
7,740,46.246980465405954,42.24739937716572,1.2955894414571354,-1.2955894414571354,0.0
7,741,46.384820515645856,42.10955932692593,1.4612115633393934,-1.4612115633393934,0.0
7,742,46.54083490574146,41.95354493683021,1.6590762385752527,-1.6590762385752527,0.0
7,743,46.69318341502128,41.80119642755051,1.3878939470193679,-1.3878939470193679,0.0
7,744,46.84531466618853,41.64906517638326,1.6547310763259873,-1.6547310763259873,0.0
7,745,47.02226302394513,41.47211681862666,1.8842360788058379,-1.8842360788058379,0.0
7,746,47.22349131213389,41.2708885304379,2.1403296849697995,-2.1403296849697995,0.0
7,747,47.44480056963505,41.04957927293674,2.285855465052837,-2.285855465052837,0.0
7,748,47.658911992003254,40.83546785056842,1.9963729823128205,-1.9963729823128205,0.0
7,749,47.843841578329716,40.65053826424196,1.7022187442166263,-1.7022187442166263,0.0
7,750,48.001243414653004,40.49313642791867,1.4458179822502615,-1.4458179822502615,0.0
7,751,48.145170599212406,40.34920924335927,1.4327257089358056,-1.4327257089358056,0.0
7,752,48.2809976496319,40.213382192939775,1.283815299454595,-1.283815299454595,0.0
7,753,48.424230186321665,40.07014965625012,1.5808354343391038,-1.5808354343391038,0.0
7,754,48.583530217889574,39.910849624682214,1.6051651970194882,-1.6051651970194882,0.0
7,755,48.747311221878135,39.74706862069354,1.6704548827541323,-1.6704548827541323,0.0
7,756,48.916713281123975,39.57766656144781,1.7175863021618198,-1.7175863021618198,0.0
7,757,49.075909666032885,39.41847017653879,1.466341396016393,-1.466341396016393,3.0
7,758,49.22138274069653,39.27299710187515,1.4431200972574594,-1.4431200972574594,3.0
7,759,49.36376193036199,39.13061791220957,1.4044636960543215,-1.4044636960543215,3.0
7,760,49.485077026930185,39.00930281564138,1.021838235309641,-1.021838235309641,3.0
7,761,49.573395960118205,38.92098388245324,0.7445404284525452,-0.7445404284525452,3.0
7,762,49.63266742485871,38.86171241771274,0.44088886635758584,-0.44088886635758584,3.0
7,763,49.68037221282111,38.814007629750336,0.5132068928926259,-0.5132068928926259,0.0
7,764,49.72957770204812,38.76480214052333,0.4709028916480804,-0.4709028916480804,0.0
7,765,49.77119011938271,38.72318972318874,0.3613454550419135,-0.3613454550419135,3.0
7,766,49.79604303787755,38.69833680469401,0.13571291485436632,-0.13571291485436632,0.0
7,767,49.82337054433765,38.671009298234026,0.41083721434639386,-0.41083721434639386,0.0
7,768,49.876921657808225,38.617458184763564,0.6601850550647299,-0.6601850550647299,0.0
7,769,49.94046341560761,38.55391642696429,0.6106501009196137,-0.6106501009196137,3.0
7,770,49.99725892242236,38.49712092014954,0.525260035373968,-0.525260035373968,3.0
7,771,50.04788987676193,38.44648996581009,0.4873590514180819,-0.4873590514180819,3.0
7,772,50.09159225369763,38.4027875888745,0.38668848729558647,-0.38668848729558647,3.0
7,773,50.12848139992957,38.36589844264256,0.3510944373441163,-0.3510944373441163,3.0
7,774,50.148340403253314,38.34603943931893,0.04608562913084313,-0.04608562913084313,3.0
7,775,50.14585933956323,38.34852050300901,-0.09570690293487516,0.09570690293487516,3.0
7,776,50.116936634484546,38.3774432080877,-0.48274719863940874,0.48274719863940874,3.0
7,777,50.05752941419587,38.436850428376374,-0.705397207131977,0.705397207131977,0.0
7,778,49.9998898715769,38.494489970995346,-0.44739364524726355,0.44739364524726355,0.0
7,779,49.96440786275025,38.529971979821994,-0.2622465312863085,0.2622465312863085,0.0
7,780,49.946187491591445,38.5481923509808,-0.10216089188788757,0.10216089188788757,0.0
7,781,49.9432955754919,38.55108426708034,0.04432256989974803,-0.04432256989974803,0.0
7,782,49.954270006166325,38.54010983640592,0.17516604358989696,-0.17516604358989696,0.0
7,783,49.98078417422289,38.51359566834935,0.35511731754078824,-0.35511731754078824,0.0
7,784,50.00230512431676,38.49207471825548,0.07530168433649109,-0.07530168433649109,3.0
7,785,50.009181196940744,38.4851986456315,0.062219768142785625,-0.062219768142785625,3.0
7,786,50.02776014941264,38.4666196931596,0.30935928129358814,-0.30935928129358814,0.0
7,787,50.05221687551216,38.442162967060085,0.17977524070098738,-0.17977524070098738,3.0
7,788,50.04953181465976,38.444848027912485,-0.23347645774598647,0.23347645774598647,3.0
7,789,50.037342949102595,38.45703689346965,-0.0103008533986646,0.0103008533986646,0.0
7,790,50.0322920415847,38.46208780098755,-0.09071729696211506,0.09071729696211506,0.0
7,791,50.020676788674336,38.47370305389791,-0.14158776124608252,0.14158776124608252,0.0
7,792,50.00177841900904,38.4926014235632,-0.23637963205879942,0.23637963205879942,0.0
7,793,49.9641302596624,38.530249582909846,-0.5165835548762239,0.5165835548762239,0.0
7,794,49.90084795583061,38.59353188674163,-0.7490625217610614,0.7490625217610614,0.0
7,795,49.8309021723112,38.663477670261045,-0.6498531486298447,0.6498531486298447,0.0
7,796,49.75460737974299,38.73977246282925,-0.8760427027359938,0.8760427027359938,0.0
7,797,49.6793936872084,38.81498615536384,-0.6282311479567078,0.6282311479567078,0.0
7,798,49.61653187814363,38.87784796442861,-0.6290050333388244,0.6290050333388244,0.0
7,799,49.56376295940777,38.930616883164475,-0.4263733413783619,0.4263733413783619,0.0
7,800,49.52688849099832,38.967491351573926,-0.31111602681135864,0.31111602681135864,0.0
7,801,49.50479198407152,38.98958785850073,-0.1308141117253605,0.1308141117253605,0.0
7,802,49.481292523616276,39.01308731895597,-0.3391750973826362,0.3391750973826362,0.0
7,803,49.4602925573422,39.034087285230044,-0.08082422809900791,0.08082422809900791,0.0
7,804,49.462034156852724,39.03234568571952,0.11565621831030626,-0.11565621831030626,0.0
7,805,49.476013597779,39.01836624479324,0.16393260021298772,-0.16393260021298772,0.0
7,806,49.4886307038787,39.005749138693545,0.08840952177955685,-0.08840952177955685,0.0
7,807,49.506074960097294,38.98830488247495,0.2604756025928907,-0.2604756025928907,0.0
7,808,49.541268317092545,38.9531115254797,0.4433915373117294,-0.4433915373117294,0.0
7,809,49.5802890115915,38.91409083098074,0.33702235266817837,-0.33702235266817837,0.0
7,810,49.61068082391989,38.88369901865235,0.27081389389915955,-0.27081389389915955,0.0
7,811,49.636130364196106,38.85824947837614,0.23817691162595978,-0.23817691162595978,0.0
7,812,49.66815610694266,38.82622373562958,0.4023379433019194,-0.4023379433019194,0.0
7,813,49.70984499881138,38.784534843760866,0.4314398940723265,-0.4314398940723265,0.0
7,814,49.745610146345825,38.74876969622642,0.2838630566164895,-0.2838630566164895,0.0
7,815,49.77122158175757,38.72315826081467,0.22836565161916766,-0.22836565161916766,0.0
7,816,49.783214499676205,38.71116534289604,0.011492706752683546,-0.011492706752683546,0.0
7,817,49.78931912182725,38.705060720744996,0.11059973626513653,-0.11059973626513653,0.0
7,818,49.80587608368137,38.688503758890874,0.2205395008144322,-0.2205395008144322,0.0
7,819,49.83977545195012,38.654604390622126,0.4574478645576683,-0.4574478645576683,0.0
7,820,49.86768240697734,38.626697435594906,0.10069123598632856,-0.10069123598632856,3.0
7,821,49.8650320572076,38.629347785364644,-0.15369823138233585,0.15369823138233585,0.0
7,822,49.858542146407444,38.6358376961648,0.02390001537592923,-0.02390001537592923,0.0
7,823,49.86760213850971,38.62677770406253,0.15729982666983489,-0.15729982666983489,0.0
7,824,49.88171437830897,38.61266546426327,0.12494496931481791,-0.12494496931481791,0.0
7,825,49.892033438073895,38.60234640449835,0.0814362259835626,-0.0814362259835626,0.0
7,826,49.9026515852172,38.591728257355044,0.130926716880019,-0.130926716880019,0.0
7,827,49.90198553981918,38.592394302753064,-0.1442476248432385,0.1442476248432385,0.0
7,828,49.88455287731813,38.609826965254115,-0.2044056251777988,0.2044056251777988,0.0
7,829,49.86251810231579,38.631861740256454,-0.23628987486887354,0.23628987486887354,0.0
7,830,49.831931423522974,38.66244841904927,-0.375443700988356,0.375443700988356,0.0
7,831,49.80192358133468,38.69245626123757,-0.22471314278070054,0.22471314278070054,0.0
7,832,49.776630110226506,38.71774973234574,-0.2811562793826283,0.2811562793826283,0.0
7,833,49.756747999215804,38.73763184335644,-0.11648594083438724,0.11648594083438724,0.0
7,834,49.755691653841495,38.73868818873075,0.09535903334616336,-0.09535903334616336,0.0
7,835,49.760105498635994,38.73427434393625,-0.007082137455885373,0.007082137455885373,0.0
7,836,49.74509406908078,38.749285773491465,-0.29314645364909,0.29314645364909,0.0
7,837,49.728589811467145,38.7657900311051,-0.03693869862527421,0.03693869862527421,0.0
7,838,49.71437045564721,38.78000938692503,-0.24744841777672733,0.24744841777672733,0.0
7,839,49.69524754400777,38.79913229856447,-0.1350098150114043,0.1350098150114043,0.0
7,840,49.684802365665746,38.8095774769065,-0.07389375183106495,0.07389375183106495,0.0
7,841,49.6738838846743,38.82049595789795,-0.14447586799830248,0.14447586799830248,0.0
7,842,49.67430406553967,38.82007577703257,0.15287948530371764,-0.15287948530371764,0.0
7,843,49.68970939354813,38.804670449024115,0.1552270748623279,-0.1552270748623279,0.0
7,844,49.71370841709222,38.78067142548002,0.3247533960168205,-0.3247533960168205,0.0
7,845,49.73442483129588,38.75995501127636,0.08957488805305047,-0.08957488805305047,0.0
7,846,49.75423542331396,38.740144419258286,0.3066369523071728,-0.3066369523071728,0.0
7,847,49.78040514277427,38.71397469979797,0.2167574368997407,-0.2167574368997407,0.0
7,848,49.79029813858665,38.704081703985594,-0.018897520655166034,0.018897520655166034,0.0
7,849,49.78681006425904,38.7075697783132,-0.05086396590069242,0.05086396590069242,0.0
7,850,49.792116095557276,38.70226374701497,0.15698459186429048,-0.15698459186429048,0.0
7,851,49.79501630278196,38.69936353979028,-0.09898044737307288,0.09898044737307288,0.0
7,852,49.78409496805307,38.710284874519175,-0.11944624720405983,0.11944624720405983,0.0
7,853,49.75782573004426,38.73655411252798,-0.4059385129747639,0.4059385129747639,0.0
7,854,49.72450099121261,38.769878851359636,-0.2605562636618721,0.2605562636618721,0.0
7,855,49.710358175441115,38.78402166713113,-0.022300051770116625,0.022300051770116625,0.0
7,856,49.7227456789974,38.771634163574845,0.27005012289651376,-0.27005012289651376,0.0
7,857,49.74213731911868,38.75224252345356,0.11778267952938037,-0.11778267952938037,0.0
7,858,49.768258593744804,38.72612124882744,0.404642812991554,-0.404642812991554,0.0
7,859,49.80728233207242,38.687097510499825,0.3758319535575474,-0.3758319535575474,0.0
7,860,49.837993639011074,38.65638620356117,0.23839418521722777,-0.23839418521722777,3.0
7,861,49.86022093135762,38.63415891121463,0.20615166171182508,-0.20615166171182508,0.0
7,862,49.87657204474294,38.6178077978293,0.12087060599181143,-0.12087060599181143,0.0
7,863,49.894083012785586,38.60029682978666,0.2293487548571136,-0.2293487548571136,0.0
7,864,49.91771919684811,38.57666064572413,0.24337492639076075,-0.24337492639076075,0.0
7,865,49.92315931046937,38.57122053210287,-0.13457265396574059,0.13457265396574059,3.0
7,866,49.90967091032985,38.58470893224239,-0.13519534882465223,0.13519534882465223,0.0
7,867,49.88641611038861,38.607963732183634,-0.32990065000010915,0.32990065000010915,0.0
7,868,49.86688549125665,38.62749435131559,-0.060711732638615956,0.060711732638615956,0.0
7,869,49.85127140542545,38.64310843714679,-0.25156998398573904,0.25156998398573904,0.0
7,870,49.84010370209762,38.65427614047462,0.02821591743078855,-0.02821591743078855,0.0
7,871,49.83568105033487,38.658698792237374,-0.11666895268329114,0.11666895268329114,0.0
7,872,49.8377045522966,38.65667529027564,0.15713899191912617,-0.15713899191912617,0.0
7,873,49.851928845052726,38.64245099751952,0.12734686320642297,-0.12734686320642297,0.0
7,874,49.87296138577972,38.621418456792526,0.2933039513346323,-0.2933039513346323,0.0
7,875,49.89367005391682,38.60070978865542,0.12086941141107133,-0.12086941141107133,0.0
7,876,49.894845088579586,38.59953475399266,-0.09736871815522363,0.09736871815522363,0.0
7,877,49.88121971626265,38.613160126309594,-0.17513872818006604,0.17513872818006604,0.0
7,878,49.86948356822177,38.624896274350476,-0.059584232634335876,0.059584232634335876,0.0
7,879,49.855249985460205,38.63912985711204,-0.2250874225972197,0.2250874225972197,0.0
7,880,49.83723452906361,38.657145313508636,-0.13522170533137512,0.13522170533137512,0.0
7,881,49.836019612750306,38.65836022982194,0.11092337906622518,-0.11092337906622518,0.0
7,882,49.83257108869839,38.661808753873856,-0.1798938601032809,0.1798938601032809,0.0
7,883,49.81531171975348,38.67906812281876,-0.16529351879089305,0.16529351879089305,0.0
7,884,49.80346757578968,38.69091226678256,-0.07158936048386266,0.07158936048386266,0.0
7,885,49.80095430729784,38.6934255352744,0.021323990650945035,-0.021323990650945035,0.0
7,886,49.814180303404555,38.68019953916769,0.24319593148699425,-0.24319593148699425,0.0
7,887,49.84338601533318,38.65099382723906,0.3409183070853139,-0.3409183070853139,0.0
7,888,49.86763902814073,38.626740814431514,0.14414194906704836,-0.14414194906704836,0.0
7,889,49.875215275079654,38.61916456749259,0.0073829897115693655,-0.0073829897115693655,0.0
7,890,49.88375834621161,38.610621496360636,0.16347843292933462,-0.16347843292933462,0.0
7,891,49.908598071520146,38.5857817710521,0.3333160732446352,-0.3333160732446352,0.0
7,892,49.9388749838422,38.555504858730046,0.2722221731950114,-0.2722221731950114,3.0
7,893,49.95160523970799,38.542774602864256,-0.01761705587885487,0.01761705587885487,3.0
7,894,49.94387062517808,38.550509217394165,-0.1370752347176456,0.1370752347176456,0.0
7,895,49.925811800618476,38.56856804195377,-0.22410125647139623,0.22410125647139623,0.0
7,896,49.902007254942646,38.5923725876296,-0.2519896570449127,0.2519896570449127,0.0
7,897,49.885715265361114,38.60866457721113,-0.0738501345840028,0.0738501345840028,0.0
7,898,49.88830410598007,38.606075736592175,0.125626946965685,-0.125626946965685,0.0
7,899,49.905395120013964,38.58898472255828,0.21619333371202742,-0.21619333371202742,0.0
7,900,49.917777112672184,38.57660272990006,0.031446519451304056,-0.031446519451304056,0.0
7,901,49.92361565941678,38.57076418315546,0.0853244154437185,-0.0853244154437185,0.0
7,902,49.931295184900364,38.56308465767188,0.06826609422942553,-0.06826609422942553,0.0
7,903,49.94315696948229,38.551222873089955,0.16896959740888917,-0.16896959740888917,0.0
7,904,49.95974218526294,38.534637657309304,0.16273471820310803,-0.16273471820310803,0.0
7,905,49.97368269675417,38.520697145818076,0.11607551162360252,-0.11607551162360252,0.0
7,906,49.99484776637678,38.499532076195464,0.3072258808317123,-0.3072258808317123,0.0
7,907,50.01957440022352,38.474805442348725,0.18730679610293066,-0.18730679610293066,3.0
7,908,50.02179671689987,38.47258312567237,-0.1428604625767136,0.1428604625767136,3.0
7,909,50.01405744078738,38.48032240178486,-0.01192505967354407,0.01192505967354407,0.0
7,910,50.00232715474158,38.492052687830665,-0.22268066124234664,0.22268066124234664,0.0
7,911,49.97187616730707,38.52250367526517,-0.3863390874498016,0.3863390874498016,0.0
7,912,49.92010361984035,38.574276222731896,-0.649111861883032,0.649111861883032,0.0
7,913,49.84730538292911,38.647074459643136,-0.806852876344248,0.806852876344248,0.0
7,914,49.76159869206458,38.73278115050766,-0.9072809409485565,0.9072809409485565,0.0
7,915,49.67361631924837,38.820763523323876,-0.8523665153741753,0.8523665153741753,0.0
7,916,49.575334874004966,38.91904496856728,-1.1132623894936025,1.1132623894936025,0.0
7,917,49.45080205296085,39.04357778961139,-1.3773940313879507,1.3773940313879507,0.0
7,918,49.310592281825166,39.18378756074708,-1.4268013913241901,1.4268013913241901,0.0
7,919,49.170464675820085,39.32391516675216,-1.3757507287759871,1.3757507287759871,0.0
7,920,49.02161264984693,39.472767192725314,-1.6012897906863053,1.6012897906863053,0.0
7,921,48.85322076921125,39.641159073360996,-1.7665478220296755,1.7665478220296755,0.0
7,922,48.67225290422175,39.82212693835049,-1.852809477761511,1.852809477761511,0.0
7,923,48.488622545039334,40.00575729753291,-1.819797705886323,1.819797705886323,0.0
7,924,48.32093771319114,40.1734421293811,-1.533898931078486,1.533898931078486,0.0
7,925,48.17895504017952,40.31542480239273,-1.3057545291554504,1.3057545291554504,0.0
7,926,48.05805509854167,40.43632474403057,-1.1122443036015959,1.1122443036015959,0.0
7,927,47.960926689203916,40.53345315336833,-0.830323883152726,0.830323883152726,0.0
7,928,47.86415696421159,40.630222878360655,-1.1050706166961746,1.1050706166961746,0.0
7,929,47.73975766706735,40.75462217550489,-1.382915326187959,1.382915326187959,0.0
7,930,47.6094585833614,40.88492125921084,-1.2230663479326296,1.2230663479326296,0.0
7,931,47.501723221835164,40.99265662073708,-0.9316408825902833,0.9316408825902833,0.0
7,932,47.398900389963046,41.0954794526092,-1.1248157548524347,1.1248157548524347,0.0
7,933,47.28424116173596,41.21013868083628,-1.1683688096903317,1.1683688096903317,0.0
7,934,47.16854084523084,41.32583899734141,-1.145637520414489,1.145637520414489,0.0
7,935,47.05717107472515,41.437208767847096,-1.0817578897015316,1.0817578897015316,0.0
7,936,46.95890620983073,41.535473632741514,-0.883539408186941,0.883539408186941,0.0
7,937,46.86301035276597,41.631369489806275,-1.0343777331099453,1.0343777331099453,0.0
7,938,46.767505768133105,41.72687407443914,-0.8757139595460295,0.8757139595460295,0.0
7,939,46.677529360209974,41.81685048236227,-0.9238141989160624,0.9238141989160624,0.0
7,940,46.57230854032491,41.92207130224733,-1.1806021987832942,1.1806021987832942,0.0
7,941,46.4518738066281,42.04250603594414,-1.2280924751553535,1.2280924751553535,0.0
7,942,46.332375000208,42.16200484236424,-1.1618836532489674,1.1618836532489674,0.0
7,943,46.223537684056055,42.27084215851619,-1.0148626697882328,1.0148626697882328,0.0
7,944,46.12870360249394,42.3656762400783,-0.8818189614523035,0.8818189614523035,0.0
7,945,46.03069186288326,42.463687979688984,-1.078415830760278,1.078415830760278,0.0
7,946,45.910384364177844,42.5839954783944,-1.3277341433493852,1.3277341433493852,0.0
7,947,45.779049623395395,42.71533021917685,-1.2989606722976035,1.2989606722976035,0.0
7,948,45.65377699555643,42.840602847015816,-1.2064918844808723,1.2064918844808723,0.0
7,949,45.54121606200965,42.95316378056259,-1.0447267864553424,1.0447267864553424,0.0
7,950,45.43407318605455,43.060306656517696,-1.0981307326464744,1.0981307326464744,0.0
7,951,45.31883852413125,43.17554131844099,-1.2065625058205391,1.2065625058205391,0.0
7,952,45.201528303651685,43.29285153892056,-1.1396419037698529,1.1396419037698529,0.0
7,953,45.099671026508986,43.39470881606326,-0.8975036390863487,0.8975036390863487,0.0
7,954,45.000021344196966,43.49435849837528,-1.0954900071550355,1.0954900071550355,0.0
7,955,44.89082507031776,43.60355477225448,-1.0884354704312464,1.0884354704312464,0.0
7,956,44.77371463327586,43.720665209296385,-1.2537732704052686,1.2537732704052686,0.0
7,957,44.64693164565847,43.847448196913774,-1.2818864819434452,1.2818864819434452,0.0
7,958,44.50609353369009,43.98828630888215,-1.5348757574257625,1.5348757574257625,0.0
7,959,44.34116308640455,44.153216756167694,-1.7637331882848564,1.7637331882848564,0.0
7,960,44.15299389720508,44.341385945367165,-1.999650595704118,1.999650595704118,0.0
7,961,43.9638195592197,44.53056028335254,-1.7838361640033327,1.7838361640033327,0.0
7,962,43.79388838394584,44.7004914586264,-1.614787341472347,1.614787341472347,0.0
7,963,43.63636837736158,44.858011465210666,-1.535612790214433,1.535612790214433,0.0
7,964,43.497108205385075,44.99727163718717,-1.2495906493177849,1.2495906493177849,0.0
7,965,43.37997938216063,45.114400460411616,-1.0929858151716694,1.0929858151716694,0.0
7,966,43.28090856205063,45.21347128052162,-0.888430587030772,0.888430587030772,0.0
7,967,43.17771421949533,45.316665623076915,-1.1754562640742954,1.1754562640742954,0.0
7,968,43.074567618214815,45.41981222435743,-0.8874757615351356,0.8874757615351356,0.0
7,969,42.994664259360206,45.49971558321204,-0.7105914155563795,0.7105914155563795,0.0
7,970,42.9089464095357,45.58543343303654,-1.0037655809322317,1.0037655809322317,0.0
7,971,42.795618462288076,45.69876138028417,-1.2627933640188118,1.2627933640188118,0.0
7,972,42.66274597450183,45.83163386807041,-1.3946563917076382,1.3946563917076382,0.0
7,973,42.535141750827506,45.95923809174474,-1.1574280817773932,1.1574280817773932,0.0
7,974,42.40582974541326,46.088550097158986,-1.4288120265064244,1.4288120265064244,0.0
7,975,42.269538982749964,46.22484085982228,-1.297003226759255,1.297003226759255,0.0
7,976,42.15156115376362,46.34281868880862,-1.0625533529693207,1.0625533529693207,0.0
7,977,42.051847053396386,46.44253278917586,-0.931728654375025,0.931728654375025,0.0
7,978,41.96108026971319,46.53329957285905,-0.8836070192898298,0.8836070192898298,0.0
7,979,41.871757479249936,46.62262236332231,-0.9028487899754616,0.9028487899754616,0.0
7,980,41.7941813873515,46.70019845522074,-0.6486730479930713,0.6486730479930713,0.0
7,981,41.72455080256577,46.76982904000647,-0.7439386477201886,0.7439386477201886,0.0
7,982,41.6502627118673,46.844117130704944,-0.7418231662476771,0.7418231662476771,0.0
7,983,41.588420023248545,46.9059598193237,-0.49503060612934036,0.49503060612934036,0.0
7,984,41.54456367815487,46.94981616441737,-0.3820962957445886,0.3820962957445886,0.0
7,985,41.499063594801555,46.99531624777069,-0.5279053713218929,0.5279053713218929,0.0
7,986,41.44550739294573,47.048872449626515,-0.5432186657971201,0.5432186657971201,0.0
7,987,41.40238879152366,47.09199105104858,-0.3191533626461194,0.3191533626461194,0.0
7,988,41.373653942791634,47.12072589978061,-0.25554361199446163,0.25554361199446163,0.0
7,989,41.35260356040703,47.14177628216521,-0.16546403569890344,0.16546403569890344,0.0
7,990,41.3390261049949,47.15535373757734,-0.10608507254304911,0.10608507254304911,0.0
7,991,41.32569851275366,47.16868132981858,-0.16046677227983608,0.16046677227983608,0.0
7,992,41.31705577029811,47.17732407227413,-0.01238807683015608,0.01238807683015608,0.0
7,993,41.32177180218855,47.17260804038369,0.10670871464028409,-0.10670871464028409,0.0
7,994,41.34091658554735,47.153463257024896,0.27618695253402237,-0.27618695253402237,0.0
7,995,41.37558812906195,47.11879171351029,0.41724391775868597,-0.41724391775868597,0.0
7,996,41.421837166966725,47.07254267560552,0.5077368403369604,-0.5077368403369604,0.0
7,997,41.45808663759294,47.0362932049793,0.21725257218888316,-0.21725257218888316,0.0
7,998,41.48326943423331,47.011110408338936,0.28640336061727467,-0.28640336061727467,0.0
7,999,41.514000090004856,46.98037975256739,0.3282097548130807,-0.3282097548130807,0.0
7,1000,41.547326313522944,46.9470535290493,0.3383147155471278,-0.3383147155471278,0.0
8,0,48.48286904452869,24.241434522264345,0.0,0.0,0.0
8,1,48.48010898069448,24.24419458609855,-0.055201276684126555,0.055201276684126555,3.0
8,2,48.47183164449869,24.252471922294337,-0.11034544723156081,0.11034544723156081,3.0
8,3,48.44382367904046,24.280479887752563,-0.449813861932963,0.449813861932963,3.0
8,4,48.369668163343626,24.354635403449404,-1.0332964520038672,1.0332964520038672,3.0
8,5,48.24049533748219,24.483808229310846,-1.550160065224956,1.550160065224956,3.0
8,6,48.064671604460976,24.65963196233205,-1.9663145951991616,1.9663145951991616,3.0
8,7,47.85099421196439,24.873309354828635,-2.307233254732532,2.307233254732532,3.0
8,8,47.59062629069083,25.133677276102198,-2.9001251707387397,2.9001251707387397,3.0
8,9,47.28182244243436,25.442481124358668,-3.2759517943906467,3.2759517943906467,3.0
8,10,46.94055863846094,25.783744928332098,-3.5493242850778834,3.5493242850778834,3.0
8,11,46.56311615499328,26.16118741179975,-3.9995253842752465,3.9995253842752465,3.0
8,12,46.15289001103411,26.571413555758923,-4.204997494908172,4.204997494908172,3.0
8,13,45.721083670779834,27.0032198960132,-4.431129310177381,4.431129310177381,3.0
8,14,45.27895439447063,27.445349172322402,-4.411456216006712,4.411456216006712,0.0
8,15,44.84938789473663,27.874915672056403,-4.179873778673265,4.179873778673265,0.0
8,16,44.43211746712072,28.292186099672307,-4.165534773644893,4.165534773644893,0.0
8,17,44.00655366052333,28.717749906269702,-4.345741358303011,4.345741358303011,0.0
8,18,43.572997495645794,29.15130607114724,-4.325381939247729,4.325381939247729,0.0
8,19,43.14442180003015,29.57988176676288,-4.2461319730651805,4.2461319730651805,0.0
8,20,42.70521031808826,30.019093248704767,-4.538097665772522,4.538097665772522,0.0
8,21,42.24603246408396,30.478271102709066,-4.645459414313473,4.645459414313473,0.0
8,22,41.7683707258453,30.955932840947725,-4.90777535045971,4.90777535045971,0.0
8,23,41.27840036278102,31.445903204012012,-4.891631910826037,4.891631910826037,0.0
8,24,40.78359705370488,31.940706513088156,-5.004434270696864,5.004434270696864,0.0
8,25,40.283883522154404,32.44042004463863,-4.98983636031266,4.98983636031266,0.0
8,26,39.790369970676196,32.933933596116844,-4.880434669251612,4.880434669251612,0.0
8,27,39.29747037639374,33.4268331903993,-4.977557216397532,4.977557216397532,0.0
8,28,38.8124127229745,33.91189084381854,-4.723595851987268,4.723595851987268,0.0
8,29,38.32511116544017,34.39919240135287,-5.022435298699376,5.022435298699376,0.0
8,30,37.822652905242805,34.901650661550235,-5.026729905247954,5.026729905247954,0.0
8,31,37.31164049888846,35.41266306790458,-5.193518221838998,5.193518221838998,0.0
8,32,36.80655698733693,35.917746579456114,-4.908152009191642,4.908152009191642,0.0
8,33,36.306391463884715,36.417912102908325,-5.095158459852652,5.095158459852652,0.0
8,34,35.78793814128069,36.936365425512356,-5.2739079922279455,5.2739079922279455,0.0
8,35,35.25944616069459,37.46485740609847,-5.295931619494269,5.295931619494269,0.0
8,36,34.73909800323429,37.985205563558765,-5.111031529711791,5.111031529711791,0.0
8,37,34.24371459938287,38.480588967410185,-4.796636547316602,4.796636547316602,-5.0
8,38,33.79481860866623,38.92948495812682,-4.181283267016003,4.181283267016003,-5.0
8,39,33.40641352699611,39.317890039796936,-3.586818366386405,3.586818366386405,-5.0
8,40,33.08606757831414,39.63823598847891,-2.820100607252906,2.820100607252906,-5.0
8,41,32.82428311130157,39.900020455491486,-2.4155887329987618,2.4155887329987618,-5.0
8,42,32.5915057961685,40.13279777062456,-2.2399575696627707,2.2399575696627707,0.0
8,43,32.372541019660446,40.35176254713261,-2.1393379604982172,2.1393379604982172,0.0
8,44,32.17004270937214,40.55426085742092,-1.9106282452678425,1.9106282452678425,0.0
8,45,31.985676257363636,40.73862730942942,-1.7767007949020677,1.7767007949020677,0.0
8,46,31.82284262803914,40.901460938753914,-1.4799717915878396,1.4799717915878396,-5.0
8,47,31.662222346843535,41.06208121994952,-1.7324338323243467,1.7324338323243467,0.0
8,48,31.51045245871488,41.213851108078174,-1.3029639302485947,1.3029639302485947,-5.0
8,49,31.419681535218274,41.30462203157478,-0.51245453968337,0.51245453968337,-5.0
8,50,31.364087324508375,41.36021624228468,-0.5994296745146936,0.5994296745146936,0.0
8,51,31.304499851205378,41.419803715587676,-0.5923197915452363,0.5923197915452363,0.0
8,52,31.244293863173425,41.480009703619636,-0.6117999690939282,0.6117999690939282,0.0
8,53,31.195848897693907,41.52845466909916,-0.3570993404965588,0.3570993404965588,0.0
8,54,31.172815302736012,41.551488264057056,-0.10357255866136583,0.10357255866136583,0.0
8,55,31.149781834689207,41.57452173210387,-0.35709680227480156,0.35709680227480156,0.0
8,56,31.124923066624802,41.599380500168266,-0.14007855901319033,0.14007855901319033,0.0
8,57,31.115469928323606,41.60883363846946,-0.048984207010777325,0.048984207010777325,0.0
8,58,31.104337346333097,41.61996622045997,-0.17366743279934838,0.17366743279934838,0.0
8,59,31.086625710653166,41.63767785613991,-0.18056528079937095,0.18056528079937095,0.0
8,60,31.078884549605704,41.64541901718737,0.02574205985007083,-0.02574205985007083,0.0
8,61,31.09232175113027,41.631981815662805,0.2430019706413109,-0.2430019706413109,0.0
8,62,31.108968479111965,41.61533508768111,0.08993258899263168,-0.08993258899263168,0.0
8,63,31.11180329330837,41.612500273484706,-0.03323630506457498,0.03323630506457498,0.0
8,64,31.101335989198176,41.6229675775949,-0.1761097771392528,0.1761097771392528,0.0
8,65,31.097599342403186,41.62670422438989,0.10137684123937696,-0.10137684123937696,0.0
8,66,31.104253155743336,41.620050411049746,0.031699425563576966,-0.031699425563576966,0.0
8,67,31.108530536362053,41.61577303043102,0.05384818681088355,-0.05384818681088355,0.0
8,68,31.102123741119726,41.62217982567334,-0.1819840916573412,0.1819840916573412,0.0
8,69,31.06990902942806,41.654394537365,-0.46231014217585553,0.46231014217585553,0.0
8,70,31.034110228832446,41.69019333796061,-0.2536658697362917,0.2536658697362917,0.0
8,71,30.997667525744973,41.72663604104808,-0.4751881920131744,0.4751881920131744,0.0
8,72,30.957811288811087,41.766492277981975,-0.3219365466646362,0.3219365466646362,0.0
8,73,30.926069165398886,41.79823440139418,-0.3129059215795671,0.3129059215795671,0.0
8,74,30.900108004756333,41.82419556203672,-0.20631729127121012,0.20631729127121012,0.0
8,75,30.882623914680963,41.841679652112106,-0.14336451023645225,0.14336451023645225,0.0
8,76,30.879997256409638,41.84430631038344,0.09083134480983546,-0.09083134480983546,0.0
8,77,30.892696818344106,41.83160674844897,0.16315989387957863,-0.16315989387957863,0.0
8,78,30.909129313886808,41.815174252906274,0.16549001697445753,-0.16549001697445753,0.0
8,79,30.939322255923216,41.78498131086985,0.43836882375395625,-0.43836882375395625,0.0
8,80,30.99559708914842,41.728706477644664,0.6871278407499126,-0.6871278407499126,0.0
8,81,31.056030125140452,41.66827344165263,0.5215328790907954,-0.5215328790907954,0.0
8,82,31.110854784709773,41.61344878208331,0.5749603122955644,-0.5749603122955644,0.0
8,83,31.15591786546416,41.568385701328936,0.32630130279205716,-0.32630130279205716,0.0
8,84,31.176992615024034,41.54731095176906,0.09519368840528841,-0.09519368840528841,0.0
8,85,31.1979986561267,41.5263049106664,0.32492713364817405,-0.32492713364817405,0.0
8,86,31.24378244484089,41.480521121952194,0.5907486406358604,-0.5907486406358604,0.0
8,87,31.30525111252483,41.41905245426824,0.6386247130431784,-0.6386247130431784,0.0
8,88,31.38302438901374,41.34127917777934,0.916840816734835,-0.916840816734835,0.0
8,89,31.47753358576857,41.2467699810245,0.9733431183619619,-0.9733431183619619,0.0
8,90,31.584613839065184,41.139689727727884,1.1682619475704907,-1.1682619475704907,0.0
8,91,31.699488097249414,41.02481546954367,1.1292232161139726,-1.1292232161139726,0.0
8,92,31.7992306455063,40.9250729212868,0.865627749023524,-0.865627749023524,0.0
8,93,31.89195000021884,40.832353566574255,0.9887593452274519,-0.9887593452274519,0.0
8,94,31.98103987055603,40.743263696237065,0.7930380615162935,-0.7930380615162935,0.0
8,95,32.073785178786906,40.65051838800619,1.061868103101217,-1.061868103101217,0.0
8,96,32.16500147133303,40.55930209546008,0.7624577478209993,-0.7624577478209993,0.0
8,97,32.232129025919335,40.49217454087379,0.5800933439047089,-0.5800933439047089,0.0
8,98,32.29474583077882,40.4295577360143,0.6722427532847224,-0.6722427532847224,0.0
8,99,32.35085177474119,40.373451792051924,0.4498761259624864,-0.4498761259624864,0.0
8,100,32.40810112235579,40.31620244443732,0.6951108263293051,-0.6951108263293051,0.0
8,101,32.48297107706793,40.24133248972518,0.8022882679131307,-0.8022882679131307,0.0
8,102,32.55095371661963,40.17334985017348,0.557364523120695,-0.557364523120695,0.0
8,103,32.59308350640063,40.13122006039248,0.28523127249889946,-0.28523127249889946,0.0
8,104,32.63391015792871,40.090393408864415,0.5313017580622219,-0.5313017580622219,0.0
8,105,32.6867249885444,40.03757857824871,0.5249948542515153,-0.5249948542515153,0.0
8,106,32.72600149709589,39.99830206969722,0.26053531677816366,-0.26053531677816366,0.0
8,107,32.74546219385684,39.97884137293627,0.12867861844046224,-0.12867861844046224,0.0
8,108,32.7491940343472,39.9751095324459,-0.05404180863328634,0.05404180863328634,0.0
8,109,32.75400148525142,39.97030208154166,0.15019082671773454,-0.15019082671773454,0.0
8,110,32.78180762556255,39.94249594123055,0.40593197950432547,-0.40593197950432547,0.0
8,111,32.82749435318118,39.89680921361192,0.5078025728680995,-0.5078025728680995,0.0
8,112,32.87103418838211,39.85326937841097,0.36299413115052204,-0.36299413115052204,0.0
8,113,32.91634248823297,39.80796107856011,0.5431718658664799,-0.5431718658664799,0.0
8,114,32.967513457777585,39.7567901090155,0.48024752502560375,-0.48024752502560375,0.0
8,115,33.02260693174816,39.701696635044925,0.6216219543854962,-0.6216219543854962,0.0
8,116,33.073894215298225,39.65040935149486,0.40412371661562574,-0.40412371661562574,0.0
8,117,33.101689525951514,39.62261404084157,0.15178249644991126,-0.15178249644991126,0.0
8,118,33.11065941417641,39.61364415261667,0.027615268047853192,-0.027615268047853192,0.0
8,119,33.10734948801172,39.61695407878136,-0.09381379134184087,0.09381379134184087,0.0
8,120,33.084886224383325,39.63941734240976,-0.35545148122624504,0.35545148122624504,0.0
8,121,33.04617422473717,39.678129342055925,-0.418788511697306,0.418788511697306,0.0
8,122,33.018599262640436,39.70570430415266,-0.13271073023780744,0.13271073023780744,0.0
8,123,32.99932670745818,39.7249768593349,-0.25274037340736477,0.25274037340736477,0.0
8,124,32.96550933811102,39.75879422868205,-0.42360701353596397,0.42360701353596397,0.0
8,125,32.92842027175183,39.795883295041236,-0.3181743136480719,0.3181743136480719,0.0
8,126,32.90574840677914,39.81855516001393,-0.13526298580598706,0.13526298580598706,0.0
8,127,32.88930348552657,39.8350000812665,-0.19363543924573712,0.19363543924573712,0.0
8,128,32.8835751547696,39.84072841202348,0.07906882410598648,-0.07906882410598648,0.0
8,129,32.87800778419563,39.84629578259744,-0.19041623558541154,0.19041623558541154,0.0
8,130,32.868815142842834,39.85548842395022,0.006563408529249415,-0.006563408529249415,0.0
8,131,32.86484007326493,39.859463493528125,-0.08606480008745088,0.08606480008745088,0.0
8,132,32.859324977275065,39.86497858951799,-0.024237119710187827,0.024237119710187827,0.0
8,133,32.86761520942429,39.85668835736877,0.1900417626945785,-0.1900417626945785,0.0
8,134,32.87513119591412,39.84917237087893,-0.039722032898401594,0.039722032898401594,0.0
8,135,32.87230570202689,39.85199786476616,-0.01678784484666984,0.01678784484666984,0.0
8,136,32.88086717064971,39.843436396143346,0.1880172173026171,-0.1880172173026171,0.0
8,137,32.89671030695669,39.82759325983636,0.12884550883705437,-0.12884550883705437,0.0
8,138,32.92123782507039,39.80306574172266,0.3617048534365015,-0.3617048534365015,0.0
8,139,32.95432385616655,39.7699797106265,0.30001576848617795,-0.30001576848617795,0.0
8,140,32.99862287873785,39.725680688055206,0.5859646829396521,-0.5859646829396521,0.0
8,141,33.04643814066378,39.67786542612927,0.3703405555789949,-0.3703405555789949,0.0
8,142,33.09595910910201,39.62834445769104,0.6200788131854207,-0.6200788131854207,0.0
8,143,33.16082157955702,39.56348198723603,0.6771705959145837,-0.6771705959145837,0.0
8,144,33.22215432084056,39.502149245952495,0.5494842297560272,-0.5494842297560272,0.0
8,145,33.277263774981805,39.44703979181125,0.5527048530688567,-0.5527048530688567,0.0
8,146,33.320909146310015,39.40339442048304,0.32020257349517145,-0.32020257349517145,0.0
8,147,33.34478813972754,39.37951542706551,0.15737729485491947,-0.15737729485491947,0.0
8,148,33.35479699651762,39.36950657027543,0.04279984094633882,-0.04279984094633882,0.0
8,149,33.36395813898562,39.36034542780743,0.14042300841323474,-0.14042300841323474,0.0
8,150,33.38849214252804,39.33581142426502,0.3502570624349701,-0.3502570624349701,0.0
8,151,33.419217457265006,39.30508610952805,0.26424923230403863,-0.26424923230403863,0.0
8,152,33.44112340014084,39.283180166652215,0.1738696252124292,-0.1738696252124292,0.0
8,153,33.454419237374395,39.26988432941866,0.09204711945821131,-0.09204711945821131,0.0
8,154,33.465428333254664,39.25887523353839,0.1281347981469132,-0.1281347981469132,0.0
8,155,33.46525731431444,39.25904625247861,-0.13155517695134122,0.13155517695134122,0.0
8,156,33.46681281250102,39.257490754292036,0.16266514068260385,-0.16266514068260385,0.0
8,157,33.49235406172923,39.231949505063824,0.34815984388111687,-0.34815984388111687,0.0
8,158,33.5268954158889,39.19740815090415,0.34266723931185616,-0.34266723931185616,0.0
8,159,33.57341813622821,39.15088543056484,0.587787167474092,-0.587787167474092,0.0
8,160,33.63004971954618,39.094253847246875,0.5448444988850056,-0.5448444988850056,0.0
8,161,33.673625412975355,39.0506781538177,0.3266693696983545,-0.3266693696983545,0.0
8,162,33.716810054797605,39.00749351199545,0.5370234667461826,-0.5370234667461826,0.0
8,163,33.76028727814656,38.96401628864649,0.33252100023290865,-0.33252100023290865,0.0
8,164,33.80167202462792,38.922631542165135,0.4951739293937898,-0.4951739293937898,0.0
8,165,33.85193958308881,38.87236398370425,0.510177239823701,-0.510177239823701,0.0
8,166,33.89092519453635,38.8333783722567,0.2695349891269423,-0.2695349891269423,0.0
8,167,33.90730649531645,38.81699707147661,0.05809102647499387,-0.05809102647499387,0.0
8,168,33.91797193585123,38.80633163094183,0.15521778422016475,-0.15521778422016475,0.0
8,169,33.927616399367395,38.79668716742566,0.037671486102844653,-0.037671486102844653,0.0
8,170,33.92843166556926,38.79587190122379,-0.02136616206569464,0.02136616206569464,0.0
8,171,33.93403413813101,38.79026942866204,0.1334156133002935,-0.1334156133002935,0.0
8,172,33.9438949434294,38.780408623363655,0.06380049266719823,-0.06380049266719823,0.0
8,173,33.96355321243408,38.760750354358976,0.32936488742596914,-0.32936488742596914,0.0
8,174,34.01122479543281,38.713078771360244,0.6240667725485629,-0.6240667725485629,0.0
8,175,34.08508132800026,38.6392222387928,0.8530638788001834,-0.8530638788001834,0.0
8,176,34.156931066851826,38.56737249994123,0.5839308982311078,-0.5839308982311078,0.0
8,177,34.20960199211916,38.51470157467392,0.4694876071149512,-0.4694876071149512,0.0
8,178,34.261597286836604,38.46270627995648,0.5704182872336627,-0.5704182872336627,0.0
8,179,34.3255489954598,38.39875457133326,0.7086158852304347,-0.7086158852304347,0.0
8,180,34.39112940821002,38.333174158583006,0.6029923697741317,-0.6029923697741317,0.0
8,181,34.461510688046275,38.26279287874672,0.8046332269510703,-0.8046332269510703,0.0
8,182,34.555978336284056,38.16832523050891,1.0847197378047362,-1.0847197378047362,0.0
8,183,34.6602535905694,38.06404997622357,1.0007853479019282,-1.0007853479019282,0.0
8,184,34.77146481804624,37.95283874874673,1.2234392016345268,-1.2234392016345268,0.0
8,185,34.90240846983434,37.8218950969586,1.3954338341277275,-1.3954338341277275,0.0
8,186,35.04454973627986,37.67975383051308,1.4473914947826536,-1.4473914947826536,0.0
8,187,35.194580074732556,37.529723492060384,1.5532152742711745,-1.5532152742711745,0.0
8,188,35.33583184618925,37.38847172060366,1.2718201548627697,-1.2718201548627697,0.0
8,189,35.454825264471566,37.269478302321374,1.108048210782842,-1.108048210782842,0.0
8,190,35.5563692959052,37.16793427088771,0.9228324178898326,-0.9228324178898326,0.0
8,191,35.64507829478325,37.07922527200964,0.8513475596713214,-0.8513475596713214,0.0
8,192,35.74303622798709,36.98126733880582,1.1078111044049876,-1.1078111044049876,0.0
8,193,35.84695639464624,36.87734717214667,0.9705922287777966,-0.9705922287777966,0.0
8,194,35.95044648270522,36.773857084087666,1.0992095324019449,-1.0992095324019449,0.0
8,195,36.06285108545248,36.661452481340376,1.148882522543401,-1.148882522543401,0.0
8,196,36.17903387677751,36.54526969001532,1.1747733039572719,-1.1747733039572719,0.0
8,197,36.29208733701833,36.4322162297745,1.086295900858989,-1.086295900858989,0.0
8,198,36.4129142083716,36.31138935842125,1.3302415262058087,-1.3302415262058087,0.0
8,199,36.55839135316691,36.16591221362597,1.5793013696997757,-1.5793013696997757,0.0
8,200,36.70814753593203,36.016156030860884,1.4158222856017488,-1.4158222856017488,0.0
8,201,36.86410317823774,35.86020038855517,1.7032905605122934,-1.7032905605122934,0.0
8,202,37.03454280044747,35.689760766345415,1.7055018836823983,-1.7055018836823983,0.0
8,203,37.21493452474053,35.509369042052356,1.9023326021785127,-1.9023326021785127,0.0
8,204,37.40241992001239,35.32188364678049,1.847375303258751,-1.847375303258751,0.0
8,205,37.59174210504574,35.132561461747116,1.9390683974089775,-1.9390683974089775,0.0
8,206,37.78221119384705,34.94209237294578,1.8703133786178494,-1.8703133786178494,0.0
8,207,37.96429908201105,34.7600044847818,1.7714443846620416,-1.7714443846620416,0.0
8,208,38.15180965099728,34.572493915795604,1.9787669950624327,-1.9787669950624327,0.0
8,209,38.344296272816166,34.380007293976746,1.8709654413150645,-1.8709654413150645,0.0
8,210,38.51907347855894,34.205230088233975,1.624578673540439,-1.624578673540439,0.0
8,211,38.68010209751009,34.044201469282825,1.5959937054827744,-1.5959937054827744,0.0
8,212,38.84291380291103,33.881389763881856,1.6602404025367523,-1.6602404025367523,0.0
8,213,39.01500673735006,33.70929682944282,1.7816182862443224,-1.7816182862443224,0.0
8,214,39.19805200103417,33.52625156575874,1.879286987437819,-1.879286987437819,0.0
8,215,39.375245246698285,33.34905832009463,1.6645779258445632,-1.6645779258445632,0.0
8,216,39.52674604135143,33.19755752544148,1.3654379672189076,-1.3654379672189076,0.0
8,217,39.65210757469919,33.072195992093725,1.141792699736266,-1.141792699736266,0.0
8,218,39.775086271019575,32.94921729577334,1.317781226671789,-1.317781226671789,0.0
8,219,39.908139755905154,32.81616381088776,1.343288471039907,-1.343288471039907,0.0
8,220,40.041047036957536,32.68325652983535,1.3148571500083506,-1.3148571500083506,0.0
8,221,40.17471087278176,32.549592694011125,1.3584195664763694,-1.3584195664763694,0.0
8,222,40.3067732736269,32.41753029316601,1.2828284504264822,-1.2828284504264822,0.0
8,223,40.431418088943985,32.29288547784893,1.2100678559152378,-1.2100678559152378,0.0
8,224,40.558143558281756,32.16616000851113,1.3244415308407973,-1.3244415308407973,0.0
8,225,40.68548112593703,32.038822440855824,1.2223098222653643,-1.2223098222653643,0.0
8,226,40.813433451487185,31.9108701153057,1.3367366887377,-1.3367366887377,0.0
8,227,40.944506898250836,31.779796668542076,1.2847322465352367,-1.2847322465352367,0.0
8,228,41.076378837525,31.64792472926794,1.3527065389480182,-1.3527065389480182,0.0
8,229,41.21739592287588,31.50690764391706,1.4676351680701494,-1.4676351680701494,0.0
8,230,41.354618431769666,31.369685135023303,1.2768150098052846,-1.2768150098052846,3.0
8,231,41.46686702579058,31.25743654100239,0.9681568706119617,-0.9681568706119617,3.0
8,232,41.544114648888126,31.180188917904843,0.5767955913386373,-0.5767955913386373,3.0
8,233,41.61421595050086,31.110087616292105,0.825230440915373,-0.825230440915373,0.0
8,234,41.69170335881279,31.03260020798018,0.724517725322892,-0.724517725322892,0.0
8,235,41.7610999082836,30.96320365850937,0.6634132640922932,-0.6634132640922932,3.0
8,236,41.813119998285686,30.911183568507283,0.37698853594963566,-0.37698853594963566,3.0
8,237,41.84753865490973,30.876764911883242,0.31138459653053907,-0.31138459653053907,0.0
8,238,41.88948950194521,30.834814064847762,0.5276323441785102,-0.5276323441785102,0.0
8,239,41.94935472462612,30.77494884216685,0.6696721094394018,-0.6696721094394018,0.0
8,240,41.99906729359077,30.7252362732022,0.32457926985267704,-0.32457926985267704,3.0
8,241,42.01198065985835,30.712322906934617,-0.0663119445003506,0.0663119445003506,3.0
8,242,42.01623947145981,30.708064095333157,0.15148817652986324,-0.15148817652986324,0.0
8,243,42.0261377388515,30.698165827941466,0.04647717130397133,-0.04647717130397133,0.0
8,244,42.030980498005306,30.693323068787663,0.05037801177181045,-0.05037801177181045,0.0
8,245,42.04290674602811,30.68139682076486,0.1881469486840608,-0.1881469486840608,0.0
8,246,42.07594600824643,30.648357558546536,0.4726382956817705,-0.4726382956817705,0.0
8,247,42.10336563150355,30.62093793528942,0.07575416946054325,-0.07575416946054325,3.0
8,248,42.10437635370482,30.619927213088147,-0.05553972543440899,0.05553972543440899,3.0
8,249,42.10209576041257,30.622207806380402,0.009927859588872323,-0.009927859588872323,0.0
8,250,42.11561672528671,30.608686841506255,0.2604914378939913,-0.2604914378939913,0.0
8,251,42.14532551677729,30.578978050015678,0.33368439191752763,-0.33368439191752763,0.0
8,252,42.16049432023419,30.563809246558776,-0.030308322779994512,0.030308322779994512,3.0
8,253,42.155992796280316,30.568310770512653,-0.05972215629710753,0.05972215629710753,3.0
8,254,42.13854822982296,30.58575533697001,-0.28916917285018684,0.28916917285018684,0.0
8,255,42.11176502231217,30.6125385444808,-0.2464949773653835,0.2464949773653835,0.0
8,256,42.09601311443936,30.62829045235361,-0.06854318009127525,0.06854318009127525,0.0
8,257,42.090104306473904,30.634199260319065,-0.04963297921798393,0.04963297921798393,0.0
8,258,42.09002519886195,30.634278367931017,0.04805082697925833,-0.04805082697925833,0.0
8,259,42.10148733930856,30.622816227484407,0.1811919819528267,-0.1811919819528267,0.0
8,260,42.130100017907694,30.594203548885275,0.3910615900293575,-0.3910615900293575,0.0
8,261,42.16631642847261,30.557987138320357,0.3332666212691233,-0.3332666212691233,3.0
8,262,42.19402334981078,30.53028021698219,0.2208718054943617,-0.2208718054943617,3.0
8,263,42.18700750165084,30.53729606514213,-0.36118876869348426,0.36118876869348426,3.0
8,264,42.144722878303355,30.579580688489614,-0.484503698256626,0.484503698256626,0.0
8,265,42.081554146980864,30.642749419812105,-0.7788709281936939,0.7788709281936939,0.0
8,266,42.013000243230465,30.711303323562504,-0.5922071468151362,0.5922071468151362,0.0
8,267,41.96117711935034,30.76312644744263,-0.4442553307876249,0.4442553307876249,0.0
8,268,41.92165006544042,30.80265350135255,-0.34628574741114093,0.34628574741114093,0.0
8,269,41.87628830352941,30.848015263263562,-0.5609494908099091,0.5609494908099091,0.0
8,270,41.81849911944005,30.90580444735292,-0.594834190978137,0.594834190978137,0.0
8,271,41.76502003601047,30.9592835307825,-0.47474747761397573,0.47474747761397573,0.0
8,272,41.72919003438716,30.99511353240581,-0.2418525548522492,0.2418525548522492,0.0
8,273,41.71919296847324,31.00511059831973,0.04191123657371065,-0.04191123657371065,0.0
8,274,41.71829292542549,31.00601064136748,-0.05991209752880877,0.05991209752880877,0.0
8,275,41.710554061302446,31.013749505490523,-0.09486518493284635,0.09486518493284635,0.0
8,276,41.69326368415727,31.031039882635696,-0.2509423579714216,0.2509423579714216,0.0
8,277,41.66045323103367,31.063850335759298,-0.4052667045016012,0.4052667045016012,0.0
8,278,41.63333378429701,31.09096978249596,-0.13712223023191683,0.13712223023191683,0.0
8,279,41.61176094681065,31.11254261998232,-0.2943345194959992,0.2943345194959992,0.0
8,280,41.57136577797672,31.152937788816246,-0.5135688571832517,0.5135688571832517,0.0
8,281,41.51454006091711,31.209763505875856,-0.6229454840096214,0.6229454840096214,0.0
8,282,41.43884189918697,31.285461667606,-0.8910177505934467,0.8910177505934467,0.0
8,283,41.33687324896954,31.38743031782343,-1.1483552537561135,1.1483552537561135,0.0
8,284,41.22635520562551,31.49794836116746,-1.062005613124569,1.062005613124569,0.0
8,285,41.13129404367004,31.59300952312293,-0.8392176259858299,0.8392176259858299,0.0
8,286,41.04221610300175,31.68208746379122,-0.9423411873804781,0.9423411873804781,0.0
8,287,40.942005662719964,31.782297904073005,-1.061867618256148,1.061867618256148,0.0
8,288,40.83032348319267,31.893980083600297,-1.171775972290181,1.171775972290181,0.0
8,289,40.721452718269006,32.00285084852396,-1.0056393261832266,1.0056393261832266,0.0
8,290,40.60604086177722,32.11826270501575,-1.302597803652537,1.302597803652537,0.0
8,291,40.48122697610751,32.24307659068546,-1.1936799097423005,1.1936799097423005,0.0
8,292,40.34779877672696,32.37650479006601,-1.474884077869186,1.474884077869186,0.0
8,293,40.19998831180834,32.52431525498463,-1.481325220503976,1.481325220503976,0.0
8,294,40.05706074772115,32.66724281907182,-1.3772260612408402,1.3772260612408402,0.0
8,295,39.916568801975075,32.807734764817894,-1.432612853681686,1.432612853681686,0.0
8,296,39.762433277657976,32.96187028913499,-1.6500976326607688,1.6500976326607688,0.0
8,297,39.597101328707765,33.127202238085204,-1.6565413463434755,1.6565413463434755,0.0
8,298,39.44416363794596,33.28013992884701,-1.402212468893035,1.402212468893035,0.0
8,299,39.28969847168196,33.43460509511101,-1.687090856387746,1.687090856387746,0.0
8,300,39.12819080066123,33.59611276613174,-1.5430625640272826,1.5430625640272826,0.0
8,301,38.973561221308444,33.750742345484525,-1.5495290230285281,1.5495290230285281,0.0
8,302,38.81952787710725,33.90477568968572,-1.5311378609956403,1.5311378609956403,0.0
8,303,38.66897196291518,34.05533160387779,-1.479980422846829,1.479980422846829,0.0
8,304,38.529206055662655,34.195097511130314,-1.31533772220366,1.31533772220366,0.0
8,305,38.40740554971143,34.31689801708154,-1.1206723968216696,1.1206723968216696,0.0
8,306,38.300605275964756,34.42369829082821,-1.0153330781121763,1.0153330781121763,0.0
8,307,38.20273258101838,34.52157098577459,-0.942120820816065,0.942120820816065,0.0
8,308,38.09749168118799,34.62681188560498,-1.1626971757920082,1.1626971757920082,0.0
8,309,37.98321857347304,34.74108499331993,-1.1227649785073712,1.1227649785073712,0.0
8,310,37.87927146886477,34.8450320979282,-0.9561771136584998,0.9561771136584998,0.0
8,311,37.78425304290448,34.94005052388849,-0.9441914055477891,0.9441914055477891,0.0
8,312,37.689480444035894,35.034823122757075,-0.9512605718249834,0.9512605718249834,0.0
8,313,37.601088254857245,35.12321531193572,-0.816583211748334,0.816583211748334,0.0
8,314,37.532515792539755,35.191787774253214,-0.554866034602389,0.554866034602389,0.0
8,315,37.48213447728307,35.2421690895099,-0.4527602705321474,0.4527602705321474,0.0
8,316,37.444966690436445,35.279336876356524,-0.29059546640045575,0.29059546640045575,0.0
8,317,37.424155446351506,35.30014812044146,-0.1256294152985511,0.1256294152985511,0.0
8,318,37.41406105774507,35.310242509047896,-0.07625835683036009,0.07625835683036009,0.0
8,319,37.418658821183385,35.305644745609584,0.16821362559656095,-0.16821362559656095,0.0
8,320,37.43786832608714,35.28643524070583,0.21597647247778795,-0.21597647247778795,0.0
8,321,37.46909364375108,35.25520992304189,0.4085298808002804,-0.4085298808002804,0.0
8,322,37.49564219844831,35.22866136834466,0.1224412131432473,-0.1224412131432473,0.0
8,323,37.52085747287373,35.20344609391924,0.38186427536505363,-0.38186427536505363,0.0
8,324,37.56943666219087,35.1548669046021,0.5897195109775275,-0.5897195109775275,0.0
8,325,37.62361299500952,35.100690571783446,0.49380714539521975,-0.49380714539521975,0.0
8,326,37.661947344379314,35.062356222413655,0.2728798419997389,-0.2728798419997389,0.0
8,327,37.68794292762112,35.036360639171846,0.24703182283629488,-0.24703182283629488,0.0
8,328,37.71692544245832,35.00737812433465,0.3326184739073703,-0.3326184739073703,0.0
8,329,37.75745597222175,34.96684759457122,0.47799212136099456,-0.47799212136099456,0.0
8,330,37.8028775480023,34.92142601879067,0.43043939424990185,-0.43043939424990185,0.0
8,331,37.85920243360698,34.86510113318599,0.696058317842823,-0.696058317842823,0.0
8,332,37.92750509742905,34.79679846936392,0.6699949585984868,-0.6699949585984868,0.0
8,333,38.00110220035481,34.72320136643816,0.8019470999165677,-0.8019470999165677,0.0
8,334,38.08951515197225,34.63478841482072,0.9663119324319638,-0.9663119324319638,0.0
8,335,38.19564967202007,34.5286538947729,1.156378468524224,-1.156378468524224,0.0
8,336,38.312387132326705,34.411916434466264,1.1783707376083257,-1.1783707376083257,0.0
8,337,38.41976905974565,34.30453450704732,0.9692678107694661,-0.9692678107694661,0.0
8,338,38.50483847914683,34.21946508764614,0.7321205772534221,-0.7321205772534221,0.0
8,339,38.574782281056116,34.14952128573685,0.6667554609315616,-0.6667554609315616,0.0
8,340,38.631916914784256,34.09238665200871,0.4759372136304023,-0.4759372136304023,0.0
8,341,38.67171538201791,34.05258818477506,0.32003213104178485,-0.32003213104178485,0.0
8,342,38.70197762222307,34.0223259445699,0.28521267306080134,-0.28521267306080134,0.0
8,343,38.734625929797744,33.989677636995225,0.3677534784323022,-0.3677534784323022,0.0
8,344,38.77557830883677,33.9487252579562,0.45129410234749656,-0.45129410234749656,0.0
8,345,38.828128312946035,33.896175253846934,0.5997059798369158,-0.5997059798369158,0.0
8,346,38.890404495309156,33.83389907148381,0.6458176674250105,-0.6458176674250105,0.0
8,347,38.964665078310816,33.75963848848215,0.8393939926081231,-0.8393939926081231,0.0
8,348,39.058928364902556,33.66537520189041,1.0458717392261683,-1.0458717392261683,0.0
8,349,39.15386801438473,33.57043555240824,0.8529212504170935,-0.8529212504170935,0.0
8,350,39.237689184078306,33.48661438271466,0.8235021434543626,-0.8235021434543626,0.0
8,351,39.31925583854121,33.40504772825176,0.8078309458028841,-0.8078309458028841,0.0
8,352,39.38865996375773,33.33564360303524,0.5802515585271841,-0.5802515585271841,0.0
8,353,39.44720612015766,33.27709744663531,0.5906715694710094,-0.5906715694710094,0.0
8,354,39.49484667352101,33.229456893272015,0.36213949779449806,-0.36213949779449806,0.0
8,355,39.52809454762274,33.19620901917028,0.30281798423948914,-0.30281798423948914,0.0
8,356,39.54438779702093,33.179915769772094,0.023047003723458914,-0.023047003723458914,0.0
8,357,39.55901204980063,33.1652915169924,0.2694380518700328,-0.2694380518700328,0.0
8,358,39.582769486674465,33.14153408011856,0.2057106856055917,-0.2057106856055917,0.0
8,359,39.60842599587289,33.11587757092019,0.30741949836144045,-0.30741949836144045,0.0
8,360,39.633300036705464,33.09100353008762,0.19006131828912842,-0.19006131828912842,0.0
8,361,39.65758954336928,33.066714023423856,0.29572881498577175,-0.29572881498577175,0.0
8,362,39.701289355550216,33.02301421124292,0.5782674286328344,-0.5782674286328344,0.0
8,363,39.74792123116828,32.97638233562492,0.3543700837269448,-0.3543700837269448,0.0
8,364,39.791372306318976,32.93293126047416,0.5146514192871336,-0.5146514192871336,0.0
8,365,39.836431414236074,32.887872152557065,0.3865307390542938,-0.3865307390542938,0.0
8,366,39.88644583279802,32.837857733995065,0.613757632185095,-0.613757632185095,0.0
8,367,39.96023300619612,32.76407056059696,0.8619858357761814,-0.8619858357761814,0.0
8,368,40.044863873421946,32.67943969337114,0.8306315087400549,-0.8306315087400549,0.0
8,369,40.13636862005313,32.587934946740006,0.999463423882208,-0.999463423882208,0.0
8,370,40.23637576755618,32.4879277992369,1.0006795261790238,-1.0006795261790238,0.0
8,371,40.35043280053827,32.37387076625481,1.28046113346252,-1.28046113346252,0.0
8,372,40.48183921999896,32.24246434679412,1.3476672557510447,-1.3476672557510447,0.0
8,373,40.63136653485384,32.0929370319393,1.6428790413453527,-1.6428790413453527,0.0
8,374,40.80990237026015,31.914401196532992,1.9278376667806931,-1.9278376667806931,0.0
8,375,40.99183363827649,31.73246992851665,1.7107876935467807,-1.7107876935467807,3.0
8,376,41.13500619163699,31.58929737515615,1.1526633736631027,-1.1526633736631027,3.0
8,377,41.236117216884736,31.488186349908403,0.8695571312910886,-0.8695571312910886,3.0
8,378,41.317075537194,31.40722802959914,0.7496092748935688,-0.7496092748935688,0.0
8,379,41.377604357240216,31.346699209552867,0.4609671260303614,-0.4609671260303614,0.0
8,380,41.43815272668121,31.286150840111873,0.7500002627880278,-0.7500002627880278,0.0
8,381,41.50451113333122,31.219792433461805,0.5771678702117136,-0.5771678702117136,0.0
8,382,41.559895163586816,31.16440840320621,0.5305127348993821,-0.5305127348993821,0.0
8,383,41.613654206796696,31.11064935999633,0.5446681292967419,-0.5446681292967419,0.0
8,384,41.658490440770834,31.065813126022135,0.35205655018605597,-0.35205655018605597,0.0
8,385,41.68828191167461,31.036021655118418,0.2437728678876674,-0.2437728678876674,0.0
8,386,41.70421845661144,31.020085110181583,0.07495803084850294,-0.07495803084850294,0.0
8,387,41.70008855331503,31.024215013478,-0.15755609677778537,0.15755609677778537,0.0
8,388,41.68082305547432,31.043480511318705,-0.22775386003691622,0.22775386003691622,0.0
8,389,41.65063998609105,31.07366358070192,-0.375907527628776,0.375907527628776,0.0
8,390,41.60726417677358,31.117039390019443,-0.49160865872242354,0.49160865872242354,0.0
8,391,41.551295476464475,31.17300809032855,-0.6277653474602545,0.6277653474602545,0.0
8,392,41.48586372383909,31.23843984295388,-0.6808697050475665,0.6808697050475665,0.0
8,393,41.408723161381204,31.315580405411765,-0.8619415441117333,0.8619415441117333,0.0
8,394,41.331188520115006,31.393115046677963,-0.688751281214266,0.688751281214266,0.0
8,395,41.26853761552036,31.45576595127261,-0.5642668106797757,0.5642668106797757,0.0
8,396,41.20277362066304,31.52152994612993,-0.7510130864679851,0.7510130864679851,0.0
8,397,41.11790728953292,31.606396277260046,-0.9463135361346389,0.9463135361346389,0.0
8,398,41.02417604264531,31.70012752414766,-0.9283114016179539,0.9283114016179539,0.0
8,399,40.9408321089669,31.783471457826067,-0.738567271950668,0.738567271950668,0.0
8,400,40.87297699997055,31.851326566822422,-0.6185349079764642,0.6185349079764642,0.0
8,401,40.80777548008382,31.91652808670915,-0.6854954897596315,0.6854954897596315,0.0
8,402,40.73342819489369,31.99087537189928,-0.801450214044749,0.801450214044749,0.0
8,403,40.652650785805804,32.071652780987165,-0.8140979677135896,0.8140979677135896,0.0
8,404,40.57150280830183,32.15280075849114,-0.8088615823670899,0.8088615823670899,0.0
8,405,40.48526273781533,32.239040828977636,-0.9159398273640633,0.9159398273640633,0.0
8,406,40.38295043035703,32.34135313643594,-1.130306321802232,1.130306321802232,0.0
8,407,40.258384699880594,32.465918866912375,-1.3610082877285432,1.3610082877285432,0.0
8,408,40.1202509569772,32.60405260981577,-1.401666570340529,1.401666570340529,0.0
8,409,39.96914804910443,32.755155517688536,-1.6203915871163694,1.6203915871163694,0.0
8,410,39.798795078384614,32.925508488408354,-1.7866678272814855,1.7866678272814855,0.0
8,411,39.62159210920436,33.10271145758861,-1.7573915563257252,1.7573915563257252,0.0
8,412,39.44574154082409,33.27856202596888,-1.759619811281496,1.759619811281496,0.0
8,413,39.272109433490414,33.452194133302555,-1.7130223353933758,1.7130223353933758,0.0
8,414,39.09281054485757,33.6314930219354,-1.8729554372653503,1.8729554372653503,0.0
8,415,38.91922277580534,33.80508079098763,-1.5987999437795253,1.5987999437795253,0.0
8,416,38.77234594869856,33.95195761809441,-1.3387365983565047,1.3387365983565047,0.0
8,417,38.638147085076525,34.08615648171644,-1.3452406740843124,1.3452406740843124,0.0
8,418,38.51137289794906,34.21293066884391,-1.1902430684665433,1.1902430684665433,0.0
8,419,38.3799397832654,34.34436378352757,-1.4384192252067134,1.4384192252067134,0.0
8,420,38.23443230522901,34.48987126156396,-1.4717303355219826,1.4717303355219826,0.0
8,421,38.07488678616426,34.64941678062871,-1.7191800457735056,1.7191800457735056,0.0
8,422,37.893542089956895,34.830761476836074,-1.9077138783742136,1.9077138783742136,0.0
8,423,37.7000660451979,35.02423752159507,-1.961807016805702,1.961807016805702,0.0
8,424,37.5139543032609,35.210349263532066,-1.7604278219358793,1.7604278219358793,0.0
8,425,37.332849325365146,35.39145424142782,-1.8616717359808828,1.8616717359808828,0.0
8,426,37.13273939651219,35.591564170280776,-2.1405268410802165,2.1405268410802165,0.0
8,427,36.90735873144456,35.81694483534841,-2.367086460274148,2.367086460274148,0.0
8,428,36.670615950577485,36.053687616215484,-2.3677691570675687,2.3677691570675687,0.0
8,429,36.43975894585935,36.284544620933616,-2.2493709372950477,2.2493709372950477,0.0
8,430,36.227064180989146,36.49723938580382,-2.0045243601091975,2.0045243601091975,0.0
8,431,36.02053205567631,36.703771511116656,-2.1261181461482295,2.1261181461482295,0.0
8,432,35.81882663984857,36.9054769269444,-1.9079901704066433,1.9079901704066433,0.0
8,433,35.61743442830948,37.10686913848349,-2.1198540603768716,2.1198540603768716,0.0
8,434,35.39298710093442,37.33131646585855,-2.369092487124382,2.369092487124382,0.0
8,435,35.16387331696137,37.5604302498316,-2.2131831923365066,2.2131831923365066,0.0
8,436,34.946285933458284,37.778017633334684,-2.1385644777271864,2.1385644777271864,0.0
8,437,34.732739346905646,37.99156421988732,-2.132367253326466,2.132367253326466,0.0
8,438,34.518622953845465,38.2056806129475,-2.1499606078787856,2.1499606078787856,0.0
8,439,34.290484055999286,38.43381951079368,-2.412817349045529,2.412817349045529,0.0
8,440,34.03939692671031,38.68490664008266,-2.6089252367360523,2.6089252367360523,0.0
8,441,33.78305659256296,38.94124697423001,-2.5178814462129306,2.5178814462129306,0.0
8,442,33.5221515888619,39.20215197793107,-2.700218627808461,2.700218627808461,0.0
8,443,33.23954992370875,39.48475364308422,-2.951814675255182,2.951814675255182,0.0
8,444,32.92990560543058,39.79439796136239,-3.2410716903100756,3.2410716903100756,0.0
8,445,32.618418470242204,40.105885096550765,-2.9886710134576564,2.9886710134576564,-5.0
8,446,32.35552962396014,40.36877394283283,-2.26910591218428,2.26910591218428,-5.0
8,447,32.15415985930633,40.570143707486636,-1.7582893808920836,1.7582893808920836,-5.0
8,448,31.97284915820603,40.75145440858694,-1.8679246411150725,1.8679246411150725,0.0
8,449,31.78820459133692,40.93609897545605,-1.8249666962671984,1.8249666962671984,0.0
8,450,31.63442412213999,41.08987944465298,-1.2506426876709664,1.2506426876709664,-5.0
8,451,31.541592322032898,41.18271124476007,-0.6059933144696217,0.6059933144696217,-5.0
8,452,31.46719920572309,41.25710436106988,-0.8818690117284298,0.8818690117284298,0.0
8,453,31.38749227983749,41.33681128695548,-0.7122695059849562,0.7122695059849562,0.0
8,454,31.320797150267254,41.403506416525715,-0.6216330854203367,0.6216330854203367,0.0
8,455,31.246519801719273,41.477783765073696,-0.8639138855412885,0.8639138855412885,0.0
8,456,31.174577849443722,41.54972571734925,-0.5749251599700411,0.5749251599700411,0.0
8,457,31.115375432495284,41.608928134297685,-0.6091231789990328,0.6091231789990328,0.0
8,458,31.05867954943028,41.66562401736269,-0.5247944823025232,0.5247944823025232,0.0
8,459,30.998434090176943,41.725869476616026,-0.6801147027642802,0.6801147027642802,0.0
8,460,30.927639152815118,41.79666441397785,-0.7357840444743626,0.7357840444743626,0.0
8,461,30.88783071603507,41.8364728507579,-0.06038469112673006,0.06038469112673006,-5.0
8,462,30.896160347695513,41.828143219097456,0.2269773243343831,-0.2269773243343831,0.0
8,463,30.913645666838306,41.81065789995466,0.12272905852156946,-0.12272905852156946,0.0
8,464,30.938157709044958,41.78614585774801,0.36751178561082654,-0.36751178561082654,0.0
8,465,30.9637659349346,41.76053763185837,0.14465273218132424,-0.14465273218132424,0.0
8,466,30.9704815055469,41.75382206124607,-0.01034131993536036,0.01034131993536036,0.0
8,467,30.979260311573512,41.74504325521946,0.18591744046710446,-0.18591744046710446,0.0
8,468,30.988070352715454,41.736233214077515,-0.009716617629205615,0.009716617629205615,0.0
8,469,31.001171405882133,41.723132160910836,0.27173768096191253,-0.27173768096191253,0.0
8,470,31.03547180985936,41.68883175693361,0.41427039858310977,-0.41427039858310977,0.0
8,471,31.063918343129558,41.66038522366341,0.15466026682113743,-0.15466026682113743,0.0
8,472,31.085089880550527,41.63921368624244,0.26877048159719585,-0.26877048159719585,0.0
8,473,31.104519383285265,41.619784183507704,0.11981957309821745,-0.11981957309821745,0.0
8,474,31.103303605377505,41.620999961415464,-0.1441351312542647,0.1441351312542647,0.0
8,475,31.080316942616378,41.64398662417659,-0.3155981239678436,0.3155981239678436,0.0
8,476,31.037649206032256,41.68665436076071,-0.5377566077151865,0.5377566077151865,0.0
8,477,30.976118410638833,41.748185156154136,-0.6928593001524028,0.6928593001524028,0.0
8,478,30.906901089678513,41.817402477114456,-0.6914871190552159,0.6914871190552159,0.0
8,479,30.864278594672783,41.860024972120186,-0.16096278105895934,0.16096278105895934,-5.0
8,480,30.834466594293986,41.88983697249898,-0.4352772265156819,0.4352772265156819,0.0
8,481,30.79397253555294,41.93033103124003,-0.37460394830426047,0.37460394830426047,0.0
8,482,30.789272820794622,41.93503074599835,0.2806096531358335,-0.2806096531358335,-5.0
8,483,30.802705471316813,41.921598095476156,-0.011956642693283115,0.011956642693283115,0.0
8,484,30.814484030052313,41.909819536740656,0.24752781740315477,-0.24752781740315477,0.0
8,485,30.847076928884235,41.877226637908734,0.40433015923378335,-0.40433015923378335,0.0
8,486,30.885096639559606,41.83920692723336,0.356064054273876,-0.356064054273876,0.0
8,487,30.906964802345556,41.81733876444741,0.08129920144420666,-0.08129920144420666,0.0
8,488,30.90627541425988,41.81802815253309,-0.09508696315743848,0.09508696315743848,0.0
8,489,30.909130146845882,41.81517341994709,0.1521816148764401,-0.1521816148764401,0.0
8,490,30.92022965591366,41.80407391087931,0.06980856647756539,-0.06980856647756539,0.0
8,491,30.914867406637086,41.80943616015588,-0.17705355200960327,0.17705355200960327,0.0
8,492,30.90877781035715,41.81552575643582,0.05526162640966703,-0.05526162640966703,0.0
8,493,30.92300323544282,41.80130033135015,0.2292468753040353,-0.2292468753040353,0.0
8,494,30.951051236363583,41.773252330429386,0.33171314310979305,-0.33171314310979305,0.0
8,495,30.987727418089094,41.736576148703875,0.4018104914002443,-0.4018104914002443,0.0
8,496,31.027276418290512,41.69702714850246,0.38916951262854127,-0.38916951262854127,0.0
8,497,31.05225745145026,41.67204611534271,0.11045115056471211,-0.11045115056471211,0.0
8,498,31.059144061369125,41.665159505423844,0.027281047811708703,-0.027281047811708703,0.0
8,499,31.060880358698455,41.663423208094514,0.007444898775180064,-0.007444898775180064,0.0
8,500,31.055836500146256,41.66846706664671,-0.10832206982049719,0.10832206982049719,0.0
8,501,31.044192603928764,41.680110962864205,-0.12455585452949158,0.12455585452949158,0.0
8,502,31.042572500024335,41.681731066768634,0.09215377643935874,-0.09215377643935874,0.0
8,503,31.04722010517139,41.67708346162158,0.0007983265000870432,-0.0007983265000870432,0.0
8,504,31.054555242571155,41.669748324221814,0.14590442149427396,-0.14590442149427396,0.0
8,505,31.070125743174458,41.65417782361851,0.165505590572133,-0.165505590572133,0.0
8,506,31.072780558379122,41.65152300841385,-0.11240928647928072,0.11240928647928072,0.0
8,507,31.054579444690376,41.66972412210259,-0.2516129872964239,0.2516129872964239,0.0
8,508,31.016232681485576,41.70807088530739,-0.5153222768005055,0.5153222768005055,0.0
8,509,30.953494905524735,41.770808661268234,-0.7394332424159913,0.7394332424159913,0.0
8,510,30.907245452921302,41.81705811387167,-0.1855558096533514,0.1855558096533514,-5.0
8,511,30.899415662585284,41.824887904207685,0.028960002934104168,-0.028960002934104168,0.0
8,512,30.90248407534216,41.82181949145081,0.03240825220267318,-0.03240825220267318,0.0
8,513,30.912635941939925,41.811667624853044,0.1706290797526595,-0.1706290797526595,0.0
8,514,30.932494035176774,41.791809531616195,0.22653278498391316,-0.22653278498391316,0.0
8,515,30.967910326020387,41.75639324077258,0.4817930318890582,-0.4817930318890582,0.0
8,516,31.005612539416006,41.71869102737696,0.27225123602354095,-0.27225123602354095,0.0
8,517,31.0261369747152,41.69816659207777,0.13823746996088282,-0.13823746996088282,0.0
8,518,31.03788787315102,41.68641569364195,0.09678049875652661,-0.09678049875652661,0.0
8,519,31.038914381363725,41.685389185429244,-0.07625033450304919,0.07625033450304919,0.0
8,520,31.036167459130866,41.6881361076621,0.021311889846717946,-0.021311889846717946,0.0
8,521,31.027713375381154,41.696590191411815,-0.1903935648404005,0.1903935648404005,0.0
8,522,30.994925440605925,41.729378126187044,-0.46536513066356555,0.46536513066356555,0.0
8,523,30.952447307650345,41.77185625914262,-0.38419752844855815,0.38419752844855815,0.0
8,524,30.906864399130654,41.817439167662315,-0.5274606419451686,0.5274606419451686,0.0
8,525,30.868783118047986,41.85552044874498,-0.2341649797081402,0.2341649797081402,0.0
8,526,30.83962955743732,41.88467400935565,-0.3489062325041772,0.3489062325041772,0.0
8,527,30.801274664210382,41.92302890258259,-0.4181916320336754,0.4181916320336754,0.0
8,528,30.74876127698826,41.97554228980471,-0.6320761124078231,0.6320761124078231,0.0
8,529,30.695909462942154,42.028394103850815,-0.42496016851293206,0.42496016851293206,-5.0
8,530,30.689488621948954,42.034814944844015,0.2965433486493545,-0.2965433486493545,-5.0
8,531,30.714059954165805,42.010243612627164,0.19488329568796559,-0.19488329568796559,0.0
8,532,30.726300693909707,41.99800287288326,0.049931499188980766,-0.049931499188980766,0.0
8,533,30.728517892219884,41.995785674573085,-0.005587532984572263,0.005587532984572263,0.0
8,534,30.738874038456174,41.985429528336795,0.21271045770923713,-0.21271045770923713,0.0
8,535,30.767529891084905,41.956773675708064,0.3604065948662445,-0.3604065948662445,0.0
8,536,30.81067279669628,41.91363077009669,0.5024515173622284,-0.5024515173622284,0.0
8,537,30.873403414587642,41.85090015220533,0.7521608404637945,-0.7521608404637945,0.0
8,538,30.954646011703403,41.769657555089566,0.872691101851375,-0.872691101851375,0.0
8,539,31.04774708641594,41.67655648037703,0.9893303923991095,-0.9893303923991095,0.0
8,540,31.15915536219586,41.56514820459711,1.238835123200042,-1.238835123200042,0.0
8,541,31.28846674057445,41.43583682621852,1.3473924443710636,-1.3473924443710636,0.0
8,542,31.409547076240983,41.314756490551986,1.0742142689601,-1.0742142689601,0.0
8,543,31.51788640061602,41.20641716617695,1.0925722185396722,-1.0925722185396722,0.0
8,544,31.632713994138385,41.091589572654584,1.203979651907142,-1.203979651907142,0.0
8,545,31.74549463507276,40.97880893172021,1.0516331667793501,-1.0516331667793501,0.0
8,546,31.86517772111972,40.85912584567325,1.342028554159615,-1.342028554159615,0.0
8,547,32.00999051871463,40.71431304807834,1.5542273977393677,-1.5542273977393677,0.0
8,548,32.15549452756795,40.568809039225016,1.3558527793277175,-1.3558527793277175,0.0
8,549,32.298593545347444,40.425710021445525,1.506127576261937,-1.506127576261937,0.0
8,550,32.46143953269143,40.26286403410154,1.7507921706175207,-1.7507921706175207,0.0
8,551,32.64737942590659,40.076924140886376,1.9680056936861678,-1.9680056936861678,0.0
8,552,32.84867754865468,39.87562601813829,2.0579567612743563,-2.0579567612743563,0.0
8,553,33.04325256464233,39.68105100215064,1.8335435584778317,-1.8335435584778317,0.0
8,554,33.22344395841719,39.50085960837578,1.7702843170191969,-1.7702843170191969,0.0
8,555,33.405897070987066,39.3184064958059,1.8787779343787854,-1.8787779343787854,0.0
8,556,33.57999881168371,39.14430475510926,1.6032568795538946,-1.6032568795538946,0.0
8,557,33.7508382928321,38.97346527396087,1.8135327434146085,-1.8135327434146085,0.0
8,558,33.941035055230145,38.783268511562824,1.990402504545358,-1.990402504545358,0.0
8,559,34.13116413209832,38.59313943469465,1.8121790328182872,-1.8121790328182872,0.0
8,560,34.30496504531834,38.41933852147463,1.6638392315811306,-1.6638392315811306,0.0
8,561,34.467327845151885,38.25697572164108,1.5834167650900905,-1.5834167650900905,0.0
8,562,34.62574601814845,38.09855754864452,1.5849466948398767,-1.5849466948398767,0.0
8,563,34.77965814477784,37.94464542201513,1.493295837747839,-1.493295837747839,0.0
8,564,34.92498590282332,37.799317663969646,1.4132593231619737,-1.4132593231619737,0.0
8,565,35.07219301633165,37.652110550461316,1.5308829470038479,-1.5308829470038479,0.0
8,566,35.235551202242846,37.48875236455012,1.7362807712206774,-1.7362807712206774,0.0
8,567,35.40731668319006,37.31698688360291,1.6990288477236675,-1.6990288477236675,0.0
8,568,35.58833184354501,37.13597172324796,1.92127435937409,-1.92127435937409,0.0
8,569,35.790853722707425,36.933449844085544,2.1291632238742153,-2.1291632238742153,0.0
8,570,36.00240683049981,36.72189673629316,2.101898931972615,-2.101898931972615,0.0
8,571,36.203759107484075,36.520544459308894,1.9251466077121702,-1.9251466077121702,0.0
8,572,36.39453138053443,36.32977218625854,1.8902988532951284,-1.8902988532951284,0.0
8,573,36.587508945865466,36.1367946209275,1.969252453325634,-1.969252453325634,0.0
8,574,36.79046545478559,35.93383811200738,2.089877725076109,-2.089877725076109,0.0
8,575,36.98639176355243,35.737911803240536,1.8286484502613085,-1.8286484502613085,0.0
8,576,37.17406866435397,35.550234902439,1.924889565769499,-1.924889565769499,0.0
8,577,37.357675303133874,35.366628263659095,1.7472432098295911,-1.7472432098295911,0.0
8,578,37.539416679434,35.18488688735897,1.887584316173875,-1.887584316173875,0.0
8,579,37.72737026182665,34.99693330496632,1.8714873316787273,-1.8714873316787273,0.0
8,580,37.919026024018535,34.805277542774434,1.9616279121599227,-1.9616279121599227,0.0
8,581,38.1171918500404,34.60711171675257,2.0016886082780267,-2.0016886082780267,0.0
8,582,38.31506120920051,34.40924235759246,1.955698574923007,-1.955698574923007,0.0
8,583,38.522391651718294,34.201911915074675,2.190910275431948,-2.190910275431948,0.0
8,584,38.742225679543026,33.98207788724994,2.2057702810622697,-2.2057702810622697,0.0
8,585,38.97184101366736,33.75246255312561,2.3865364014245607,-2.3865364014245607,0.0
8,586,39.22194353424675,33.50236003254622,2.6155140101634196,-2.6155140101634196,0.0
8,587,39.48966561170346,33.23463795508951,2.7389275389707297,-2.7389275389707297,0.0
8,588,39.77453991283653,32.94976365395644,2.9585584836912293,-2.9585584836912293,0.0
8,589,40.0701934164324,32.654110150360566,2.954511588225323,-2.954511588225323,0.0
8,590,40.34820604184199,32.37609752495098,2.6057409199666193,-2.6057409199666193,3.0
8,591,40.60085192428778,32.12345164250519,2.4471767289493602,-2.4471767289493602,3.0
8,592,40.823814717770006,31.900488849022963,2.012079140696283,-2.012079140696283,3.0
8,593,41.01086835571857,31.713435211074398,1.72899361827516,-1.72899361827516,3.0
8,594,41.16152713623967,31.5627764305533,1.2841819921472322,-1.2841819921472322,3.0
8,595,41.26177720746864,31.46252635932433,0.7208194324310782,-0.7208194324310782,3.0
8,596,41.34692099116012,31.37738257563285,0.982056241400743,-0.982056241400743,0.0
8,597,41.43435396867142,31.289949598121552,0.7666033088272979,-0.7666033088272979,0.0
8,598,41.50092737871444,31.223376188078532,0.5648648920343362,-0.5648648920343362,0.0
8,599,41.552678535502196,31.171625031290773,0.4701582437230396,-0.4701582437230396,0.0
8,600,41.598737250646195,31.125566316146774,0.4510160591589738,-0.4510160591589738,0.0
8,601,41.64765807582614,31.076645490966825,0.527400444440854,-0.527400444440854,0.0
8,602,41.699290904574354,31.025012662218614,0.5052561305237742,-0.5052561305237742,0.0
8,603,41.73719303633652,30.987110530456448,0.2527865047210902,-0.2527865047210902,0.0
8,604,41.753694001561485,30.970609565231484,0.0772327997790132,-0.0772327997790132,0.0
8,605,41.75411988671465,30.97018368007832,-0.06871509671363185,0.06871509671363185,0.0
8,606,41.75541052599067,30.9688930408023,0.0945278822341944,-0.0945278822341944,0.0
8,607,41.76153527193594,30.962768294857028,0.027967036672436052,-0.027967036672436052,0.0
8,608,41.76126607327353,30.963037493519437,-0.033351009920480124,0.033351009920480124,0.0
8,609,41.76869295243148,30.95561061436149,0.1818885930801617,-0.1818885930801617,0.0
8,610,41.785068092112624,30.939235474680345,0.1456142005436245,-0.1456142005436245,0.0
8,611,41.797349562725344,30.926954004067625,0.10001521171292183,-0.10001521171292183,0.0
8,612,41.79559798271089,30.92870558408208,-0.1350468120020647,0.1350468120020647,0.0
8,613,41.79370575208054,30.930597814712428,0.09720219939553942,-0.09720219939553942,0.0
8,614,41.796720649750114,30.927582917042855,-0.03690424600395481,0.03690424600395481,0.0
8,615,41.794373357715244,30.929930209077725,-0.010041594692159705,0.010041594692159705,0.0
8,616,41.808047111992664,30.916256454800305,0.2835166802427729,-0.2835166802427729,0.0
8,617,41.82423172177005,30.90007184502292,0.04017551530657215,-0.04017551530657215,0.0
8,618,41.835133515103166,30.889170051689803,0.17786035135683242,-0.17786035135683242,0.0
8,619,41.85220899693445,30.87209456985852,0.16364928526953726,-0.16364928526953726,0.0
8,620,41.85388863940477,30.870414927388197,-0.13005643586243387,0.13005643586243387,0.0
8,621,41.845086853053544,30.879216713739424,-0.045979291161216906,0.045979291161216906,0.0
8,622,41.84053288513394,30.88377068165903,-0.04510006723004345,0.04510006723004345,0.0
8,623,41.84769300491109,30.876610561881876,0.18830246277532225,-0.18830246277532225,0.0
8,624,41.874309570785385,30.849993996007584,0.3440288547105954,-0.3440288547105954,0.0
8,625,41.89597501679634,30.828328549996627,0.08928006550991441,-0.08928006550991441,0.0
8,626,41.91150941627802,30.812794150514947,0.22140792412434607,-0.22140792412434607,0.0
8,627,41.93520953184179,30.789094034951177,0.2525943871511682,-0.2525943871511682,0.0
8,628,41.96706163929207,30.7572419275009,0.3844477618561548,-0.3844477618561548,0.0
8,629,42.00702280295877,30.717280763834196,0.4147755114781031,-0.4147755114781031,0.0
8,630,42.028486360803186,30.695817205989783,0.014495645411470193,-0.014495645411470193,3.0
8,631,42.02168954287686,30.702614023916112,-0.15043200393797207,0.15043200393797207,0.0
8,632,42.014317622619956,30.709985944173013,0.00299359879965877,-0.00299359879965877,0.0
8,633,42.00328414436467,30.7210194224283,-0.22366316390585972,0.22366316390585972,0.0
8,634,41.983533638326094,30.740769928466875,-0.17134695686603507,0.17134695686603507,0.0
8,635,41.973801843678984,30.750501723113985,-0.02328893607537097,0.02328893607537097,0.0
8,636,41.97401380301278,30.750289763780188,0.027528122751503403,-0.027528122751503403,0.0
8,637,41.990328705086995,30.733974861705974,0.2987699187333259,-0.2987699187333259,0.0
8,638,42.017697085189866,30.706606481603103,0.24859768332550125,-0.24859768332550125,0.0
8,639,42.01714773260903,30.707155834183936,-0.2595847349423117,0.2595847349423117,3.0
8,640,41.9965253876162,30.727778179176767,-0.15286216491464977,0.15286216491464977,0.0
8,641,41.969755609701,30.754547957091972,-0.3825333933884547,0.3825333933884547,0.0
8,642,41.93140034517717,30.792903221615802,-0.3845718970886125,0.3845718970886125,0.0
8,643,41.90232955551528,30.82197401127769,-0.19684389614848818,0.19684389614848818,0.0
8,644,41.88293858269947,30.841364984093502,-0.19097556016822637,0.19097556016822637,0.0
8,645,41.86986371593207,30.8544398508609,-0.07052177518004399,0.07052177518004399,0.0
8,646,41.86462854544163,30.859675021351336,-0.03418163462916546,0.03418163462916546,0.0
8,647,41.84983986732027,30.8744636994727,-0.2615919277979444,0.2615919277979444,0.0
8,648,41.826006990830024,30.898296575962945,-0.21506560200605662,0.21506560200605662,0.0
8,649,41.79435019057428,30.92995337621869,-0.4180704031080751,0.4180704031080751,0.0
8,650,41.74446282484382,30.979840741949147,-0.579676911500993,0.579676911500993,0.0
8,651,41.69460377609312,31.02969979069985,-0.41750406351222047,0.41750406351222047,0.0
8,652,41.66013615275881,31.06416741403416,-0.27184840317429426,0.27184840317429426,0.0
8,653,41.63107848745108,31.09322507934189,-0.3093049029800117,0.3093049029800117,0.0
8,654,41.60479672060262,31.119506846190347,-0.21633043398922425,0.21633043398922425,0.0
8,655,41.5873549679651,31.13694859882787,-0.13250461876105746,0.13250461876105746,0.0
8,656,41.58678442256189,31.137519144231078,0.12109371069596087,-0.12109371069596087,0.0
8,657,41.586456546846875,31.137847019946093,-0.12765122499627957,0.12765122499627957,0.0
8,658,41.55881464902416,31.165488917768812,-0.4251867314591653,0.4251867314591653,0.0
8,659,41.52702041103237,31.1972831557606,-0.21069802837599383,0.21069802837599383,0.0
8,660,41.51688118112463,31.207422385668337,0.007913430221440976,-0.007913430221440976,0.0
8,661,41.52703890914836,31.19726465764461,0.19524113025220835,-0.19524113025220835,0.0
8,662,41.54381829839281,31.18048526840016,0.1403466546362644,-0.1403466546362644,0.0
8,663,41.55226161407518,31.17204195271779,0.028519659011635667,-0.028519659011635667,0.0
8,664,41.542706851873845,31.181596714919124,-0.2196149030381278,0.2196149030381278,0.0
8,665,41.51020866187332,31.214094904919648,-0.43034889697137757,0.43034889697137757,0.0
8,666,41.45414748978624,31.27015607700673,-0.6908745447695352,0.6908745447695352,0.0
8,667,41.372525256619724,31.351778310173245,-0.941570118560696,0.941570118560696,0.0
8,668,41.290555529120525,31.433748037672444,-0.6978244314241575,0.6978244314241575,0.0
8,669,41.221795029423674,31.502508537369295,-0.6773855625125815,0.6773855625125815,0.0
8,670,41.16338859425127,31.560914972541696,-0.4907431409344287,0.4907431409344287,0.0
8,671,41.112192072899916,31.612111493893053,-0.5331872860920441,0.5331872860920441,0.0
8,672,41.052901396795846,31.671402169997123,-0.6526262359884587,0.6526262359884587,0.0
8,673,40.990958744375234,31.733344822417735,-0.5862268124229573,0.5862268124229573,0.0
8,674,40.93463842579399,31.789665140998977,-0.5401795592014356,0.5401795592014356,0.0
8,675,40.875874339020356,31.848429227772613,-0.6351021762710083,0.6351021762710083,0.0
8,676,40.81209152393285,31.91221204286012,-0.6405541254800386,0.6405541254800386,0.0
8,677,40.74096797926097,31.983335587531997,-0.7819167679584851,0.7819167679584851,0.0
8,678,40.660784748977335,32.063518817815634,-0.8217478377146268,0.8217478377146268,0.0
8,679,40.570354268036,32.15394929875697,-0.9868617811118767,0.9868617811118767,0.0
8,680,40.45882575775602,32.26547780903695,-1.2437084244887373,1.2437084244887373,0.0
8,681,40.339997491920826,32.38430607487214,-1.1328568922159619,1.1328568922159619,0.0
8,682,40.216073337228636,32.50823022956433,-1.3456262016271978,1.3456262016271978,0.0
8,683,40.080646311411556,32.64365725538141,-1.362914314713553,1.362914314713553,0.0
8,684,39.94327524052403,32.78102832626894,-1.3845071030357943,1.3845071030357943,0.0
8,685,39.81876569078736,32.90553787600561,-1.105683891698412,1.105683891698412,0.0
8,686,39.69615527632641,33.02814829046656,-1.3465243975206196,1.3465243975206196,0.0
8,687,39.54843072781034,33.17587283898263,-1.6079665728002137,1.6079665728002137,0.0
8,688,39.37709467097716,33.34720889581581,-1.8187545638636227,1.8187545638636227,0.0
8,689,39.20352539246528,33.52077817432769,-1.6526310063739356,1.6526310063739356,0.0
8,690,39.02595963583519,33.698343930957776,-1.8986841262285683,1.8986841262285683,0.0
8,691,38.823367586715904,33.900935980077065,-2.1531568561565084,2.1531568561565084,0.0
8,692,38.61703520694982,34.10726835984315,-1.9734907391644132,1.9734907391644132,0.0
8,693,38.42473730474819,34.29956626204478,-1.8724673048678238,1.8724673048678238,0.0
8,694,38.22793747465471,34.49636609213826,-2.063529297001219,2.063529297001219,0.0
8,695,38.02281982126067,34.7014837455323,-2.038823770879805,2.038823770879805,0.0
8,696,37.804015949534005,34.920287617258964,-2.3372536636542396,2.3372536636542396,0.0
8,697,37.56115691733157,35.163146649461396,-2.519926980395004,2.519926980395004,0.0
8,698,37.301520774245205,35.422782792547764,-2.6727958813324513,2.6727958813324513,0.0
8,699,37.02881722623556,35.69548634055741,-2.781275078861489,2.781275078861489,0.0
8,700,36.747692612410674,35.976610954382295,-2.8412171976352223,2.8412171976352223,0.0
8,701,36.45835373377656,36.26594983301641,-2.945560375046199,2.945560375046199,0.0
8,702,36.16206414109956,36.562239425693406,-2.980231478493412,2.980231478493412,0.0
8,703,35.856015305510596,36.86828826128237,-3.140745233285738,3.140745233285738,0.0
8,704,35.53957981549706,37.184723751295905,-3.187964566985034,3.187964566985034,0.0
8,705,35.235114473860335,37.489189092932634,-2.901342265750211,2.901342265750211,0.0
8,706,34.936532526357155,37.787771040435814,-3.0702966843130746,3.0702966843130746,0.0
8,707,34.63071585157115,38.093587715221815,-3.0460368114061662,3.0460368114061662,0.0
8,708,34.31505658473111,38.40924698206186,-3.2671485253955677,3.2671485253955677,0.0
8,709,33.993467602113014,38.730835964679954,-3.164631126967018,3.164631126967018,0.0
8,710,33.664293499017276,39.06001006777569,-3.418850934946624,3.418850934946624,0.0
8,711,33.31919334938334,39.40511021740963,-3.4831520577311146,3.4831520577311146,0.0
8,712,32.9840299773806,39.74027358941237,-3.220115382324101,3.220115382324101,0.0
8,713,32.68418910569039,40.040114461102576,-2.776702051479168,2.776702051479168,-5.0
8,714,32.439211872067176,40.28509169472579,-2.1228426209858604,2.1228426209858604,-5.0
8,715,32.261944468069146,40.46235909872382,-1.4225054589757882,1.4225054589757882,-5.0
8,716,32.11758416287694,40.60671940391603,-1.464700644868488,1.464700644868488,0.0
8,717,31.962595210493305,40.761708356299664,-1.635078402803133,1.635078402803133,0.0
8,718,31.802393097003687,40.92191046978928,-1.5689638669883728,1.5689638669883728,0.0
8,719,31.639096313573873,41.085207253219096,-1.6969718016074555,1.6969718016074555,0.0
8,720,31.506837474393365,41.217466092399604,-0.9482049820024425,0.9482049820024425,-5.0
8,721,31.43384963534163,41.29045393145134,-0.511551799032631,0.511551799032631,-5.0
8,722,31.390371107785768,41.3339324590072,-0.3580187520848632,0.3580187520848632,0.0
8,723,31.34646125828101,41.37784230851196,-0.5201782380102209,0.5201782380102209,0.0
8,724,31.298086454580016,41.42621711221295,-0.44731783600940744,0.44731783600940744,0.0
8,725,31.239223006078078,41.48508056071489,-0.7299511340289211,0.7299511340289211,0.0
8,726,31.161023369878876,41.56328019691409,-0.8340415899552713,0.8340415899552713,0.0
8,727,31.06631102966469,41.65799253712828,-1.0602052143273042,1.0602052143273042,0.0
8,728,30.98143017581822,41.74287339097464,-0.6374118625997625,0.6374118625997625,-5.0
8,729,30.93259883710448,41.79170472968849,-0.33921491167738616,0.33921491167738616,-5.0
8,730,30.885220722582062,41.83908284421091,-0.6083473787717892,0.6083473787717892,0.0
8,731,30.816501282384706,41.90780228440815,-0.7660414251738636,0.7660414251738636,0.0
8,732,30.77049521176616,41.953808355026695,-0.15407998719697247,0.15407998719697247,-5.0
8,733,30.77639073869659,41.94791282809638,0.2719905258053732,-0.2719905258053732,-5.0
8,734,30.799004558742013,41.925299008050956,0.1802858751016334,-0.1802858751016334,0.0
8,735,30.822724577738654,41.90157898905443,0.2941145048286753,-0.2941145048286753,0.0
8,736,30.838950650709535,41.88535291608366,0.030406954586721824,-0.030406954586721824,0.0
8,737,30.855165956294968,41.869137610498115,0.2938991571222491,-0.2938991571222491,0.0
8,738,30.890347692272712,41.83395587452037,0.40973556243080367,-0.40973556243080367,0.0
8,739,30.92307580557963,41.80122776121357,0.24482670370510284,-0.24482670370510284,0.0
8,740,30.960532761712216,41.76377080508098,0.5043124189449468,-0.5043124189449468,0.0
8,741,31.014537093086346,41.70976647370685,0.5757742085374424,-0.5757742085374424,0.0
8,742,31.08188262930264,41.64242093749044,0.771136515789685,-0.771136515789685,0.0
8,743,31.167435816492343,41.55686775030085,0.9399272280015083,-0.9399272280015083,0.0
8,744,31.272223916335065,41.452079650458245,1.155834768850907,-1.155834768850907,0.0
8,745,31.398515537367757,41.32578802942567,1.3699976518005599,-1.3699976518005599,0.0
8,746,31.522789239062718,41.201514327730706,1.115476382097551,-1.115476382097551,0.0
8,747,31.63061960827349,41.09368395851982,1.0411310021189095,-1.0411310021189095,0.0
8,748,31.746112769012257,40.97819079778117,1.268732212653461,-1.268732212653461,0.0
8,749,31.877541020631952,40.84676254616147,1.3598328197396086,-1.3598328197396086,0.0
8,750,32.00502217626115,40.71928139053216,1.1897902928450677,-1.1897902928450677,0.0
8,751,32.12353744787947,40.60076611891384,1.1805151395198763,-1.1805151395198763,0.0
8,752,32.24918605989558,40.47511750689773,1.332457100800477,-1.332457100800477,0.0
8,753,32.37280172139731,40.351501845396,1.1398561292329994,-1.1398561292329994,0.0
8,754,32.47603005352323,40.24827351327008,0.9247105132848912,-0.9247105132848912,0.0
8,755,32.5722033327861,40.15210023400721,0.9987550719719565,-0.9987550719719565,0.0
8,756,32.678549715334384,40.045753851458926,1.1281725789950006,-1.1281725789950006,0.0
8,757,32.787329499390125,39.93697406740307,1.0474231021229343,-1.0474231021229343,0.0
8,758,32.88647955141096,39.83782401538224,0.9355779382943954,-0.9355779382943954,0.0
8,759,32.988058136404334,39.73624543038886,1.0959937615751727,-1.0959937615751727,0.0
8,760,33.10838693136225,39.61591663543106,1.310582137582454,-1.310582137582454,0.0
8,761,33.23135378511006,39.49294978168325,1.1487549373748074,-1.1487549373748074,0.0
8,762,33.34611404638872,39.378189520404476,1.1464502882012333,-1.1464502882012333,0.0
8,763,33.44657462773989,39.27772893905319,0.8627613388251092,-0.8627613388251092,0.0
8,764,33.525688009097394,39.19861555769569,0.7195062883256114,-0.7195062883256114,0.0
8,765,33.60269944694255,39.12160411985053,0.8207224685793229,-0.8207224685793229,0.0
8,766,33.687967975596166,39.0363355911968,0.8846481044956409,-0.8846481044956409,0.0
8,767,33.7853450054954,38.938958561297454,1.0628924934921304,-1.0628924934921304,0.0
8,768,33.90064994740442,38.82365361938844,1.2432063446892592,-1.2432063446892592,0.0
8,769,34.01707024114853,38.70723332564444,1.085199530192881,-1.085199530192881,0.0
8,770,34.11885676201473,38.60544680477824,0.9505308871316789,-0.9505308871316789,0.0
8,771,34.227562057972364,38.49674150882049,1.223575032023584,-1.223575032023584,0.0
8,772,34.354683026363546,38.369620540429196,1.3188443358028223,-1.3188443358028223,0.0
8,773,34.49081946791512,38.233484098877625,1.4038844952309546,-1.4038844952309546,0.0
8,774,34.638996949688135,38.08530661710449,1.5596651402328838,-1.5596651402328838,0.0
8,775,34.785862642313305,37.93844092447932,1.3776487122709824,-1.3776487122709824,0.0
8,776,34.92251929156464,37.801784275227874,1.355484272759142,-1.355484272759142,0.0
8,777,35.05880776796221,37.66549579883019,1.370285255195439,-1.370285255195439,0.0
8,778,35.209486100055756,37.514817466736645,1.643281386676497,-1.643281386676497,0.0
8,779,35.37499115892979,37.349312407862726,1.6668197908038405,-1.6668197908038405,0.0
8,780,35.52772282814385,37.19658073864855,1.3878135934800646,-1.3878135934800646,0.0
8,781,35.66727802667788,37.05702554011452,1.4032903772027314,-1.4032903772027314,0.0
8,782,35.80981725455149,36.91448631224091,1.447494180270608,-1.447494180270608,0.0
8,783,35.95374552465705,36.77055804213535,1.4310712218410018,-1.4310712218410018,0.0
8,784,36.10197103301425,36.62233253377815,1.5334389453037414,-1.5334389453037414,0.0
8,785,36.257789613066734,36.466513953725666,1.5829326557474435,-1.5829326557474435,0.0
8,786,36.40508406632807,36.31921950046444,1.3629564094791462,-1.3629564094791462,0.0
8,787,36.53166990941622,36.19263365737629,1.1687604522852393,-1.1687604522852393,0.0
8,788,36.6409286495018,36.083374917290826,1.0164143494257978,-1.0164143494257978,0.0
8,789,36.74911937333718,35.975184193455334,1.147400127285243,-1.147400127285243,0.0
8,790,36.862840777687325,35.86146278910519,1.1270279597191912,-1.1270279597191912,0.0
8,791,36.969981145960446,35.75432242083218,1.015779405742439,-1.015779405742439,0.0
8,792,37.074225054765975,35.65007851202665,1.069098770370001,-1.069098770370001,0.0
8,793,37.17138607265406,35.55291749413857,0.8741215873934678,-0.8741215873934678,0.0
8,794,37.24782518302845,35.47647838376429,0.6546606200944769,-0.6546606200944769,0.0
8,795,37.307000849907126,35.417302716885615,0.5288527174825344,-0.5288527174825344,0.0
8,796,37.364906248836405,35.359397317956336,0.6292552611024487,-0.6292552611024487,0.0
8,797,37.42187405063396,35.30242951615878,0.5101007748495991,-0.5101007748495991,0.0
8,798,37.482272355073746,35.242031211718995,0.6978653139471369,-0.6978653139471369,0.0
8,799,37.54281552733528,35.18148803945746,0.5129981312845118,-0.5129981312845118,0.0
8,800,37.58683417599241,35.137469390800334,0.36737484186076763,-0.36737484186076763,0.0
8,801,37.60926802262861,35.11503554416413,0.08130209086631801,-0.08130209086631801,0.0
8,802,37.60587335473815,35.11843021205459,-0.14919544867218093,0.14919544867218093,0.0
8,803,37.58844094921619,35.13586261757655,-0.19945266176471677,0.19945266176471677,0.0
8,804,37.57238458987126,35.15191897692148,-0.12167452513197041,0.12167452513197041,0.0
8,805,37.547084860418636,35.177218706374106,-0.3843200639175066,0.3843200639175066,0.0
8,806,37.498730960565354,35.22557260622739,-0.5827579331489403,0.5827579331489403,0.0
8,807,37.45293898144405,35.27136458534869,-0.3330816492768651,0.3330816492768651,0.0
8,808,37.411816549197965,35.312487017594776,-0.48936699564256436,0.48936699564256436,0.0
8,809,37.37631559739452,35.34798796939822,-0.22065204042652375,0.22065204042652375,0.0
8,810,37.340163924477565,35.384139642315176,-0.5023814179115291,0.5023814179115291,0.0
8,811,37.28457484565661,35.439728721136134,-0.6094001585075617,0.6094001585075617,0.0
8,812,37.22932453654653,35.49497903024621,-0.49560602369162154,0.49560602369162154,0.0
8,813,37.19067317303757,35.533630393755175,-0.27742124648542976,0.27742124648542976,0.0
8,814,37.169119483037775,35.555184083754966,-0.1536525535093336,0.1536525535093336,0.0
8,815,37.15760962848344,35.5666939383093,-0.07654453757384339,0.07654453757384339,0.0
8,816,37.154236843054605,35.57006672373814,0.009088828996846487,-0.009088828996846487,0.0
8,817,37.14441060371951,35.579892963073235,-0.20561361569685488,0.20561361569685488,0.0
8,818,37.11576511191538,35.60853845487736,-0.3672962203829755,0.3672962203829755,0.0
8,819,37.08930362067508,35.63499994611766,-0.16193360442281168,0.16193360442281168,0.0
8,820,37.06183992847241,35.66246363832033,-0.38734023963067443,0.38734023963067443,0.0
8,821,37.02812712397463,35.696176442818114,-0.2869158503228597,0.2869158503228597,0.0
8,822,36.98660091599754,35.7377026507952,-0.5436083092161788,0.5436083092161788,0.0
8,823,36.93966517528088,35.78463839151186,-0.39510650511435763,0.39510650511435763,0.0
8,824,36.895728636169906,35.828574930622835,-0.4836242771031909,0.4836242771031909,0.0
8,825,36.84881293875583,35.875490628036914,-0.4546896711750499,0.4546896711750499,0.0
8,826,36.79069445838854,35.9336091084042,-0.707679936168617,0.707679936168617,0.0
8,827,36.72870700132421,35.99559656546853,-0.5320692051150715,0.5320692051150715,0.0
8,828,36.675536700465045,36.048766866327696,-0.5313368120649784,0.5313368120649784,0.0
8,829,36.61567295638997,36.10863061040277,-0.6659380694354393,0.6659380694354393,0.0
8,830,36.53802676552186,36.18627680127088,-0.8869857479250047,0.8869857479250047,0.0
8,831,36.456054027491746,36.268249539300996,-0.752469012677917,0.752469012677917,0.0
8,832,36.392516129815476,36.331787436977265,-0.5182889408466576,0.5182889408466576,0.0
8,833,36.346836151151365,36.37746741564138,-0.39531063243365594,0.39531063243365594,0.0
8,834,36.306590664869645,36.417712901923096,-0.40959909319853693,0.40959909319853693,0.0
8,835,36.271872315838436,36.452431250954305,-0.28476788742368875,0.28476788742368875,0.0
8,836,36.252246927471106,36.472056639321636,-0.10773987992356737,0.10773987992356737,0.0
8,837,36.23564259646946,36.48866097032328,-0.2243467401072916,0.2243467401072916,0.0
8,838,36.220913302118106,36.503390264674636,-0.07023914691840005,0.07023914691840005,0.0
8,839,36.22544008076238,36.49886348603036,0.16077471980527136,-0.16077471980527136,0.0
8,840,36.25218374807787,36.47211981871487,0.3740986265053774,-0.3740986265053774,0.0
8,841,36.304004995900414,36.42029857089233,0.6623263299488631,-0.6623263299488631,0.0
8,842,36.377785629114896,36.346517937677845,0.8132863343415337,-0.8132863343415337,0.0
8,843,36.47399179077706,36.25031177601568,1.1108368989016526,-1.1108368989016526,0.0
8,844,36.59792621965903,36.12637734713371,1.3678516787407276,-1.3678516787407276,0.0
8,845,36.72101936722834,36.003284199564405,1.0940112726455204,-1.0940112726455204,0.0
8,846,36.83682668063534,35.8874768861574,1.2221349954963117,-1.2221349954963117,0.0
8,847,36.9575244027842,35.76677916400854,1.1918194474829011,-1.1918194474829011,0.0
8,848,37.08139804019356,35.64290552659918,1.2856533007056932,-1.2856533007056932,0.0
8,849,37.20668946182809,35.51761410496465,1.220175131988439,-1.220175131988439,0.0
8,850,37.32147408931132,35.40282947748142,1.0755174176773163,-1.0755174176773163,0.0
8,851,37.43982205897419,35.284481507818555,1.2914419755806463,-1.2914419755806463,0.0
8,852,37.56129685160704,35.1630067151857,1.13805387707675,-1.13805387707675,0.0
8,853,37.66319791325736,35.06110565353538,0.899967355931981,-0.899967355931981,0.0
8,854,37.756624118979516,34.967679447813225,0.9685567585135537,-0.9685567585135537,0.0
8,855,37.84633592905584,34.8779676377369,0.8256794430136534,-0.8256794430136534,0.0
8,856,37.93905840806974,34.785245158723,1.0287701372680047,-1.0287701372680047,0.0
8,857,38.03521154433861,34.68909202245413,0.8942925881090833,-0.8942925881090833,0.0
8,858,38.115684693994126,34.608618872798615,0.7151704050030059,-0.7151704050030059,0.0
8,859,38.18709687311275,34.53720669367999,0.7130731773727756,-0.7130731773727756,0.0
8,860,38.246591962861885,34.47771160393086,0.47682861761357564,-0.47682861761357564,0.0
8,861,38.289752061334184,34.43455150545856,0.38637335183342714,-0.38637335183342714,0.0
8,862,38.33532338679174,34.388980180001,0.5250531573199293,-0.5250531573199293,0.0
8,863,38.40163381591469,34.32266975087805,0.8011554251385,-0.8011554251385,0.0
8,864,38.47017379482941,34.254129771963335,0.5696441531578902,-0.5696441531578902,0.0
8,865,38.53347925134085,34.19082431545189,0.6964649770724254,-0.6964649770724254,0.0
8,866,38.606897454510545,34.1174061122822,0.7718990863228168,-0.7718990863228168,0.0
8,867,38.68130199169332,34.043001575099424,0.716191657333999,-0.716191657333999,0.0
8,868,38.747720711693546,33.976582855099196,0.6121827426720756,-0.6121827426720756,0.0
8,869,38.79446139485367,33.92984217193907,0.32263092053320896,-0.32263092053320896,0.0
8,870,38.83986876814697,33.88443479864577,0.5855165453320872,-0.5855165453320872,0.0
8,871,38.89160385687069,33.83269970992205,0.44918522914321635,-0.44918522914321635,0.0
8,872,38.92410657156597,33.80019699522677,0.20086906476191224,-0.20086906476191224,0.0
8,873,38.94283439945707,33.78146916733567,0.17368749306219833,-0.17368749306219833,0.0
8,874,38.95982718767846,33.764476379114285,0.16616827136575196,-0.16616827136575196,0.0
8,875,38.96623411192718,33.75806945486556,-0.038029786388392495,0.038029786388392495,0.0
8,876,38.965821293930276,33.758482272862466,0.02977342645232639,-0.02977342645232639,0.0
8,877,38.95673876701676,33.76756479977598,-0.21142396472144043,0.21142396472144043,0.0
8,878,38.94399373874785,33.78030982804489,-0.04347660065360692,0.04347660065360692,0.0
8,879,38.92787375446551,33.79642981232723,-0.2789230849937212,0.2789230849937212,0.0
8,880,38.90236272751167,33.82194083928107,-0.2312974540825099,0.2312974540825099,0.0
8,881,38.87175728392208,33.85254628287066,-0.3808114177080846,0.3808114177080846,0.0
8,882,38.8223918920844,33.901911674708344,-0.6064964190423261,0.6064964190423261,0.0
8,883,38.767364722123375,33.95693884466937,-0.49404698017643867,0.49404698017643867,0.0
8,884,38.705641722460086,34.018661844332655,-0.7404130130865738,0.7404130130865738,0.0
8,885,38.62523349282287,34.09907007396987,-0.8677515796580835,0.8677515796580835,0.0
8,886,38.533564728303645,34.1907388384891,-0.9656237107271508,0.9656237107271508,0.0
8,887,38.42448864384846,34.29981492294428,-1.2158979783735564,1.2158979783735564,0.0
8,888,38.31537372928619,34.40892983750655,-0.9664003128715315,0.9664003128715315,0.0
8,889,38.20713133377035,34.51717223302239,-1.1984475974461137,1.1984475974461137,0.0
8,890,38.0966156847453,34.62768788204744,-1.011865383052557,1.011865383052557,0.0
8,891,38.0058266398903,34.71847692690244,-0.8039155140449719,0.8039155140449719,0.0
8,892,37.925490091588244,34.7988134752045,-0.802815451993677,0.802815451993677,0.0
8,893,37.855043342109184,34.86926022468356,-0.6061195375871531,0.6061195375871531,0.0
8,894,37.80444960855448,34.919853958238264,-0.4057551335049432,0.4057551335049432,0.0
8,895,37.76576177469633,34.95854179209641,-0.3680015436547972,0.3680015436547972,0.0
8,896,37.74047625730827,34.98382730948447,-0.13770880410404374,0.13770880410404374,0.0
8,897,37.737009634801325,34.98729393199142,0.06837635396842678,-0.06837635396842678,0.0
8,898,37.734035175031295,34.99026839176145,-0.1278655493669465,0.1278655493669465,0.0
8,899,37.72754472036604,34.9967588464267,-0.0019435439370525387,0.0019435439370525387,0.0
8,900,37.716711025652785,35.00759254113996,-0.21473035032811438,0.21473035032811438,0.0
8,901,37.68801637912429,35.03628718766845,-0.35916258024045433,0.35916258024045433,0.0
8,902,37.660296559302196,35.064007007490545,-0.19523381620231994,0.19523381620231994,0.0
8,903,37.62659159485975,35.097711971932995,-0.4788654726441379,0.4788654726441379,0.0
8,904,37.56868356279051,35.15562000400223,-0.6792951687373296,0.6792951687373296,0.0
8,905,37.51561879593305,35.20868477085969,-0.38200016840997897,0.38200016840997897,0.0
8,906,37.471561499803556,35.252742066989185,-0.4991457541763715,0.4991457541763715,0.0
8,907,37.40738160026308,35.31692196652966,-0.784452236631024,0.784452236631024,0.0
8,908,37.31524838809264,35.4090551787001,-1.0582120067775413,1.0582120067775413,0.0
8,909,37.19799597817814,35.5263075886146,-1.2868361915126396,1.2868361915126396,0.0
8,910,37.08324148800989,35.64106207878285,-1.0082536118521102,1.0082536118521102,0.0
8,911,36.972739044690115,35.751564522102626,-1.201795254543061,1.201795254543061,0.0
8,912,36.865390341137754,35.85891322565499,-0.9451788165024659,0.9451788165024659,0.0
8,913,36.7560189417286,35.96828462506414,-1.2422491716794344,1.2422491716794344,0.0
8,914,36.621079777361956,36.103223789430785,-1.456534115653282,1.456534115653282,0.0
8,915,36.46621700967762,36.25808655711512,-1.6407212380307241,1.6407212380307241,0.0
8,916,36.30375916048888,36.42054440630386,-1.6084357457442087,1.6084357457442087,0.0
8,917,36.14008277443645,36.58422079235629,-1.6650919753051872,1.6650919753051872,0.0
8,918,35.97739915107013,36.74690441572261,-1.5885804920209932,1.5885804920209932,0.0
8,919,35.80704526903878,36.91725829775396,-1.8184971486030292,1.8184971486030292,0.0
8,920,35.61145751981371,37.11284604697903,-2.093257835897349,2.093257835897349,0.0
8,921,35.389753355731955,37.33455021106079,-2.3408254457362245,2.3408254457362245,0.0
8,922,35.15060806204383,37.57369550474891,-2.442080428024039,2.442080428024039,0.0
8,923,34.916611292564085,37.80769227422866,-2.2378549615676775,2.2378549615676775,0.0
8,924,34.68563884506034,38.0386647217324,-2.381593988505256,2.381593988505256,0.0
8,925,34.456909089912415,38.26739447688033,-2.1930011144534145,2.1930011144534145,0.0
8,926,34.23046589506225,38.49383767173049,-2.335862782549335,2.335862782549335,0.0
8,927,34.00263299361404,38.7216705731787,-2.2207952464130702,2.2207952464130702,0.0
8,928,33.779951441782714,38.94435212501003,-2.2328357902132403,2.2328357902132403,0.0
8,929,33.55731998818578,39.16698357860696,-2.2197932817240407,2.2197932817240407,0.0
8,930,33.33690336832228,39.38740019847046,-2.188539115543989,2.188539115543989,0.0
8,931,33.11659995505374,39.607703611739,-2.2175291498267313,2.2175291498267313,0.0
8,932,32.89440116580272,39.82990240099002,-2.2264466351908583,2.2264466351908583,0.0
8,933,32.665420435065016,40.058883131727725,-2.3531679795624196,2.3531679795624196,0.0
8,934,32.431772835130914,40.29253073166183,-2.3197840191189165,2.3197840191189165,0.0
8,935,32.21166151085367,40.51264205593907,-2.0824424664248404,2.0824424664248404,0.0
8,936,32.04225013042219,40.68205343637055,-1.30578514220469,1.30578514220469,-5.0
8,937,31.918098198659663,40.80620536813308,-1.1772534930480711,1.1772534930480711,0.0
8,938,31.80126658378731,40.92303698300543,-1.1593788044005464,1.1593788044005464,0.0
8,939,31.694450743718107,41.029852823074634,-0.9769379969879965,0.9769379969879965,0.0
8,940,31.603223702765717,41.121079864027024,-0.8476028220606393,0.8476028220606393,0.0
8,941,31.519262403614675,41.205041163178066,-0.8316231609640159,0.8316231609640159,0.0
8,942,31.425316883745836,41.298986683046905,-1.0472872364138741,1.0472872364138741,0.0
8,943,31.330037115268624,41.39426645152412,-0.8583081331325433,0.8583081331325433,0.0
8,944,31.25530537245527,41.46899819433747,-0.6363267231378664,0.6363267231378664,0.0
8,945,31.180990600948007,41.543312965844734,-0.8499687070085882,0.8499687070085882,0.0
8,946,31.10684696665885,41.61745660013389,-0.6329039787780424,0.6329039787780424,0.0
8,947,31.049725317899174,41.67457824889357,-0.5095289964191991,0.5095289964191991,0.0
8,948,31.000126505083017,41.724177061709725,-0.4824472599067242,0.4824472599067242,0.0
8,949,30.945015834367496,41.779287732425246,-0.6197661544077686,0.6197661544077686,0.0
8,950,30.88614379014939,41.83815977664335,-0.557674729958487,0.557674729958487,0.0
8,951,30.860393533403112,41.86391003338963,0.042669595034606544,-0.042669595034606544,-5.0
8,952,30.850860224525604,41.87344334226714,-0.23333577258808091,0.23333577258808091,0.0
8,953,30.832038974343504,41.89226459244924,-0.14308923105521743,0.14308923105521743,0.0
8,954,30.808866296051292,41.91543727074145,-0.3203643347920817,0.3203643347920817,0.0
8,955,30.779558850369085,41.944744716423656,-0.2657845788546389,0.2657845788546389,0.0
8,956,30.7603569262335,41.96394664055924,-0.11825390385721057,0.11825390385721057,0.0
8,957,30.758731669600365,41.965571897192376,0.08574877119208857,-0.08574877119208857,0.0
8,958,30.764994067974158,41.959309498818584,0.03949919628277421,-0.03949919628277421,0.0
8,959,30.765280253400988,41.959023313391754,-0.033775487749521105,0.033775487749521105,0.0
8,960,30.760218100086604,41.96408546670614,-0.06746757853979979,0.06746757853979979,0.0
8,961,30.739750181228146,41.984553385564595,-0.34189079863233296,0.34189079863233296,0.0
8,962,30.6960670952501,42.02823647154264,-0.5317709209302528,0.5317709209302528,0.0
8,963,30.653111804648688,42.07119176214405,-0.3273348910943916,0.3273348910943916,-5.0
8,964,30.643317981456903,42.08098558533584,0.13145842725694745,-0.13145842725694745,-5.0
8,965,30.659457352627214,42.06484621416553,0.19132899615019738,-0.19132899615019738,0.0
8,966,30.673338308124357,42.050965258668384,0.08629011379531626,-0.08629011379531626,0.0
8,967,30.679822772566695,42.04448079422605,0.04339917505393753,-0.04339917505393753,0.0
8,968,30.673102747299936,42.051200819492806,-0.17779968039038963,0.17779968039038963,0.0
8,969,30.65614929982803,42.06815426696471,-0.1612692690468398,0.1612692690468398,0.0
8,970,30.63874744743748,42.08555611935526,-0.1867677787650841,0.1867677787650841,0.0
8,971,30.627712689807822,42.09659087698492,-0.033927373825798135,0.033927373825798135,0.0
8,972,30.62455677107505,42.09974679571769,-0.029191000829792202,0.029191000829792202,0.0
8,973,30.630958467581195,42.09334509921155,0.15722493095306955,-0.15722493095306955,0.0
8,974,30.636924383247106,42.087379183545636,-0.03790661763257752,0.03790661763257752,0.0
8,975,30.626168629627728,42.098134937165014,-0.1772084547559576,0.1772084547559576,0.0
8,976,30.614451725280105,42.109851841512636,-0.05712963219423184,0.05712963219423184,0.0
8,977,30.620604433491962,42.10369913330078,0.18018379643330285,-0.18018379643330285,0.0
8,978,30.630213813420823,42.09408975337192,0.012003802145985176,-0.012003802145985176,0.0
8,979,30.635080825129535,42.08922274166321,0.08533643202728936,-0.08533643202728936,0.0
8,980,30.640778636595087,42.083524930197655,0.028619797283205628,-0.028619797283205628,0.0
8,981,30.6307206582901,42.09358290850264,-0.2297793633826002,0.2297793633826002,0.0
8,982,30.60255394384285,42.12174962294989,-0.33355492556193056,0.33355492556193056,0.0
8,983,30.590155424671366,42.134148142121376,0.08558454213040534,-0.08558454213040534,-5.0
8,984,30.58497867208348,42.13932489470926,-0.18911959388570487,0.18911959388570487,0.0
8,985,30.566161093665187,42.158142473127555,-0.18723197447877915,0.18723197447877915,0.0
8,986,30.55866861488471,42.16563495190803,0.037382398869440614,-0.037382398869440614,-5.0
8,987,30.57503339572372,42.14927017106902,0.28991321790920477,-0.28991321790920477,0.0
8,988,30.61041818679223,42.11388538000051,0.417782603458245,-0.417782603458245,0.0
8,989,30.64795963584106,42.07634393095168,0.33304637751573196,-0.33304637751573196,0.0
8,990,30.692951921842678,42.031351644950064,0.5667993425155782,-0.5667993425155782,0.0
8,991,30.754934206112466,41.969369360680275,0.672846342877425,-0.672846342877425,0.0
8,992,30.811845237292573,41.91245832950017,0.46537428072021303,-0.46537428072021303,0.0
8,993,30.849803649634396,41.874499917158346,0.29379396611238207,-0.29379396611238207,0.0
8,994,30.880202781059552,41.84410078573319,0.3141886623907002,-0.3141886623907002,0.0
8,995,30.898466388565566,41.825837178227175,0.051083487728075916,-0.051083487728075916,0.0
8,996,30.889685976639157,41.834617590153584,-0.2266917262579975,0.2266917262579975,0.0
8,997,30.878702761822296,41.845600804970445,0.007027429917979333,-0.007027429917979333,0.0
8,998,30.877156368060696,41.847147198732046,-0.037955305152685526,0.037955305152685526,0.0
8,999,30.883073895800635,41.84122967099211,0.1563058599500735,-0.1563058599500735,0.0
8,1000,30.885200905389183,41.83910266140356,-0.11376566818058542,0.11376566818058542,0.0
9,0,43.992021510535665,21.996010755267832,0.0,0.0,0.0
9,1,43.979322774870035,22.00870949093346,-0.2539747133125605,0.2539747133125605,3.0
9,2,43.94386714071735,22.044165125086145,-0.45513796974115195,0.45513796974115195,3.0
9,3,43.89585509315724,22.09217717264626,-0.5051029814610715,0.5051029814610715,3.0
9,4,43.82711208605927,22.160920179744224,-0.8697571604982084,0.8697571604982084,3.0
9,5,43.72244996731158,22.265582298491914,-1.2234852144556232,1.2234852144556232,3.0
9,6,43.59841663094714,22.389615634856348,-1.2571815128330783,1.2571815128330783,3.0
9,7,43.4473988722243,22.540633393579192,-1.7631736616237976,1.7631736616237976,3.0
9,8,43.25302066357221,22.735011602231285,-2.124390511418037,2.124390511418037,3.0
9,9,43.022540830641745,22.96549143516175,-2.4852061471912386,2.4852061471912386,3.0
9,10,42.76835763121968,23.219674634583814,-2.598457841250081,2.598457841250081,3.0
9,11,42.488609061878535,23.499423203924955,-2.9965135455727463,2.9965135455727463,3.0
9,12,42.17340333702655,23.81462892877694,-3.3076009514669664,3.3076009514669664,3.0
9,13,41.81681181789254,24.17122044791094,-3.824229431213002,3.824229431213002,3.0
9,14,41.43182581976393,24.556206446039567,-3.875490531359489,3.875490531359489,3.0
9,15,41.04938767195809,24.9386445938454,-3.773272424757204,3.773272424757204,0.0
9,16,40.672104008028484,25.315928257775006,-3.772400853834924,3.772400853834924,0.0
9,17,40.29226074856946,25.695771517234025,-3.8244643353454784,3.8244643353454784,0.0
9,18,39.918617775750235,26.069414490053255,-3.648395121039133,3.648395121039133,0.0
9,19,39.55562364155713,26.432408624246357,-3.6114875628228944,3.6114875628228944,0.0
9,20,39.191788363329934,26.796243902473556,-3.6652180017211826,3.6652180017211826,0.0
9,21,38.81068173039854,27.177350535404944,-3.9569146569064735,3.9569146569064735,0.0
9,22,38.412054567641384,27.575977698162095,-4.015628598236569,4.015628598236569,0.0
9,23,38.01534104417125,27.972691221632225,-3.9186418711660718,3.9186418711660718,0.0
9,24,37.63030461212741,28.357727653676072,-3.782086769710867,3.782086769710867,0.0
9,25,37.26093450717572,28.727097758627764,-3.605315329322959,3.605315329322959,0.0
9,26,36.89553852741688,29.0924937383866,-3.702604265853859,3.702604265853859,0.0
9,27,36.52289161343492,29.46514065236856,-3.750334013785361,3.750334013785361,0.0
9,28,36.13954629867052,29.84848596713296,-3.9165722815026154,3.9165722815026154,0.0
9,29,35.75661829160285,30.231413974200635,-3.7419878598508465,3.7419878598508465,0.0
9,30,35.39147127928178,30.596560986521695,-3.560952386570376,3.560952386570376,0.0
9,31,35.04921199830231,30.938820267501168,-3.284233233019128,3.284233233019128,0.0
9,32,34.717998944590484,31.270033321213,-3.340027841217493,3.340027841217493,0.0
9,33,34.39472981852471,31.59330244727877,-3.125354680097928,3.125354680097928,0.0
9,34,34.088530419485515,31.899501846317964,-2.9986333006859454,2.9986333006859454,0.0
9,35,33.77694699226009,32.211085273543375,-3.2330352438223695,3.2330352438223695,0.0
9,36,33.455388092018985,32.53264417378449,-3.198142760999895,3.198142760999895,0.0
9,37,33.14690218195091,32.84113008385257,-2.9715754403616863,2.9715754403616863,0.0
9,38,32.84243479302133,33.14559747278214,-3.117772338229818,3.117772338229818,0.0
9,39,32.52930766432023,33.45872460148325,-3.1447702357923255,3.1447702357923255,0.0
9,40,32.20286741959689,33.78516484620658,-3.3840346586743113,3.3840346586743113,0.0
9,41,31.862302655856766,34.125729609946696,-3.4272606161281,3.4272606161281,0.0
9,42,31.511598723580022,34.47643354222345,-3.5868180294067287,3.5868180294067287,0.0
9,43,31.150233523619065,34.83779874218441,-3.640485969812392,3.640485969812392,0.0
9,44,30.782461731321064,35.205570534482405,-3.7149498761473954,3.7149498761473954,0.0
9,45,30.40287186014818,35.585160405655294,-3.876847547310252,3.876847547310252,0.0
9,46,30.007208986805708,35.98082327899777,-4.0364099195391585,4.0364099195391585,0.0
9,47,29.633903571897477,36.35412869390599,-3.4296983786253623,3.4296983786253623,-5.0
9,48,29.319103141274113,36.668929124529356,-2.8663102338419044,2.8663102338419044,-5.0
9,49,29.046900725553556,36.94113154024991,-2.5777380805690804,2.5777380805690804,-5.0
9,50,28.82441891352107,37.1636133522824,-1.87189816008072,1.87189816008072,-5.0
9,51,28.647854333294987,37.34017793250848,-1.6593934444410596,1.6593934444410596,-5.0
9,52,28.484849632876845,37.50318263292663,-1.600700563921773,1.600700563921773,0.0
9,53,28.312032202824724,37.67600006297876,-1.8556480371206163,1.8556480371206163,0.0
9,54,28.147919378512427,37.840112887291056,-1.4266084491253483,1.4266084491253483,-5.0
9,55,28.039302852734323,37.94872941306916,-0.7457220664366417,0.7457220664366417,-5.0
9,56,27.96162009487142,38.02641217093207,-0.8079330908215283,0.8079330908215283,0.0
9,57,27.886135672379183,38.10189659342431,-0.701755359023247,0.701755359023247,0.0
9,58,27.817721254473582,38.17031101132991,-0.6665329990887638,0.6665329990887638,0.0
9,59,27.740978465549034,38.24705380025446,-0.8683227794023392,0.8683227794023392,0.0
9,60,27.644921516828234,38.34311074897527,-1.0528161950138184,1.0528161950138184,0.0
9,61,27.56076334017959,38.42726892562392,-0.6303473379590461,0.6303473379590461,-5.0
9,62,27.52642511885783,38.46160714694568,-0.05641708847620741,0.05641708847620741,-5.0
9,63,27.513753459194987,38.47427880660853,-0.19701610478068332,0.19701610478068332,0.0
9,64,27.497001133495402,38.491031132308116,-0.13803040921087728,0.13803040921087728,0.0
9,65,27.494233401312627,38.49379886449089,0.08267576555550882,-0.08267576555550882,0.0
9,66,27.497917180687466,38.49011508511605,-0.009000178058670372,0.009000178058670372,0.0
9,67,27.508611322965194,38.47942094283832,0.22288302361348933,-0.22288302361348933,0.0
9,68,27.523393734655826,38.464638531147685,0.07276521019916515,-0.07276521019916515,0.0
9,69,27.516476667302882,38.47155559850064,-0.2111065572581765,0.2111065572581765,0.0
9,70,27.505918533584833,38.48211373221869,-5.61171028312657e-05,5.61171028312657e-05,0.0
9,71,27.50217886035996,38.485853405443564,-0.07473734739461335,0.07473734739461335,0.0
9,72,27.489402982830597,38.49862928297293,-0.18078020319272348,0.18078020319272348,0.0
9,73,27.48127630306486,38.506755962738666,0.018246607878062093,-0.018246607878062093,0.0
9,74,27.497644954864512,38.490387310939,0.3091264281152757,-0.3091264281152757,0.0
9,75,27.53676313306515,38.45126913273836,0.47323713589767813,-0.47323713589767813,0.0
9,76,27.580563365207524,38.40746890059597,0.40276750695003116,-0.40276750695003116,0.0
9,77,27.61790795933068,38.37012430647282,0.3441243755132586,-0.3441243755132586,0.0
9,78,27.642488429112376,38.34554383669112,0.1474850201208433,-0.1474850201208433,0.0
9,79,27.67040561252064,38.317626653282844,0.41085864804469985,-0.41085864804469985,0.0
9,80,27.723886055650155,38.26414621015333,0.6587502145456785,-0.6587502145456785,0.0
9,81,27.781390971012414,38.20664129479107,0.4913480926996119,-0.4913480926996119,0.0
9,82,27.82006701513737,38.167965250666114,0.282172789799505,-0.282172789799505,0.0
9,83,27.85014185277224,38.13789041303124,0.31932396289808906,-0.31932396289808906,0.0
9,84,27.878763093187615,38.10926917261587,0.2531008454094277,-0.2531008454094277,0.0
9,85,27.89373884825956,38.09429341754392,0.046414256029464696,-0.046414256029464696,0.0
9,86,27.89349425916575,38.094538006637734,-0.05130603790552257,0.05130603790552257,0.0
9,87,27.8826456345234,38.10538663128008,-0.16566645494138754,0.16566645494138754,0.0
9,88,27.867365423742285,38.12066684206118,-0.13993776068066843,0.13993776068066843,0.0
9,89,27.839753088370315,38.14827917743314,-0.41230894675872953,0.41230894675872953,0.0
9,90,27.8027575608628,38.18527470494067,-0.3276016033920346,0.3276016033920346,0.0
9,91,27.759798951923926,38.22823331387956,-0.5315705753858655,0.5315705753858655,0.0
9,92,27.709269078930163,38.27876318687332,-0.4790268844895085,0.4790268844895085,0.0
9,93,27.65208486602606,38.33594739977741,-0.6646573735926413,0.6646573735926413,0.0
9,94,27.59695244146741,38.39107982433606,-0.4379911175805642,0.4379911175805642,0.0
9,95,27.56210888423783,38.42592338156565,-0.25888002701144863,0.25888002701144863,0.0
9,96,27.523152999384706,38.46487926641878,-0.520237670051225,0.520237670051225,0.0
9,97,27.4607634298888,38.52726883591468,-0.727553719867128,0.727553719867128,0.0
9,98,27.420693029277544,38.567339236525925,-0.07385429235755936,0.07385429235755936,-5.0
9,99,27.448388374078718,38.53964389172475,0.6277611883809602,-0.6277611883809602,-5.0
9,100,27.50814881640386,38.47988344939961,0.5674476581216918,-0.5674476581216918,0.0
9,101,27.55761740636251,38.43041485944096,0.421924141051246,-0.421924141051246,0.0
9,102,27.612955781357186,38.37507648444628,0.6848433588422935,-0.6848433588422935,0.0
9,103,27.683507914327862,38.30452435147561,0.726199300571114,-0.726199300571114,0.0
9,104,27.76145827154221,38.226573994261244,0.8328078437159991,-0.8328078437159991,0.0
9,105,27.849425309776592,38.13860695602686,0.926532920971658,-0.926532920971658,0.0
9,106,27.930651611492408,38.05738065431103,0.6979931133447508,-0.6979931133447508,0.0
9,107,27.994777979308964,37.99325428649446,0.5845342429865159,-0.5845342429865159,0.0
9,108,28.05027891005554,37.93775335574789,0.5254843719448008,-0.5254843719448008,0.0
9,109,28.09846613124631,37.8895661345571,0.43826005187078465,-0.43826005187078465,0.0
9,110,28.132257704894613,37.85577456090881,0.23757142109494822,-0.23757142109494822,0.0
9,111,28.148731858603526,37.839300407199886,0.09191165308346783,-0.09191165308346783,0.0
9,112,28.15406150943113,37.83397075637228,0.014681363468499242,-0.014681363468499242,0.0
9,113,28.15046910805529,37.83756315774811,-0.08652939098524648,0.08652939098524648,0.0
9,114,28.129721215625636,37.85831105017776,-0.32842845760797346,0.32842845760797346,0.0
9,115,28.104921701708122,37.883110564095276,-0.16756182074234438,0.16756182074234438,0.0
9,116,28.075649163702508,37.91238310210089,-0.4178889393701599,0.4178889393701599,0.0
9,117,28.045187940509237,37.942844325294175,-0.1913355244955337,0.1913355244955337,0.0
9,118,28.027142507636967,37.960889758166445,-0.16957313294996723,0.16957313294996723,0.0
9,119,28.016576860785705,37.97145540501771,-0.04173980407539801,0.04173980407539801,0.0
9,120,28.001419636686023,37.986612629117374,-0.26140467791818445,0.26140467791818445,0.0
9,121,27.985431106565585,38.0026011592378,-0.05836592449043465,0.05836592449043465,0.0
9,122,27.976805202689377,38.011227063114006,-0.11415215303394177,0.11415215303394177,0.0
9,123,27.956686950265862,38.03134531553752,-0.2882128954362795,0.2882128954362795,0.0
9,124,27.941073314730346,38.04695895107304,-0.0240598152739242,0.0240598152739242,0.0
9,125,27.940597134449035,38.04743513135435,0.014536209647330267,-0.014536209647330267,0.0
9,126,27.927397449401013,38.06063481640237,-0.27852991060783694,0.27852991060783694,0.0
9,127,27.886325816414427,38.101706449388956,-0.5429027491240479,0.5429027491240479,0.0
9,128,27.817296648190933,38.17073561761245,-0.8376806153458212,0.8376806153458212,0.0
9,129,27.723768270843124,38.26426399496026,-1.0328869316106335,1.0328869316106335,0.0
9,130,27.65460588677385,38.33342637902953,-0.35036074977530696,0.35036074977530696,-5.0
9,131,27.65420416791804,38.333828097885345,0.3423263726589898,-0.3423263726589898,-5.0
9,132,27.689649600280745,38.29838266552264,0.36658227459498427,-0.36658227459498427,0.0
9,133,27.73996659864855,38.24806566715483,0.639757692761,-0.639757692761,0.0
9,134,27.808495457205936,38.17953680859745,0.7308194783868007,-0.7308194783868007,0.0
9,135,27.870870298731973,38.11716196707141,0.5166773521339199,-0.5166773521339199,0.0
9,136,27.919882914493115,38.06814935131027,0.4635749630891244,-0.4635749630891244,0.0
9,137,27.97122939081217,38.016802874991214,0.5633545632921138,-0.5633545632921138,0.0
9,138,28.03907194694952,37.948960318853864,0.7934965594546881,-0.7934965594546881,0.0
9,139,28.11286349754434,37.875168768259044,0.68233445244182,-0.68233445244182,0.0
9,140,28.193155913299677,37.79487635250371,0.9235138626649331,-0.9235138626649331,0.0
9,141,28.286404012146363,37.70162825365702,0.9414481142685762,-0.9414481142685762,0.0
9,142,28.387471928905455,37.60056033689793,1.079910220913165,-1.079910220913165,0.0
9,143,28.510089480582877,37.477942785220506,1.3724408126352508,-1.3724408126352508,0.0
9,144,28.635970577980572,37.35206168782281,1.1451811353187402,-1.1451811353187402,0.0
9,145,28.759003599516717,37.229028666286666,1.3154792954040673,-1.3154792954040673,0.0
9,146,28.888195334091165,37.09983693171222,1.2683553960851786,-1.2683553960851786,0.0
9,147,29.017389803852893,36.97064246195049,1.3155339991493342,-1.3155339991493342,0.0
9,148,29.139422263352515,36.84861000245087,1.125115190843177,-1.125115190843177,0.0
9,149,29.258446544321913,36.72958572148147,1.2553704285446337,-1.2553704285446337,0.0
9,150,29.371265089571295,36.61676717623209,1.001000476442762,-1.001000476442762,0.0
9,151,29.480676674014347,36.507355591789036,1.187231212418542,-1.187231212418542,0.0
9,152,29.609886475076138,36.378145790727245,1.3969648088173372,-1.3969648088173372,0.0
9,153,29.73821538962713,36.249816876176254,1.1696134822025268,-1.1696134822025268,0.0
9,154,29.86168261897288,36.126349646830505,1.2997311047127447,-1.2997311047127447,0.0
9,155,29.98923749061308,35.998794775190305,1.2513663280912741,-1.2513663280912741,0.0
9,156,30.10921852028119,35.878813745522194,1.1482542652710848,-1.1482542652710848,0.0
9,157,30.210750337580606,35.77728192822278,0.8823820807173064,-0.8823820807173064,0.0
9,158,30.297769875595094,35.69026239020829,0.8580086795727233,-0.8580086795727233,0.0
9,159,30.374438092301034,35.61359417350235,0.6753556545460278,-0.6753556545460278,0.0
9,160,30.427251912833867,35.560780352969516,0.38092075611085896,-0.38092075611085896,0.0
9,161,30.456338623376126,35.53169364242726,0.20081345473432854,-0.20081345473432854,0.0
9,162,30.46879815412015,35.51923411168323,0.0483771601464138,-0.0483771601464138,0.0
9,163,30.48007893915127,35.507953326652114,0.17723854047576992,-0.17723854047576992,0.0
9,164,30.49719198269051,35.490840283112874,0.16502233030883318,-0.16502233030883318,0.0
9,165,30.51086530444738,35.477166961356005,0.10844410482835087,-0.10844410482835087,0.0
9,166,30.512191326072184,35.4758409397312,-0.0819236723322323,0.0819236723322323,0.0
9,167,30.51458826137832,35.47344400442506,0.12986237845482584,-0.12986237845482584,0.0
9,168,30.518142188400645,35.46989007740274,-0.05878383800849285,0.05878383800849285,0.0
9,169,30.52640038153092,35.461631884272464,0.2239477006142483,-0.2239477006142483,0.0
9,170,30.539519794326708,35.448512471476676,0.038440555301550106,-0.038440555301550106,0.0
9,171,30.554174942713132,35.43385732309025,0.25466241242692966,-0.25466241242692966,0.0
9,172,30.587890245191403,35.40014202061198,0.4196436371384493,-0.4196436371384493,0.0
9,173,30.618967546723923,35.36906471907946,0.20190239351218864,-0.20190239351218864,0.0
9,174,30.633654282305486,35.3543779834979,0.09183231811911519,-0.09183231811911519,0.0
9,175,30.638727852418214,35.34930441338517,0.009639084135736553,-0.009639084135736553,0.0
9,176,30.634632227346373,35.35340003845701,-0.09155158557259924,0.09155158557259924,0.0
9,177,30.62068050114155,35.367351764661834,-0.18748293852387654,0.18748293852387654,0.0
9,178,30.60639435979536,35.381637906008024,-0.09823988840000375,0.09823988840000375,0.0
9,179,30.581612206683843,35.40642005911954,-0.3974031738305701,0.3974031738305701,0.0
9,180,30.5307824639533,35.457249801850054,-0.6191916807799078,0.6191916807799078,0.0
9,181,30.465626458784897,35.52240580701846,-0.6839284225881759,0.6839284225881759,0.0
9,182,30.400134511637646,35.58789775416568,-0.6259105203563369,0.6259105203563369,0.0
9,183,30.335090430522456,35.65294183528084,-0.6749711019470102,0.6749711019470102,0.0
9,184,30.25580197048879,35.73223029531448,-0.9107980987258841,0.9107980987258841,0.0
9,185,30.17045898215369,35.81757328364958,-0.7960616679763355,0.7960616679763355,0.0
9,186,30.088437015193108,35.89959525061019,-0.8443776712355788,0.8443776712355788,0.0
9,187,29.998384998757643,35.989647267045655,-0.9566626574736894,0.9566626574736894,0.0
9,188,29.901142803794585,36.08688946200871,-0.9881812417874194,0.9881812417874194,0.0
9,189,29.81544728815001,36.17258497765326,-0.7257290711035616,0.7257290711035616,0.0
9,190,29.732640209690658,36.25539205611258,-0.9304124980829691,0.9304124980829691,0.0
9,191,29.63833690837535,36.34969535742786,-0.9556535282226708,0.9556535282226708,0.0
9,192,29.546195260119532,36.44183700568371,-0.887179436894117,0.887179436894117,0.0
9,193,29.461700118767368,36.5263321470359,-0.8027233901495325,0.8027233901495325,0.0
9,194,29.383129096103346,36.604903169699924,-0.768697063130853,0.768697063130853,0.0
9,195,29.301942069756507,36.68609019604676,-0.8550434638058562,0.8550434638058562,0.0
9,196,29.21347717170397,36.77455509409933,-0.9142544972452296,0.9142544972452296,0.0
9,197,29.133748914168876,36.85428335163445,-0.680310653457191,0.680310653457191,0.0
9,198,29.064721106822333,36.923311158980994,-0.7002454934735365,0.7002454934735365,0.0
9,199,28.99531151796677,36.992720747836586,-0.6879462836381283,0.6879462836381283,0.0
9,200,28.916909325787856,37.0711229400155,-0.8800975599399301,0.8800975599399301,0.0
9,201,28.83898867373435,37.14904359206898,-0.6783154811297205,0.6783154811297205,0.0
9,202,28.768956467864086,37.21907579793921,-0.7223286362750869,0.7223286362750869,0.0
9,203,28.700242485188113,37.28778978061516,-0.6519510172439968,0.6519510172439968,0.0
9,204,28.646133055904556,37.34189920989871,-0.43023756842688776,0.43023756842688776,0.0
9,205,28.598749220954204,37.389283044849094,-0.5174391305806587,0.5174391305806587,0.0
9,206,28.54501644349216,37.44301582231114,-0.5572164186600048,0.5572164186600048,0.0
9,207,28.49565512209469,37.49237714370864,-0.4300100092897079,0.4300100092897079,0.0
9,208,28.463638719245637,37.52439354655766,-0.21031804769079976,0.21031804769079976,0.0
9,209,28.455954771614188,37.53207749418908,0.056639095061807865,-0.056639095061807865,0.0
9,210,28.461621512345687,37.52641075345758,0.05669571956777908,-0.05669571956777908,0.0
9,211,28.462553830432512,37.52547843537076,-0.03804935783207952,0.03804935783207952,0.0
9,212,28.44487735246861,37.54315491333469,-0.3154802014468956,0.3154802014468956,0.0
9,213,28.39881034144969,37.58922192435364,-0.6058600189324181,0.6058600189324181,0.0
9,214,28.334433570061094,37.653598695742204,-0.6816754088394834,0.6816754088394834,0.0
9,215,28.27816330171197,37.70986896409133,-0.4437299581436527,0.4437299581436527,0.0
9,216,28.240013883503536,37.74801838229976,-0.31925840602544575,0.31925840602544575,0.0
9,217,28.20336322893013,37.78466903687317,-0.4137546854432177,0.4137546854432177,0.0
9,218,28.159285264973676,37.82874700082962,-0.46780459368649296,0.46780459368649296,0.0
9,219,28.124926943729122,37.863105322074176,-0.21936183120506314,0.21936183120506314,0.0
9,220,28.113838248249976,37.87419401755332,-0.0024120783784606914,0.0024120783784606914,0.0
9,221,28.12104318947098,37.86698907633232,0.1465109027981253,-0.1465109027981253,0.0
9,222,28.12100372149945,37.86702854430385,-0.14730026222956738,0.14730026222956738,0.0
9,223,28.118938479320775,37.869093786482495,0.10599541865600237,-0.10599541865600237,0.0
9,224,28.12496579585155,37.86306646995172,0.01455091195905922,-0.01455091195905922,0.0
9,225,28.113466252384796,37.87456601341847,-0.24454178129492377,0.24454178129492377,0.0
9,226,28.09568720602232,37.89234505978098,-0.11103914595561193,0.11103914595561193,0.0
9,227,28.094648823044963,37.89338344275836,0.09027148640753602,-0.09027148640753602,0.0
9,228,28.11561137095248,37.87242089485085,0.3289794717419472,-0.3289794717419472,0.0
9,229,28.139608664368325,37.84842360143503,0.15096639657389055,-0.15096639657389055,0.0
9,230,28.142477028091037,37.84555523771232,-0.09359912212037713,0.09359912212037713,0.0
9,231,28.1427201485497,37.84531211725363,0.09846153129337054,-0.09846153129337054,0.0
9,232,28.151146743359106,37.83688552244422,0.07007036489428664,-0.07007036489428664,0.0
9,233,28.159962595700677,37.82806967010265,0.1062466819368435,-0.1062466819368435,0.0
9,234,28.181741544247757,37.8062907215556,0.32933228900374445,-0.32933228900374445,0.0
9,235,28.21715220110252,37.77088006470083,0.37888084809074307,-0.37888084809074307,0.0
9,236,28.2567923356537,37.73123993014963,0.4139218429327247,-0.4139218429327247,0.0
9,237,28.296695945877502,37.69133631992585,0.3841503615423445,-0.3841503615423445,0.0
9,238,28.32227254524537,37.665759720557986,0.12738162581418422,-0.12738162581418422,0.0
9,239,28.347718429650797,37.64031383615253,0.3815360622942041,-0.3815360622942041,0.0
9,240,28.39731831371546,37.590713952087896,0.6104616189980838,-0.6104616189980838,0.0
9,241,28.461597043166364,37.52643522263696,0.6751129700199776,-0.6751129700199776,0.0
9,242,28.543324399363485,37.44470786643987,0.9594341539214675,-0.9594341539214675,0.0
9,243,28.642945202369845,37.34508706343351,1.0329819062052632,-1.0329819062052632,0.0
9,244,28.740321304082784,37.24771096172054,0.9145401280534209,-0.9145401280534209,0.0
9,245,28.83846481343278,37.14956745237055,1.0483300589458882,-1.0483300589458882,0.0
9,246,28.956242116314854,37.03179014948847,1.3072159986949998,-1.3072159986949998,0.0
9,247,29.074026900722743,36.914005365080584,1.0484796894625656,-1.0484796894625656,0.0
9,248,29.17794521234623,36.810087053457096,1.0298865430070414,-1.0298865430070414,0.0
9,249,29.267066948967226,36.7209653168361,0.7525481894124635,-0.7525481894124635,0.0
9,250,29.35411090787602,36.633921357927306,0.9883309887623284,-0.9883309887623284,0.0
9,251,29.451415327014786,36.53661693878854,0.9577573940125674,-0.9577573940125674,0.0
9,252,29.545242711791616,36.44278955401171,0.9187903015235861,-0.9187903015235861,0.0
9,253,29.6403440054537,36.34768826034963,0.9832355717179855,-0.9832355717179855,0.0
9,254,29.727717867767467,36.26031439803586,0.7642416745565139,-0.7642416745565139,0.0
9,255,29.790256965285778,36.19777530051755,0.4865402758097108,-0.4865402758097108,0.0
9,256,29.835041551044128,36.1529907147592,0.40915143935697174,-0.40915143935697174,0.0
9,257,29.889792135022162,36.098240130781164,0.6858602402034979,-0.6858602402034979,0.0
9,258,29.962957021461705,36.02507524434162,0.7774374885868003,-0.7774374885868003,0.0
9,259,30.030526448230773,35.95750581757255,0.5739510467937752,-0.5739510467937752,0.0
9,260,30.101995385698046,35.88603688010528,0.8554277025514629,-0.8554277025514629,0.0
9,261,30.178448537033603,35.809583728769724,0.6736353241585888,-0.6736353241585888,0.0
9,262,30.23744164924591,35.75059061655742,0.5062269200872045,-0.5062269200872045,0.0
9,263,30.273175929590366,35.71485633621296,0.20845868680167712,-0.20845868680167712,0.0
9,264,30.285630168093576,35.70240209770975,0.040626083262107926,-0.040626083262107926,0.0
9,265,30.304276606281462,35.683755659521864,0.332302680494891,-0.332302680494891,0.0
9,266,30.335628548358386,35.65240371744494,0.29473616104339584,-0.29473616104339584,0.0
9,267,30.35746371710593,35.6305685486974,0.14196721390639944,-0.14196721390639944,0.0
9,268,30.366724374052126,35.6213078917512,0.0432459250167625,-0.0432459250167625,0.0
9,269,30.372044628441245,35.61598763736208,0.06315916276474987,-0.06315916276474987,0.0
9,270,30.38577559829747,35.602256667505856,0.21146023435866645,-0.21146023435866645,0.0
9,271,30.419792115062364,35.56824015074096,0.4688701009382701,-0.4688701009382701,0.0
9,272,30.47601473239928,35.51201753340405,0.6555822457998204,-0.6555822457998204,0.0
9,273,30.55203646566605,35.43599580013728,0.8648524195355698,-0.8648524195355698,0.0
9,274,30.649874878445132,35.338157387358194,1.0919158360456258,-1.0919158360456258,0.0
9,275,30.748895587172342,35.239136678630985,0.8884983384976017,-0.8884983384976017,0.0
9,276,30.844059147368796,35.14397311843453,1.0147728654306274,-1.0147728654306274,0.0
9,277,30.94800485644714,35.040027409356185,1.0641413161362223,-1.0641413161362223,0.0
9,278,31.051607122692758,34.93642514311057,1.0079040087758777,-1.0079040087758777,0.0
9,279,31.15485514531673,34.833177120486596,1.0570564437035674,-1.0570564437035674,0.0
9,280,31.266783230802957,34.72124903500037,1.1815052660201175,-1.1815052660201175,0.0
9,281,31.389376874049333,34.598655391753994,1.2703675989068177,-1.2703675989068177,0.0
9,282,31.510968044987692,34.477064220815635,1.161455819859949,-1.161455819859949,0.0
9,283,31.63032424887109,34.357708016932236,1.2256682578077704,-1.2256682578077704,0.0
9,284,31.748413088560994,34.23961917724233,1.136108535990056,-1.136108535990056,0.0
9,285,31.848152265849194,34.13987999995413,0.8586750097736999,-0.8586750097736999,0.0
9,286,31.947591296773,34.04044096903033,1.1301056087021308,-1.1301056087021308,0.0
9,287,32.06883812125835,33.919194144544974,1.2948308810039464,-1.2948308810039464,0.0
9,288,32.190447943491336,33.79758432231199,1.1373655636548747,-1.1373655636548747,0.0
9,289,32.30776510086713,33.6802671649362,1.208977583860035,-1.208977583860035,0.0
9,290,32.41845088243525,33.569581383368075,1.0047380475017071,-1.0047380475017071,0.0
9,291,32.52736074586454,33.460671519938785,1.173459221083311,-1.173459221083311,0.0
9,292,32.65851610143653,33.329516164366794,1.449647890355772,-1.449647890355772,0.0
9,293,32.80660624175755,33.18142602404578,1.5121549160638104,-1.5121549160638104,0.0
9,294,32.970479733701495,33.01755253210183,1.7653149228140883,-1.7653149228140883,0.0
9,295,33.16089203283053,32.827140232972795,2.0429310597664756,-2.0429310597664756,0.0
9,296,33.36399522314474,32.624037042658586,2.019132746516709,-2.019132746516709,0.0
9,297,33.571381864950354,32.41665040085297,2.1286000895954356,-2.1286000895954356,0.0
9,298,33.774053131662924,32.2139791341404,1.9248252446558514,-1.9248252446558514,0.0
9,299,33.97869372315051,32.00933854265281,2.1679865850948747,-2.1679865850948747,0.0
9,300,34.20313489867846,31.78489736712487,2.3208369254636008,-2.3208369254636008,0.0
9,301,34.44882192930453,31.539210336498797,2.592903687057243,-2.592903687057243,0.0
9,302,34.71065772558933,31.277374540213998,2.643812238638091,-2.643812238638091,0.0
9,303,34.960320116483956,31.02771214931937,2.3494355792534396,-2.3494355792534396,0.0
9,304,35.185100889321006,30.80293137648232,2.146179877487528,-2.146179877487528,0.0
9,305,35.39689639908033,30.591135866722993,2.0897303176985424,-2.0897303176985424,0.0
9,306,35.61485470141656,30.373177564386765,2.269435729025883,-2.269435729025883,0.0
9,307,35.83041466771209,30.157617598091235,2.0417635968837686,-2.0417635968837686,0.0
9,308,36.04833277764601,29.939699488157316,2.316598601794002,-2.316598601794002,0.0
9,309,36.276468628510145,29.71156363729318,2.2461184154879987,-2.2461184154879987,0.0
9,310,36.50260131334272,29.485430952460604,2.2765352811627757,-2.2765352811627757,0.0
9,311,36.7353798350527,29.25265243075063,2.379035153036476,-2.379035153036476,0.0
9,312,36.96657132533426,29.02146094046907,2.2447946525936064,-2.2447946525936064,0.0
9,313,37.19091488930013,28.797117376503195,2.242076626722822,-2.242076626722822,0.0
9,314,37.4132270432504,28.574805222552925,2.2041664522828945,-2.2041664522828945,3.0
9,315,37.610299262001206,28.37773300380212,1.7372779227333215,-1.7372779227333215,3.0
9,316,37.77584623841523,28.2121860273881,1.573661605546917,-1.573661605546917,3.0
9,317,37.91176767581345,28.076264589989876,1.1447671424173258,-1.1447671424173258,3.0
9,318,38.01583323539421,27.972199030409115,0.9365440491982202,-0.9365440491982202,3.0
9,319,38.118055128104174,27.869977137699152,1.107893805000863,-1.107893805000863,0.0
9,320,38.214879506429895,27.77315275937343,0.8285937615139325,-0.8285937615139325,3.0
9,321,38.28557737452502,27.702454891278308,0.5853636003886429,-0.5853636003886429,3.0
9,322,38.349189059218816,27.63884320658451,0.6868700934874514,-0.6868700934874514,0.0
9,323,38.41742678547814,27.570605480325185,0.6778844316988515,-0.6778844316988515,0.0
9,324,38.47449624696594,27.513536018837385,0.46350479805694,-0.46350479805694,3.0
9,325,38.51449424877029,27.473538017033036,0.3364552380307835,-0.3364552380307835,3.0
9,326,38.53784160723882,27.45019065856451,0.13049193133995018,-0.13049193133995018,0.0
9,327,38.537830248695286,27.45020201710804,-0.13071910221080607,0.13071910221080607,0.0
9,328,38.52173294683138,27.46629931897195,-0.19122693506677635,0.19122693506677635,0.0
9,329,38.512678350645274,27.475353915158053,0.01013501134539041,-0.01013501134539041,0.0
9,330,38.52521600972483,27.462816256078497,0.24061817024611543,-0.24061817024611543,0.0
9,331,38.562382127379465,27.425650138423862,0.5027041828470935,-0.5027041828470935,0.0
9,332,38.620890014223335,27.367142251579992,0.6674535540304678,-0.6674535540304678,0.0
9,333,38.66460120398074,27.32343106182259,0.206770241117594,-0.206770241117594,3.0
9,334,38.668499954357,27.319532311446324,-0.12879523359193712,0.12879523359193712,3.0
9,335,38.67007280456278,27.317959461240548,0.1602522377078568,-0.1602522377078568,0.0
9,336,38.69160680005467,27.296425465748655,0.270427672129788,-0.270427672129788,0.0
9,337,38.71596277035212,27.272069495451206,0.2166917338199177,-0.2166917338199177,0.0
9,338,38.734204318675836,27.25382794712749,0.1481392326546196,-0.1481392326546196,3.0
9,339,38.734784988622096,27.25324727718123,-0.13652583372978988,0.13652583372978988,0.0
9,340,38.72968142367455,27.258350842128777,0.034454534778625145,-0.034454534778625145,0.0
9,341,38.718854041199734,27.269178224603593,-0.25100218427489907,0.25100218427489907,0.0
9,342,38.692259795142775,27.295772470660552,-0.28088273686435805,0.28088273686435805,0.0
9,343,38.66844206986309,27.319590195940236,-0.19547176873015282,0.19547176873015282,0.0
9,344,38.65263840656269,27.33539385924064,-0.12060149727773783,0.12060149727773783,0.0
9,345,38.64282133262793,27.345210933175395,-0.07573998141732297,0.07573998141732297,0.0
9,346,38.641541265776084,27.346491000027243,0.05013864438032911,-0.05013864438032911,0.0
9,347,38.648540551174676,27.33949171462865,0.08984706359147232,-0.08984706359147232,0.0
9,348,38.666049487921555,27.32198277788177,0.2603316713460586,-0.2603316713460586,0.0
9,349,38.67970519045252,27.308327075350803,0.012782379273422961,-0.012782379273422961,0.0
9,350,38.67306583759256,27.314966428210766,-0.14556943647247778,0.14556943647247778,0.0
9,351,38.65605438747161,27.331977878331713,-0.19465956594698675,0.19465956594698675,0.0
9,352,38.65016882241662,27.33786344338671,0.07694826484733319,-0.07694826484733319,0.0
9,353,38.64901447464888,27.339017791154447,-0.10003522020231159,0.10003522020231159,0.0
9,354,38.62963238275819,27.358399883045138,-0.2876066176123402,0.2876066176123402,0.0
9,355,38.597729004795724,27.390303261007602,-0.3504609416370581,0.3504609416370581,0.0
9,356,38.57310717915226,27.414925086651067,-0.1419755712323063,0.1419755712323063,0.0
9,357,38.55097561388641,27.43705665191692,-0.30065573408516677,0.30065573408516677,0.0
9,358,38.51931894968226,27.468713316121068,-0.3324775499982593,0.3324775499982593,0.0
9,359,38.47333837964709,27.514693886156238,-0.5871338507054809,0.5871338507054809,0.0
9,360,38.409744094429584,27.578288171373742,-0.6847518536448227,0.6847518536448227,0.0
9,361,38.331533998834686,27.65649826696864,-0.8794500582536564,0.8794500582536564,0.0
9,362,38.25586869984977,27.732163565953556,-0.6338559214447361,0.6338559214447361,0.0
9,363,38.19374446443362,27.794287801369705,-0.6086287868787625,0.6086287868787625,0.0
9,364,38.13658332278084,27.85144894302249,-0.5345940461775971,0.5345940461775971,0.0
9,365,38.0823561254731,27.90567614033023,-0.5499498999773227,0.5499498999773227,0.0
9,366,38.02614955596209,27.961882709841234,-0.5741814902433955,0.5741814902433955,0.0
9,367,37.95437464197141,28.033657623831914,-0.8613167895700027,0.8613167895700027,0.0
9,368,37.86326740467308,28.124764861130245,-0.9608279563968765,0.9608279563968765,0.0
9,369,37.76299429981799,28.225037965985337,-1.0446341407048205,1.0446341407048205,0.0
9,370,37.6517342085703,28.336298057233023,-1.1805676842496329,1.1805676842496329,0.0
9,371,37.52616063868152,28.46187162712181,-1.3309037135261192,1.3309037135261192,0.0
9,372,37.39048433066165,28.597547935141677,-1.3826224468718369,1.3826224468718369,0.0
9,373,37.24563680815186,28.74239545765147,-1.5143280033238185,1.5143280033238185,0.0
9,374,37.1085858045534,28.879446461249927,-1.2266920686450877,1.2266920686450877,0.0
9,375,36.97632146682122,29.011710798982108,-1.4185946859986807,1.4185946859986807,0.0
9,376,36.84370903980977,29.14432322599356,-1.2336538542311146,1.2336538542311146,0.0
9,377,36.73044648124943,29.257585784553896,-1.0315973169760841,1.0315973169760841,0.0
9,378,36.616056576651374,29.371975689151952,-1.256200774985647,1.256200774985647,0.0
9,379,36.50048313193065,29.487549133872676,-1.05526811942919,1.05526811942919,0.0
9,380,36.38128995508174,29.606742310721586,-1.3285954175491579,1.3285954175491579,0.0
9,381,36.255271334903625,29.7327609308997,-1.1917769860132683,1.1917769860132683,0.0
9,382,36.14773007255843,29.840302193244895,-0.9590482608909348,0.9590482608909348,0.0
9,383,36.06451202724355,29.923520238559774,-0.7053126454067211,0.7053126454067211,0.0
9,384,35.98829966979156,29.999732596011768,-0.8189345036333737,0.8189345036333737,0.0
9,385,35.91422838704739,30.07380387875594,-0.6624911512505189,0.6624911512505189,0.0
9,386,35.83832473537473,30.1497075304286,-0.8555818822030989,0.8555818822030989,0.0
9,387,35.75439209923894,30.233640166564385,-0.8230708405127505,0.8230708405127505,0.0
9,388,35.674155351384684,30.313876914418643,-0.7816641165730385,0.7816641165730385,0.0
9,389,35.59627041253941,30.391761853263915,-0.7760346603328863,0.7760346603328863,0.0
9,390,35.51170635030974,30.47632591549359,-0.9152465842614568,0.9152465842614568,0.0
9,391,35.40535712184817,30.582675143955157,-1.2117379849705827,1.2117379849705827,0.0
9,392,35.2934612812449,30.694570984558425,-1.026178827094629,1.026178827094629,0.0
9,393,35.1786843184226,30.80934794738073,-1.2693604293519094,1.2693604293519094,0.0
9,394,35.05929529574178,30.92873697006155,-1.1184200242646138,1.1184200242646138,0.0
9,395,34.934883876700496,31.05314838910283,-1.3698083565609966,1.3698083565609966,0.0
9,396,34.78903210579176,31.199000160011565,-1.5472270616142243,1.5472270616142243,0.0
9,397,34.64302714121743,31.345005124585896,-1.3728722298726126,1.3728722298726126,0.0
9,398,34.49923710724204,31.488795158561288,-1.5029284496354993,1.5029284496354993,0.0
9,399,34.34380112945422,31.644231136349106,-1.6057911061209964,1.6057911061209964,0.0
9,400,34.19080413896086,31.797228126842526,-1.454148703747233,1.454148703747233,0.0
9,401,34.036924623803316,31.95110764200001,-1.6234415994029234,1.6234415994029234,0.0
9,402,33.887342572784746,32.10068969301852,-1.3681994209678265,1.3681994209678265,0.0
9,403,33.75273558638844,32.23529667941483,-1.3239403069585443,1.3239403069585443,0.0
9,404,33.62462359060646,32.36340867519681,-1.238299608681018,1.238299608681018,0.0
9,405,33.51576262163974,32.47226964416353,-0.9389197706536319,0.9389197706536319,0.0
9,406,33.430518396915545,32.557513868887725,-0.7659647238309795,0.7659647238309795,0.0
9,407,33.36266254353461,32.62536972226866,-0.591152343788492,0.591152343788492,0.0
9,408,33.315293645289216,32.672738620514,-0.35622562111869094,0.35622562111869094,0.0
9,409,33.26610071236064,32.72193155344257,-0.6276330374534158,0.6276330374534158,0.0
9,410,33.21355178382407,32.77448048197908,-0.42334553327746427,0.42334553327746427,0.0
9,411,33.18362516888806,32.8044070969151,-0.17518676544288603,0.17518676544288603,0.0
9,412,33.167282625402095,32.82074964040106,-0.1516641042771507,0.1516641042771507,0.0
9,413,33.1474445652957,32.8405877005074,-0.2450970978501843,0.2450970978501843,0.0
9,414,33.119235680700854,32.86879658510219,-0.31908059404626776,0.31908059404626776,0.0
9,415,33.097925057916086,32.8901072078869,-0.10713186164828059,0.10713186164828059,0.0
9,416,33.0764909322769,32.91154133352603,-0.3215506511349133,0.3215506511349133,0.0
9,417,33.056407546066225,32.9316247197367,-0.08011707307911031,0.08011707307911031,0.0
9,418,33.045044343409586,32.94298792239334,-0.14714698005434101,0.14714698005434101,0.0
9,419,33.04170421000981,32.946328055793174,0.08034431205788906,-0.08034431205788906,0.0
9,420,33.05251076853665,32.93552149726628,0.13578685847959981,-0.13578685847959981,0.0
9,421,33.06791281725157,32.920119448551304,0.17225411581948258,-0.17225411581948258,0.0
9,422,33.085045395671386,32.902986870131485,0.17039745257626393,-0.17039745257626393,0.0
9,423,33.0917844196415,32.896247846161316,-0.03561697317321233,0.03561697317321233,0.0
9,424,33.090528464392605,32.89750380141027,0.010497868194438098,-0.010497868194438098,0.0
9,425,33.09898478325783,32.889047482545095,0.1586285091087607,-0.1586285091087607,0.0
9,426,33.100514329565385,32.8875179362376,-0.12803758295875234,0.12803758295875234,0.0
9,427,33.10105820332103,32.886974062481954,0.13891505807182014,-0.13891505807182014,0.0
9,428,33.10364282571163,32.884389440091354,-0.08722261026014166,0.08722261026014166,0.0
9,429,33.103003380027985,32.88502888577494,0.07443369658787269,-0.07443369658787269,0.0
9,430,33.11989185129323,32.86814041450975,0.26333572871590505,-0.26333572871590505,0.0
9,431,33.159818629451706,32.82821363635128,0.5351998344532927,-0.5351998344532927,0.0
9,432,33.22411076089247,32.763921504910456,0.7506427943625074,-0.7506427943625074,0.0
9,433,33.293187801008685,32.694844464794244,0.6308980079616688,-0.6308980079616688,0.0
9,434,33.3635775343331,32.624454731469825,0.7768966585264643,-0.7768966585264643,0.0
9,435,33.4328006488164,32.555231616986475,0.6075656311402149,-0.6075656311402149,0.0
9,436,33.489067343585475,32.49896492221745,0.5177682642404644,-0.5177682642404644,0.0
9,437,33.55075689346256,32.437275372340366,0.7160227333014184,-0.7160227333014184,0.0
9,438,33.61046486105943,32.37756740474356,0.478136618634748,-0.478136618634748,0.0
9,439,33.65466682534475,32.333365440458294,0.40590266707076417,-0.40590266707076417,0.0
9,440,33.685697066627654,32.30233519917539,0.21470215858683694,-0.21470215858683694,0.0
9,441,33.70629239649247,32.28173986931057,0.1972044387088232,-0.1972044387088232,0.0
9,442,33.72671525938142,32.261317006421564,0.21125281907046123,-0.21125281907046123,0.0
9,443,33.75827751310396,32.22975475269902,0.4199922553805493,-0.4199922553805493,0.0
9,444,33.8004412124227,32.187591053380345,0.42328173099273236,-0.42328173099273236,0.0
9,445,33.838111747048515,32.14992051875453,0.33012896152279225,-0.33012896152279225,0.0
9,446,33.878674255342844,32.1093580104602,0.48112120436367967,-0.48112120436367967,0.0
9,447,33.9319424493558,32.05608981644724,0.5842426758949024,-0.5842426758949024,0.0
9,448,33.993927541620906,31.99410472418208,0.6554591694069654,-0.6554591694069654,0.0
9,449,34.04456997353998,31.943462292263007,0.3573894689733397,-0.3573894689733397,0.0
9,450,34.079736635208064,31.90829563059492,0.34594376438845664,-0.34594376438845664,0.0
9,451,34.116323764872504,31.87170850093048,0.38579882890096506,-0.38579882890096506,0.0
9,452,34.15883370048732,31.829198565315664,0.46439988339412075,-0.46439988339412075,0.0
9,453,34.19103067661649,31.797001589186493,0.1795396391885653,-0.1795396391885653,0.0
9,454,34.19690347831886,31.791128787484126,-0.062083605142467135,0.062083605142467135,0.0
9,455,34.18783887097152,31.800193394831467,-0.11920854180498885,0.11920854180498885,0.0
9,456,34.17960975194046,31.808422513862524,-0.04537383881750401,0.04537383881750401,0.0
9,457,34.16349285845115,31.824539407351836,-0.2769640309687187,0.2769640309687187,0.0
9,458,34.120829246090125,31.86720301971286,-0.5763082162517534,0.5763082162517534,0.0
9,459,34.07083815875876,31.917194107044224,-0.42351353037514805,0.42351353037514805,0.0
9,460,34.0392985549197,31.94873371088329,-0.2072785464062541,0.2072785464062541,0.0
9,461,34.01471404433687,31.973318221466116,-0.2844116652495252,0.2844116652495252,0.0
9,462,33.997569761162254,31.990462504640732,-0.05847399824262567,0.05847399824262567,0.0
9,463,33.990154000720736,31.99787826508225,-0.08984121058757566,0.08984121058757566,0.0
9,464,33.98125798679541,32.00677427900757,-0.08807906791880349,0.08807906791880349,0.0
9,465,33.975611571484365,32.01242069431862,-0.024849238302607546,0.024849238302607546,0.0
9,466,33.98211240803607,32.00591985776691,0.154865969336214,-0.154865969336214,0.0
9,467,33.999124128994595,31.98890813680839,0.18536844983331058,-0.18536844983331058,0.0
9,468,34.01054525027655,31.977487015526435,0.04305397580462689,-0.04305397580462689,0.0
9,469,34.01898533840222,31.96904692740077,0.1257477867083896,-0.1257477867083896,0.0
9,470,34.023845127701975,31.96418713810101,-0.028552000713848003,0.028552000713848003,0.0
9,471,34.02436319661467,31.963669069188313,0.038913378968006285,-0.038913378968006285,0.0
9,472,34.027284759415124,31.96074750638786,0.019517877040446052,-0.019517877040446052,0.0
9,473,34.043159706690744,31.94487255911224,0.2979810684722821,-0.2979810684722821,0.0
9,474,34.06529639562996,31.922735870173028,0.14475271031056458,-0.14475271031056458,0.0
9,475,34.07848664137612,31.90954562442687,0.11905220461212451,-0.11905220461212451,0.0
9,476,34.07810376937732,31.909928496425664,-0.1267096445888125,0.1267096445888125,0.0
9,477,34.06593973698057,31.922092528822418,-0.11657100334637427,0.11657100334637427,0.0
9,478,34.04221933782253,31.945812927980455,-0.3578369798144063,0.3578369798144063,0.0
9,479,34.02069428969435,31.967337976108638,-0.07266398275031527,0.07266398275031527,0.0
9,480,34.02191798068952,31.966114285113463,0.09713780265348682,-0.09713780265348682,0.0
9,481,34.022294242941484,31.9657380228615,-0.08961255761526665,0.08961255761526665,0.0
9,482,34.01321923342243,31.974813032380553,-0.09188763276622147,0.09188763276622147,0.0
9,483,33.997604064657594,31.99042820114539,-0.22041574253185203,0.22041574253185203,0.0
9,484,33.97246069097821,32.015571574824776,-0.2824517310569217,0.2824517310569217,0.0
9,485,33.946110165104756,32.04192210069823,-0.24455878641256135,0.24455878641256135,0.0
9,486,33.92887597284869,32.0591562929543,-0.10012505870843924,0.10012505870843924,0.0
9,487,33.914208745995666,32.07382351980732,-0.19321947835277165,0.19321947835277165,0.0
9,488,33.900653017007585,32.0873792487954,-0.07789510140920974,0.07789510140920974,0.0
9,489,33.89550982131641,32.092522444486576,-0.02496881241362381,0.02496881241362381,0.0
9,490,33.895201966083846,32.09283029971914,0.018811707761170027,-0.018811707761170027,0.0
9,491,33.88302261975025,32.105009646052736,-0.26239863443344547,0.26239863443344547,0.0
9,492,33.86197728104696,32.126054984756024,-0.15850813963174737,0.15850813963174737,0.0
9,493,33.85715390344376,32.130878362359226,0.06204058756675046,-0.06204058756675046,0.0
9,494,33.84965220671097,32.138380059092015,-0.2120745222236664,0.2120745222236664,0.0
9,495,33.830894534278514,32.15713773152447,-0.16307892642538668,0.16307892642538668,0.0
9,496,33.803766449713066,32.18426581608992,-0.37948276488498145,0.37948276488498145,0.0
9,497,33.76916746221639,32.2188648035866,-0.3124969850481314,0.3124969850481314,0.0
9,498,33.751183726503655,32.23684853929933,-0.04717772920585439,0.04717772920585439,0.0
9,499,33.73669039469121,32.25134187111178,-0.2426889070430427,0.2426889070430427,0.0
9,500,33.72384308610697,32.26418917969602,-0.014257264642058232,0.014257264642058232,0.0
9,501,33.730405296224944,32.25762696957804,0.14550146700220523,-0.14550146700220523,0.0
9,502,33.73683684479727,32.25119542100572,-0.01687049555627773,0.01687049555627773,0.0
9,503,33.74357207414653,32.24446019165646,0.1515750825407487,-0.1515750825407487,0.0
9,504,33.75781369010872,32.230218575694266,0.13325723670292788,-0.13325723670292788,0.0
9,505,33.78124541605189,32.2067868497511,0.33537728216017015,-0.33537728216017015,0.0
9,506,33.803692598932116,32.18433966687087,0.11356637544487747,-0.11356637544487747,0.0
9,507,33.804237183114424,32.18379508268856,-0.10267469179800948,0.10267469179800948,0.0
9,508,33.79284027430924,32.19519199149374,-0.1252634843048792,0.1252634843048792,0.0
9,509,33.76567365271353,32.222358613089455,-0.41806894760866165,0.41806894760866165,0.0
9,510,33.72416950236652,32.263862763436464,-0.41201405933182045,0.41201405933182045,0.0
9,511,33.67966822148776,32.308364044315226,-0.4780115582427982,0.4780115582427982,0.0
9,512,33.63807107511366,32.34996119068933,-0.35393136923947033,0.35393136923947033,0.0
9,513,33.59898638549089,32.389045880312096,-0.4277624232169366,0.4277624232169366,0.0
9,514,33.56381984667814,32.42421241912484,-0.2755683530378388,0.2755683530378388,0.0
9,515,33.52267902966935,32.46535323613364,-0.5472479871376645,0.5472479871376645,0.0
9,516,33.47444839851107,32.51358386729191,-0.41736463602863516,0.41736463602863516,0.0
9,517,33.43649261877658,32.5515396470264,-0.34175095866180705,0.34175095866180705,0.0
9,518,33.417115786202544,32.57091647960044,-0.04578569281886935,0.04578569281886935,0.0
9,519,33.42382111945142,32.56421114635157,0.1798923577955982,-0.1798923577955982,0.0
9,520,33.428832372187,32.55919989361598,-0.07966730308524461,0.07966730308524461,0.0
9,521,33.42122558487927,32.56680668092372,-0.07246844306937383,0.07246844306937383,0.0
9,522,33.41148340258803,32.57654886321495,-0.12237520275451885,0.12237520275451885,0.0
9,523,33.389727461882785,32.5983048039202,-0.3127436113496955,0.3127436113496955,0.0
9,524,33.34909519221708,32.63893707358591,-0.4999017819650575,0.4999017819650575,0.0
9,525,33.308995533915436,32.67903673188755,-0.3020913840676691,0.3020913840676691,0.0
9,526,33.285987282953556,32.70204498284943,-0.15807363517064665,0.15807363517064665,0.0
9,527,33.25935113832077,32.72868112748222,-0.37464925748532885,0.37464925748532885,0.0
9,528,33.220630903966935,32.76740136183605,-0.3997554295913357,0.3997554295913357,0.0
9,529,33.1950530147833,32.79297925101969,-0.11180235408089523,0.11180235408089523,0.0
9,530,33.17096419564086,32.81706807016212,-0.36997402876899876,0.36997402876899876,0.0
9,531,33.14529849418568,32.842733771617304,-0.14334000033429106,0.14334000033429106,0.0
9,532,33.12130865752806,32.866723608274924,-0.3364567328195349,0.3364567328195349,0.0
9,533,33.072670276006306,32.91536198979668,-0.6363108976156298,0.6363108976156298,0.0
9,534,33.013543814888294,32.97448845091469,-0.5462183247457322,0.5462183247457322,0.0
9,535,32.94446329947027,33.043568966332714,-0.8353919836156365,0.8353919836156365,0.0
9,536,32.85271041516717,33.13532185063582,-0.9996657024468956,0.9996657024468956,0.0
9,537,32.75066497397131,33.237367291831674,-1.0412431214716218,1.0412431214716218,0.0
9,538,32.64037928988,33.34765297592298,-1.1644705603549905,1.1644705603549905,0.0
9,539,32.51747192725634,33.47056033854665,-1.2936766921186944,1.2936766921186944,0.0
9,540,32.38113556050564,33.606896705297345,-1.43305064289647,1.43305064289647,0.0
9,541,32.24965489323995,33.738377372563036,-1.1965627024185572,1.1965627024185572,0.0
9,542,32.14089691126151,33.84713535454148,-0.9785969371498986,0.9785969371498986,0.0
9,543,32.032654066702435,33.95537819910055,-1.1862599540312484,1.1862599540312484,0.0
9,544,31.911704691986756,34.07632757381623,-1.232727540282804,1.232727540282804,0.0
9,545,31.801994262980656,34.18603800282233,-0.9614810398401676,0.9614810398401676,0.0
9,546,31.70012243393319,34.2879098318698,-1.0759555411084918,1.0759555411084918,0.0
9,547,31.588393268934055,34.39963899686893,-1.1586277588743474,1.1586277588743474,0.0
9,548,31.470575452429443,34.51745681337354,-1.1977285712178727,1.1977285712178727,0.0
9,549,31.348249518600028,34.63978274720296,-1.2487901053715422,1.2487901053715422,0.0
9,550,31.220656628290612,34.76737563751237,-1.303067700816115,1.303067700816115,0.0
9,551,31.091857511798707,34.89617475400428,-1.2729146290230595,1.2729146290230595,0.0
9,552,30.9595297951563,35.028502470646686,-1.3736397038263313,1.3736397038263313,0.0
9,553,30.834357052692894,35.15367521311009,-1.1298151454412189,1.1298151454412189,0.0
9,554,30.728393864462987,35.25963840134,-0.989448619156235,0.989448619156235,0.0
9,555,30.620158747753408,35.36787351804958,-1.1752537150350921,1.1752537150350921,0.0
9,556,30.507149975611014,35.48088229019197,-1.0849217278134091,1.0849217278134091,0.0
9,557,30.393648466217087,35.5943837995859,-1.1851084600657416,1.1851084600657416,0.0
9,558,30.260418016697486,35.7276142491055,-1.4795005303256374,1.4795005303256374,0.0
9,559,30.105801404054205,35.88223086174878,-1.6128317225394646,1.6128317225394646,0.0
9,560,29.950153104387823,36.03787916141516,-1.50013427078785,1.50013427078785,0.0
9,561,29.803790480905377,36.18424178489761,-1.4271181988624235,1.4271181988624235,0.0
9,562,29.652251659857598,36.33578060594539,-1.6036582220941291,1.6036582220941291,0.0
9,563,29.481512077035745,36.50652018876724,-1.8111334343426755,1.8111334343426755,0.0
9,564,29.2893419426141,36.698690323188885,-2.032269254091366,2.032269254091366,0.0
9,565,29.088348640606114,36.89968362519687,-1.9875967860695773,1.9875967860695773,0.0
9,566,28.899141948847728,37.08889031695526,-1.7965370490975552,1.7965370490975552,0.0
9,567,28.717767315712763,37.27026495009022,-1.8309556136021765,1.8309556136021765,0.0
9,568,28.537728789482117,37.45030347632087,-1.7698149110105845,1.7698149110105845,0.0
9,569,28.377754801418178,37.61027746438481,-1.4296648502680789,1.4296648502680789,-5.0
9,570,28.261780822593437,37.72625144320955,-0.8898147262252749,0.8898147262252749,-5.0
9,571,28.178417760095726,37.80961450570726,-0.7774465237303652,0.7774465237303652,0.0
9,572,28.107012024063124,37.88102024173986,-0.6506681969222843,0.6506681969222843,0.0
9,573,28.036837317556774,37.95119494824621,-0.7528259332052532,0.7528259332052532,0.0
9,574,27.966057850379343,38.02197441542364,-0.6627634103436737,0.6627634103436737,0.0
9,575,27.89616601719058,38.091866248612405,-0.7350732534322049,0.7350732534322049,0.0
9,576,27.80773477296748,38.18029749283551,-1.0335516310306208,1.0335516310306208,0.0
9,577,27.731435970449752,38.25659629535323,-0.4924244193232781,0.4924244193232781,-5.0
9,578,27.717022832257157,38.27100943354583,0.20416165547298704,-0.20416165547298704,-5.0
9,579,27.738922227756234,38.24911003804675,0.23382625450938477,-0.23382625450938477,0.0
9,580,27.769579585600013,38.21845268020297,0.379320902367958,-0.379320902367958,0.0
9,581,27.817562700413305,38.17046956538968,0.5803413938981326,-0.5803413938981326,0.0
9,582,27.87314283224441,38.114889433558574,0.531261242724149,-0.531261242724149,0.0
9,583,27.927995305157765,38.06003696064522,0.5657882155433356,-0.5657882155433356,0.0
9,584,27.980605757355647,38.00742650844734,0.4864208284157492,-0.4864208284157492,0.0
9,585,28.04315797205436,37.944874293748626,0.7646234655600139,-0.7646234655600139,0.0
9,586,28.110297390190226,37.87773487561276,0.5781648971577855,-0.5781648971577855,0.0
9,587,28.15593782327403,37.832094442528955,0.33464376452001154,-0.33464376452001154,0.0
9,588,28.19581686344543,37.792215402357556,0.4629370389097094,-0.4629370389097094,0.0
9,589,28.22878060316964,37.759251662633346,0.19633775557532473,-0.19633775557532473,0.0
9,590,28.260307511551332,37.72772475425165,0.4342004120593259,-0.4342004120593259,0.0
9,591,28.299852031413025,37.68818023438996,0.3566899851763701,-0.3566899851763701,0.0
9,592,28.34542270850443,37.642609557298556,0.5547235566518314,-0.5547235566518314,0.0
9,593,28.39088390435404,37.597148361448944,0.3545003603421275,-0.3545003603421275,0.0
9,594,28.43367780334779,37.554354462455194,0.5013776195332351,-0.5013776195332351,0.0
9,595,28.493710280002688,37.4943219858003,0.6992719135664505,-0.6992719135664505,0.0
9,596,28.55676914466858,37.43126312113441,0.5619053797518738,-0.5619053797518738,0.0
9,597,28.6138949939658,37.374137271837185,0.580611606194207,-0.580611606194207,0.0
9,598,28.66340729280421,37.32462497299878,0.4096343705738885,-0.4096343705738885,0.0
9,599,28.696798864692028,37.29123340111096,0.2581970671846552,-0.2581970671846552,0.0
9,600,28.725425888873588,37.2626063769294,0.31434341644729,-0.31434341644729,0.0
9,601,28.74400869703436,37.244023568768625,0.05731274676938014,-0.05731274676938014,0.0
9,602,28.745287586492623,37.24274467931036,-0.03173495760283096,0.03173495760283096,0.0
9,603,28.752000113032295,37.23603215277069,0.16598548839672667,-0.16598548839672667,0.0
9,604,28.778895277406946,37.20913698839604,0.37191779909833755,-0.37191779909833755,0.0
9,605,28.821036012776403,37.16699625302658,0.47089690829206887,-0.47089690829206887,0.0
9,606,28.87882281612474,37.10920944967825,0.6848391586760467,-0.6848391586760467,0.0
9,607,28.949602959924164,37.03842930587882,0.7307637173131223,-0.7307637173131223,0.0
9,608,29.012107043045262,36.97592522275772,0.5193179451104726,-0.5193179451104726,0.0
9,609,29.061891957319176,36.92614030848381,0.47638034036828003,-0.47638034036828003,0.0
9,610,29.09740644366832,36.890625822134666,0.23390938661556326,-0.23390938661556326,0.0
9,611,29.112264336314638,36.87576792948835,0.0632484663130004,-0.0632484663130004,0.0
9,612,29.109060677855496,36.87897158794749,-0.12732163549401854,0.12732163549401854,0.0
9,613,29.092957003712854,36.89507526209013,-0.19475184735772366,0.19475184735772366,0.0
9,614,29.066235057394806,36.92179720840818,-0.3396870790028377,0.3396870790028377,0.0
9,615,29.02641224928209,36.9616200165209,-0.4567690832506148,0.4567690832506148,0.0
9,616,28.96852313744887,37.019509128354116,-0.7010131534132409,0.7010131534132409,0.0
9,617,28.909133763673253,37.07889850212973,-0.48677432209912475,0.48677432209912475,0.0
9,618,28.84626043694925,37.141771828853734,-0.7706922123805864,0.7706922123805864,0.0
9,619,28.763072072749424,37.22496019305356,-0.8930750716152627,0.8930750716152627,0.0
9,620,28.687032658248995,37.30099960755399,-0.6277132183922216,0.6277132183922216,0.0
9,621,28.638359860325636,37.34967240547735,-0.34574274007502837,0.34574274007502837,0.0
9,622,28.6158272215348,37.372205044268185,-0.10491003573975455,0.10491003573975455,0.0
9,623,28.61141335892819,37.376618906874796,0.0166327836080562,-0.0166327836080562,0.0
9,624,28.624247857581622,37.36378440822136,0.24005718946263954,-0.24005718946263954,0.0
9,625,28.63587380797219,37.3521584578308,-0.007538181650113884,0.007538181650113884,0.0
9,626,28.631089568410857,37.35694269739213,-0.08814660957562914,0.08814660957562914,0.0
9,627,28.61937395991572,37.368658305887266,-0.14616556032542682,0.14616556032542682,0.0
9,628,28.615727272125582,37.3723049936774,0.0732318045239655,-0.0732318045239655,0.0
9,629,28.624042543343194,37.36398972245979,0.09307361982936513,-0.09307361982936513,0.0
9,630,28.622703507477354,37.36532875832563,-0.1198543371446057,0.1198543371446057,0.0
9,631,28.60437098614659,37.383661279656394,-0.24679608946985887,0.24679608946985887,0.0
9,632,28.578905193447326,37.40912707235566,-0.26251976451523085,0.26251976451523085,0.0
9,633,28.559901010433123,37.42813125536986,-0.11756389576716764,0.11756389576716764,0.0
9,634,28.545975963618844,37.44205630218414,-0.1609370405170143,0.1609370405170143,0.0
9,635,28.52427493506252,37.463757330740464,-0.2730835306074617,0.2730835306074617,0.0
9,636,28.483319607625504,37.50471265817748,-0.5460230181326615,0.5460230181326615,0.0
9,637,28.42628203552522,37.56175023027777,-0.5947284238717057,0.5947284238717057,0.0
9,638,28.363306978146056,37.62472528765693,-0.664772723710751,0.664772723710751,0.0
9,639,28.29113248396061,37.696899781842376,-0.7787171599976261,0.7787171599976261,0.0
9,640,28.216586176046007,37.77144608975698,-0.7122089982927857,0.7122089982927857,0.0
9,641,28.14553330430533,37.842498961497654,-0.7088484365195828,0.7088484365195828,0.0
9,642,28.085217392402228,37.90281487340076,-0.4974698015417367,0.4974698015417367,0.0
9,643,28.03252317733154,37.955509088471445,-0.5564144998698239,0.5564144998698239,0.0
9,644,27.9855659450252,38.002466320777785,-0.3827301462549677,0.3827301462549677,0.0
9,645,27.93710264148808,38.050929624314904,-0.5865359244860908,0.5865359244860908,0.0
9,646,27.882395452768037,38.10563681303495,-0.5076078499142067,0.5076078499142067,0.0
9,647,27.831992226669286,38.1560400391337,-0.5004566720587285,0.5004566720587285,0.0
9,648,27.774107439013733,38.21392482678925,-0.6572390810505695,0.6572390810505695,0.0
9,649,27.70123366539906,38.28679860040393,-0.8002363912425956,0.8002363912425956,0.0
9,650,27.644817400022703,38.34321486578028,-0.3280889162841927,0.3280889162841927,-5.0
9,651,27.623303696438825,38.36472856936416,-0.10218515539423834,0.10218515539423834,0.0
9,652,27.600333619119283,38.3876986466837,-0.3572163909964523,0.3572163909964523,0.0
9,653,27.551007901578714,38.43702436422427,-0.6292979598156947,0.6292979598156947,0.0
9,654,27.47314100397375,38.514891261829234,-0.9280399922835976,0.9280399922835976,0.0
9,655,27.395360186001085,38.5926720798019,-0.6275763671692811,0.6275763671692811,-5.0
9,656,27.347466676617614,38.64056558918537,-0.33029382049799594,0.33029382049799594,-5.0
9,657,27.3297430704024,38.658289195400585,-0.02417830380664654,0.02417830380664654,-5.0
9,658,27.333493538889115,38.65453872691387,0.099187673541973,-0.099187673541973,0.0
9,659,27.33150612141344,38.656526144389545,-0.13893602305514108,0.13893602305514108,0.0
9,660,27.32352336075894,38.664508905044045,-0.02071919003417655,0.02071919003417655,0.0
9,661,27.33111861468342,38.65691365111957,0.17262426852327017,-0.17262426852327017,0.0
9,662,27.34969057446108,38.63834169134191,0.19881492703029302,-0.19881492703029302,0.0
9,663,27.365729530393992,38.622302735408994,0.12196419162807537,-0.12196419162807537,0.0
9,664,27.379768741440216,38.60826352436277,0.15882002929648564,-0.15882002929648564,0.0
9,665,27.401394411134106,38.58663785466888,0.2736933645809341,-0.2736933645809341,0.0
9,666,27.418575276092042,38.56945698971094,0.06992393457856672,-0.06992393457856672,0.0
9,667,27.432533230043305,38.55549903575968,0.2092351444464775,-0.2092351444464775,0.0
9,668,27.45321966103654,38.534812604766444,0.20449347541736174,-0.20449347541736174,0.0
9,669,27.47865635722826,38.509375908574725,0.3042404484164791,-0.3042404484164791,0.0
9,670,27.499288084687805,38.48874418111518,0.10839410077376854,-0.10839410077376854,0.0
9,671,27.51596280751903,38.472069458283954,0.22510035585019494,-0.22510035585019494,0.0
9,672,27.52594786181419,38.4620844039888,-0.02539926994729491,0.02539926994729491,0.0
9,673,27.525257610664767,38.46277465513822,0.011594246959594656,-0.011594246959594656,0.0
9,674,27.52684357082171,38.461188694981274,0.020124956179948583,-0.020124956179948583,0.0
9,675,27.514745340541026,38.47328692526196,-0.26208956179240595,0.26208956179240595,0.0
9,676,27.477711913624603,38.51032035217838,-0.47857897653546644,0.47857897653546644,0.0
9,677,27.421213497833946,38.56681876796904,-0.6513893392784418,0.6513893392784418,0.0
9,678,27.38882890345451,38.599203362348476,0.003697451690255704,-0.003697451690255704,-5.0
9,679,27.426841307030827,38.56119095877216,0.7565506198358207,-0.7565506198358207,-5.0
9,680,27.50974609014429,38.478286175658695,0.9015450424322431,-0.9015450424322431,0.0
9,681,27.588905651068785,38.3991266147342,0.6816461760566259,-0.6816461760566259,0.0
9,682,27.648436639233864,38.33959562656912,0.5089735872456593,-0.5089735872456593,0.0
9,683,27.704425707962514,38.28360655784047,0.6108077873267046,-0.6108077873267046,0.0
9,684,27.77000465793344,38.218027607869544,0.7007712120905314,-0.7007712120905314,0.0
9,685,27.835904552388683,38.1521277134143,0.617226677014342,-0.617226677014342,0.0
9,686,27.88401228672467,38.104019979078316,0.34492800970535953,-0.34492800970535953,0.0
9,687,27.93073113795913,38.05730112784386,0.5894490149836731,-0.5894490149836731,0.0
9,688,27.998679134209965,37.98935313159302,0.769510910033695,-0.769510910033695,0.0
9,689,28.069362570023372,37.91866969577961,0.6441578062336983,-0.6441578062336983,0.0
9,690,28.1299781904886,37.858054075314385,0.5681546030709779,-0.5681546030709779,0.0
9,691,28.177672491072258,37.81035977473073,0.3857314086020782,-0.3857314086020782,0.0
9,692,28.22479334156901,37.763238924233974,0.5566856013324308,-0.5566856013324308,0.0
9,693,28.28207327079383,37.705958995009155,0.5889129831642865,-0.5889129831642865,0.0
9,694,28.349629261362907,37.63840300444008,0.7622068282180141,-0.7622068282180141,0.0
9,695,28.42244515189941,37.565587113903575,0.6941109825127221,-0.6941109825127221,0.0
9,696,28.492660009063115,37.49537225673987,0.7101861607600259,-0.7101861607600259,0.0
9,697,28.56197752479261,37.426054741010375,0.676164153830701,-0.676164153830701,0.0
9,698,28.631836680858896,37.35619558494409,0.7210189674938334,-0.7210189674938334,0.0
9,699,28.689592277408337,37.29843998839465,0.434092963493768,-0.434092963493768,0.0
9,700,28.740031054303472,37.24800121149951,0.5746825744079622,-0.5746825744079622,0.0
9,701,28.7916459576619,37.196386308141086,0.45761549276013014,-0.45761549276013014,0.0
9,702,28.8522856987787,37.135746567024285,0.7551793295747515,-0.7551793295747515,0.0
9,703,28.92493810092617,37.063094164876816,0.6978687133740884,-0.6978687133740884,0.0
9,704,28.984798106277594,37.00323415952539,0.4993313936532431,-0.4993313936532431,0.0
9,705,29.038530176815698,36.94950208898729,0.5753100171084107,-0.5753100171084107,0.0
9,706,29.101736866130636,36.88629539967235,0.688823769189197,-0.688823769189197,0.0
9,707,29.17812940079773,36.809902865005256,0.8390269241528081,-0.8390269241528081,0.0
9,708,29.268653663792975,36.71937860201001,0.9714583357508513,-0.9714583357508513,0.0
9,709,29.36281568473771,36.625216581065274,0.9117820831433736,-0.9117820831433736,0.0
9,710,29.449558939964163,36.53847332583882,0.8230830213857168,-0.8230830213857168,0.0
9,711,29.52479625376884,36.463236012034145,0.6816632547069403,-0.6816632547069403,0.0
9,712,29.60174407096713,36.386288194835856,0.8572930892590893,-0.8572930892590893,0.0
9,713,29.68560034855443,36.302431917248555,0.8198324624859072,-0.8198324624859072,0.0
9,714,29.768278703234955,36.21975356256803,0.8337346311237273,-0.8337346311237273,0.0
9,715,29.850114823976924,36.13791744182606,0.8029877837152899,-0.8029877837152899,0.0
9,716,29.935990598474973,36.05204166732801,0.9145277062458685,-0.9145277062458685,0.0
9,717,30.024396638533972,35.963635627269014,0.8535930949341406,-0.8535930949341406,0.0
9,718,30.11219468524007,35.875837580562916,0.9023678391879884,-0.9023678391879884,0.0
9,719,30.190099955190476,35.79793231061251,0.6557375598194017,-0.6557375598194017,0.0
9,720,30.269176878537564,35.71885538726542,0.9258009071214346,-0.9258009071214346,0.0
9,721,30.37388788444514,35.614144381357846,1.1684192110290308,-1.1684192110290308,0.0
9,722,30.48063796010547,35.50739430569752,0.9665823021782689,-0.9665823021782689,0.0
9,723,30.58871429057001,35.399317975232975,1.1949443071114754,-1.1949443071114754,0.0
9,724,30.702650757766264,35.28538150803672,1.0837850368124702,-1.0837850368124702,0.0
9,725,30.81293617795518,35.175096087847805,1.121923366964607,-1.121923366964607,0.0
9,726,30.925563880761388,35.0624683850416,1.1306306891591706,-1.1306306891591706,0.0
9,727,31.033467937445153,34.95456432835783,1.027450444514935,-1.027450444514935,0.0
9,728,31.131384922007328,34.85664734379566,0.9308892467282224,-0.9308892467282224,0.0
9,729,31.23522135324822,34.752810912554764,1.1458393780903382,-1.1458393780903382,0.0
9,730,31.350168801640734,34.63786346416225,1.1531095897600938,-1.1531095897600938,0.0
9,731,31.456749785421835,34.53128248038115,0.9785100858610161,-0.9785100858610161,0.0
9,732,31.563509228927842,34.424523036875144,1.1566787842592188,-1.1566787842592188,0.0
9,733,31.68906095633372,34.298971309469266,1.354355763858102,-1.354355763858102,0.0
9,734,31.833668525080384,34.1543637407226,1.5377956110742232,-1.5377956110742232,0.0
9,735,31.999692390221867,33.98833987558112,1.7826816917548722,-1.7826816917548722,0.0
9,736,32.1689440438455,33.819088221957486,1.6023513807167262,-1.6023513807167262,0.0
9,737,32.33268144891019,33.65535081689279,1.672396720575966,-1.672396720575966,0.0
9,738,32.511903986168136,33.47612827963485,1.9120540245834405,-1.9120540245834405,0.0
9,739,32.70732424127391,33.280708024529076,1.9963510775325926,-1.9963510775325926,0.0
9,740,32.89993451922601,33.08809774657698,1.8558544815082723,-1.8558544815082723,0.0
9,741,33.08649170356068,32.9015405622423,1.8752892051850072,-1.8752892051850072,0.0
9,742,33.275478714382984,32.71255355142,1.9044510112597486,-1.9044510112597486,0.0
9,743,33.45611389066289,32.531918375140094,1.7082525143375218,-1.7082525143375218,0.0
9,744,33.63281277192971,32.35521949387328,1.8257251109978831,-1.8257251109978831,0.0
9,745,33.81859807133878,32.1694341944642,1.889980877184204,-1.889980877184204,0.0
9,746,34.018186251075235,31.96984601472775,2.1017827175441806,-2.1017827175441806,0.0
9,747,34.2374100220967,31.75062224370629,2.2826927028850292,-2.2826927028850292,0.0
9,748,34.47093206611828,31.517100199684705,2.387748177546177,-2.387748177546177,0.0
9,749,34.69509148997906,31.292940775823922,2.095440299668823,-2.095440299668823,0.0
9,750,34.89019215597261,31.097840109830372,1.806573020202615,-1.806573020202615,0.0
9,751,35.08385421262767,30.904178053175315,2.0666681128984496,-2.0666681128984496,0.0
9,752,35.29201347577998,30.696018790023004,2.096517150147074,-2.096517150147074,0.0
9,753,35.51013829485248,30.477893970950504,2.2659792313027562,-2.2659792313027562,0.0
9,754,35.72257954116276,30.265452724640227,1.9828456949018616,-1.9828456949018616,0.0
9,755,35.9110359849152,30.076996280887784,1.78628318014691,-1.78628318014691,0.0
9,756,36.08022375779751,29.907808508005473,1.597472277498003,-1.597472277498003,0.0
9,757,36.25074255017523,29.737289715627753,1.812903570056534,-1.812903570056534,0.0
9,758,36.420209456519956,29.56782280928303,1.5764345568375049,-1.5764345568375049,0.0
9,759,36.58982365602105,29.398208609781932,1.8158494331837876,-1.8158494331837876,0.0
9,760,36.76298421698357,29.225048048819417,1.6473617860665097,-1.6473617860665097,0.0
9,761,36.92265372158715,29.065378544215832,1.546028306005704,-1.546028306005704,0.0
9,762,37.07443814578892,28.913594120014068,1.4896601780284744,-1.4896601780284744,0.0
9,763,37.20867195257347,28.779360313229517,1.1950159576620756,-1.1950159576620756,0.0
9,764,37.34089129762435,28.647140968178633,1.449370943354296,-1.449370943354296,0.0
9,765,37.482212048631936,28.50582021717105,1.377044076796114,-1.377044076796114,0.0
9,766,37.62939702531844,28.358635240484546,1.566655456933912,-1.566655456933912,0.0
9,767,37.78239530493477,28.20563696086822,1.4933101353929583,-1.4933101353929583,0.0
9,768,37.90186217362475,28.086170092178236,0.8960272384050967,-0.8960272384050967,3.0
9,769,37.99843329430678,27.989598971496207,1.035395175235724,-1.035395175235724,0.0
9,770,38.11286439396633,27.875167871836652,1.2532268179538448,-1.2532268179538448,0.0
9,771,38.22749918661111,27.760533079191873,1.039469034941222,-1.039469034941222,3.0
9,772,38.31358211470592,27.674450151097062,0.6821895269561882,-0.6821895269561882,3.0
9,773,38.36090217979995,27.627130086003035,0.2642117749237407,-0.2642117749237407,3.0
9,774,38.39952865637417,27.588503609428813,0.5083177565600181,-0.5083177565600181,0.0
9,775,38.45476539065385,27.53326687514914,0.5964169290342252,-0.5964169290342252,0.0
9,776,38.51181223542244,27.476220030380546,0.5445199663368747,-0.5445199663368747,3.0
9,777,38.544468070628795,27.44356419517419,0.10859673778884193,-0.10859673778884193,3.0
9,778,38.554626425277434,27.433405840525552,0.09457035518389212,-0.09457035518389212,0.0
9,779,38.567978199555,27.420054066247985,0.1724651303677316,-0.1724651303677316,0.0
9,780,38.584248533242885,27.4037837325601,0.152941543391254,-0.152941543391254,0.0
9,781,38.600996287012094,27.38703597879089,0.1820135319932792,-0.1820135319932792,0.0
9,782,38.63345382726857,27.354578438534418,0.46713727313778364,-0.46713727313778364,0.0
9,783,38.68801585847871,27.30001640732428,0.6241033510661307,-0.6241033510661307,0.0
9,784,38.7418883497204,27.246143916082588,0.4533464737683346,-0.4533464737683346,3.0
9,785,38.764402699318,27.223629566484988,-0.0030594818172051674,0.0030594818172051674,3.0
9,786,38.73484619692181,27.253186068881178,-0.5880705661058947,0.5880705661058947,3.0
9,787,38.681117461547274,27.30691480425571,-0.48650414138582576,0.48650414138582576,0.0
9,788,38.620298214054856,27.36773405174813,-0.7298808084641433,0.7298808084641433,0.0
9,789,38.532717089818334,27.45531517598465,-1.0217416762668456,1.0217416762668456,0.0
9,790,38.4442586300861,27.54377363571689,-0.7474275183777106,0.7474275183777106,0.0
9,791,38.37025879473754,27.617773471065448,-0.73256918859461,0.73256918859461,0.0
9,792,38.289006632288306,27.69902563351468,-0.8924740603913506,0.8924740603913506,0.0
9,793,38.19029381605901,27.797738449743974,-1.0817822641952333,1.0817822641952333,0.0
9,794,38.087572662582375,27.90045960322061,-0.9726408053375568,0.9726408053375568,0.0
9,795,38.003060777062956,27.98497148874003,-0.7175969050513356,0.7175969050513356,0.0
9,796,37.92510493732516,28.062927328477826,-0.8415198897046654,0.8415198897046654,0.0
9,797,37.838340083655794,28.14969218214719,-0.8937771836837918,0.8937771836837918,0.0
9,798,37.75358372961898,28.234448536184004,-0.801349897053413,0.801349897053413,0.0
9,799,37.66584837033372,28.322183895469266,-0.95335728865326,0.95335728865326,0.0
9,800,37.5632697292923,28.424762536510684,-1.098215532176324,1.098215532176324,0.0
9,801,37.46197798819321,28.526054277609774,-0.9276192898072075,0.9276192898072075,0.0
9,802,37.360241453246545,28.62779081255644,-1.1071114091273362,1.1071114091273362,0.0
9,803,37.2413062343486,28.746726031454386,-1.271592968832703,1.271592968832703,0.0
9,804,37.121586209899306,28.86644605590368,-1.1228075201542644,1.1228075201542644,0.0
9,805,37.002020066693945,28.98601219910904,-1.2685153439541725,1.2685153439541725,0.0
9,806,36.877164503557765,29.11086776224522,-1.2285959187696545,1.2285959187696545,0.0
9,807,36.74615216037171,29.241880105431278,-1.3916509449522199,1.3916509449522199,0.0
9,808,36.62143034579867,29.366601920004314,-1.1027853465099273,1.1027853465099273,0.0
9,809,36.49901709383721,29.489015171965775,-1.3454796927206516,1.3454796927206516,0.0
9,810,36.35208482342091,29.635947442382076,-1.5931657156062347,1.5931657156062347,0.0
9,811,36.20212083918898,29.785911426614007,-1.4061139690322353,1.4061139690322353,0.0
9,812,36.065313175527194,29.92271909027579,-1.330039304205096,1.330039304205096,0.0
9,813,35.935103621318945,30.05292864448404,-1.274151779960663,1.274151779960663,0.0
9,814,35.79691697189344,30.191115293909547,-1.4895812085493034,1.4895812085493034,0.0
9,815,35.650841690275456,30.33719057552753,-1.431924423811937,1.431924423811937,0.0
9,816,35.499523299737916,30.48850896606507,-1.59444338693962,1.59444338693962,0.0
9,817,35.34672549059053,30.641306775212456,-1.4615127960099006,1.4615127960099006,0.0
9,818,35.18727516306967,30.800757102733314,-1.7274937544082665,1.7274937544082665,0.0
9,819,35.00535691786115,30.982675347941836,-1.9108711497626363,1.9108711497626363,0.0
9,820,34.81141703391336,31.176615231889627,-1.9679265291931696,1.9679265291931696,0.0
9,821,34.62561460472614,31.362417661076847,-1.748122054551077,1.748122054551077,0.0
9,822,34.45412241377869,31.533909852024294,-1.6817217643990574,1.6817217643990574,0.0
9,823,34.29725716185396,31.690775103949022,-1.4555832740958987,1.4555832740958987,0.0
9,824,34.1416254418649,31.846406823938082,-1.657051125686646,1.657051125686646,0.0
9,825,33.96346211417631,32.024570151626676,-1.9062154280855168,1.9062154280855168,0.0
9,826,33.768126940355614,32.21990532544737,-2.000488048329789,2.000488048329789,0.0
9,827,33.57161681942773,32.416415446375254,-1.9297143702290604,1.9297143702290604,0.0
9,828,33.38994654764542,32.59808571815756,-1.7036910654178392,1.7036910654178392,0.0
9,829,33.212004306599056,32.77602795920393,-1.8551537555097237,1.8551537555097237,0.0
9,830,33.02368300647436,32.96434925932863,-1.9112722469840708,1.9112722469840708,0.0
9,831,32.84627052217684,33.14176174362615,-1.6369774389678202,1.6369774389678202,0.0
9,832,32.674861810054836,33.31317045574815,-1.7911968034738024,1.7911968034738024,0.0
9,833,32.494840617254226,33.49319164854876,-1.8092270525395389,1.8092270525395389,0.0
9,834,32.30371639499174,33.68431587081125,-2.0132573927106403,2.0132573927106403,0.0
9,835,32.11720378458983,33.87082848121315,-1.7169948153280021,1.7169948153280021,0.0
9,836,31.947154829779834,34.04087743602315,-1.6839842808719592,1.6839842808719592,0.0
9,837,31.79167997330353,34.196352292499455,-1.4255128486554227,1.4255128486554227,0.0
9,838,31.64672119407396,34.34131107172914,-1.4736627359378023,1.4736627359378023,0.0
9,839,31.49099792102527,34.49703434477783,-1.6408027250369575,1.6408027250369575,0.0
9,840,31.312759828411345,34.675272437391754,-1.9239591272431138,1.9239591272431138,0.0
9,841,31.135238934761787,34.85279333104131,-1.6264587457481507,1.6264587457481507,0.0
9,842,30.96621065836689,35.02182160743632,-1.7541067821518652,1.7541067821518652,0.0
9,843,30.787493798441005,35.20053846736232,-1.8202304163680996,1.8202304163680996,0.0
9,844,30.591389386866467,35.396642878936746,-2.1018578151214253,2.1018578151214253,0.0
9,845,30.390564771501772,35.59746749430144,-1.914634492173315,1.914634492173315,0.0
9,846,30.198101565201114,35.7899307006021,-1.9346296338398616,1.9346296338398616,0.0
9,847,30.019033373397974,35.96899889240524,-1.6467342022240032,1.6467342022240032,0.0
9,848,29.849598840628005,36.13843342517532,-1.741956453177961,1.741956453177961,0.0
9,849,29.678370722024624,36.309661543778816,-1.6826059188923939,1.6826059188923939,0.0
9,850,29.512867922817577,36.47516434298586,-1.6274500652501658,1.6274500652501658,0.0
9,851,29.353826351315433,36.63420591448812,-1.553381364795225,1.553381364795225,0.0
9,852,29.202438773080758,36.78559349272291,-1.4743701999005516,1.4743701999005516,0.0
9,853,29.063918349255232,36.92411391654855,-1.2960382766127356,1.2960382766127356,0.0
9,854,28.93857532707966,37.04945693872412,-1.2108221668987795,1.2108221668987795,0.0
9,855,28.807516313690144,37.18051595211375,-1.4103581008940544,1.4103581008940544,0.0
9,856,28.677981527145448,37.31005073865833,-1.1803376299992578,1.1803376299992578,0.0
9,857,28.55408709241476,37.433945173389134,-1.2975510646168775,1.2975510646168775,0.0
9,858,28.410340234013802,37.57769203179021,-1.5773861034047627,1.5773861034047627,0.0
9,859,28.24797713463147,37.740055131172426,-1.6698758842414083,1.6698758842414083,0.0
9,860,28.107548891171405,37.88048337463249,-1.1386889849608508,1.1386889849608508,-5.0
9,861,28.025370331906856,37.96266193389704,-0.5048822003298223,0.5048822003298223,-5.0
9,862,27.986933068229177,38.001099197574604,-0.26386307322343683,0.26386307322343683,0.0
9,863,27.956778086226336,38.03125417957733,-0.3392365668330637,0.3392365668330637,0.0
9,864,27.93200046660911,38.05603179919456,-0.1563158255129533,0.1563158255129533,0.0
9,865,27.92612073038879,38.06191153541499,0.038721101103442734,-0.038721101103442734,0.0
9,866,27.93948459369176,38.04854767211202,0.22855616495749764,-0.22855616495749764,0.0
9,867,27.971662965247788,38.01636930055611,0.4150112661598815,-0.4150112661598815,0.0
9,868,28.005809505013303,37.98222276079059,0.26791952914856054,-0.26791952914856054,0.0
9,869,28.040976552406846,37.947055713396935,0.43542141872308626,-0.43542141872308626,0.0
9,870,28.079130480962476,37.90890178484142,0.3276571523864593,-0.3276571523864593,0.0
9,871,28.123049465905524,37.86498279989837,0.5507225464731036,-0.5507225464731036,0.0
9,872,28.192780132014377,37.795252133789404,0.8438907757047183,-0.8438907757047183,0.0
9,873,28.289964438651623,37.69806782715216,1.0997953570380066,-1.0997953570380066,0.0
9,874,28.410746630102494,37.57728563570129,1.315848471978878,-1.315848471978878,0.0
9,875,28.533948424098526,37.454083841705256,1.1481874079400196,-1.1481874079400196,0.0
9,876,28.636359856493982,37.3516724093098,0.9000412399678464,-0.9000412399678464,0.0
9,877,28.7200424825362,37.26798978326758,0.7736112808742988,-0.7736112808742988,0.0
9,878,28.78251547500372,37.20551679080006,0.47584856847587,-0.47584856847587,0.0
9,879,28.825403596908473,37.16262866889542,0.3819138696167794,-0.3819138696167794,0.0
9,880,28.860282495284764,37.12774977051902,0.3156640979094014,-0.3156640979094014,0.0
9,881,28.89204972825496,37.09598253754871,0.3196805614952911,-0.3196805614952911,0.0
9,882,28.923424365199025,37.06460790060464,0.30781217738522315,-0.30781217738522315,0.0
9,883,28.946403648057867,37.0416286177458,0.15177347979076572,-0.15177347979076572,0.0
9,884,28.949141502314205,37.03889076348946,-0.09701639466527823,0.09701639466527823,0.0
9,885,28.928723269089005,37.05930899671455,-0.311348269838426,0.311348269838426,0.0
9,886,28.882748715539037,37.10528355026452,-0.6081428011621934,0.6081428011621934,0.0
9,887,28.817177826246734,37.17085443955682,-0.7032749846843913,0.7032749846843913,0.0
9,888,28.7418023213138,37.246229944489755,-0.8042351139743484,0.8042351139743484,0.0
9,889,28.65090726932476,37.33712499647879,-1.013665925806567,1.013665925806567,0.0
9,890,28.55404893313039,37.433983332673165,-0.92350079808182,0.92350079808182,0.0
9,891,28.46173009647373,37.52630216932994,-0.9228759350544546,0.9228759350544546,0.0
9,892,28.381214313611736,37.60681795219193,-0.6874397221861202,0.6874397221861202,0.0
9,893,28.322969220033656,37.6650630457699,-0.47746214937514786,0.47746214937514786,0.0
9,894,28.287456293775904,37.700575972027764,-0.23279637578239232,0.23279637578239232,0.0
9,895,28.256640935336236,37.73139133046743,-0.3835107930113555,0.3835107930113555,0.0
9,896,28.214546545462326,37.77348572034134,-0.4583770044688471,0.4583770044688471,0.0
9,897,28.16623634924008,37.821795916563474,-0.5078269199752423,0.5078269199752423,0.0
9,898,28.125479105732666,37.86255316007089,-0.30731795017483066,0.30731795017483066,0.0
9,899,28.082012394598905,37.906019871204535,-0.5620162724998394,0.5620162724998394,0.0
9,900,28.03369434773049,37.95433791807295,-0.4043446648699973,0.4043446648699973,0.0
9,901,27.983242345046165,38.004789920757275,-0.6046953888175057,0.6046953888175057,0.0
9,902,27.92844037428017,38.05959189152327,-0.4913440265014444,0.4913440265014444,0.0
9,903,27.88445369214537,38.10357857365807,-0.38838961619396173,0.38838961619396173,0.0
9,904,27.835789265386666,38.152243000416775,-0.5848989189829847,0.5848989189829847,0.0
9,905,27.763808946649306,38.224223319154135,-0.8547074557672527,0.8547074557672527,0.0
9,906,27.676616512081637,38.3114157537218,-0.889141235585468,0.889141235585468,0.0
9,907,27.60564322184564,38.3823890439578,-0.5303245691326826,0.5303245691326826,-5.0
9,908,27.580378852505646,38.407653413297794,0.025037182331871577,-0.025037182331871577,-5.0
9,909,27.583419561522078,38.40461270428136,0.03577699799820344,-0.03577699799820344,0.0
9,910,27.58340424549806,38.40462802030538,-0.03608331847958013,0.03608331847958013,0.0
9,911,27.58333624417969,38.40469602162375,0.03472329211436609,-0.03472329211436609,0.0
9,912,27.59513965198903,38.39289261381441,0.2013448640716291,-0.2013448640716291,0.0
9,913,27.621313793112222,38.36671847269122,0.32213795839126647,-0.32213795839126647,0.0
9,914,27.65816244269172,38.32986982311172,0.4148350331981554,-0.4148350331981554,0.0
9,915,27.687742548927645,38.300289716875795,0.17676709152297398,-0.17676709152297398,0.0
9,916,27.719688164055924,38.268344101747516,0.4621452110427846,-0.4621452110427846,0.0
9,917,27.76284323797222,38.22518902783122,0.40095626728352585,-0.40095626728352585,0.0
9,918,27.814461647388725,38.173570618414715,0.6314119210478228,-0.6314119210478228,0.0
9,919,27.888015763222484,38.10001650258096,0.8396703956282785,-0.8396703956282785,0.0
9,920,27.981343481819977,38.00668878398346,1.0268839763210078,-1.0268839763210078,0.0
9,921,28.087700129351106,37.900332136452334,1.1002489743000794,-1.1002489743000794,0.0
9,922,28.19762076722418,37.79041149857926,1.09816378316426,-1.09816378316426,0.0
9,923,28.30133350905703,37.68669875674641,0.976091053491734,-0.976091053491734,0.0
9,924,28.40682779594067,37.58120446986277,1.1337946841834707,-1.1337946841834707,0.0
9,925,28.51088442525929,37.47714784054415,0.9473379021880959,-0.9473379021880959,0.0
9,926,28.598462456452808,37.38956980935063,0.804222721684237,-0.804222721684237,0.0
9,927,28.66815445740849,37.31987780839495,0.5896172974296583,-0.5896172974296583,0.0
9,928,28.71777204371483,37.27026022208861,0.4027344286955632,-0.4027344286955632,0.0
9,929,28.752575276525477,37.235456989277964,0.29333022751631965,-0.29333022751631965,0.0
9,930,28.77226095862534,37.2157713071781,0.10038341448384003,-0.10038341448384003,0.0
9,931,28.77002040322077,37.21801186258267,-0.145194522574581,0.145194522574581,0.0
9,932,28.76489542544209,37.22313684036135,0.04269496700247011,-0.04269496700247011,0.0
9,933,28.757856686434025,37.230175579369416,-0.1834697471643878,0.1834697471643878,0.0
9,934,28.7541537717716,37.23387849403184,0.10941145391511498,-0.10941145391511498,0.0
9,935,28.77803026395395,37.21000200184949,0.3681183897321194,-0.3681183897321194,0.0
9,936,28.82038164406663,37.16765062173681,0.47890921252321483,-0.47890921252321483,0.0
9,937,28.874338515311592,37.11369375049185,0.6002282123760736,-0.6002282123760736,0.0
9,938,28.92678067052384,37.0612515952796,0.4486148918693704,-0.4486148918693704,0.0
9,939,28.95724244443977,37.03078982136367,0.16062058644872224,-0.16062058644872224,0.0
9,940,28.975088824513477,37.01294344128996,0.1963070150263686,-0.1963070150263686,0.0
9,941,28.991811859744303,36.99622040605914,0.13815368959158647,-0.13815368959158647,0.0
9,942,29.018686268215788,36.96934599758765,0.3993344798392968,-0.3993344798392968,0.0
9,943,29.049625357562945,36.938406908240495,0.21944730710662164,-0.21944730710662164,0.0
9,944,29.075030245805692,36.91300201999775,0.2886504577502915,-0.2886504577502915,0.0
9,945,29.107519572995216,36.880512692808225,0.3611360860397106,-0.3611360860397106,0.0
9,946,29.142558507705644,36.845473758097796,0.33964260816882863,-0.33964260816882863,0.0
9,947,29.191208979257,36.79682328654644,0.6333668228602907,-0.6333668228602907,0.0
9,948,29.252370569895447,36.73566169590799,0.589864989908909,-0.589864989908909,0.0
9,949,29.316313087750814,36.671719178052626,0.6889853671984465,-0.6889853671984465,0.0
9,950,29.383137084309055,36.604895181494385,0.6474945639663297,-0.6474945639663297,0.0
9,951,29.44914118716474,36.5388910786387,0.6725874931459828,-0.6725874931459828,0.0
9,952,29.516568329099755,36.471463936703685,0.6759553455549803,-0.6759553455549803,0.0
9,953,29.572979431424073,36.41505283437937,0.4522667009302541,-0.4522667009302541,0.0
9,954,29.628793369894538,36.3592388959089,0.6640120684774722,-0.6640120684774722,0.0
9,955,29.6944390226231,36.29359324318034,0.6489009860933059,-0.6489009860933059,0.0
9,956,29.753496309018374,36.234535956785066,0.5322447418143792,-0.5322447418143792,0.0
9,957,29.8058539365054,36.18217832929804,0.5149078079257183,-0.5149078079257183,0.0
9,958,29.849444501639027,36.13858776416441,0.3569034947476162,-0.3569034947476162,0.0
9,959,29.887366481773824,36.100665784029616,0.40153610794913774,-0.40153610794913774,0.0
9,960,29.91401864352838,36.07401362227506,0.13150712714137391,-0.13150712714137391,0.0
9,961,29.925002694815475,36.063029570987965,0.08817389860062796,-0.08817389860062796,0.0
9,962,29.946759389156796,36.041272876646644,0.34695998822701135,-0.34695998822701135,0.0
9,963,29.970305507551984,36.017726758251456,0.12396237967658408,-0.12396237967658408,0.0
9,964,29.988832665290374,35.999199600513066,0.24658077509015364,-0.24658077509015364,0.0
9,965,30.021513334105975,35.966518931697465,0.4070326012225891,-0.4070326012225891,0.0
9,966,30.05779549835279,35.93023676745065,0.318610683715864,-0.318610683715864,0.0
9,967,30.084347752689382,35.90368451311406,0.2124344030171681,-0.2124344030171681,0.0
9,968,30.091222636993052,35.89680962881039,-0.07493671694361659,0.07493671694361659,0.0
9,969,30.076708401365295,35.911323864438145,-0.21534799561044338,0.21534799561044338,0.0
9,970,30.051349619527628,35.93668264627581,-0.2918276411402374,0.2918276411402374,0.0
9,971,30.010631875943545,35.977400389859895,-0.5225272305429609,0.5225272305429609,0.0
9,972,29.970230023773183,36.01780224203026,-0.2855098128647633,0.2855098128647633,0.0
9,973,29.942583838125756,36.045448427677684,-0.2674139000821416,0.2674139000821416,0.0
9,974,29.915409941352436,36.072622324451004,-0.27606403538137414,0.27606403538137414,0.0
9,975,29.89025966041936,36.09777260538408,-0.22694158328063274,0.22694158328063274,0.0
9,976,29.87266613323436,36.11536613256908,-0.1249289604177406,0.1249289604177406,0.0
9,977,29.85550129914168,36.13253096666176,-0.21836772143512384,0.21836772143512384,0.0
9,978,29.826591962490966,36.161440303312474,-0.359819011577434,0.359819011577434,0.0
9,979,29.78917834546678,36.19885392033666,-0.38845332890765505,0.38845332890765505,0.0
9,980,29.736726477079173,36.25130578872427,-0.6605840388439859,0.6605840388439859,0.0
9,981,29.685235800472583,36.30279646533086,-0.3692294932854967,0.3692294932854967,0.0
9,982,29.65560110586921,36.33243115993423,-0.22346439877962254,0.22346439877962254,0.0
9,983,29.63373020469635,36.35430206110709,-0.21395362467783308,0.21395362467783308,0.0
9,984,29.617928270668244,36.370103995135196,-0.10208505588283678,0.10208505588283678,0.0
9,985,29.593363371375062,36.39466889442838,-0.38921292998132273,0.38921292998132273,0.0
9,986,29.5475572350515,36.44047503075194,-0.526909796491287,0.526909796491287,0.0
9,987,29.49475494874855,36.49327731705489,-0.5291359295652356,0.5291359295652356,0.0
9,988,29.441364775945658,36.54666748985778,-0.5386675264917216,0.5386675264917216,0.0
9,989,29.379988717667402,36.60804354813604,-0.6888536390712225,0.6888536390712225,0.0
9,990,29.314219237992575,36.673813027810866,-0.6265359544261866,0.6265359544261866,0.0
9,991,29.240946694061222,36.74708557174222,-0.8389149241982583,0.8389149241982583,0.0
9,992,29.15767303390544,36.830359231898,-0.8265582789184514,0.8265582789184514,0.0
9,993,29.060105054512405,36.927927211291035,-1.124801308939956,1.124801308939956,0.0
9,994,28.960509252096017,37.02752301370742,-0.8671147393887448,0.8671147393887448,0.0
9,995,28.882952407182074,37.105079858621366,-0.684022158888764,0.684022158888764,0.0
9,996,28.812614789951112,37.17541747585233,-0.7227301857304802,0.7227301857304802,0.0
9,997,28.730618818577113,37.25741344722633,-0.9171892417510605,0.9171892417510605,0.0
9,998,28.642960425136607,37.34507184066683,-0.8359786270573792,0.8359786270573792,0.0
9,999,28.549790768949606,37.438241496853834,-1.0274144966796932,1.0274144966796932,0.0
9,1000,28.45149138652573,37.53654087927771,-0.9385731517955822,0.9385731517955822,0.0
