run_id,time_step,d_front,d_back,v_front,v_back,ego_a
0,0,45.324045109457316,22.662022554728658,0.0,0.0,0.0
0,1,45.30627070206011,22.685254231573918,-0.35548814794415406,0.46463353690517906,3.0
0,2,45.270616975026584,22.758910299390894,-0.3575863927263878,1.0084878194343627,3.0
0,3,45.23425046805506,22.885438324974984,-0.3697437467040263,1.5220726922474501,3.0
0,4,45.19657559839656,23.0380698966291,-0.38375364646607935,1.5305587408347847,3.0
0,5,45.14565325239797,23.218139229053765,-0.634693273505599,2.0708279076585576,3.0
0,6,45.06497503388942,23.450546552186886,-0.9788710966655518,2.5773185550038242,3.0
0,7,44.94397616655964,23.708731866765305,-1.4411062499299536,2.5863877365645394,3.0
0,8,44.795736790989125,23.990771808688535,-1.5236812614802773,3.0544111019000724,3.0
0,9,44.61688079265474,24.317824684969853,-2.0534387052074035,3.486646423726274,3.0
0,10,44.40257181125753,24.686130192667108,-2.232740922736868,3.8794637302188395,3.0
0,11,44.17749678664572,25.077698708139234,-2.268759569499343,3.9519065792236248,3.0
0,12,43.94108637863431,25.47822177838217,-2.4594485907287194,4.058554825635129,3.0
0,13,43.69101947871113,25.907296353664506,-2.5418894077351304,4.522936680011549,3.0
0,14,43.43262221771724,26.38919295847242,-2.626055812142644,5.114995416146726,3.0
0,15,43.16190094137659,26.893428472374467,-2.788369714670523,4.969714861894165,0.0
0,16,42.882979492525905,27.393280351786277,-2.7900592623430285,5.027322726342097,0.0
0,17,42.607405615902024,27.884888117232443,-2.7214182701345813,4.804832582581184,0.0
0,18,42.3241049915117,28.358703245496198,-2.9445942176719058,4.671469982693935,0.0
0,19,42.024500712664974,28.838239631890072,-3.047491359262672,4.919257745183613,0.0
0,20,41.711439007844334,29.332919259810392,-3.2137427371502056,4.974334813222766,0.0
0,21,41.390275288697254,29.833790473157094,-3.2095316457913476,5.043089453711291,0.0
0,22,41.0674938028114,30.33045510241096,-3.2460980719257044,4.89020313136602,0.0
0,23,40.73836537142074,30.81276010830402,-3.3364705558875603,4.755896986495147,0.0
0,24,40.39442698203784,31.292527593913125,-3.5422972317704957,4.839452725686996,0.0
0,25,40.02853115538507,31.76192824209678,-3.7756193012850865,4.5485602379860595,0.0
0,26,39.65662164400199,32.22945882977824,-3.6625709263765867,4.802051515643129,0.0
0,27,39.29260127915411,32.72217267846457,-3.617836370580907,5.052225458083507,0.0
0,28,38.93975129996443,33.216203108068086,-3.4391632132128365,4.828383133986776,0.0
0,29,38.60724966837908,33.706088507382944,-3.2108694184940276,4.969324852310407,0.0
0,30,38.28999747399729,34.21439566112469,-3.134174469141813,5.19681822252463,0.0
0,31,37.98649661345611,34.745728020055594,-2.9358427416818813,5.429828956093521,0.0
0,32,37.68416025896384,35.28079740788937,-3.1108843481634434,5.271558800581827,0.0
0,33,37.38552027251647,35.816330884967755,-2.8619153807839606,5.43911074098585,0.0
0,34,37.11183663392109,36.36925145242094,-2.6117573911238843,5.619300608077989,0.0
0,35,36.85586404745632,36.93054780620528,-2.507694338171504,5.606626467608846,0.0
0,36,36.61948234955338,37.48864235956987,-2.21993961988748,5.5552645996828645,0.0
0,37,36.404999804686156,38.05048138032558,-2.0697112774569995,5.6815158154312755,0.0
0,38,36.18343233614418,38.61271951028735,-2.3616380933826573,5.5632467838041535,0.0
0,39,35.952894779219776,39.18111899030374,-2.249113045105503,5.804742816523614,0.0
0,40,35.71407361477233,39.75838427100612,-2.527310243843507,5.740562797524085,0.0
0,41,35.46825028944171,40.31860487678535,-2.389156262768859,5.463849318060525,0.0
0,42,35.23877892176438,40.85778932858471,-2.2002710907779104,5.319839717926625,0.0
0,43,35.039255224260714,41.373036714374756,-1.7902028592955332,4.985107997874506,-5.0
0,44,34.88206273244272,41.84871135318225,-1.3536469770644004,4.528384778275525,-5.0
0,45,34.783481160139175,42.28885888980185,-0.6179844690064904,4.274565954116481,-5.0
0,46,34.75093799064115,42.691258689765036,-0.03287892095403677,3.7734300451470926,-5.0
0,47,34.758862968838415,43.06058153655604,0.1913784848992499,3.6130268906731793,0.0
0,48,34.78722908560603,43.41150833069185,0.3759438504529875,3.4055089920431065,0.0
0,49,34.810252891790356,43.74120441566796,0.08453227323341395,3.1884127074791415,0.0
0,50,34.82575306330517,44.07083436827358,0.22547115706283094,3.404186344633329,0.0
0,51,34.864570183821826,44.38988670903147,0.5508712532703086,2.9768604705244766,-5.0
0,52,34.94267654120557,44.662171065162184,1.011255894404524,2.4688266520899482,-5.0
0,53,35.03369377965099,44.90597387974724,0.8090888745037574,2.407229639611142,0.0
0,54,35.09978822162515,45.15102361115456,0.5127999649793367,2.4937649885350694,0.0
0,55,35.16375884666877,45.38612170926922,0.7666125358930884,2.2081969737581737,0.0
0,56,35.240861744807745,45.61389372997261,0.7754454268864741,2.3472434403095868,0.0
0,57,35.32768080810712,45.843789798208164,0.9609358391012286,2.250677924401458,0.0
0,58,35.40905811149409,46.06104937305667,0.6666102286380013,2.0945135725685464,0.0
0,59,35.4689909219789,46.27222896622484,0.532045981058177,2.1290782907947783,0.0
0,60,35.554774566090344,46.467911256732634,1.1836269011707437,1.7845675193612962,-5.0
0,61,35.69035678475264,46.626966999939484,1.5280174720748771,1.3965473447756693,-5.0
0,62,35.84900767918393,46.77463497431599,1.6450004165510226,1.5568121427545485,0.0
0,63,36.011633760245886,46.93013475005043,1.6075212046878153,1.5531833719344235,0.0
0,64,36.18171941836647,47.09120364740644,1.7941919577237861,1.668194575185904,0.0
0,65,36.35144361588,47.2634167102932,1.6002919925469339,1.776066682549411,0.0
0,66,36.52584261515278,47.44113889725095,1.8876879929082975,1.7783770566057164,0.0
0,67,36.72126325038808,47.61458600220273,2.0207247117975626,1.6905650424298635,0.0
0,68,36.928828455176046,47.78512260713789,2.1305793839615923,1.7201670562736115,0.0
0,69,37.15108255987657,47.94837645816851,2.314502710048739,1.5449099643388386,0.0
0,70,37.370698779596296,48.11257957126564,2.0778216843457784,1.7391522976040257,0.0
0,71,37.57310695181563,48.28990179539156,1.9703417600406041,1.807292184914349,0.0
0,72,37.78275822160961,48.48330752077233,2.222683635839008,2.06082232270119,0.0
0,73,38.004492868175234,48.7040634702161,2.2120092954735817,2.354296666174461,0.0
0,74,38.21484496406566,48.92668808395804,1.995032622334623,2.0981956086644686,0.0
0,75,38.42630713166584,49.1449398574063,2.2342107296684866,2.2668398603009567,0.0
0,76,38.65253608053166,49.38409277027125,2.290368247647635,2.5162183969982745,0.0
0,77,38.86688081740648,49.646832335421365,1.9965264898487156,2.738572906004171,0.0
0,78,39.063905788142165,49.91877410923178,1.9439729248648376,2.7002625702041634,0.0
0,79,39.26530766828185,50.18853734705969,2.084064677928943,2.6950021863539266,0.0
0,80,39.46260393281756,50.45178063557006,1.8618606127852644,2.569863583853177,0.0
0,81,39.66011418564352,50.69698759915636,2.088344443734119,2.3342756878725943,0.0
0,82,39.8567908992718,50.93094518650848,1.8451898288315185,2.3448760591696143,0.0
0,83,40.05408165536775,51.16130007969171,2.100625293087713,2.2622218044949634,0.0
0,84,40.262972166355524,51.38956847172932,2.0771849266680285,2.303146036257033,0.0
0,85,40.45645527086296,51.629022410562925,1.7924771634809495,2.4859327404148512,0.0
0,86,40.629077436979884,51.89210826205685,1.6599661588578964,2.7757842894634823,0.0
0,87,40.831751848876905,52.13268882455371,2.39352207908253,2.035826960473532,-5.0
0,88,41.06878342142187,52.33874715945434,2.3471093718168206,2.085339737539279,0.0
0,89,41.29089738144651,52.533754541033076,2.0951698286757203,1.8148078940353916,0.0
0,90,41.511408095026894,52.70818477504689,2.315044442932031,1.6737967862407839,0.0
0,91,41.73442761019729,52.86927663213102,2.145345860475924,1.5480403554417705,0.0
0,92,41.9442490862763,53.03488866153302,2.051083661104551,1.764200232598153,0.0
0,93,42.138253846296664,53.219830560500256,1.8290115393026731,1.9346377467466809,0.0
0,94,42.33135527040929,53.413830441403945,2.0330169429495744,1.9453598713271258,0.0
0,95,42.529359191827126,53.614396359616094,1.9270614854071582,2.0659584929160353,0.0
0,96,42.722885244342564,53.82115345374474,1.943459564901481,2.069183389656864,0.0
0,97,42.90537852110003,54.01599281315363,1.7064059702480385,1.8276037985210554,0.0
0,98,43.06608650918008,54.19820120909857,1.5077537913530819,1.8165641203777803,0.0
0,99,43.226875946417636,54.38054444114037,1.7080349533977675,1.8303005204584082,0.0
0,100,43.407665790073196,54.56785245691786,1.9077619197135434,1.915859795091432,0.0
0,101,43.59884991189719,54.76346859523339,1.915920516766361,1.9964629712193283,0.0
0,102,43.799187998494546,54.97479348360889,2.090841215180422,2.2300347962907328,0.0
0,103,44.017551376743825,55.19109229184227,2.276426349805078,2.095941368376785,0.0
0,104,44.23609084338585,55.39198462901285,2.094362983035259,1.9219053750348891,0.0
0,105,44.43744223928064,55.584058818134736,1.9326649348602416,1.9195784074028968,0.0
0,106,44.6231736766195,55.7803862958459,1.7819638119170236,2.006971146820405,0.0
0,107,44.78774010526652,55.98595329389251,1.5093647610233063,2.1043688141118615,0.0
0,108,44.9494367010559,56.20160574532886,1.7245671547642178,2.2086802146151676,0.0
0,109,45.115132962179814,56.41508226594436,1.5893580677140626,2.0608501976950517,0.0
0,110,45.27894324076445,56.61053255673268,1.6868475039787452,1.8481556180714271,0.0
0,111,45.44344997762323,56.79515644051361,1.6032872331967791,1.844322057547112,0.0
0,112,45.61118990222474,56.971554005473195,1.7515112588330393,1.6836292416445762,0.0
0,113,45.78513280357032,57.14987610460895,1.7273467680784176,1.8828127410704507,0.0
0,114,45.957880525027065,57.3394730666396,1.7276076610565614,1.9091264995426283,0.0
0,115,46.137499515968756,57.51969959648261,1.8647721577769616,1.6954040973177342,0.0
0,116,46.33089815445416,57.68702549545853,2.003200611930861,1.6511138822005762,0.0
0,117,46.534393183608785,57.83783765143308,2.066699971161359,1.3651292372903363,0.0
0,118,46.74151995754619,57.95941284484255,2.075835507586836,1.0663746308992046,0.0
0,119,46.94011512653725,58.063514609999245,1.8960678722342443,1.0156606722347554,0.0
0,120,47.11564922957302,58.16344130189216,1.6146141884811076,0.9828731656234648,0.0
0,121,47.28129145116523,58.25937665800106,1.6982302433629588,0.9358339565547773,0.0
0,122,47.45318691688681,58.36465233375401,1.739679071068739,1.1696795585040096,0.0
0,123,47.632478244965625,58.490631097048066,1.846147490507315,1.3498957073773923,0.0
0,124,47.80775614474945,58.625064258331264,1.6594105051690775,1.338767518286888,0.0
0,125,47.96696454409286,58.75729541251695,1.5247574816991225,1.3058555654271355,0.0
0,126,48.119017959908774,58.89023163343981,1.5163108346192669,1.3528688530302286,0.0
0,127,48.27592496878805,59.022518973830614,1.6218293429658566,1.2928779547856237,0.0
0,128,48.436954307747726,59.15398641908317,1.5987574362277215,1.3364709502655998,0.0
0,129,48.59080612766118,59.27298047381689,1.4782789620410544,1.04341014440908,0.0
0,130,48.745032246387865,59.363680959317094,1.6062434124924785,0.7705995655952353,0.0
0,131,48.909798985467944,59.43363382928038,1.6890913691090859,0.6284578336707334,0.0
0,132,49.091510673225116,59.482802243223546,1.9451423860345152,0.35491044519263326,0.0
0,133,49.29796494127058,59.53323481961874,2.1839429748745065,0.653741082711516,0.0
0,134,49.50864724926984,59.58930878788098,2.0297031851106464,0.4677382825334,0.0
0,135,49.712955649422526,59.626262341180905,2.056464817943411,0.2713327834648638,0.0
0,136,49.90399971238631,59.65189768148164,1.7644164413317878,0.24137402255017015,0.0
0,137,50.0709971532431,59.68298195850522,1.5755323758037925,0.3803115179217311,0.0
0,138,50.2358146615625,59.723013765900504,1.720817790583851,0.4203246299837211,0.0
0,139,50.40111147022455,59.76590511046231,1.585118382657587,0.43750226125263403,0.0
0,140,50.56503745860485,59.81084996249862,1.693401384948336,0.4613947794735065,0.0
0,141,50.72849821703906,59.8709069626415,1.575813783736276,0.7397452233839505,0.0
0,142,50.89633234361705,59.94824799817894,1.780868747823197,0.8070754873651413,0.0
0,143,51.08262780526482,60.0399624159877,1.9450404851327239,1.0272128688101123,0.0
0,144,51.28318833606349,60.155646169739015,2.0661701308406553,1.2864622062162407,0.0
0,145,51.48905248567658,60.28273581977501,2.051112861421025,1.255330794503946,0.0
0,146,51.70394464371273,60.409924868210595,2.2467302993014933,1.288450174207636,0.0
0,147,51.915875200840816,60.53768806467082,1.991880843259624,1.2668137549970702,0.0
0,148,52.11050726012829,60.67899187979043,1.9007603424894715,1.5592625473954733,0.0
0,149,52.30729450873153,60.84863259597901,2.03498462957519,1.833551776376229,0.0
0,150,52.49913098249638,61.0232452508472,1.801744845722249,1.6587013209873955,0.0
0,151,52.67560934439146,61.18757718532996,1.7278223921793998,1.6279373686679985,0.0
0,152,52.83448989603315,61.35575637757199,1.449788640654468,1.7356464761728407,0.0
0,153,52.969272137393915,61.53578818775361,1.2458561865606228,1.8649897274595997,0.0
0,154,53.10834718546428,61.70756418025579,1.5356447748460944,1.570530122583774,0.0
0,155,53.25907887811158,61.85532207097478,1.4789890780998718,1.3846276917962985,0.0
0,156,53.42073379301851,61.98896946778888,1.7541092200384991,1.2883202444855595,0.0
0,157,53.58489569927954,62.11830433700126,1.5291289051815067,1.2983771397621986,0.0
0,158,53.74820517960612,62.24792797268131,1.7370607013503534,1.2940955738389324,0.0
0,159,53.92950508376501,62.37289775743409,1.8889373818275796,1.2053001212165704,0.0
0,160,54.12477531672087,62.47877656567394,2.016467277289621,0.912276043580384,0.0
0,161,54.31414518043951,62.57489687470675,1.7709299970833037,1.010130137075965,0.0
0,162,54.48798162859052,62.673484317022485,1.7057989659368733,0.961618709239012,0.0
0,163,54.65255115459436,62.76199240773349,1.585591554139885,0.8085431049809841,0.0
0,164,54.82337902341541,62.82808810990724,1.8309658222813159,0.513370938494365,0.0
0,165,55.00447917292021,62.89106909320839,1.791037167814082,0.7462487275286556,0.0
0,166,55.18342055096642,62.953698430577504,1.787790393109585,0.5063380198539562,0.0
0,167,55.369183254196486,63.016069942674335,1.9274636714918856,0.7410922220824805,0.0
0,168,55.566969119458776,63.09624217657125,2.0282536337534793,0.8623524558560511,0.0
0,169,55.75857983092081,63.1863355228171,1.803960595486645,0.9395144690608852,0.0
0,170,55.93687807959597,63.26694041186434,1.7620043780162078,0.6725833118838249,0.0
0,171,56.12467175514695,63.33437977385691,1.9938691330040275,0.6762039279668315,0.0
0,172,56.3286647596787,63.39662795580159,2.0859909576314273,0.5687597109266651,0.0
0,173,56.52539747408065,63.44522842985654,1.8486633304070423,0.4032497701726516,0.0
0,174,56.7127515431618,63.489466318397575,1.8984180512154794,0.48150800064786026,0.0
0,175,56.897613415874844,63.527264214675824,1.7988194030451208,0.27444992491707687,0.0
0,176,57.070663618521166,63.561605503090306,1.6621846498816524,0.4123758433726348,0.0
0,177,57.24963249497904,63.59125899128162,1.9171928792753103,0.1806939204534892,0.0
0,178,57.428911761319455,63.60613901599035,1.6683924475335026,0.1169065737210957,0.0
0,179,57.59803397181781,63.623681825558066,1.7140517624339235,0.23394961763333733,0.0
0,180,57.75715212261923,63.64378208353634,1.4683112535948126,0.16805554193239125,0.0
0,181,57.91827751932658,63.673767786753444,1.754196680551619,0.4316585224099736,0.0
0,182,58.101103576058506,63.71600536321981,1.9023244540869477,0.41309300691712814,0.0
0,183,58.280345906844786,63.7436187143216,1.682522161639044,0.1391740151188685,0.0
0,184,58.444857403668664,63.74564420636412,1.607707774838584,-0.0986641742682437,0.0
0,185,58.608975262154615,63.72452001532275,1.6746493948807863,-0.32381964655895246,0.0
0,186,58.76241603148247,63.698882551529465,1.3941659916763207,-0.1889296293066245,0.0
0,187,58.89096689161687,63.67767314807594,1.17685121101146,-0.2352584397641042,0.0
0,188,58.99794444107363,63.64275057308646,0.9626997781232394,-0.463193060025322,0.0
0,189,59.082900455734375,63.60396191017574,0.7364205150915737,-0.312580198189119,0.0
0,190,59.150277584904586,63.558416088717394,0.6111220683129215,-0.5983362309778233,0.0
0,191,59.214298827856624,63.48461110936071,0.6693027907282385,-0.8777633561554641,0.0
0,192,59.2684015427061,63.39558773539264,0.41275150626118773,-0.902704123206199,0.0
0,193,59.316315349244576,63.304765072167925,0.5455246245085483,-0.9137491412878234,0.0
0,194,59.37281052376062,63.20011269874777,0.5843788658120435,-1.179298327115335,0.0
0,195,59.43584855128364,63.07182582963148,0.676381684648689,-1.3864390552104595,0.0
0,196,59.500081555806844,62.920343559322475,0.6082784058150299,-1.643206350969514,0.0
0,197,59.5636168814342,62.76567010274698,0.6624281067315927,-1.4502627805405055,0.0
0,198,59.6303108675761,62.63350641198073,0.6714516161062498,-1.1930110347841492,0.0
0,199,59.6989464010191,62.52472741727286,0.7012590527540006,-0.9825688593734352,0.0
0,200,59.77880894919855,62.43765901136592,0.8959919108348817,-0.7587992587653254,0.0
0,201,59.861738967990846,62.36221813082136,0.7626084650106524,-0.7500183521261157,0.0
0,202,59.93051718960379,62.278612407813796,0.6129559672487179,-0.9220961080248529,0.0
0,203,59.99999583003523,62.19412954825066,0.7766168413799637,-0.7675610832379895,0.0
0,204,60.076014575688134,62.13047187303573,0.7437580716778385,-0.5055924210606015,0.0
0,205,60.152775245333146,62.081331523306915,0.7914553212227169,-0.4772145735155089,0.0
0,206,60.224322285483936,62.04282871640618,0.6394854817928959,-0.2928415644992839,0.0
0,207,60.28802911650723,62.01337240448041,0.6346511386726803,-0.2962846740161318,0.0
0,208,60.3659395282113,61.9962106087047,0.9235570954081336,-0.046951241498007334,0.0
0,209,60.44536118682163,61.9798320524543,0.6648760767985209,-0.2806198835100009,0.0
0,210,60.52492250459784,61.94602228712776,0.9263502787254172,-0.39557542302067716,0.0
0,211,60.62970653205002,61.89966861204633,1.1693302703181043,-0.5314980786081254,0.0
0,212,60.76069799713696,61.85742187162532,1.4504990314204118,-0.3134367298120111,0.0
0,213,60.91161393910551,61.82711544844585,1.5678198079502668,-0.29269173377723945,0.0
0,214,61.06128850781175,61.794116633600794,1.4256715661746373,-0.3672845631238495,0.0
0,215,61.201102083450905,61.74309528725007,1.3705999466080012,-0.6531423638906837,0.0
0,216,61.339402892072314,61.66356230122972,1.3954162258202079,-0.9375173565159134,0.0
0,217,61.4809644851353,61.58129222922793,1.4358156354390896,-0.7078840835194828,0.0
0,218,61.628077642774315,61.522001928203395,1.5064475173411456,-0.4779219369712422,0.0
0,219,61.79363886996049,61.47797769698582,1.8047770263826894,-0.40256268738029277,0.0
0,220,61.966593345942044,61.42831509719724,1.6543124932484083,-0.5906893083906759,0.0
0,221,62.12658300500283,61.36716753049029,1.5454806879674,-0.6322620257482185,0.0
0,222,62.287792926712996,61.30295018360732,1.6787177462362415,-0.6520849119107659,0.0
0,223,62.44176522761467,61.238160852633655,1.4007282717972291,-0.6437017075622986,0.0
0,224,62.5700712946699,61.16734485290482,1.165393069307088,-0.7726182870141436,0.0
0,225,62.696847463479685,61.078342032112346,1.3701303068889636,-1.0074381288357799,0.0
0,226,62.84058504669741,60.96714194698296,1.504621357465469,-1.2165635737522376,0.0
0,227,62.97724138622863,60.83725811329731,1.2285054331584053,-1.3811130999612828,0.0
0,228,63.11151515929589,60.71163934308669,1.4569700281865536,-1.1312623042512122,0.0
0,229,63.25108276393439,60.59100104275973,1.3343820645829894,-1.2815037022882532,0.0
0,230,63.39263785085302,60.44912269782776,1.496719673788986,-1.556063196351186,0.0
0,231,63.53182745397015,60.29243505061049,1.287072388553554,-1.5776897479940484,0.0
0,232,63.65513143451966,60.142005588676284,1.1790072224363826,-1.4308994906900505,0.0
0,233,63.771991947453955,59.990511177182555,1.1582030362492315,-1.5989887391845095,0.0
0,234,63.87910559048777,59.84200410793983,0.9840698244267774,-1.3711526456702483,0.0
0,235,63.99061864920935,59.69510648859176,1.2461913500052528,-1.5667997412913515,0.0
0,236,64.10369824121057,59.54443273122047,1.0154004900190419,-1.4466754061339362,0.0
0,237,64.20693575706895,59.409172693038556,1.0493498271488786,-1.2585253575040625,0.0
0,238,64.3063949620477,59.272354003091834,0.939834272426566,-1.4778484414299822,0.0
0,239,64.38702255710939,59.128437832858936,0.6727176288071863,-1.400474963227735,0.0
0,240,64.45304834044754,58.9998696903188,0.647798037955237,-1.1708878875750628,0.0
0,241,64.5038075144002,58.8970188510184,0.3673854410981665,-0.8861288984334088,0.0
0,242,64.53820443993425,58.816711751156504,0.3205530695827594,-0.7200130988041948,0.0
0,243,64.57556928811147,58.75944515492108,0.4267438939614845,-0.4253188259038332,0.0
0,244,64.6237079214061,58.71336816998485,0.5360287719307131,-0.4962208728209294,0.0
0,245,64.67238756203722,58.67030755884332,0.4375640406920489,-0.3649913500098627,0.0
0,246,64.7250348875952,58.62527460241637,0.6153824704673099,-0.5356677785296462,0.0
0,247,64.78586744639648,58.5686584503207,0.6012687055583861,-0.5966552633842195,0.0
0,248,64.8558905608736,58.49422972699824,0.7991935839841471,-0.8919192030644219,0.0
0,249,64.9288504519314,58.3973584174085,0.6600042371721191,-1.0455069887305424,0.0
0,250,65.00501500403647,58.28942542857834,0.8632868049293894,-1.1131527878725933,0.0
0,251,65.09102495139501,58.18368644762046,0.8569121422409776,-1.0016268312847814,0.0
0,252,65.16619470937633,58.091318339745044,0.6464830173848348,-0.8457353262236342,0.0
0,253,65.24008493832741,57.99942795167249,0.8313215616373437,-0.992072435226973,0.0
0,254,65.33225755143172,57.90354947534149,1.0121307004489637,-0.9254970913933835,0.0
0,255,65.42600169163848,57.81644521609235,0.8627521036859829,-0.8165880935894041,0.0
0,256,65.49829575077666,57.722567001929065,0.5831290790781818,-1.0609761896767012,0.0
0,257,65.54691108334168,57.60233200359414,0.38917757222268357,-1.3437237770222197,0.0
0,258,65.59834507409084,57.46609217587786,0.6395022427608268,-1.3810727773031974,0.0
0,259,65.66358263108867,57.33965965349927,0.6652488971961148,-1.1475776702682392,0.0
0,260,65.74064840317021,57.23487656343383,0.8760665444342859,-0.9480841310409591,0.0
0,261,65.81490024869254,57.13214437688458,0.6089703660118246,-1.1065595999438127,0.0
0,262,65.88103351201795,57.03142391462359,0.7136949004960194,-0.9078496452756788,0.0
0,263,65.94833413024793,56.94082704775309,0.6323174641032612,-0.9040876921339009,0.0
0,264,66.0076046550443,56.84625548622017,0.553093031823737,-0.9873435385245983,0.0
0,265,66.07361021438646,56.73437412762934,0.7670181550192332,-1.2502836332925664,0.0
0,266,66.15675697874178,56.60060565921515,0.8959171320866428,-1.4250857349913595,0.0
0,267,66.24607583078478,56.45444932589032,0.8904599087732397,-1.498040931505134,0.0
0,268,66.34201576688866,56.304576775994974,1.028338813305,-1.4994100664021541,0.0
0,269,66.43812998566199,56.17030293183552,0.8939455621612886,-1.1860668167867008,3.0
0,270,66.51795862382312,56.07813391032818,0.7026272010614747,-0.6573136133606994,3.0
0,271,66.57684527056495,56.035068316188244,0.4751057337744662,-0.20399826943793542,3.0
0,272,66.63562537989611,56.02276406431275,0.7004964528483466,-0.042086768071431635,0.0
0,273,66.69231497181528,56.03090574679783,0.4332953855352155,0.20492041777188774,0.0
0,274,66.74199814457336,56.0538513553326,0.5603680696271578,0.2539917529223832,0.0
0,275,66.78510983658595,56.08146932385574,0.3018657706248806,0.29836761753946384,0.0
0,276,66.8040880375122,56.096533650221886,0.0776982479007522,0.0029189097828083987,0.0
0,277,66.80631849171624,56.10077865404446,-0.033089163819301604,0.08198116666825506,0.0
0,278,66.7917200580502,56.102751563787706,-0.258879509500348,-0.04252297180382669,0.0
0,279,66.77243501551061,56.08728807418845,-0.1268213412907624,-0.2667468201822345,0.0
0,280,66.75085619482849,56.066471794337644,-0.304755072350666,-0.14957877683425558,0.0
0,281,66.70564877295476,56.059169702563906,-0.5993933651228698,0.003536941359197243,0.0
0,282,66.6328313696763,56.05264284656181,-0.8569547004453675,-0.13407406140221667,0.0
0,283,66.53732951909598,56.04748822910335,-1.0530823111603986,0.030981712232277303,0.0
0,284,66.42661552888586,56.05199360051546,-1.1611974930412714,0.05912571600906702,0.0
0,285,66.31011765649015,56.04422320725246,-1.168759954872538,-0.21453358126966826,0.0
0,286,66.18422161406028,56.01214116576955,-1.3491608937238198,-0.42710724838883785,0.0
0,287,66.0585880075576,55.96969857375808,-1.163511236328688,-0.42174459184150415,0.0
0,288,65.9281038297159,55.934104335293796,-1.4461723205049424,-0.2901401774442043,0.0
0,289,65.78130801690463,55.914570981168765,-1.4897439357191953,-0.10052690505719042,0.0
0,290,65.6440343141374,55.90390322199437,-1.255730119624534,-0.11282827843147913,0.0
0,291,65.50870516335385,55.90719165434513,-1.4508528960461753,0.17859692544580597,0.0
0,292,65.36016519365484,55.9352142338592,-1.5199464979337307,0.3818546648354051,0.0
0,293,65.21823453021813,55.98220118324758,-1.3186667708004371,0.5578843229320558,0.0
0,294,65.10080806736823,56.04516399775571,-1.029862486197242,0.7013719672301324,0.0
0,295,64.99395084189212,56.11781477092882,-1.1072820233240073,0.7516434962318979,0.0
0,296,64.88007719277857,56.20033892065709,-1.1701909589465327,0.8988394983324177,0.0
0,297,64.74847291897845,56.2796072864781,-1.4618945170555744,0.686527818087562,0.0
0,298,64.6138584048814,56.35041708468259,-1.230395764884694,0.7296681460019503,0.0
0,299,64.48710662024439,56.4156757033341,-1.304639927854348,0.5755042270281123,0.0
0,300,64.34745562211168,56.47445350326956,-1.4883800347994658,0.600051771680377,0.0
0,301,64.19171103053384,56.544022381813136,-1.6265117967570148,0.7913257991909148,0.0
0,302,64.03979419705081,56.62146336947944,-1.4118248729029386,0.757493954134457,0.0
0,303,63.89983263859381,56.698267775149645,-1.3874062962371116,0.7785941592690904,0.0
0,304,63.769203251876206,56.7834981167689,-1.225181438114486,0.9260126731155349,0.0
0,305,63.66067326959313,56.875246487727566,-0.9454182075468296,0.9089547460571055,0.0
0,306,63.562601281419916,56.96550428633856,-1.0160215559175008,0.8962012261620043,0.0
0,307,63.457588986225346,57.05136302764356,-1.0842243479732616,0.8209735999379788,0.0
0,308,63.36193698924126,57.128217805147074,-0.8288155917081248,0.7161219501318623,0.0
0,309,63.26861984528921,57.211438719297746,-1.0375272873328374,0.9482963328813696,0.0
0,310,63.17932482346532,57.29610682974629,-0.7483731491440047,0.7450658760887165,0.0
0,311,63.11407564457886,57.371197607422346,-0.5566104285851843,0.7567496774316744,0.0
0,312,63.06676701754316,57.43925133084031,-0.3895621121282229,0.6043247909275244,0.0
0,313,63.03379121028854,57.494070950129526,-0.26995403296265863,0.49206759485667817,0.0
0,314,63.00390061842916,57.552970806029805,-0.3278578042246494,0.6859295231484737,0.0
0,315,62.973003842621665,57.62474906709667,-0.2900777119235727,0.7496356981884613,0.0
0,316,62.937619659242614,57.71302749256091,-0.4176059556579581,1.0159328110960768,0.0
0,317,62.881186590981315,57.82183309791594,-0.7110554095676704,1.1601792960035127,0.0
0,318,62.81172503063294,57.94567768196168,-0.6781757973997937,1.3167123849104385,0.0
0,319,62.73118356533962,58.064588508945974,-0.9326535084659469,1.061504154774621,0.0
0,320,62.62776915707059,58.16656171027245,-1.1356346569139593,0.977959871754198,0.0
0,321,62.506887483160654,58.24973052481192,-1.2819988212832794,0.6854164190350254,0.0
0,322,62.391681677973,58.32150401231871,-1.0221172824702762,0.7500533310996591,0.0
0,323,62.285781232882414,58.41092635026354,-1.0958916193398505,1.0383934277967342,0.0
0,324,62.19100717042363,58.508699295847975,-0.7995896298345837,0.9170654838911965,0.0
0,325,62.10243983325813,58.59172457628051,-0.9717571134757073,0.7434401247584344,0.0
0,326,62.0106186937021,58.66431709992065,-0.8646656776435577,0.7084103480434933,0.0
0,327,61.936987358479314,58.73411975961824,-0.6079610268104698,0.6876428459072041,0.0
0,328,61.890129071727756,58.81352166903929,-0.329204708219871,0.9003953425137787,0.0
0,329,61.86726372277042,58.909253015932734,-0.1281022709272186,1.0142315953550352,0.0
0,330,61.84538300323061,59.00788878381195,-0.30951211986854155,0.9584837622288358,0.0
0,331,61.80553541444294,59.11645353618974,-0.48743965588348814,1.2128112853266337,0.0
0,332,61.74387681647022,59.22720777566036,-0.7457323035698948,1.0022735040854975,0.0
0,333,61.66979447472818,59.31405792878627,-0.7359145312714332,0.7347295584317113,0.0
0,334,61.60470580770618,59.40234968397971,-0.5658588091678514,1.0311055454367093,0.0
0,335,61.533316217989636,59.49346669973522,-0.8619329851631683,0.7912347696728457,0.0
0,336,61.443552435599486,59.56713865858325,-0.9333426626391113,0.6822044072874842,0.0
0,337,61.336702154890304,59.64597589821926,-1.2036629515438655,0.894540385432192,0.0
0,338,61.22963823561031,59.72432688039771,-0.9376154340554184,0.6724792581367502,0.0
0,339,61.13674077386679,59.779406953569435,-0.920333800813987,0.42912220529665923,0.0
0,340,61.051365714125836,59.83196728471887,-0.7871673940043049,0.6220844176913367,0.0
0,341,60.95859989171788,59.89549550533371,-1.0681490541538246,0.6484799946049371,0.0
0,342,60.84660884591426,59.972544773891855,-1.1716718619188402,0.8925053765578941,0.0
0,343,60.73762583902089,60.07523262000461,-1.0079882759468521,1.1612515456967145,0.0
0,344,60.62206439042177,60.19603839727972,-1.3032406960354397,1.254863999805238,0.0
0,345,60.48905088522531,60.334074976654335,-1.3570294078931973,1.5058675876868612,0.0
0,346,60.33895417923475,60.4915634168114,-1.6449047119185227,1.6439012154536226,0.0
0,347,60.18534436498419,60.66772703094307,-1.4272915730930116,1.8793710671788961,0.0
0,348,60.05473367469881,60.86624296742406,-1.184922232615019,2.0909476624405556,0.0
0,349,59.93285664112318,61.06806350112305,-1.2526184388975903,1.9454630115389175,0.0
0,350,59.818364420731996,61.26745129983317,-1.037225968926613,2.0422929626633213,0.0
0,351,59.72617527131274,61.48624577411272,-0.8065570194568092,2.333596522926662,0.0
0,352,59.659259890464114,61.72691773860379,-0.5317505975141383,2.4798427668943575,0.0
0,353,59.61043731950508,61.98322329552292,-0.44470082166620983,2.646268371488226,0.0
0,354,59.57068076749931,62.26137873264588,-0.35043021844801103,2.9168403709706503,0.0
0,355,59.52788551948322,62.54755662790859,-0.5054747418724794,2.8067175342833597,0.0
0,356,59.462742562100175,62.83761627927959,-0.7973844057887813,2.9944754931359103,0.0
0,357,59.37530031724623,63.14366602131457,-0.9514604912898417,3.1265193475634785,0.0
0,358,59.27254640441356,63.44257051758382,-1.1036177653630705,2.8515705778211498,0.0
0,359,59.15369662438559,63.71470361891119,-1.2733778351958307,2.591091448725132,0.0
0,360,59.01884088709244,63.97247987755162,-1.4237369106657898,2.564433724083301,0.0
0,361,58.87852748062596,64.23109598635324,-1.382531218664047,2.607888451948563,0.0
0,362,58.73172870070994,64.48866019969705,-1.5534443796563124,2.5433958149272566,0.0
0,363,58.57022426493097,64.72984099221554,-1.6766443359217345,2.28022003544187,0.0
0,364,58.41401546797954,64.94621548290996,-1.4475316031061602,2.047269778445518,0.0
0,365,58.25908370485968,65.154012601256,-1.6511036592904205,2.1086725884751054,0.0
0,366,58.108584232036605,65.35217035246438,-1.3588857971711938,1.8544824356923169,0.0
0,367,57.98097619701139,65.53160819303253,-1.1932749033326893,1.7342743756703047,0.0
0,368,57.85527481274789,65.71629998745038,-1.3207527819365854,1.9595615126858643,0.0
0,369,57.71302012409956,65.91843714264871,-1.524340991029506,2.0831815912806686,0.0
0,370,57.560201701885035,66.11705246187535,-1.5320274532613318,1.8891247932512023,0.0
0,371,57.41601008900648,66.29446255468378,-1.3518048043101203,1.659077062916392,0.0
0,372,57.29561443744012,66.46217050151972,-1.0561082270156206,1.6950818738022626,0.0
0,373,57.20463693347267,66.62867153449776,-0.7634418523318356,1.6349387857581394,0.0
0,374,57.13588578392671,66.80123407466084,-0.6115811385878551,1.8163120175028844,0.0
0,375,57.0745674021382,66.9773967914565,-0.6147864971809582,1.7069423184094017,0.0
0,376,57.02860209656228,67.11109366396482,-0.30451961433528396,0.966995131755791,-5.0
0,377,57.00516445535743,67.1967212413453,-0.16423320976263867,0.7455564158545869,0.0
0,378,56.99684207359803,67.27657466075954,-0.002214425426956268,0.8515119724313376,0.0
0,379,56.98190288177511,67.35143929007387,-0.296569411031264,0.6457806138558642,0.0
0,380,56.96720942951106,67.40984622491249,0.0027003657488187116,0.522358082917739,0.0
0,381,56.953589460751346,67.46324533527809,-0.275099740943217,0.5456241243947222,0.0
0,382,56.915083574142386,67.50702837898348,-0.4950179912358408,0.33003674971409325,0.0
0,383,56.858988282775385,67.5267268943864,-0.6268878361045154,0.06393355834501868,0.0
0,384,56.80076017036674,67.53805475553094,-0.5376744120684851,0.16262366454654043,0.0
0,385,56.74893170601558,67.53938210031112,-0.49889487495468643,-0.13607676894269538,0.0
0,386,56.685246316135704,67.52911567321075,-0.774812922644255,-0.06925177306419172,0.0
0,387,56.61287276324697,67.52162417211872,-0.6726581351303071,-0.08057824877552555,0.0
0,388,56.5517459525762,67.52001145154668,-0.5498780782866906,0.048323837334974584,0.0
0,389,56.499338178516496,67.5268695946873,-0.4982774029071617,0.08883902547842659,0.0
0,390,56.436504917458365,67.54118063658018,-0.7583878182562938,0.19738181237957697,0.0
0,391,56.357882352160004,67.5701231595487,-0.8140634877111346,0.3814686469914541,0.0
0,392,56.3146436466144,67.59374558044766,-0.05071062320144115,0.090979770988449,-5.0
0,393,56.330109846098026,67.56920130230532,0.360034612874955,-0.5818653338363156,-5.0
0,394,56.357343462269114,67.50895755056342,0.18463771054736533,-0.6230097010026352,0.0
0,395,56.38055778840021,67.43797294273662,0.27964881207458525,-0.7966824555340271,0.0
0,396,56.41512597692679,67.35167240840258,0.41171495845783923,-0.9293282311475668,0.0
0,397,56.468542702186596,67.2545046734565,0.6566195467392042,-1.0140264677746593,0.0
0,398,56.535772888227825,67.15184405875857,0.6879841740857202,-1.0391858261848625,0.0
0,399,56.60430133156569,67.0574045485447,0.6825846926734318,-0.8496043780939804,0.0
0,400,56.670544677481416,66.98347736333983,0.6422822256420275,-0.6289393260044065,0.0
0,401,56.74417118035683,66.91012392988466,0.8302478318682223,-0.8381293431010182,0.0
0,402,56.83871361817421,66.82005409374779,1.060600924480985,-0.9632673796382942,0.0
0,403,56.957163061825895,66.72673237672632,1.3083879485533085,-0.9031669607916566,0.0
0,404,57.077838449207775,66.62770784794759,1.1051197990849086,-1.0773236147849925,0.0
0,405,57.203129849597985,66.52425390432313,1.4007082087213938,-0.9917552577056234,0.0
0,406,57.33929880014432,66.43651776285128,1.3226708022060176,-0.7629675717320286,0.0
0,407,57.46876590581485,66.34750115508245,1.2666713112058225,-1.0173645836455165,0.0
0,408,57.60329904769969,66.23593482190734,1.4239915264912444,-1.2139620798572004,0.0
0,409,57.751243644517444,66.1048280299998,1.5349004098642745,-1.4081737582951455,0.0
0,410,57.89661150924417,65.96830271340752,1.3724568846713474,-1.3223325735507228,0.0
0,411,58.04697466732716,65.84740749002356,1.6348062769889662,-1.0955718941287245,0.0
0,412,58.22063272415437,65.72628941806124,1.8383548595559986,-1.3267895451183733,0.0
0,413,58.40973956958089,65.59145113712907,1.9437820489749331,-1.3699760735267006,0.0
0,414,58.59319656541993,65.44231655917838,1.7253578678062187,-1.6127154854880743,0.0
0,415,58.763948181900446,65.29244471101822,1.68967446180557,-1.3847214777153134,0.0
0,416,58.92724600986287,65.15601623174462,1.5762820974434533,-1.343848107757589,0.0
0,417,59.09280044532943,65.02666964174546,1.7348066118886916,-1.2430836922274775,0.0
0,418,59.254697125203165,64.88990467258657,1.5031269855874037,-1.4922156909516495,0.0
0,419,59.401327363031555,64.73155980039257,1.429477770980517,-1.6746817529294606,0.0
0,420,59.547254149199375,64.57393567073268,1.4890579523764256,-1.4778008402687135,0.0
0,421,59.69762593373741,64.42136153362344,1.5183777383853094,-1.5736819019170003,0.0
0,422,59.84512181567118,64.25608022023232,1.4315399002917335,-1.731944365905921,0.0
0,423,59.99435350084889,64.09658000483591,1.5530938032628647,-1.4580599420223326,0.0
0,424,60.1645305488488,63.94092387850651,1.850447156735303,-1.6550625845669416,0.0
0,425,60.36253197257736,63.788644609551056,2.1095813178374954,-1.390522794543573,0.0
0,426,60.58563532471942,63.64632069896777,2.3524857250040405,-1.455955417123084,0.0
0,427,60.82558756947685,63.503045244566465,2.4465591701451306,-1.409553670903703,0.0
0,428,61.06997278453207,63.36232306240447,2.4411451309597823,-1.4048899723370045,0.0
0,429,61.31596731661557,63.22767591452657,2.478745510712157,-1.2880529852215972,0.0
0,430,61.5757263430969,63.10411521011292,2.7164350189157123,-1.1831611030521767,0.0
0,431,61.84993639650031,62.98429040647761,2.7677660491532983,-1.2133349696544933,0.0
0,432,62.11958925490751,62.86811891015748,2.6252911189917274,-1.1100949567481049,0.0
0,433,62.37172287174246,62.74415844655584,2.417381217707696,-1.369114315286005,0.0
0,434,62.60852517881051,62.60941522742212,2.3186649236533903,-1.3257500673890128,0.0
0,435,62.84556507659863,62.46576533759276,2.422133032110631,-1.547247729198613,0.0
0,436,63.07787399500887,62.31638027826534,2.2240453360943437,-1.4404534573518006,0.0
0,437,63.29660597531995,62.18418322316006,2.150594270129112,-1.2034876447543432,0.0
0,438,63.50452863524788,62.049197967272676,2.0078589284307355,-1.4962174729948288,0.0
0,439,63.70245885521433,61.886293401879016,1.95074547089831,-1.761873834878637,0.0
0,440,63.90223733511664,61.71957812511562,2.0448241271479795,-1.572431700390819,0.0
0,441,64.09443307681886,61.560235214090994,1.7990907068980597,-1.614426520103379,0.0
0,442,64.261180305695,61.39642319026234,1.5358538706251004,-1.661813956471331,0.0
0,443,64.41501920516578,61.23845829769027,1.54092411879037,-1.4974838949711682,0.0
0,444,64.5709518516984,61.09619183639427,1.5777288118624497,-1.3478453309491307,0.0
0,445,64.73732127258813,60.96856118067171,1.7496596059326706,-1.2047677835034207,0.0
0,446,64.92523297914408,60.853525565974564,2.008574525186553,-1.0959445104409458,0.0
0,447,65.13733336951918,60.744839978649225,2.2334332823167866,-1.0777672360675528,0.0
0,448,65.36197123217414,60.640056792519545,2.2593239707837593,-1.0178964865274054,0.0
0,449,65.5853395789211,60.537608690886145,2.2080429641565065,-1.0310655461411162,0.0
0,450,65.79222620452504,60.42963289073782,1.9296895479242089,-1.1284504568265028,0.0
0,451,65.98355908323549,60.311250844669416,1.8969680262855544,-1.2391904645436806,0.0
0,452,66.18279076894032,60.17706335974435,2.087665687811427,-1.4445592339577935,0.0
0,453,66.3905271228117,60.03358104087545,2.067061389617992,-1.4250871434205123,0.0
0,454,66.60870123368363,59.895084927158905,2.2964208278205884,-1.344835130910461,0.0
0,455,66.84978586858688,59.766248460577,2.5252718702462786,-1.23189420072843,0.0
0,456,67.11456597945005,59.64171863865124,2.770330347017998,-1.2587022377885013,0.0
0,457,67.37963717382013,59.50512719861376,2.5310935403844113,-1.4731265629620882,0.0
0,458,67.64517756918156,59.372461479967455,2.7797143668448623,-1.180187809965977,0.0
0,459,67.91366224673413,59.2563599498377,2.5899791842067668,-1.141842792630241,0.0
0,460,68.14404988862782,59.15419302430473,2.0177736536682236,-0.9014957180291834,3.0
0,461,68.33390844529242,59.063105371762845,1.7793974796240057,-0.9202573328100598,0.0
0,462,68.52536020969785,58.95851507562804,2.0496378084841513,-1.1715485898860507,0.0
0,463,68.70136282362216,58.85017606954932,1.4704144700027673,-0.9952315316879972,3.0
0,464,68.8364010924621,58.7699988867771,1.2303509067966338,-0.6083121237570204,3.0
0,465,68.95793091337521,58.732550140385115,1.2002455114649369,-0.1406628040824387,3.0
0,466,69.08179551673595,58.70357988091837,1.2770465557503297,-0.43874238525285136,0.0
0,467,69.21284121651195,58.661607818261814,1.3438674397704116,-0.400698867879683,0.0
0,468,69.3247120999174,58.63637396826357,0.893550228340434,-0.10397813208543027,3.0
0,469,69.38513571207852,58.64542653838828,0.3149220148827432,0.28502953457818947,3.0
0,470,69.4093585315145,58.683717340038584,0.16953437383688552,0.4807864984282073,0.0
0,471,69.42213027953301,58.72396252308397,0.0859005865335849,0.3241171624793395,0.0
0,472,69.43413189542093,58.75128288614826,0.1541317312256485,0.22229009880658523,0.0
0,473,69.46339709132246,58.78151091776442,0.43117218680592195,0.3822705335176533,0.0
0,474,69.52058500774217,58.80894438027951,0.7125861415873445,0.16639871678416895,0.0
0,475,69.59652069645801,58.8235715890371,0.8061276327286357,0.12614545836695434,0.0
0,476,69.67794790443315,58.82964741162209,0.8224165267735923,-0.004629006666366564,0.0
0,477,69.75054059246281,58.829302778723786,0.6294372338187753,-0.002263651300344449,0.0
0,478,69.80252545594897,58.8414822124696,0.41026003590348914,0.2458523262167418,0.0
0,479,69.84055501241221,58.87071663965992,0.3503310933613868,0.33883621758872806,0.0
0,480,69.86801216767526,58.91002367992871,0.1988120118989336,0.44730458778820115,0.0
0,481,69.87410496981511,58.95101944135001,-0.07695596910286184,0.3726106406386691,0.0
0,482,69.88088436103271,58.99987221545689,0.21254379345490904,0.6044448414990633,0.0
0,483,69.90094997492724,59.060127547851835,0.1887684844351476,0.6006618064001987,0.0
0,484,69.91487858176208,59.11333678476967,0.08980365226268106,0.4635229319562182,0.0
0,485,69.91524856737419,59.16665388302033,-0.08240394002062246,0.6028190330569281,0.0
0,486,69.91099731025497,59.240333146557646,-0.0026212023634748505,0.870766237690221,0.0
0,487,69.90313057821288,59.31630875551946,-0.15471343847821117,0.6487459415454371,0.0
0,488,69.88307000734505,59.37355832112655,-0.2464979788774837,0.49624537059537843,0.0
0,489,69.868533559659,59.4085892260764,-0.044230974843666004,0.20437272840131904,0.0
0,490,69.85435878844044,59.41636489865721,-0.23926444952722647,-0.04885927678570745,0.0
0,491,69.83801432256575,59.41894026502382,-0.08762486796683788,0.10036660411710407,0.0
0,492,69.84118487387332,59.43448074129333,0.15103589411776852,0.21044292127275277,0.0
0,493,69.85566351463126,59.468808284147144,0.1385369210411831,0.4761079358043876,0.0
0,494,69.86226303398871,59.50763153954631,-0.006546533892791473,0.3003571721794742,0.0
0,495,69.86513702025525,59.53999653955975,0.0640262592237768,0.34694282808857224,0.0
0,496,69.85706585630021,59.561237671643426,-0.22544953832501413,0.07787981358394447,0.0
0,497,69.82488701569036,59.56719634584124,-0.418127273872658,0.041293670372425595,0.0
0,498,69.78438224170077,59.57702154648484,-0.39196820591816817,0.15521034249939625,0.0
0,499,69.74525668880904,59.597873045711594,-0.3905428519154661,0.26181964203614605,0.0
0,500,69.7000702897767,59.63010274994019,-0.5131851287314912,0.3827744425368156,0.0
0,501,69.64722590236318,59.668208062385816,-0.5437026195393084,0.3793318063760651,0.0
0,502,69.60759415292046,59.716692906361914,-0.2489323693141472,0.5903650731469039,0.0
0,503,69.58973273473009,59.77666337153403,-0.1082959944934423,0.6090442302960621,0.0
0,504,69.56472504773365,59.84718227501219,-0.3918577454364556,0.8013338392675777,0.0
0,505,69.51602051478278,59.92186741342414,-0.5822329135809063,0.6923689289713035,0.0
0,506,69.45759889962608,60.00382445491732,-0.586199389553844,0.9467719008928199,0.0
0,507,69.41019589978544,60.11179309745569,-0.36186060726006275,1.212600949875565,0.0
0,508,69.38195857167409,60.2289505183968,-0.20288595496679562,1.130547468946542,0.0
0,509,69.34966842856511,60.34371794597644,-0.442916907212906,1.164801082646333,0.0
0,510,69.3111310183449,60.47175600990158,-0.3278312971912172,1.3959601958571408,0.0
0,511,69.27071515822286,60.61483549285015,-0.4804859052486261,1.4656294631134177,0.0
0,512,69.23285556736198,60.750049823234804,-0.2767059119698523,1.2386571445791699,0.0
0,513,69.1923726914107,60.87309090996814,-0.5329516070554128,1.222164590086555,0.0
0,514,69.14410136090623,60.989034641259536,-0.43247500303284525,1.0967100357416069,0.0
0,515,69.11076344302057,61.10409212768036,-0.23428335468091532,1.2044396926756686,0.0
0,516,69.0868641259982,61.23497453131438,-0.24370298576746663,1.4132083800037005,0.0
0,517,69.05699751385498,61.361881482157514,-0.35362925709793736,1.1249306368589576,0.0
0,518,69.02908423349038,61.485566167700085,-0.20463635019301307,1.348763073991476,0.0
0,519,69.01225057034878,61.61086831867942,-0.13203691263882433,1.157279945596029,0.0
0,520,69.00541970698816,61.71891057086452,-0.004580354573917589,1.0035650981063675,0.0
0,521,69.01660271886908,61.81476069548398,0.22824059219220771,0.9134373942832319,0.0
0,522,69.03139144895204,61.90653849408102,0.0675340094661081,0.9221185776585532,0.0
0,523,69.03515879744191,61.991685215083066,0.007812960330971563,0.7808158423822391,0.0
0,524,69.04403454561191,62.06432624398451,0.16970200306798944,0.6720047356458672,0.0
0,525,69.07155468289568,62.136930716359984,0.3807007426078215,0.7800847118626226,0.0
0,526,69.12381345034032,62.21488853695223,0.6644746062849194,0.7790716999831382,0.0
0,527,69.19006790170033,62.30744061483961,0.6606144209153104,1.071969857763877,0.0
0,528,69.26031835492074,62.41721563615101,0.7443946434925124,1.1235305684633872,0.0
0,529,69.31980733698776,62.53963743188535,0.445384997847615,1.3249053462231757,0.0
0,530,69.37386689072503,62.66080190776415,0.6358060768977705,1.098384171353084,0.0
0,531,69.44879987525894,62.76315249441609,0.86285361378091,0.9486275616862674,0.0
0,532,69.53499210012058,62.852617953327695,0.8609908834518176,0.8406816165455879,0.0
0,533,69.6198097851119,62.92726852189924,0.835362816373932,0.6523297548845566,0.0
0,534,69.68882957167102,62.98343246358388,0.5450329148075816,0.47094907880753745,0.0
0,535,69.73597876586291,63.034445112625804,0.39795096902989613,0.5493039020300632,0.0
0,536,69.76184232489118,63.08573512896771,0.11932021153570815,0.4764964248079657,0.0
0,537,69.76354704396522,63.13576616291357,-0.0852258300555846,0.5241242541087985,0.0
0,538,69.75424963913622,63.18243973885194,-0.10072226652405902,0.40934726465872906,0.0
0,539,69.74128011904418,63.22766240097758,-0.15866813531699364,0.49510597785394594,0.0
0,540,69.72342518184416,63.28012514522902,-0.19843060868429951,0.5541489071740742,0.0
0,541,69.71664176238812,63.349695240195615,0.0627622195636448,0.8372529921584349,0.0
0,542,69.70823867568686,63.44292995599267,-0.23082395358846064,1.0274413237825346,0.0
0,543,69.69423162526948,63.556499199260315,-0.04931705475801884,1.243943541570177,0.0
0,544,69.67509297521735,63.684195599907184,-0.3334559462834008,1.3099844713679243,0.0
0,545,69.6308721660522,63.814304002562494,-0.5509602370191917,1.2921835817393852,0.0
0,546,69.58038017162926,63.928939066582416,-0.45887965144001264,1.00051769865928,0.0
0,547,69.53112784839743,64.04113238268974,-0.5261668131958146,1.243348623488231,0.0
0,548,69.46458065707554,64.17908739786924,-0.8047770132423349,1.5157516801024808,0.0
0,549,69.39226052865604,64.32490404491807,-0.6416255551472201,1.4005812608735937,0.0
0,550,69.31601516616558,64.47899207196281,-0.8832816946607736,1.6811792800213965,0.0
0,551,69.24128196699974,64.65298503823647,-0.6113822886554132,1.7986800454508263,0.0
0,552,69.16838360475538,64.83863204913837,-0.8465849562313288,1.9142601725864985,0.0
0,553,69.08808258964905,65.03639789078727,-0.7594353458962875,2.041056660391897,0.0
0,554,69.00883052698885,65.2277876661093,-0.8256059073075424,1.7867388460478182,0.0
0,555,68.91570780530708,65.40906847877352,-1.0368485263270522,1.8388774072374634,0.0
0,556,68.82596149257267,65.59945353881074,-0.7580777283611955,1.9688237935063437,0.0
0,557,68.74661864339441,65.79478082748403,-0.8287792552038713,1.9377219799600613,0.0
0,558,68.6766718440706,65.99876330849622,-0.5701567312716609,2.1419276402842584,0.0
0,559,68.61222009792994,66.22369802736557,-0.7188781915418261,2.3567667371031895,0.0
0,560,68.53498720271091,66.44553162974887,-0.8257797128380897,2.079905310562312,0.0
0,561,68.4380966453175,66.65473449874253,-1.1120314350297402,2.104152069310926,0.0
0,562,68.3305666184059,66.87137386399195,-1.0385691032025228,2.228635235678107,0.0
0,563,68.2227513157485,67.10766501744183,-1.1177369499446002,2.4971878333193622,0.0
0,564,68.12407551240426,67.35004811052102,-0.8557791169407558,2.35047402826374,0.0
0,565,68.0283776490246,67.58233618335964,-1.058178150652882,2.2952874285087663,0.0
0,566,67.9186777154888,67.82229291426881,-1.1358205200637617,2.5038471896738006,0.0
0,567,67.80255341248414,68.0826328090136,-1.186665540028379,2.7029507052222694,0.0
0,568,67.68182128592014,68.3461704307988,-1.2279769912521825,2.56780173048044,0.0
0,569,67.57367006044512,68.61115882452873,-0.9350475182481919,2.7319661441193475,0.0
0,570,67.467865442787,68.87703161572642,-1.1810448349133402,2.5854896798356357,0.0
0,571,67.34936927726062,69.14389392458213,-1.1888784756152724,2.7517564972791124,0.0
0,572,67.21641876102615,69.42720408741309,-1.47013184907415,2.9144467593408514,0.0
0,573,67.07075253796063,69.72793926169504,-1.443192612236242,3.1002567262979763,0.0
0,574,66.91617848685974,70.04927584269944,-1.6482884097821113,3.326474893789369,0.0
0,575,66.7563695861138,70.39402273170151,-1.5478896051376019,3.568462886251069,0.0
0,576,66.59691010708127,70.75542102242082,-1.6412999755122115,3.6595029281353764,0.0
0,577,66.44445821121076,71.11534181392824,-1.4077379418978317,3.5389129020126298,0.0
0,578,66.29235103583108,71.47848817909869,-1.6344055656956016,3.724014401395955,0.0
0,579,66.11518303939124,71.85594143636331,-1.9089543631012944,3.8250507438967407,0.0
0,580,65.92228700289206,72.22718963063062,-1.9489663668829138,3.599913141449516,0.0
0,581,65.73253015178454,72.58222292413427,-1.846170655267704,3.5007527286234,0.0
0,582,65.53414887264717,72.92586478266492,-2.1214549274806593,3.3720844419894522,0.0
0,583,65.33738383127036,73.2263298429134,-1.8138459000546021,2.6372167629790013,-5.0
0,584,65.19507200332703,73.47492904834769,-1.0323906588130427,2.3347673457075917,-5.0
0,585,65.09794748956165,73.70328386598203,-0.9100996164947723,2.2323290069798407,0.0
0,586,65.01926215663525,73.91322343171771,-0.6636070420346645,1.9664623077330763,0.0
0,587,64.95809653543392,74.11035200510128,-0.559705381991904,1.9761091599390532,0.0
0,588,64.91227749806899,74.29727650796895,-0.3566753653080994,1.7623808974138893,0.0
0,589,64.87839858144423,74.47879960157297,-0.3209029671876138,1.8680809746669222,0.0
0,590,64.85354263713953,74.6676590826238,-0.17621591890706334,1.909108646350056,0.0
0,591,64.83510096785778,74.8710510353169,-0.19261746672859203,2.1587304075131133,0.0
0,592,64.83283511516595,75.06316008057763,0.14730041289088902,1.6834504977010791,-5.0
0,593,64.87236926598428,75.19573411851229,0.6433826034765637,0.9680302609908225,-5.0
0,594,64.94697628361519,75.2955234001738,0.8487577491396738,1.0277553722398611,0.0
0,595,65.01914341451277,75.40624730853528,0.594584868810939,1.1867227949912635,0.0
0,596,65.08975442849771,75.53523517504323,0.8176354108866573,1.3930345351686242,0.0
0,597,65.17662023943137,75.6793183700463,0.9196808077848253,1.4886293648927502,0.0
0,598,65.27172333485396,75.82663168610497,0.9823811006667356,1.4576369562825526,0.0
0,599,65.37770602271178,75.95977214243317,1.1372726564878448,1.205172170282271,0.0
0,600,65.49351048233007,76.09149556775003,1.1788165358778837,1.4292963360569484,0.0
0,601,65.61929213714825,76.22853499071368,1.3368165604850688,1.311492123217345,0.0
0,602,65.74419437942186,76.3725676849084,1.1612282849866986,1.5691617606772148,0.0
0,603,65.8677934815156,76.52999424061568,1.3107537568875642,1.5793693534684206,0.0
0,604,66.00675685193517,76.67311941862613,1.4685136515030273,1.2831342067419165,0.0
0,605,66.14046183226867,76.81260955332675,1.2055859551654677,1.5066684872722451,0.0
0,606,66.26290969335389,76.96215932925031,1.24337126653713,1.4843270312002481,0.0
0,607,66.37261831970989,77.1050288821948,0.950801260580965,1.3730640276904431,0.0
0,608,66.46924327399063,77.22929552703908,0.9816978250322954,1.1122688691964644,0.0
0,609,66.57635161711005,77.3545330234723,1.160469037355334,1.3924810594698513,0.0
0,610,66.67982036827266,77.47908427280402,0.90890598589489,1.0985439271656645,0.0
0,611,66.78170503510194,77.57918712422872,1.1287873506900326,0.9035131013303257,0.0
0,612,66.89922113299974,77.66597733807441,1.221534607265923,0.8322911755847482,0.0
0,613,67.01948557002345,77.74248656367456,1.1837541332082289,0.6978933364193072,0.0
0,614,67.12304947345012,77.8203249959422,0.8875239353235447,0.8588753089350156,0.0
0,615,67.21614496066218,77.90291230585365,0.974385808916713,0.7928708892951235,0.0
0,616,67.31333637319574,77.99529458224481,0.9694424417533387,1.0547746385300822,0.0
0,617,67.40279245839281,78.1130322511616,0.8196792621867619,1.2999787398063471,0.0
0,618,67.49066767732404,78.25587146977455,0.9378251164363647,1.5568056324545658,0.0
0,619,67.59790625128744,78.40307073263978,1.2069463628308856,1.3871796248501838,0.0
0,620,67.70805503287704,78.53151990423942,0.9960292689611077,1.1818038071434547,0.0
0,621,67.82190109145029,78.65159313428285,1.2808919025022352,1.2196607937270496,0.0
0,622,67.9557824520474,78.77310926962173,1.396735309439892,1.2106619130517302,0.0
0,623,68.10791283791389,78.90730595310652,1.6458724078887688,1.4732717566457847,0.0
0,624,68.27665918012349,79.04501410954379,1.7290544363019684,1.2808913721007649,0.0
0,625,68.43469048083227,79.186321096906,1.4315715778721092,1.545248375144622,0.0
0,626,68.5891780590498,79.35104587724743,1.6581799864769664,1.7492472316856613,0.0
0,627,68.76577566646063,79.5194386628259,1.8737721617385255,1.6186084798858893,0.0
0,628,68.9412072689828,79.68434388402557,1.6348598887031507,1.6794959441080834,0.0
0,629,69.0984020703097,79.86621967749363,1.5090361378347978,1.9580199252546038,0.0
0,630,69.24736488422957,80.04705827574071,1.4702201405626685,1.6587520396880464,0.0
0,631,69.39608994734544,80.219513438229,1.5042811217542678,1.7903512100788213,0.0
0,632,69.55585365714421,80.38667720459591,1.6909930742200245,1.5529241172613322,0.0
0,633,69.71144200298704,80.53957162894608,1.4207738426345937,1.5049643697433606,0.0
0,634,69.86554896990447,80.68636076061375,1.6613654957131008,1.4308182636109574,0.0
0,635,70.0448965399961,80.84041099959131,1.9255859061196237,1.650186515941808,0.0
0,636,70.2332785131772,81.01701528265403,1.8420535575016839,1.8818991453124152,0.0
0,637,70.41947388875053,81.19724692268198,1.8818539539638284,1.7227336552474757,0.0
0,638,70.60660907759336,81.37356185328167,1.860849822892087,1.803564956746456,0.0
0,639,70.80258906595907,81.54519315383243,2.0587499444215975,1.6290610542686483,0.0
0,640,71.01380631909569,81.71384108263317,2.165595118310801,1.7438975217474635,0.0
0,641,71.2345233767719,81.90278723043616,2.248746035212781,2.0350254343123684,0.0
0,642,71.45013193820887,82.10260043496748,2.063425193525779,1.9612386563141744,0.0
0,643,71.67039369350175,82.30043468289716,2.341809912331305,1.9954463022806976,0.0
0,644,71.90078714302547,82.49011943404378,2.266059078141639,1.7982487206517455,0.0
0,645,72.11360355822774,82.66492900515084,1.9902692259037895,1.697942701491268,0.0
0,646,72.31571912520997,82.84438548564265,2.052042113740143,1.8911869083457589,0.0
0,647,72.50713394519948,83.01947441948164,1.7762542860498307,1.6105917684350484,0.0
0,648,72.68832781015624,83.1722059581773,1.8476230130849558,1.444039005479464,0.0
0,649,72.88602378230098,83.32980803538328,2.106296429808813,1.7080025386406295,0.0
0,650,73.09509593594123,83.49533574254997,2.075146642994568,1.602551604693728,0.0
0,651,73.31708424113992,83.64652824298753,2.3646194609794478,1.4212984040574224,0.0
0,652,73.5645842390278,83.77831197312275,2.5853804967772085,1.2143761986473294,0.0
0,653,73.82160661550927,83.88894730749348,2.555067032851518,0.9983304887675306,0.0
0,654,74.06212518130906,83.99764014592552,2.2553042831440795,1.175526279874191,0.0
0,655,74.29056406357745,84.10026954557054,2.3134733622227444,0.8770617130280112,0.0
0,656,74.5286125757084,84.17998112433872,2.447496880395729,0.7171698623373572,0.0
0,657,74.76800567614202,84.26588507234283,2.3403651282757334,1.0009090977456445,0.0
0,658,75.01597638685814,84.37472924599376,2.6190490860447824,1.175974375273933,0.0
0,659,75.27006909994543,84.48208000631632,2.4628051757011704,0.9710408311785041,0.0
0,660,75.51864476483672,84.57953685605219,2.508708122124103,0.978096163540128,0.0
0,661,75.7727347528803,84.68088218039213,2.573091638744966,1.0488103232601205,0.0
0,662,76.02745986169498,84.7745546936718,2.52141053754573,0.8246399423338513,0.0
0,663,76.2682194214783,84.85880315662769,2.2937806581213476,0.8603293167854176,0.0
0,664,76.4924671660101,84.94926645531655,2.191174232512269,0.9489366569916413,0.0
0,665,76.7197426102341,85.04290302284141,2.354334651965207,0.9237946935063484,0.0
0,666,76.94485876458907,85.13593445279685,2.14798843513492,0.9368339056041215,0.0
0,667,77.1547428920469,85.22896055057276,2.0496941140190703,0.9236880499152829,0.0
0,668,77.3521374983361,85.32583699363522,1.898198011762796,1.0138408113354256,0.0
0,669,77.53993102090794,85.41920013083484,1.8576724396741486,0.85342193265795,0.0
0,670,77.72966642926053,85.5095662332285,1.9370357273785679,0.9539001152155926,0.0
0,671,77.92128534245103,85.6170629612692,1.895342536430297,1.196034445598249,0.0
0,672,78.09636041609747,85.73644582056295,1.6061589364960724,1.1916227402784756,0.0
0,673,78.2589429872337,85.87050751259733,1.6454924862266544,1.4896111004103574,0.0
0,674,78.4371734337426,86.00589854774,1.9191164439523334,1.2182096024448885,0.0
0,675,78.61584123484772,86.11892893425272,1.6542395781497081,1.0423981278106353,0.0
0,676,78.77384302165024,86.23173748097838,1.5057961579007788,1.2137728067036626,0.0
0,677,78.91038605604581,86.34309334340287,1.2250645300115508,1.013344441787412,0.0
0,678,79.04384205767929,86.45811229324613,1.444055502655777,1.2870345550788933,0.0
0,679,79.18825469245962,86.58844427839165,1.4441971929505417,1.319605147832842,0.0
0,680,79.33291864894318,86.71790370180906,1.449081936721237,1.2695833205157694,0.0
0,681,79.47521851815213,86.84406485151067,1.3969154474567471,1.2536396735182738,0.0
0,682,79.61142374787232,86.96576088216352,1.3271891469446846,1.180280939539493,0.0
0,683,79.7409367834066,87.0707043327343,1.2630715637378902,0.9185880718773145,0.0
0,684,79.85496967302129,87.15959641615541,1.0175862285559774,0.8592535965459227,0.0
0,685,79.94529894713082,87.24162094868939,0.7889992536326957,0.7812370541349445,0.0
0,686,80.02330911480703,87.3347249546863,0.7712040998910261,1.080843065804066,0.0
0,687,80.10556356948337,87.44917563013826,0.8738849936346931,1.2081704432372113,0.0
0,688,80.19928334534461,87.58398569117855,1.000510523590533,1.488030777569847,0.0
0,689,80.2949708039389,87.74036477056723,0.9132386482952022,1.6395508102052698,0.0
0,690,80.39579117670041,87.90390472603292,1.1031688069350718,1.6312482991101316,0.0
0,691,80.51516562107349,88.07184882072386,1.2843200805262853,1.7276335947091326,0.0
0,692,80.65771482675609,88.25296202851337,1.5666640331261874,1.894630561082291,0.0
0,693,80.80343702190453,88.43162785255231,1.34777986984278,1.6786859196967718,0.0
0,694,80.9343639236713,88.60168623016239,1.2707581654915554,1.7224816325056764,0.0
0,695,81.06519896915665,88.7719065561347,1.345942744216675,1.6819248869422498,0.0
0,696,81.19942259848858,88.93263971401439,1.3385298424231618,1.5327382706524784,0.0
0,697,81.34766381446843,89.09048158448229,1.6262944771722427,1.6240991387069705,0.0
0,698,81.50116160805214,89.2441180053961,1.4436613945015981,1.4486292795700297,0.0
0,699,81.64248883001824,89.37517367610576,1.382883044818339,1.1724841346230335,0.0
0,700,81.76671786675843,89.48942470898794,1.1016976899842685,1.1125365230206867,0.0
0,701,81.89086747202396,89.60867915498454,1.3812944153238895,1.2725523969132269,0.0
0,702,82.03459531602198,89.72501002440094,1.4932624646361088,1.0540649914154638,0.0
0,703,82.192980238362,89.8237807841989,1.6744359821656492,0.921350204543586,0.0
0,704,82.36108342030798,89.93057922175683,1.6876276567545787,1.2146185466150232,0.0
0,705,82.53806854108029,90.06347879393002,1.8520747586911543,1.44337289684894,0.0
0,706,82.71673734789374,90.20425006291293,1.7213013775763528,1.3720524828102345,0.0
0,707,82.87777426693378,90.33132970124905,1.499437003221857,1.1695402839123368,0.0
0,708,83.01369138606105,90.44778576646559,1.2189053793237825,1.1595810204197416,0.0
0,709,83.1238987377044,90.57777302839668,0.9852416535423991,1.4401642182025611,0.0
0,710,83.2118140308462,90.72820101362049,0.7730642092950291,1.5683954862736211,0.0
0,711,83.30312887735317,90.89677433815518,1.0532327208448464,1.8030710044219571,0.0
0,712,83.39955943187715,91.08746125494508,0.875378369634026,2.0106673313780767,0.0
0,713,83.48464494704353,91.29680590948931,0.8263319336929431,2.1762257595069965,0.0
0,714,83.5688865302393,91.51290903916549,0.8584997302218724,2.145836834018356,0.0
0,715,83.65753327995662,91.7192352079536,0.9144352641234015,1.98068654174552,0.0
0,716,83.74014035391792,91.93004708987223,0.7377062151033069,2.235551096627324,0.0
0,717,83.80934648430411,92.15975716859725,0.6464163926207753,2.3586504778748374,0.0
0,718,83.88663373920326,92.38921071020923,0.8993287053610253,2.2304203543647656,0.0
0,719,83.99110058123415,92.60439078363004,1.1900081352535654,2.0731811140526215,0.0
0,720,84.11572972823774,92.8157283222871,1.3025748048181516,2.1535696590888094,0.0
0,721,84.25740652196578,93.0408850809464,1.5309610697423306,2.3495655140989395,0.0
0,722,84.42110142768297,93.27066521500853,1.7429370446027388,2.2460371671442125,0.0
0,723,84.58792834614314,93.48041110704014,1.5936013245996055,1.948880673488988,0.0
0,724,84.73291184408504,93.66451580682667,1.306068634236249,1.733213322243417,0.0
0,725,84.8696913615563,93.82903355003123,1.4295217151891642,1.5571415418480914,0.0
0,726,85.007037303076,93.99077733824413,1.3173971152017288,1.6777342224116847,0.0
0,727,85.15004958951477,94.16109584799881,1.542848613571298,1.728635972682758,0.0
0,728,85.31657681203274,94.32395903977635,1.7876958367882612,1.5286278628690813,0.0
0,729,85.49552185842867,94.47993368277434,1.791205091130177,1.5908649970915416,0.0
0,730,85.68094965514138,94.63352062222566,1.9173508431213957,1.4808737919361832,0.0
0,731,85.88694672764495,94.77165954783834,2.2025906069474406,1.2819047203173302,0.0
0,732,86.09969742402063,94.88990101183674,2.0524233205666214,1.0829245596521488,0.0
0,733,86.29871154555372,95.00618451016896,1.9278591100962341,1.242745406992892,0.0
0,734,86.49683600459252,95.13979308202875,2.0346300706806986,1.4294260302040787,0.0
0,735,86.70091496651935,95.29207594842387,2.0469491678537395,1.6162312977004554,0.0
0,736,86.90401696669096,95.44147929795065,2.0150908355779755,1.3718356928368873,0.0
0,737,87.09146647151442,95.58689196462035,1.733899260889844,1.5364176405586623,0.0
0,738,87.2526933107606,95.74668615143355,1.4906375240329854,1.6594660957069358,0.0
0,739,87.39398082498838,95.92540085674,1.33511276052295,1.9148280104222657,0.0
0,740,87.53361154302456,96.12444710565057,1.4575016002019794,2.066096967790468,0.0
0,741,87.68506614587614,96.32779472856816,1.571590456826506,2.000855490563021,0.0
0,742,87.8511506606958,96.51444744257685,1.7500998395676746,1.7321987896121591,0.0
0,743,88.04091321349733,96.69701316952057,2.0451512164616084,1.9191157492634883,0.0
0,744,88.25473368239955,96.87957746260076,2.231258161582341,1.7321701123404747,0.0
0,745,88.49042008933088,97.03960403509109,2.4824699770436283,1.4683613374660176,0.0
0,746,88.7294652428825,97.17174795437313,2.2984330939883737,1.1745170481747422,0.0
0,747,88.97071469921184,97.27724681918892,2.5265560325967673,0.9354602481429026,0.0
0,748,89.21221385608374,97.37284844239025,2.303427104839347,0.9765722158852004,0.0
0,749,89.44066328324084,97.45643202401209,2.265561438299816,0.6950994165523756,0.0
0,750,89.67521875845227,97.52760519481296,2.425548065928089,0.7283639994655378,0.0
0,751,89.92116060658054,97.61097958447237,2.4932888966363524,0.9391237937234322,0.0
0,752,90.15892203377848,97.71319546798998,2.2619396473201583,1.1051938766291087,0.0
0,753,90.37708947003375,97.81882541867185,2.1014090777826855,1.007405137008206,0.0
0,754,90.59049669272576,97.9335099672511,2.166735376054815,1.286285834576633,0.0
0,755,90.81906322695181,98.07639547778456,2.40459530846479,1.5714243760927467,0.0
0,756,91.06076230906024,98.22738443556932,2.4293863337039134,1.4483547796031235,0.0
0,757,91.30608939805165,98.37064302110718,2.477155446124648,1.4168169311556724,0.0
0,758,91.5661752949868,98.5125890285575,2.724562492578487,1.4221032178512267,0.0
0,759,91.8346836580904,98.64532114233475,2.6456047694912286,1.2325390576954867,0.0
0,760,92.0889696858228,98.7823118156781,2.440115785157536,1.5072744091717336,0.0
0,761,92.32927810609294,98.91831917804404,2.36605262024516,1.2128728381477512,0.0
0,762,92.55360009411356,99.02552484063153,2.1203871401662546,0.9312404136019055,0.0
0,763,92.7669417488089,99.12933944410133,2.1464459537412495,1.1450516557945676,0.0
0,764,92.96852232621518,99.24462514595234,1.8851655943829346,1.1606623812267713,0.0
0,765,93.14299584470655,99.3688000719983,1.604304775445799,1.3228361396939459,0.0
0,766,93.30234170041444,99.50485713710077,1.5826123387114226,1.3983051623567189,0.0
0,767,93.4497713080832,99.6467226655027,1.3659798146631843,1.4390054056828276,0.0
0,768,93.5743326230454,99.79375443535548,1.1252464845784917,1.501629991374907,0.0
0,769,93.68347578279804,99.95413203975693,1.057616710474635,1.7059220966556286,0.0
0,770,93.7901277414237,100.110696835412,1.0754224620387944,1.4253738164459016,0.0
0,771,93.908368412355,100.25825617832083,1.2893909565885568,1.5258130417315652,0.0
0,772,94.05034576979642,100.4137141426661,1.5501561922370897,1.5833462451750737,0.0
0,773,94.21561778569776,100.58108280114959,1.7552841257901743,1.764026924494928,0.0
0,774,94.40380669218598,100.74787817310471,2.008494003973908,1.571880514608841,0.0
0,775,94.61388039937015,100.91900854096423,2.1929801397074034,1.8507268425817198,0.0
0,776,94.82694041860009,101.11390090739474,2.068220244890048,2.0471204860290086,0.0
0,777,95.02368858958789,101.31700952491781,1.8667431748672403,2.0150518644336177,0.0
0,778,95.20916592522326,101.51108385651492,1.842803537840263,1.866434767509654,0.0
0,779,95.38583130154325,101.69079177184858,1.6905039885571096,1.7277235391648187,0.0
0,780,95.55322166510018,101.86090926303837,1.6573032825795568,1.674626284631266,0.0
0,781,95.73031743119054,102.02892973449093,1.8846120392273331,1.6857831444217073,0.0
0,782,95.9119252559185,102.18861466253622,1.7475444553326636,1.5079154164857425,0.0
0,783,96.09974323969482,102.32618970744545,2.0088152201918064,1.2435854816994496,0.0
0,784,96.30777060316723,102.45483214851834,2.151732049256138,1.3292633397593754,0.0
0,785,96.50843036246579,102.5936571390015,1.8614631367131835,1.447236469903741,0.0
0,786,96.70172298213629,102.73844314447865,2.0043892566945836,1.4484836396404663,0.0
0,787,96.8921335129071,102.87305777128006,1.803821358722569,1.2438088963896003,0.0
0,788,97.06529875570573,102.99568163980643,1.6594834972512125,1.2086684741390012,0.0
0,789,97.2442628539145,103.1240606051,1.9197984669237922,1.358910831734299,0.0
0,790,97.43262372248091,103.2676352455212,1.8474189044047922,1.5125819766899813,0.0
0,791,97.63133389497989,103.41669866221162,2.1267845455736865,1.4686863571192976,0.0
0,792,97.8420267291408,103.57555336350435,2.0870721376423305,1.7084076687356475,0.0
0,793,98.04996225184732,103.75198704074444,2.0716383164875403,1.8202658760673796,0.0
0,794,98.26047459924939,103.92737703112584,2.1386086315535024,1.6875339315605693,0.0
0,795,98.47706278530563,104.09472755188858,2.1931550895692595,1.6594764836951708,0.0
0,796,98.69842345938514,104.24952090857721,2.2340583920209234,1.4363906500772465,0.0
0,797,98.92088855332099,104.3784490158904,2.215243486695348,1.142171496187343,0.0
0,798,99.13921834397343,104.5036279666217,2.151352326352722,1.3614075184406182,0.0
0,799,99.36718414186566,104.64015206910312,2.407963631490759,1.3690745311895345,0.0
0,800,99.60796143836569,104.78654673130882,2.4075822985078954,1.5588187129235305,0.0
0,801,99.83556390225613,104.938079079938,2.1444669792980786,1.4718282596629635,0.0
0,802,100.04231218414247,105.08192640620223,1.990498658427379,1.4051182656209562,0.0
0,803,100.24388629240798,105.23360907029974,2.040983506883366,1.6285350163312486,0.0
0,804,100.43528565758174,105.40342512000461,1.787003796589886,1.7677859777664207,0.0
0,805,100.61997836722298,105.58880827557618,1.9068503962362833,1.9398771336673413,0.0
0,806,100.81663923416659,105.76946748356886,2.0263669426339472,1.6733070261871585,0.0
0,807,101.02412818754215,105.93029970900079,2.123412124878403,1.543337482452948,0.0
0,808,101.23252596500606,106.09949734123711,2.0445434243977587,1.840615162272444,0.0
0,809,101.45116292858711,106.29201425050496,2.328195847223885,2.009723023083419,0.0
0,810,101.67482230604287,106.49616932798335,2.1449917018886673,2.073378526485234,0.0
0,811,101.8916391516284,106.71605498380177,2.191345209822325,2.3243345898837653,0.0
0,812,102.11544788924175,106.94461232988101,2.284829542444575,2.2468123317034596,0.0
0,813,102.35385485427582,107.16640231291672,2.4833097582365706,2.1889873290108923,0.0
0,814,102.61374907718641,107.3888037702809,2.7145746999758007,2.259041818275856,0.0
0,815,102.87978323371203,107.62938668960646,2.6061084305360946,2.552616568234093,0.0
0,816,103.12984052506067,107.87878291462903,2.3950373964335387,2.4353079322174693,0.0
0,817,103.38006841013862,108.13559327201756,2.609520305125473,2.7008992155553297,0.0
0,818,103.65164022931458,108.41301174947603,2.8219160783939987,2.8474703336161227,0.0
0,819,103.9398248283951,108.69402319151209,2.9417759032159996,2.7727585071062197,0.0
0,820,104.24230531384933,108.98523145294666,3.107833805867056,3.051406721587634,0.0
0,821,104.54086742992308,109.30245332025788,2.863408515606354,3.2930306246370193,0.0
0,822,104.8352453206187,109.63501429363419,3.024149298303218,3.358188842889648,0.0
0,823,105.15128345532548,109.9850761231944,3.296613395831489,3.6430477483164037,0.0
0,824,105.46659610400934,110.35482633681431,3.009639577846574,3.75195652408358,0.0
0,825,105.76756833877562,110.72100485531519,3.0098051174760485,3.57161384593633,0.0
0,826,106.0602619210324,111.07476942439166,2.844066527656775,3.503677535594937,0.0
0,827,106.34978572219893,111.42568481165858,2.946409495673983,3.514630209746363,0.0
0,828,106.64168295369814,111.77661472234013,2.8915351343069933,3.5039680038853067,0.0
0,829,106.92391410128175,112.11555271653287,2.7530878173644666,3.2747918799716427,0.0
0,830,107.2057990140479,112.4296669425571,2.884610437957681,3.007492640514551,0.0
0,831,107.50569022777654,112.72279852862903,3.113213836613504,2.8551390809264365,0.0
0,832,107.83052835651688,113.01315582823827,3.383548738194353,2.9520069112603196,0.0
0,833,108.1590047302966,113.30372653098038,3.1859787373986244,2.8594071435808477,0.0
0,834,108.48344340077097,113.58337198273534,3.3027946720879626,2.7335018915200653,0.0
0,835,108.82804432420562,113.84869171129799,3.58922379660223,2.572892679735629,0.0
0,836,109.17310046057014,114.10162750322525,3.3118989306894058,2.485823158808339,0.0
0,837,109.51329193179208,114.35645849491016,3.491930493750143,2.6107966748929083,0.0
0,838,109.86361327600002,114.62878432340563,3.5144963904089295,2.8357198950193894,0.0
0,839,110.21905070249954,114.91202201390252,3.5942521395823057,2.8290339149203216,0.0
0,840,110.57009712610102,115.20826778517699,3.4266763324461245,3.0958815105714184,0.0
0,841,110.92181278796488,115.50954455284409,3.6076369048299313,2.9296538427701933,0.0
0,842,111.29260412887243,115.79985631209456,3.808189913320863,2.8765813422386852,0.0
0,843,111.65973945567998,116.07341351102582,3.5345166228277947,2.594562636385673,0.0
0,844,112.01768057130334,116.34269073313476,3.6243056896374455,2.7909818057920646,0.0
0,845,112.39320806394903,116.61913169960621,3.8862441632744122,2.7378375236371664,0.0
0,846,112.79138841609961,116.88280946848386,4.077362879736672,2.5357178539169603,0.0
0,847,113.21339996434767,117.14000182446694,4.36286808522301,2.608129265744207,0.0
0,848,113.63808973189816,117.4096405563696,4.130927265784166,2.7846453723100772,0.0
0,849,114.0440784262189,117.67706661062516,3.9888466206276902,2.563875712803247,0.0
0,850,114.4537498911593,117.94131229459299,4.204582678181392,2.7210379665524655,0.0
0,851,114.87470741882316,118.22490880372266,4.2145678750963995,2.9508922160433606,0.0
0,852,115.28189995478306,118.51970158130439,3.9292828440989673,2.9449633355936857,0.0
0,853,115.66343902913695,118.80711841386847,3.7014986429797325,2.803373315689875,0.0
0,854,116.04137350954966,119.0943342362009,3.857190965271286,2.9409431309581375,0.0
0,855,116.44126651400575,119.37658415142414,4.14066912384877,2.7040551735077365,0.0
0,856,116.86014296084181,119.65806142993733,4.236859812870495,2.9254903967573416,0.0
0,857,117.29480626811801,119.95469806152528,4.456406332654012,3.0072422350007955,0.0
0,858,117.72686226817154,120.26955675557497,4.184713668414837,3.2899316459952335,0.0
0,859,118.14269662927222,120.6125334178746,4.131973553597149,3.569601599996222,0.0
0,860,118.55006411275099,120.9663272233945,4.015376115978938,3.506274510400557,0.0
0,861,118.94857084862406,121.33082969591669,3.9547586014803535,3.783774940044342,0.0
0,862,119.33976805430439,121.72207842788339,3.8691855121235186,4.041199699288793,0.0
0,863,119.73252795843086,122.13198708932237,3.9860125704032647,4.156973529491582,0.0
0,864,120.11693150796191,122.53875194697525,3.7020584202159235,3.978323623568146,0.0
0,865,120.4889443286645,122.92330152130512,3.738197993834433,3.7126678630291217,0.0
0,866,120.87577351817049,123.2952057702064,3.9983857962839373,3.7254171149984234,0.0
0,867,121.27196097560704,123.68229026383483,3.9253633524440446,4.016272757571741,0.0
0,868,121.66248461124633,124.07974322226096,3.8851093603387277,3.9327864109525876,0.0
0,869,122.05757513019785,124.47554037800796,4.016701018689957,3.983156703989179,0.0
0,870,122.45902345834861,124.88477491636172,4.012265544322403,4.201534063086273,0.0
0,871,122.86722443724011,125.30222723179622,4.1517540335077605,4.147512245605567,0.0
0,872,123.2906884802153,125.72726078937649,4.317526825995142,4.3531589059995675,0.0
0,873,123.72451540096563,126.15798634901398,4.35901158900894,4.261352286751416,0.0
0,874,124.14859566878158,126.57046390889309,4.122593767311347,3.98819891082972,0.0
0,875,124.56205625768825,126.96485389518466,4.146618010823367,3.899600815003776,0.0
0,876,124.99107706368318,127.36108795843347,4.4337981090726615,4.02508044997184,0.0
0,877,125.43359566585309,127.77233786938814,4.4165739343233845,4.199917769122724,0.0
0,878,125.87773133340079,128.20467375430485,4.466139416628135,4.446799929213794,0.0
0,879,126.32293645215395,128.66180309280867,4.4379629584344436,4.695786840861292,0.0
0,880,126.77538745025049,129.1289777280772,4.611057003495919,4.647705864510302,0.0
0,881,127.235491854477,129.59087660124283,4.5910310810349735,4.590271598805591,0.0
0,882,127.7001991844329,130.0483224375639,4.703115518082431,4.558645127617099,0.0
0,883,128.18362216873948,130.49027469187808,4.965344168046247,4.2803999586650985,0.0
0,884,128.6823660055759,130.91588660173375,5.009532568683095,4.231838238447276,0.0
0,885,129.1798715099526,131.34302830158322,4.94057751885186,4.310995758544966,0.0
0,886,129.6793583693991,131.76762804857321,5.049159670076001,4.180999181254148,0.0
0,887,130.17497579758128,132.18711450005958,4.8631888935684096,4.208729848474444,0.0
0,888,130.66285378584098,132.60378759502623,4.894370871624343,4.124732050858263,0.0
0,889,131.14765319750722,133.03015513265245,4.801617361700579,4.402618701667047,0.0
0,890,131.61438086125213,133.4614331858695,4.532935913195981,4.222942362676994,0.0
0,891,132.0739015887816,133.88444651333384,4.657478637390959,4.237324186610019,0.0
0,892,132.55335905577908,134.29573054217667,4.931670702559064,3.9883563902458334,0.0
0,893,133.04494822784523,134.68088132274556,4.900112738763312,3.714659221135168,0.0
0,894,133.53070638440045,135.06555776681353,4.815050392340886,3.9788696602242304,0.0
0,895,134.01722076254123,135.45277755505572,4.915237170474711,3.7655261046187736,0.0
0,896,134.50011842254912,135.83234322062117,4.742716029684441,3.8257872066906735,0.0
0,897,134.98595887985516,136.2292712311223,4.974093116437295,4.112773003330986,0.0
0,898,135.48179244922312,136.6495472725096,4.942578270922269,4.292747824414864,0.0
0,899,135.96999329517507,137.07826740307496,4.82143864811632,4.281654786894977,0.0
0,900,136.44925154827092,137.50958114237505,4.763726413801518,4.344619999105573,0.0
0,901,136.91798052412446,137.9516989964702,4.610853103269125,4.497737082799484,0.0
0,902,137.3743997060103,138.39915610132516,4.517530534448348,4.451405014302587,0.0
0,903,137.8209504870299,138.8490071855333,4.413485085941886,4.545616669860683,0.0
0,904,138.26184834278843,139.30208463619124,4.4044720292294635,4.515932343299081,0.0
0,905,138.69016847930152,139.75493284309027,4.1619307010317925,4.541031794683063,0.0
0,906,139.11073932605927,140.2137848886655,4.249486234120237,4.63600911682415,0.0
0,907,139.54573749814563,140.68032515022492,4.450477207606564,4.694796114364582,0.0
0,908,139.99419861201363,141.15127894092439,4.518745069753088,4.724279699627109,0.0
0,909,140.44457117364755,141.61668056719054,4.488706162922714,4.583752825695942,0.0
0,910,140.90193708670154,142.0797697856069,4.658612098155583,4.678031542633782,0.0
0,911,141.3701247209799,142.5543426234292,4.705140587409819,4.813425213814956,0.0
0,912,141.826558798934,143.03998197551346,4.423540971670526,4.899361827868942,0.0
0,913,142.26489470179513,143.5232421940882,4.343177085549758,4.765842543628814,0.0
0,914,142.6862758985542,143.98484132514182,4.084446849631295,4.466140077443489,0.0
0,915,143.0918470014667,144.43385933877994,4.026975208618776,4.514220195321206,0.0
0,916,143.5017058398862,144.8872660049285,4.170201559769989,4.553913127652386,0.0
0,917,143.92670522124445,145.35448886666495,4.329786067394718,4.790544107077697,0.0
0,918,144.3597790572253,145.84245418520663,4.331690652221575,4.968762263754918,0.0
0,919,144.7819630899985,146.33926774889983,4.111990003240784,4.9675090101106,0.0
0,920,145.2071561038356,146.8419779331423,4.391870273499702,5.086694674739638,0.0
0,921,145.6321535123377,147.34982280045983,4.108077896540834,5.0702026716113915,0.0
0,922,146.0380220392874,147.85059097042404,4.0092926424506174,4.945160727671846,0.0
0,923,146.44536712704848,148.34089215935091,4.137609112771575,4.860863050867236,0.0
0,924,146.8502150330769,148.84120840419087,3.959349007794284,5.1454618459309645,0.0
0,925,147.24481905932498,149.34579070653717,3.932731517168534,4.946184200996877,0.0
0,926,147.63872826441207,149.84770061553195,3.9454525845738786,5.0920139788998995,0.0
0,927,148.0445523863384,150.3712734022131,4.171029853953648,5.37944175472569,0.0
0,928,148.4546679455234,150.9138416148362,4.031281329747287,5.4719224977359,0.0
0,929,148.8466358347282,151.45133948733223,3.808076454347983,5.278034952185658,0.0
0,930,149.21426898748723,151.99140594063488,3.544586600833888,5.523294113869302,0.0
0,931,149.5753765114746,152.52908079806616,3.6775638789119505,5.23020303475578,0.0
0,932,149.94524112856016,153.05253584339903,3.719728462798095,5.238897871904123,0.0
0,933,150.3159101448814,153.57146988250997,3.6936518636281193,5.139782910314312,0.0
0,934,150.687978572078,154.09357584047302,3.7477166803028332,5.302336248949036,0.0
0,935,151.05977090471242,154.61524667737558,3.688129972384612,5.131080489104709,0.0
0,936,151.41505604582449,155.1310669550951,3.417572849855251,5.185325065285347,0.0
0,937,151.74955752021083,155.66190097899175,3.2724566378690554,5.4313554126478305,0.0
0,938,152.08422172219684,156.20947384607143,3.4208274018524314,5.520101928948828,0.0
0,939,152.41549635890533,156.75380776139082,3.20466533231842,5.36657637744111,0.0
0,940,152.73762594328832,157.27687289503297,3.23792635534101,5.094726295400957,0.0
0,941,153.07172575616028,157.7919698607118,3.44406990209756,5.207213018177541,0.0
0,942,153.41764795123163,158.30582651292843,3.4743739993270992,5.0699200261558675,0.0
0,943,153.77373200972534,158.81662749598922,3.6473071705474,5.14609963505919,0.0
0,944,154.13779292720324,159.32585824016087,3.6339111790092034,5.038515248372591,0.0
0,945,154.50699033350702,159.83308140005488,3.750036947064327,5.105947949508958,0.0
0,946,154.87073016278987,160.34802970155738,3.5247596385919913,5.193018080543883,0.0
0,947,155.2103511682567,160.87796522333247,3.2676604707442465,5.405692354960006,0.0
0,948,155.54705157029844,161.41609246343637,3.466347570089436,5.356852447117524,0.0
0,949,155.8852193559228,161.95589601436927,3.297008142396166,5.439218571541961,0.0
0,950,156.22517324399928,162.4948653589488,3.5020696191322855,5.340168320049012,0.0
0,951,156.57092860489934,163.03900128914142,3.413037598867348,5.5425502838044505,0.0
0,952,156.91146310745444,163.60518079184567,3.3976524522339098,5.781039770282076,0.0
0,953,157.24715851843894,164.1911606919664,3.3162557674556687,5.938558232133675,0.0
0,954,157.56961315362196,164.78115143158175,3.1328369362059085,5.86125656017557,0.0
0,955,157.88599338765084,165.37368895359555,3.1947677443694964,5.989493880102036,0.0
0,956,158.19700085409136,165.97599224499277,3.025381584441849,6.056571947843467,0.0
0,957,158.51008163963252,166.59276420045944,3.236234126380058,6.278867161493038,0.0
0,958,158.82170036331058,167.21704295335758,2.996140347179871,6.206707896472227,0.0
0,959,159.11595783971825,167.83274815467257,2.889009180970641,6.107396129828105,0.0
0,960,159.41973548252304,168.45259932903332,3.1865436751239713,6.289627357388655,0.0
0,961,159.73998143397102,169.07517540798744,3.218375353835224,6.161894221696802,0.0
0,962,160.07618352051304,169.66459933487386,3.5056663770057064,5.626584316028917,-5.0
0,963,160.42538181692453,170.2405911928895,3.4782995512262627,5.893252844282412,0.0
0,964,160.7924109897574,170.8172812649616,3.862283905429475,5.640548597161372,-5.0
0,965,161.19332930069504,171.36534317309406,4.156082313320486,5.320689565489741,-5.0
0,966,161.62193220675158,171.89631736842375,4.415975807814382,5.29879434110028,0.0
0,967,162.05681808268764,172.42150824227906,4.281741710907756,5.205023136005369,0.0
0,968,162.48127495245194,172.9353696808398,4.207395684379312,5.072205635209279,0.0
0,969,162.89168108851618,173.45706946519522,4.0007270369083034,5.3617900518949835,0.0
0,970,163.28276526519608,174.00157219758717,3.8209564966910126,5.52826459593987,0.0
0,971,163.69425903705587,174.51947611103992,4.408918940505723,4.829813673115817,-5.0
0,972,164.17397511731633,174.98300902690926,5.185402664705752,4.440844644268206,-5.0
0,973,164.7061842000287,175.42539563854552,5.458778989541571,4.406887588456858,0.0
0,974,165.24165139336833,175.8764182389093,5.25056487725041,4.6135644188206495,0.0
0,975,165.77274327250825,176.3384317100256,5.371272705545241,4.6267050035068795,0.0
0,976,166.31695133966582,176.8100862838039,5.512888637605762,4.806386472059958,0.0
0,977,166.86881050742227,177.29281083269825,5.524294717524278,4.848104505826395,0.0
0,978,167.4215373187535,177.79234763407885,5.530241509098769,5.142631521784245,0.0
0,979,167.9663283040686,178.3047372467929,5.365578197201474,5.105160732497904,0.0
0,980,168.51728545116748,178.81887803068116,5.653564744773096,5.177654945267987,0.0
0,981,169.08332569466938,179.32201937418085,5.667240125262833,4.885171924727592,0.0
0,982,169.64208160025032,179.8232759701143,5.507877986357137,5.139959993941722,0.0
0,983,170.19771730746425,180.34162890595462,5.604836157920833,5.227098722864913,0.0
0,984,170.7686411332245,180.8644047464254,5.813640357282523,5.228418086551592,0.0
0,985,171.33695368427516,181.39532644043857,5.552610663731887,5.390015793710362,0.0
0,986,171.88063394129745,181.9264777292642,5.320994476710993,5.233009982801517,0.0
0,987,172.40375547737085,182.45865414959758,5.141436244753974,5.410518423867329,0.0
0,988,172.9322366730164,182.99023831973136,5.4281876681578005,5.221164978807885,0.0
0,989,173.46305083057905,183.50779107184053,5.18809548309596,5.129890063378527,0.0
0,990,173.9755022379893,184.01818452918656,5.060932665107895,5.07797908354434,0.0
0,991,174.48039006344607,184.51510251722607,5.0368238440257365,4.860380677245608,0.0
0,992,174.97714756736082,185.001344456869,4.898326234270433,4.864458115615255,0.0
0,993,175.45583716627357,185.49183579373107,4.675465743985459,4.945368621627583,0.0
0,994,175.91875797409807,185.98553875805965,4.582950412505458,4.928690664943937,0.0
0,995,176.3694695603631,186.49038059935833,4.431281312794377,5.168146161030689,0.0
0,996,176.8218545927018,186.99695745202303,4.616419333978065,4.963390892263174,0.0
0,997,177.2783161275711,187.48981604617393,4.5128113634068665,4.89378099075519,0.0
0,998,177.738162810713,187.96668123828204,4.6841222994303156,4.643522851406096,0.0
0,999,178.20596092810592,188.4328025363036,4.671840048426159,4.678903109024059,0.0
0,1000,178.66429075465408,188.89259743316643,4.4947564825357205,4.516994828232931,0.0
1,0,45.25922838122349,22.629614190611743,0.0,0.0,0.0
1,1,45.25686384748111,22.645740235373342,-0.04729067484762162,0.3225208952319534,3.0
1,2,45.229488518759,22.704466480396164,-0.5002158995943766,0.8520040052245044,3.0
1,3,45.17726381729992,22.804701969692168,-0.5442781295873065,1.1527057806955625,3.0
1,4,45.10114667856451,22.93218676469199,-0.9780646451209183,1.3969901193008987,3.0
1,5,44.97818627632697,23.079202484400906,-1.481143399629774,1.543324274877401,3.0
1,6,44.807739823657265,23.25652446157423,-1.9277856537642926,2.0031152685890525,3.0
1,7,44.606490186523466,23.483396240430643,-2.0972070889116896,2.5343203085392076,3.0
1,8,44.37638670934129,23.755432515502505,-2.5048624547317573,2.906405192898081,3.0
1,9,44.12479116153962,24.05993191500845,-2.527048501301829,3.1835827972207813,3.0
1,10,43.8691024948873,24.39901631619823,-2.586724831744485,3.5981052265748303,3.0
1,11,43.58623410545709,24.784739420211324,-3.070642956859718,4.1163568536869715,3.0
1,12,43.260821116464996,25.197209855345115,-3.437616822982056,4.133051848988856,3.0
1,13,42.9109035726041,25.612290283174943,-3.56073405423588,4.168556707607767,3.0
1,14,42.551819169761146,26.041520241148756,-3.6209540026232343,4.416042451868464,0.0
1,15,42.197089339698564,26.471938305583564,-3.4736425986282846,4.19231883682772,0.0
1,16,41.85498233116721,26.879118529790418,-3.368497571998949,3.9512856473093265,0.0
1,17,41.51828191021457,27.259871928793505,-3.365510847053848,3.663782332752401,0.0
1,18,41.17221263883895,27.633974400225206,-3.5558745804584824,3.8182670958816054,0.0
1,19,40.820653253634134,28.023534419719194,-3.4753131236376973,3.972933293998196,0.0
1,20,40.48608785027464,28.433763280117645,-3.2159949435522677,4.231643913970764,0.0
1,21,40.15400334390647,28.858017102345922,-3.4256951838112837,4.25343253059477,0.0
1,22,39.82387143096039,29.27143830695882,-3.1769430751103336,4.014991561663194,0.0
1,23,39.506952405420684,29.670333642982165,-3.1614374356837516,3.9629151588037796,0.0
1,24,39.20156707011204,30.056151177949992,-2.9462692704890614,3.7534355405527986,0.0
1,25,38.904914541302354,30.438721166788923,-2.986781305704751,3.897964236225924,0.0
1,26,38.5915618819652,30.826655455324506,-3.280271881038505,3.8607215344858314,0.0
1,27,38.25755100038639,31.21170321333961,-3.3999457505376967,3.84023362581625,0.0
1,28,37.909710677003154,31.580957445422477,-3.5568607171271776,3.544851015841134,0.0
1,29,37.55978623610334,31.94016263726293,-3.441628100869165,3.6392528209679806,0.0
1,30,37.21943990026249,32.31537170990685,-3.365298615947756,3.864928631910555,0.0
1,31,36.88764772007399,32.69259550261866,-3.2705449878222232,3.679547222325665,0.0
1,32,36.57415787250654,33.060977463486125,-2.9992519635269197,3.6880919950237185,0.0
1,33,36.27681782130194,33.434132136903386,-2.9475490605651853,3.7750014733216357,0.0
1,34,35.99031814197638,33.822304926333224,-2.7824445259459054,3.9884543152751455,0.0
1,35,35.69996582514569,34.22167195007412,-3.024601810668077,3.9988861595427974,0.0
1,36,35.40728082788794,34.610579804842544,-2.8290981344869035,3.7792709358258083,0.0
1,37,35.12175594854693,34.98944124956102,-2.8813994523332944,3.797957958543721,0.0
1,38,34.846789231624946,35.367568384363025,-2.6179348861064415,3.7645847374964347,0.0
1,39,34.571207236294235,35.746393302297236,-2.893705020507891,3.8119136211878057,0.0
1,40,34.29429932053507,36.11953318632854,-2.6444532946756247,3.6508840594384644,0.0
1,41,34.035941615420874,36.47795492798556,-2.5227008076083397,3.5175507737018776,0.0
1,42,33.76983613706718,36.81637324535287,-2.799408759465468,3.2508155736444913,0.0
1,43,33.48229494121237,37.12678643286009,-2.9514151576307377,2.9574481764996943,0.0
1,44,33.192657251369624,37.43395447278314,-2.8413386392243503,3.185912621961535,0.0
1,45,32.9224116828121,37.7376501178116,-2.5635727319262394,2.8880002786075814,0.0
1,46,32.65135169991436,38.03029365820559,-2.8576269260285514,2.9648705292723907,0.0
1,47,32.3514179353506,38.327413161400145,-3.14104836524678,2.97751953461872,0.0
1,48,32.03363532698687,38.61433601756906,-3.2146038020279484,2.7609375887596563,0.0
1,49,31.722153932562406,38.878643015256216,-3.0150240864613966,2.525202364983567,0.0
1,50,31.441250561863427,39.092922819389365,-2.6030433275180034,1.7603937176792694,-5.0
1,51,31.190771850824433,39.26079996710647,-2.4065308932618485,1.5971492366628102,0.0
1,52,30.944908674682367,39.42915604704208,-2.5107326295794774,1.7699723620492804,0.0
1,53,30.719069054257787,39.57845219876215,-2.0060597789121033,1.215950672352248,-5.0
1,54,30.548943075887237,39.66457951466155,-1.3964597884990066,0.5065956456356968,-5.0
1,55,30.41471623967051,39.728581954258885,-1.288076935835436,0.7734531463109668,0.0
1,56,30.270912446820276,39.81379360489279,-1.5879989211690742,0.9307798663669082,0.0
1,57,30.10357281117487,39.89821835743432,-1.758793791738844,0.7577151844636187,0.0
1,58,29.95229317701093,39.94011715142547,-1.2667988915399295,0.0802606953594438,-5.0
1,59,29.827824774330125,39.943755747869865,-1.2225691620762298,-0.007488766471356101,0.0
1,60,29.70956185329399,39.929755680433445,-1.142689258646671,-0.27251258225695807,0.0
1,61,29.59643788065273,39.89654335443287,-1.119790194178801,-0.39173393775444154,0.0
1,62,29.481873054564204,39.867490221610595,-1.1715063275917732,-0.18932871869091983,0.0
1,63,29.377751659909563,39.84369643262724,-0.9109215655011038,-0.28654706097603544,0.0
1,64,29.288171445678145,39.8171227148673,-0.8806827191275168,-0.24492729422255977,0.0
1,65,29.203845465335903,39.78719486596851,-0.805836887717545,-0.35362968375317294,0.0
1,66,29.126681416372847,39.762261154084875,-0.7374440915436509,-0.14504455391937832,0.0
1,67,29.054833540651686,39.753478581701145,-0.699513422879642,-0.030606893755107833,0.0
1,68,28.974804199741797,39.75285092343928,-0.9010733953182424,0.018053728517914536,0.0
1,69,28.882140395430838,39.76835725010537,-0.9522026909010499,0.29207280480393116,0.0
1,70,28.810699376940363,39.77395337650964,-0.4766176789083989,-0.18015027671867756,-5.0
1,71,28.776930908141594,39.74308251017892,-0.1987516970670189,-0.43726704989551735,0.0
1,72,28.747193782161617,39.68584998641093,-0.395990822532557,-0.7073834254643501,0.0
1,73,28.716304446851154,39.625909855583956,-0.22179588367688474,-0.4914191910751544,0.0
1,74,28.679492849940857,39.577948802836275,-0.5144360545289839,-0.467801863878341,0.0
1,75,28.637029501824543,39.525269150173116,-0.33483090779759195,-0.58579118938475,0.0
1,76,28.603229002189494,39.46192391290407,-0.34117908490338067,-0.6811135559960952,0.0
1,77,28.557961545243074,39.38424758911849,-0.5641700540252916,-0.8724129197153356,0.0
1,78,28.50423208656875,39.29613154602882,-0.5104191194611563,-0.8899079420779525,0.0
1,79,28.43979158918151,39.19611947096533,-0.7783908282837153,-1.1103335591918437,0.0
1,80,28.366200017534567,39.084093333536586,-0.6934406046550912,-1.1301891893829552,0.0
1,81,28.299043843142698,38.9665372586836,-0.6496828831823382,-1.220932307676586,0.0
1,82,28.222973997421406,38.84171169685196,-0.8717140312433518,-1.2755789289562838,0.0
1,83,28.129191806124567,38.71610578282625,-1.003929794693395,-1.2365393515579033,0.0
1,84,28.040886326169556,38.58786459723119,-0.7621798044066619,-1.3282843603431367,0.0
1,85,27.95365333013376,38.46507728081431,-0.9824801163095636,-1.1274619679944369,0.0
1,86,27.841017484004396,38.3615992510403,-1.2702368062780334,-0.9420986274857022,0.0
1,87,27.72374820866787,38.26280237236011,-1.0751487004527842,-1.0338389461179176,0.0
1,88,27.616400744988084,38.14903618315644,-1.0718005731430953,-1.2414848379555572,0.0
1,89,27.513224588524594,38.01303373445826,-0.991722556126879,-1.4785641360080675,0.0
1,90,27.425689848151734,37.87732177918075,-0.7589722513301389,-1.2356749695421652,0.0
1,91,27.341030656291537,37.754526989233455,-0.9342115858736424,-1.220220829403745,0.0
1,92,27.24598133583433,37.643976434270556,-0.966774823270443,-0.9907902698541591,0.0
1,93,27.162781688419614,37.552732430245854,-0.6972181250236655,-0.8340898106398065,0.0
1,94,27.1026480975967,37.457446571409335,-0.5054536914348216,-1.071627366090631,0.0
1,95,27.066838287640707,37.33761793057876,-0.21074250768493208,-1.32494545052087,0.0
1,96,27.05049147828157,37.19928206958966,-0.11619367949756665,-1.4417717692609955,0.0
1,97,27.052245420921594,37.05267685853377,0.15127253229812077,-1.4903324518566858,0.0
1,98,27.081407350700317,36.897362852432536,0.43196606327648546,-1.6159476701678948,0.0
1,99,27.12589673403184,36.72991716614632,0.45782160335363997,-1.7329660555563198,0.0
1,100,27.17539534695058,36.56139031605038,0.5321506550208959,-1.6375709463623842,0.0
1,101,27.229180964628057,36.39093142122647,0.5435616985285456,-1.7716069501158511,0.0
1,102,27.297075192134628,36.20461209627743,0.8143228516025918,-1.9547795488649253,0.0
1,103,27.391608659882365,36.0008473714049,1.0763465033522426,-2.1205149485856865,0.0
1,104,27.50963883380797,35.782087611586334,1.284256975159611,-2.254680247785709,0.0
1,105,27.65276169809877,35.565992158146145,1.5782003106562268,-2.067228821017931,0.0
1,106,27.81495995430666,35.345006447423856,1.6657648135014842,-2.3524853934277328,0.0
1,107,27.98455142197929,35.12129587111714,1.726064539950956,-2.12172613270641,0.0
1,108,28.17118721115733,34.89566915686994,2.0066512436096726,-2.390808152237586,0.0
1,109,28.376180701407606,34.66530417992544,2.0932185613960037,-2.2164913866524945,0.0
1,110,28.591860195886767,34.44819344045857,2.220371328187163,-2.125723402685054,0.0
1,111,28.81656102863738,34.23363567541577,2.273645326824859,-2.1654318981708176,0.0
1,112,29.03748825302344,34.014769196264396,2.144899160896527,-2.2118976848566376,0.0
1,113,29.246527656010755,33.80080667654025,2.0358888988498887,-2.0673527096261335,0.0
1,114,29.436461645100593,33.60577241745784,1.7627908829468542,-1.8333324720217803,0.0
1,115,29.617901000185583,33.40917346011827,1.8659962187528425,-2.0986466747694124,0.0
1,116,29.792150986722078,33.185971952139454,1.6190035119770911,-2.3653834848066193,0.0
1,117,29.939312610355046,32.954072937237754,1.324228960682035,-2.272596813227084,0.0
1,118,30.07853261739851,32.73330752983031,1.460171180187242,-2.142711334921927,0.0
1,119,30.21801286102547,32.52794272068783,1.3294336923522163,-1.9645848479274903,0.0
1,120,30.361528970446102,32.34398177502399,1.5408884960600897,-1.7146340653494718,0.0
1,121,30.50841259937198,32.173358509965624,1.3967840824571311,-1.6978312358178833,0.0
1,122,30.647583793991373,32.01541599156394,1.3866398099304504,-1.4610191322159167,0.0
1,123,30.79822859776698,31.87351398937014,1.6262562655817412,-1.3770209116602459,0.0
1,124,30.959603502614442,31.73465241540984,1.6012418313675667,-1.4002105675454626,0.0
1,125,31.128454243087475,31.58873860125118,1.7757729780930518,-1.518065715627948,0.0
1,126,31.29625707967338,31.42464335346284,1.5802837536248706,-1.7638392401389993,0.0
1,127,31.455343967749627,31.262750252545885,1.6014540079001698,-1.4740227782002222,0.0
1,128,31.601697868349675,31.107014053535806,1.3256240041007512,-1.6407012020013454,0.0
1,129,31.72007793913005,30.95547643137749,1.0419774115067373,-1.390051241165068,0.0
1,130,31.82123951319312,30.803444027575125,0.9812540697544208,-1.6505968348819735,0.0
1,131,31.91125875791795,30.653107063308,0.8191308247423539,-1.356142450460343,0.0
1,132,31.999087898365644,30.523626528777243,0.937451984211501,-1.2334682401547727,0.0
1,133,32.09552790175957,30.40150489560901,0.9913480836666277,-1.2089644232098653,0.0
1,134,32.186633698833134,30.273870114717795,0.8307678578045135,-1.3437311946140813,0.0
1,135,32.27580514512027,30.140470646668263,0.9526610679380827,-1.3242581663763975,0.0
1,136,32.367848045814725,30.001704622469873,0.8881969459509556,-1.4510623175913615,0.0
1,137,32.449773364889126,29.851359663826713,0.7503094355369075,-1.5558368552717337,0.0
1,138,32.52633261973929,29.68714878687763,0.7808756614664762,-1.7283806837101725,0.0
1,139,32.60136993896833,29.526478643569135,0.7198707231140329,-1.48502218245984,0.0
1,140,32.67824034485909,29.370649866482808,0.8175373947011426,-1.631553359266622,0.0
1,141,32.755055888813416,29.203948666457904,0.718773484385105,-1.7024706412316224,0.0
1,142,32.83808087364156,29.04579621560191,0.9417262121779579,-1.4605783758884314,0.0
1,143,32.938956914501404,28.887170267662214,1.0757946050188707,-1.7119405829052248,0.0
1,144,33.05682130725876,28.710005354650093,1.2814932501283796,-1.8313576773370919,0.0
1,145,33.18160000075318,28.525445741345152,1.2140806197598657,-1.8598345887614105,0.0
1,146,33.29691462055152,28.333199227063886,1.0922117762069714,-1.9850956968637767,0.0
1,147,33.41938030672472,28.127056399047888,1.3571019472569894,-2.137760863455874,0.0
1,148,33.55633640544198,27.90676745909306,1.3820200270880427,-2.268017935640721,0.0
1,149,33.69801155213224,27.66952734954674,1.4514829067169561,-2.4767842552854304,0.0
1,150,33.837370624278805,27.424002136391266,1.3356985362142062,-2.4337200078237995,0.0
1,151,33.96747797765303,27.19196579269672,1.2664485312702407,-2.207006866067287,0.0
1,152,34.10501539230037,26.983292606811517,1.4842997616763487,-1.9664568516367726,0.0
1,153,34.25496699558576,26.787497101518056,1.514732304031293,-1.9494532542324414,0.0
1,154,34.40209063072078,26.579142834438358,1.4277403986688952,-2.217632087361439,0.0
1,155,34.55501215347837,26.371274397936446,1.6306900564829956,-1.9397366426767224,0.0
1,156,34.73278122938888,26.171502244498697,1.9246914617272246,-2.05570642607816,0.0
1,157,34.91638513105937,25.980818431861593,1.7473865716827994,-1.7579698266641373,0.0
1,158,35.06799483027157,25.807418948594147,1.284807412561733,-1.710019838685076,3.0
1,159,35.18770484583811,25.64211790802389,1.1093928987697659,-1.5960009727203683,3.0
1,160,35.290484294177986,25.483633657556453,0.9461960680278736,-1.5736840366286842,3.0
1,161,35.38230264964639,25.33331327356268,0.8901710413394124,-1.4327236432464332,3.0
1,162,35.4454631042872,25.19494823637146,0.3730380514768914,-1.3345771005776932,3.0
1,163,35.462442785828955,25.086746181177404,-0.03344442064190645,-0.8294640033029737,3.0
1,164,35.4586239957394,24.990991877113032,-0.042931381149132974,-1.0856220779847234,0.0
1,165,35.46088297385461,24.872908166282542,0.08811094345311155,-1.2760521386250225,0.0
1,166,35.47273452178172,24.746850031627957,0.14892001508892783,-1.2451105544668124,0.0
1,167,35.475556449826115,24.629790736084374,-0.09248145420087539,-1.0960753564047714,3.0
1,168,35.44214099168002,24.521479527576076,-0.5758277087215191,-1.0701488137610191,3.0
1,169,35.3945442293672,24.416183310616788,-0.37610753753453885,-1.0357755254248957,0.0
1,170,35.355699083854546,24.31716449531811,-0.4007953727180933,-0.9446007805486012,0.0
1,171,35.326180481906505,24.23595779990771,-0.18957666624257286,-0.6795331276594361,0.0
1,172,35.31917269132569,24.180853083296256,0.04942085462665702,-0.4225612045697247,0.0
1,173,35.33705258178159,24.1430684299618,0.30817695449188953,-0.3331318621197621,0.0
1,174,35.37439770272081,24.12000492028622,0.4387254642921228,-0.12813833139204434,0.0
1,175,35.43227132287254,24.118716269351438,0.7187469387429353,0.10236531269630156,0.0
1,176,35.48060876313727,24.140574003289743,0.24800186655200562,0.3347893660697885,3.0
1,177,35.51861187281963,24.168018726397634,0.5120603270949964,0.21410509608809924,0.0
1,178,35.558515632407335,24.20387597079332,0.28601486465912984,0.5030397918253922,0.0
1,179,35.576094588944954,24.24948751846881,0.06556426609351185,0.4091911616845234,0.0
1,180,35.58752135081383,24.289808491338192,0.16297097128397908,0.3972282957032416,0.0
1,181,35.61717332303857,24.318767724324232,0.430068473211179,0.18195636401723547,0.0
1,182,35.667770320027046,24.332363033048892,0.5818714665582725,0.08994981047650441,0.0
1,183,35.711116457009325,24.33971784398227,0.2850512730867649,0.0571464081913895,0.0
1,184,35.75225302682418,24.330697689820653,0.5376801232103254,-0.23754949142323412,0.0
1,185,35.794232035589914,24.328690994756442,0.3019000521047097,0.1974155901384158,3.0
1,186,35.81271324635088,24.3764146603979,0.06772416311423868,0.7570577226905613,3.0
1,187,35.8159126654391,24.45130665566151,-0.003735781350233225,0.7407821825822563,0.0
1,188,35.82646480260212,24.539886643070986,0.21477852460964186,1.0308175656076681,0.0
1,189,35.84370884682943,24.656166474696278,0.13010235993615993,1.2947790668987924,0.0
1,190,35.865050693070714,24.793690975475755,0.2967345648889719,1.455710948691097,0.0
1,191,35.885822909212436,24.945323603668385,0.1187097579448384,1.5769416151616706,0.0
1,192,35.9032846205651,25.08837773646681,0.23052446910812563,1.2841410408073752,0.0
1,193,35.920158179316275,25.22434568056022,0.10694670591523092,1.4352178410610446,0.0
1,194,35.932316909939686,25.35408477479959,0.13622790655267636,1.1595640437269754,0.0
1,195,35.9402062079439,25.45536162434817,0.021558053530974064,0.8659729472451385,0.0
1,196,35.93913633192864,25.54114857359616,-0.04295557383651527,0.849766037715094,0.0
1,197,35.9357845625716,25.614737977484424,-0.02407981330521025,0.6220220400505454,0.0
1,198,35.92369681455085,25.68008659668874,-0.2176751471106364,0.6849503440366984,0.0
1,199,35.90650278140089,25.740935518765923,-0.12620551588867457,0.5320280975068421,0.0
1,200,35.90625777720521,25.80845730062464,0.12130543197479682,0.8184075396675183,0.0
1,201,35.92906879971184,25.89947183196682,0.3349150181575915,1.0018830871768163,0.0
1,202,35.97361769410941,25.988164145326323,0.5560628697930134,0.7719631800139286,0.0
1,203,36.01888390860779,26.075595591375873,0.34926142017408424,0.9766657409772943,0.0
1,204,36.04278529130221,26.180839918624088,0.12876623371364104,1.1282208039878743,0.0
1,205,36.04234043873362,26.29382547365458,-0.13766328508581083,1.1314902966227187,0.0
1,206,36.03657329384254,26.408509720050176,0.022320387264230135,1.1621946312895357,0.0
1,207,36.0450922111645,26.519798590209348,0.14805795917500575,1.0635827718946373,0.0
1,208,36.04515385522279,26.621986969512477,-0.1468250780099467,0.9801848141677958,0.0
1,209,36.03238211199658,26.708497014076954,-0.10860978651424702,0.7500160771225008,0.0
1,210,36.02849950942948,26.794320186494076,0.03095773517178202,0.9664473712202,0.0
1,211,36.03030058588433,26.892262686580807,0.005063793924982463,0.9924026305149294,0.0
1,212,36.043241285317094,26.9814032867086,0.25375019472955174,0.7904093720407861,0.0
1,213,36.0660285568502,27.05308899683962,0.2019952359323085,0.6433048305805364,0.0
1,214,36.079165428100566,27.11860205504661,0.060742189074762365,0.666956333559904,0.0
1,215,36.08275951113666,27.185403643538223,0.011139471646799848,0.6690754362727311,0.0
1,216,36.08250055350385,27.250016799052787,-0.016318624303359286,0.6231876740191407,0.0
1,217,36.07086296877179,27.323696889363134,-0.21643307033874137,0.8504141321877405,0.0
1,218,36.0568919734514,27.42248303734118,-0.0629868360694239,1.1253088273739245,0.0
1,219,36.06127878882796,27.52581910221687,0.15072314360001116,0.9414124701400493,0.0
1,220,36.0750759864805,27.632969355305704,0.12522080945012704,1.2015925916371426,0.0
1,221,36.08167293075428,27.74844008862766,0.0067180760247396165,1.1078220748027938,0.0
1,222,36.08955172901784,27.873679291283224,0.1508578892463035,1.3969619783092604,0.0
1,223,36.09947432138682,28.023987641475003,0.04759395813320211,1.6092050255264638,0.0
1,224,36.110041390348215,28.190820515661926,0.16374742109482554,1.7274524582120563,0.0
1,225,36.13842006075498,28.370116351251795,0.40382598703973116,1.8584642535851987,0.0
1,226,36.173930111042864,28.552606006361486,0.30637501871728645,1.7913288486088579,0.0
1,227,36.20826910052256,28.728317416453365,0.38040477087663405,1.7228993532285823,0.0
1,228,36.24064735857746,28.9020215694743,0.267160390221413,1.751183707190501,0.0
1,229,36.254799951531766,29.091804203391007,0.01589146886419357,2.0444689711438606,0.0
1,230,36.247705965617854,29.310716335742427,-0.15777118714257554,2.333773675885297,0.0
1,231,36.223703687848854,29.53964309706413,-0.3222743682376894,2.2447615505491285,0.0
1,232,36.20614910677614,29.768534519350567,-0.02881725321693196,2.33306689517976,0.0
1,233,36.217164975899095,30.01548703374118,0.24913463567533967,2.605983392632538,0.0
1,234,36.233134811168725,30.286643485693787,0.07026206971709925,2.817145646420016,0.0
1,235,36.24133248309823,30.580777261248045,0.0936913688722143,3.065529864665244,0.0
1,236,36.25212539740102,30.88006812802041,0.12216691718324668,2.9202874707828403,0.0
1,237,36.27377860012041,31.161864058246408,0.3108971372044316,2.7156311337371797,0.0
1,238,36.305304847426896,31.43880116333696,0.31962780892472864,2.8231109680744186,0.0
1,239,36.33528980138726,31.707844456090584,0.28007127028243417,2.5577548869980298,0.0
1,240,36.361828949584094,31.965929746522818,0.25071169365361,2.603950921647362,0.0
1,241,36.38534761889014,32.230759203708715,0.2196616924666337,2.6926382220706166,0.0
1,242,36.39276220715658,32.500345871508046,-0.07136992713803281,2.699095133916062,0.0
1,243,36.392552179752386,32.75707597736954,0.06716937905424913,2.4355069833136422,0.0
1,244,36.39893350187947,32.99921942129396,0.06045706348752944,2.4073618951749527,0.0
1,245,36.41151648382868,33.22874143346428,0.1912025754960638,2.1830783482319465,0.0
1,246,36.423347910421796,33.43592434058206,0.04542595636642588,1.960579794124575,0.0
1,247,36.43265850386399,33.63911913669517,0.14078591247712424,2.103316128138413,0.0
1,248,36.45391717435467,33.84747148445143,0.2843874973363363,2.063730826987051,0.0
1,249,36.47020213543561,34.04465688563306,0.04131172428235175,1.8799771966453882,0.0
1,250,36.48267711629518,34.235991374691366,0.2081878929087253,1.9467125845216078,0.0
1,251,36.51566415956614,34.436992993422336,0.4515529725106724,2.073319790097692,0.0
1,252,36.56736711398503,34.65035599834454,0.5825061158663516,2.193940308346207,0.0
1,253,36.62368377836958,34.87955622231459,0.5438271718240948,2.3900641710552843,0.0
1,254,36.69229751473864,35.13056534886766,0.8284475555567674,2.6301183600065077,0.0
1,255,36.76979655891904,35.38520848300669,0.7215333280507394,2.462744322774741,0.0
1,256,36.833327453796926,35.6222091935777,0.5490845695070767,2.277269888645808,0.0
1,257,36.898838352828705,35.838091648609236,0.7611334111279149,2.0403792119855826,0.0
1,258,36.96577009878632,36.055853771429554,0.5775015080242554,2.3148632444206516,0.0
1,259,37.03470252097452,36.28149367404217,0.8011469357388776,2.197934807832329,0.0
1,260,37.12205969449218,36.49279827432275,0.9459965346133998,2.028157197779418,0.0
1,261,37.21847595524366,36.692369494404204,0.9823286804158826,1.9632672038495507,0.0
1,262,37.319400253007245,36.89581686337914,1.0361572748557641,2.1056801756494714,0.0
1,263,37.41744410754745,37.101144316492196,0.9247198159483183,2.000868886612162,0.0
1,264,37.50469564956791,37.30736221627211,0.8203110244605298,2.1234891089859786,0.0
1,265,37.57808392011589,37.525239351216044,0.6474543864989073,2.234053589893511,0.0
1,266,37.63939771977368,37.760687351849924,0.5788216066564118,2.4749064227844997,0.0
1,267,37.6996095630642,38.017727369455315,0.6254152591530016,2.66589392932328,0.0
1,268,37.756272643391696,38.272549997856686,0.5078463473965229,2.430558638705035,0.0
1,269,37.79263875134677,38.515737544957744,0.21947581170436692,2.4331923033162415,0.0
1,270,37.82017872704375,38.74515763979889,0.33132370223474794,2.1552095935069477,0.0
1,271,37.84240459284774,38.968857724466886,0.11319361384417093,2.318792099853221,0.0
1,272,37.85326438016443,39.195193467116894,0.10400213248870926,2.207922753147315,0.0
1,273,37.87427739970627,39.40613084098089,0.3162582583480251,2.0108247241334336,0.0
1,274,37.91087875975586,39.59576933107189,0.415768942643588,1.781945077687002,0.0
1,275,37.93811759137316,39.77918562397133,0.1290076897023269,1.886380780302149,0.0
1,276,37.96335208307477,39.95471424722189,0.37568214432992875,1.6241916847090376,0.0
1,277,37.99127684475178,40.12040048080382,0.1828130892104909,1.6895329869303612,0.0
1,278,38.01035709078707,40.29348876394374,0.19879183149444302,1.772232675868878,0.0
1,279,38.03395155914433,40.460931793904535,0.2730975356502512,1.5766279233473597,0.0
1,280,38.069483080834175,40.61955297392541,0.43753289814681295,1.5957956770709778,0.0
1,281,38.11409286969649,40.782337714814105,0.45466287909856007,1.6598991407034287,0.0
1,282,38.14884323862003,40.952448949447444,0.24034449937197877,1.7423255519641767,0.0
1,283,38.171129239910215,41.12206320947331,0.2053755264312258,1.6499596485532635,0.0
1,284,38.203699041615664,41.27779821230263,0.44602050767700163,1.4647404080332684,0.0
1,285,38.256022042878044,41.413506918653354,0.6004395175705355,1.2494337189820985,0.0
1,286,38.32045084359817,41.54021781521169,0.6881364968319978,1.284784212184567,0.0
1,287,38.40253581737244,41.657373122920774,0.9535629786528474,1.05832194199726,0.0
1,288,38.50407399856215,41.75474607063427,1.077200645141236,0.8891370122728581,0.0
1,289,38.60489855596842,41.85846213046989,0.9392905029838197,1.185184184439695,0.0
1,290,38.6972438790454,41.984227422230276,0.9076159585555459,1.330121650768577,0.0
1,291,38.77604912333419,42.11801832169954,0.6684889272195669,1.3456963386174081,0.0
1,292,38.856111255685335,42.25498522020837,0.9327537198025091,1.3936416315592854,0.0
1,293,38.96132753760571,42.39767447349374,1.1715719186041547,1.4601434341481596,0.0
1,294,39.06754473716495,42.54984670174821,0.9527720725803519,1.5833011309414964,0.0
1,295,39.166527593842716,42.69836137020553,1.0268850609741165,1.386992238204888,0.0
1,296,39.279242208581536,42.849201130704785,1.2274072338022854,1.6298029717811033,0.0
1,297,39.4012166178336,43.01234027951,1.2120809512384092,1.632980004324132,0.0
1,298,39.51461961627996,43.174152736262045,1.0559790176885322,1.6032691307171802,0.0
1,299,39.63440841271489,43.322953130584665,1.3397969110096284,1.3727387557359876,0.0
1,300,39.77825800971942,43.468086842305695,1.5371950290803085,1.529935478685271,0.0
1,301,39.92990557218201,43.6246575341267,1.4957562201709145,1.6014783577352922,0.0
1,302,40.06814655173196,43.78778942910333,1.269063370827709,1.661159541798174,0.0
1,303,40.195143490196585,43.941349166217776,1.270875398464284,1.410035200491027,0.0
1,304,40.312691474019914,44.07173066774226,1.0800842780019764,1.1975948299988861,0.0
1,305,40.420392419043026,44.2031834270536,1.0739346224601434,1.4314603562278272,0.0
1,306,40.53817008575851,44.34047465574821,1.2816187118494184,1.3143642176652843,0.0
1,307,40.655108009861635,44.463844320608644,1.0571397702126326,1.1530290795439146,0.0
1,308,40.767782762027025,44.58498451864102,1.1963552730951506,1.269774881104464,0.0
1,309,40.890376220927294,44.708290717225736,1.2555139049094208,1.1963490905906138,0.0
1,310,41.00409369031752,44.82146995245779,1.0188354828950317,1.0672356140503076,0.0
1,311,41.1198729795654,44.91423128669459,1.296750302061735,0.7879910706861697,0.0
1,312,41.26164464017074,45.007355049993635,1.5386829100438,1.0744841952953852,0.0
1,313,41.416111664914524,45.10973386724049,1.5506575848321873,0.9730921496423441,0.0
1,314,41.57373544766301,45.19248823312239,1.6018180701367015,0.6819951679954901,0.0
1,315,41.738694863840124,45.26821310323078,1.6973702534041664,0.832502234172317,0.0
1,316,41.90107879370635,45.36384172425841,1.5503083439190775,1.080070186381203,0.0
1,317,42.05443687786499,45.46368263943839,1.51685333925235,0.916748117218324,0.0
1,318,42.21791402103372,45.553217232852376,1.7526895241214717,0.8739437510613257,0.0
1,319,42.379410353174876,45.64624651096631,1.477237118700291,0.9866418112172415,0.0
1,320,42.52055714960807,45.73232060965938,1.3456988099637321,0.7348401626443941,0.0
1,321,42.65504278956291,45.7987715540026,1.3440139891329856,0.5941787242200025,0.0
1,322,42.782329080566114,45.86442619704502,1.2017118309306625,0.7189141366286993,0.0
1,323,42.903600790043356,45.94650614874956,1.223722358612676,0.9226848974622044,0.0
1,324,43.02122383140693,46.039920994725094,1.1287384686590975,0.94561202204887,0.0
1,325,43.13256402486661,46.14773451047421,1.0980654005348,1.2106582929333385,0.0
1,326,43.24750431083828,46.2640686014463,1.2007403188981627,1.11602352650897,0.0
1,327,43.381295079693814,46.37540387731622,1.4750750582109973,1.110681990889697,0.0
1,328,43.53388712146739,46.49747455864127,1.5767657772600678,1.3307316356119312,0.0
1,329,43.68364673131066,46.61651284185973,1.4184264196056873,1.050034028757512,0.0
1,330,43.82660558571956,46.7362648398925,1.4407506685726013,1.3450059318980347,0.0
1,331,43.98126462998664,46.8686677933664,1.6524302167678684,1.3030531375800187,0.0
1,332,44.1586346624656,46.99124569286806,1.8949704328116717,1.1485048524541384,0.0
1,333,44.346510630477724,47.11448038988436,1.862548927430069,1.3161890878721838,0.0
1,334,44.52555635635338,47.258373982687885,1.7183655900825663,1.5616827681984038,0.0
1,335,44.693816004501286,47.404576752774915,1.6468273728759613,1.3623726335430248,0.0
1,336,44.84411760748753,47.53138176112452,1.3592046868494236,1.1737275334493447,0.0
1,337,44.987087235370495,47.6634803881293,1.5001878708098602,1.4682450066468657,0.0
1,338,45.14728724647466,47.800603443507384,1.7038123512720595,1.2742161009148258,0.0
1,339,45.330935243281374,47.914505415461974,1.9691475848612932,1.0038233381775168,0.0
1,340,45.541314070944054,48.01662758412772,2.238428968391702,1.0386200351382886,0.0
1,341,45.758742221925445,48.11267205006169,2.110134051236045,0.8822692835413388,0.0
1,342,45.96738992033306,48.21220963448121,2.0628199169160943,1.1084824048494415,0.0
1,343,46.1615909627576,48.31641124821704,1.8212009315733297,0.9755498698679794,0.0
1,344,46.338471929646175,48.42289787139367,1.7164184061987378,1.1541825936654,0.0
1,345,46.49637962059978,48.53695145310695,1.4417354128727204,1.1268890406005045,0.0
1,346,46.641760221581535,48.66382939813468,1.465876606762631,1.4106698599546128,0.0
1,347,46.79068933955057,48.80062111054383,1.5127057526170198,1.3251643882283908,0.0
1,348,46.930117155017115,48.92303074912803,1.2758505567131557,1.1230283834564005,0.0
1,349,47.04301830701536,49.02987348093802,0.9821724832523415,1.0138262527437067,0.0
1,350,47.142248437860985,49.12330653892218,1.0024301336601233,0.8548349069393346,0.0
1,351,47.2513271257061,49.20504459094121,1.1791436232415542,0.7799261334419878,0.0
1,352,47.37580371424144,49.28415995972881,1.3103881474649768,0.8023812423106325,0.0
1,353,47.4960531676827,49.349608599089834,1.0946009213591132,0.5065915449103748,0.0
1,354,47.59088046174884,49.40889992258832,0.8019449599633859,0.6792349250594221,0.0
1,355,47.67527127457993,49.47368431043833,0.8858712966571858,0.6164528319415457,0.0
1,356,47.75961167825244,49.53484725317509,0.8009367767937867,0.6068060227945189,0.0
1,357,47.834109427136696,49.59501058429419,0.6890182008920114,0.5964605995882142,0.0
1,358,47.91027303657984,49.66239022228052,0.8342539879698663,0.7511321601385959,0.0
1,359,47.99646500349604,49.734238945996935,0.8895853503534958,0.6858423141904151,0.0
1,360,48.07786761084492,49.796588563498915,0.7384667966239924,0.561150035849316,0.0
1,361,48.14249066651519,49.84318397262274,0.5539943167806634,0.3707581466280665,0.0
1,362,48.193169440620295,49.88141101299476,0.45958116532021975,0.39378266081286384,0.0
1,363,48.248745424779486,49.91616765467711,0.6519385178637052,0.30135017283461707,0.0
1,364,48.29979126028263,49.94375655552261,0.3689781921990445,0.2504278440760217,0.0
1,365,48.339814570125895,49.958532898710814,0.4314880046653613,0.04509901968886609,0.0
1,366,48.390175552342725,49.964823717583215,0.5757316396718153,0.08071735775934741,0.0
1,367,48.433099493559894,49.97619014790769,0.2827471846709173,0.14661124873060416,0.0
1,368,48.44845295358925,49.99698247330889,0.024322015915405615,0.2692352592940708,0.0
1,369,48.452317747766415,50.010256543519404,0.052973867628416826,-0.00375385508326076,0.0
1,370,48.449074799195955,50.014791895075746,-0.11783283903843511,0.09446088621083959,0.0
1,371,48.42363217038451,50.01216390540833,-0.3910197371903301,-0.14702067955790454,0.0
1,372,48.38720156871807,50.00106398571961,-0.33759229613820096,-0.07497771421659749,0.0
1,373,48.36537632707473,49.982868504241196,-0.0989125367299799,-0.28893191535031804,0.0
1,374,48.34669476880856,49.95796940553305,-0.27471862859470164,-0.2090500588122488,0.0
1,375,48.31880734730419,49.92822255852741,-0.2830298014926065,-0.3858868813003866,0.0
1,376,48.30282768061022,49.89972164873518,-0.03656353238715582,-0.18413131454394716,0.0
1,377,48.29764679611526,49.86672484177802,-0.06705415751160615,-0.47580482459988716,0.0
1,378,48.28482388187899,49.81735400635603,-0.18940412721354605,-0.5116118838392829,0.0
1,379,48.251285236109084,49.760666564399344,-0.4813687881845716,-0.6221369552941916,0.0
1,380,48.20236974172826,49.70041774062122,-0.49694109943160747,-0.5828395202670116,0.0
1,381,48.158883925038936,49.63516172611901,-0.37277523435611215,-0.7222807697769866,0.0
1,382,48.10784010546445,49.557569423427594,-0.6481011571332971,-0.8295652840516112,0.0
1,383,48.05325782648799,49.46354308376476,-0.44354442239554004,-1.0509615092042814,0.0
1,384,48.00239850146431,49.34798579004291,-0.5736420780781071,-1.2601843652325648,0.0
1,385,47.95467017106296,49.22905427478781,-0.3809245299496453,-1.1184459398684936,0.0
1,386,47.910019219977926,49.10434257553902,-0.5120944917506147,-1.3757880451078002,0.0
1,387,47.84761392087694,48.97362825815253,-0.7360114902699166,-1.2384983026220375,0.0
1,388,47.78287605419632,48.8418269113057,-0.5587458433429298,-1.397528634314689,0.0
1,389,47.72059745556146,48.688983853120135,-0.6868261293539994,-1.6593325293958934,0.0
1,390,47.64785304601662,48.51962122121256,-0.7680620615434055,-1.7279201087561908,0.0
1,391,47.58102222177399,48.34853079200241,-0.5685544233105091,-1.693888475445501,0.0
1,392,47.5263694215796,48.182107113099846,-0.5245015805776987,-1.6345851026063407,0.0
1,393,47.478239923727415,48.0119276682758,-0.4380883764673946,-1.769003793873054,0.0
1,394,47.423686068039956,47.82234189074097,-0.6529887372824899,-2.0227117568242328,0.0
1,395,47.363055436683,47.62467327715365,-0.5596238898581856,-1.9306605149225184,0.0
1,396,47.3113041900541,47.43936755359789,-0.47540104272080086,-1.7754539561927594,0.0
1,397,47.25138456884997,47.2583925242692,-0.7229913813630322,-1.8440466303817438,0.0
1,398,47.18848446399113,47.06560478752817,-0.5350107158133142,-2.0117081044382665,0.0
1,399,47.138936422417714,46.87129256046069,-0.45595011565600885,-1.8745364369115443,0.0
1,400,47.10536728741192,46.6696047808548,-0.2154325844592222,-2.1592191552057614,0.0
1,401,47.094288864226655,46.459767898948485,-0.006135879247146647,-2.037518482920401,0.0
1,402,47.106236304568824,46.264317408980446,0.2450846860898217,-1.8714913164388527,0.0
1,403,47.14245593849091,46.06554957003334,0.47930799235148314,-2.1038654625017585,0.0
1,404,47.20492012553825,45.852517212387625,0.7699757485957441,-2.156781690412238,0.0
1,405,47.28329243220469,45.633907557345196,0.7974703847323781,-2.21541141043593,0.0
1,406,47.355981942091034,45.40254657144271,0.6563198129933099,-2.4118083076141836,0.0
1,407,47.42951541259731,45.14850339874613,0.8143495971320007,-2.669055146317529,0.0
1,408,47.50245454663434,44.886268657105916,0.644433083608881,-2.575639686486685,0.0
1,409,47.57663598981753,44.627346460550484,0.8391957800537142,-2.602804244620579,0.0
1,410,47.65413998436736,44.376833361170725,0.7108841109428212,-2.4074577429748167,0.0
1,411,47.711723252584534,44.14501273348776,0.4407812533997202,-2.2289548106835007,0.0
1,412,47.760808990225996,43.93689490272129,0.5409334994283128,-1.9334018046448058,0.0
1,413,47.82415278510712,43.731104691322344,0.7259423981935953,-2.1824024233332295,0.0
1,414,47.89891613452846,43.507651678989305,0.7693245902333885,-2.2866578233266424,0.0
1,415,47.980987186656535,43.27936973937767,0.8720964523275576,-2.2789809689062395,0.0
1,416,48.07833991533994,43.05486145333032,1.074958121341254,-2.2111847520410706,0.0
1,417,48.18351873345,42.83703245925642,1.0286182408600837,-2.14539512943562,0.0
1,418,48.28262543575124,42.629228712366626,0.9535158051644039,-2.0106798083603223,0.0
1,419,48.38112317638752,42.419276646842036,1.0164390075607876,-2.188361502131297,0.0
1,420,48.47884419583863,42.18601218511674,0.9379813814609328,-2.476927732374609,0.0
1,421,48.56643260723774,41.92774023052982,0.8137868465210971,-2.6885113593634067,0.0
1,422,48.65431089034098,41.66565165780639,0.9437788155425153,-2.5532600951040187,0.0
1,423,48.7433998426518,41.410749217595935,0.8380002306726482,-2.544788709105088,0.0
1,424,48.82636849597952,41.15809014188699,0.8213728358818138,-2.5083928050744397,0.0
1,425,48.90029650107965,40.90175366294477,0.6571872661199194,-2.618336773769112,0.0
1,426,48.96817539431629,40.63040329746548,0.7003905986114631,-2.8086705358156365,0.0
1,427,49.04286191183087,40.344746584940935,0.7933397516804384,-2.904463714675643,0.0
1,428,49.133317721510366,40.05310958067548,1.0157764419088267,-2.9282763706327373,0.0
1,429,49.23088256626079,39.773843777432035,0.9355204530979364,-2.657039694234779,3.0
1,430,49.31425223850363,39.53202690256637,0.7318729917596656,-2.1792978030801997,3.0
1,431,49.359782640513686,39.33471760386237,0.17873504844186883,-1.7668881710013515,3.0
1,432,49.359995035803536,39.16318493400661,-0.17448714264454068,-1.6637652261130356,3.0
1,433,49.327936190893865,39.00847833463342,-0.4666897555487779,-1.4303667613506548,0.0
1,434,49.26900321077119,38.867114040663864,-0.7119698469039974,-1.3969191180398859,0.0
1,435,49.19391384340997,38.713020898084096,-0.7898175003211634,-1.6849437335544124,0.0
1,436,49.11797908137987,38.54520827028978,-0.7288777402818205,-1.6713088223321897,0.0
1,437,49.04692526339511,38.37906337917525,-0.6921986194142775,-1.6515889999580047,0.0
1,438,48.98173921106127,38.213336048591145,-0.6115224272618391,-1.6629576117230656,0.0
1,439,48.92475160619688,38.05434718194715,-0.5282296700255067,-1.51681972115545,0.0
1,440,48.87256444768525,37.9096715093317,-0.5155135002071312,-1.3766937311538214,0.0
1,441,48.80669135826383,37.768674035457025,-0.8019482882207392,-1.4432557463389664,0.0
1,442,48.725814212103955,37.62160610810963,-0.8155946349780017,-1.4981028006097006,0.0
1,443,48.63302598210487,37.486360794941675,-1.0401699650040257,-1.2068034627494129,0.0
1,444,48.53034396108876,37.35325157023749,-1.0134704553174458,-1.4553810313335838,0.0
1,445,48.43719700993893,37.20402624364874,-0.8494685676799492,-1.5291255004412392,0.0
1,446,48.36042033752233,37.05048363841456,-0.6860648806519123,-1.541726604241834,0.0
1,447,48.27905890681018,36.903485887723264,-0.9411637335910328,-1.3982284095837194,3.0
1,448,48.174902248065905,36.7739968645011,-1.1419694412965278,-1.1915520548591232,3.0
1,449,48.06423353206537,36.65338914090728,-1.0714048787130004,-1.2206024170172896,0.0
1,450,47.95357057779722,36.52767873985033,-1.1418542066487873,-1.293605604121442,0.0
1,451,47.84802738757787,36.39153273836064,-0.9690095977383777,-1.4293144256729313,0.0
1,452,47.73895859376853,36.25217586197391,-1.2123662784480338,-1.3578231020628202,0.0
1,453,47.60237939066974,36.12331689190955,-1.5192177835271679,-1.219356299224426,3.0
1,454,47.442103942190215,36.006821777807545,-1.6862911860638903,-1.1105459828163262,0.0
1,455,47.28369424695643,35.89923841266841,-1.4819027186104954,-1.04112131996634,0.0
1,456,47.143497133401524,35.79412073291667,-1.3220395524881248,-1.061232275068157,0.0
1,457,47.007445704501265,35.69615060571721,-1.398989025517384,-0.8981702689217101,0.0
1,458,46.85275197680335,35.61134885085312,-1.694885528441759,-0.7978648283601402,0.0
1,459,46.684710256566404,35.54370660490372,-1.6659488762977617,-0.5549800906288311,0.0
1,460,46.52154647764212,35.4942249283896,-1.5973267021870186,-0.4346534396535304,0.0
1,461,46.35254395406275,35.44846398810421,-1.7827237694002704,-0.48056536605441735,0.0
1,462,46.169709861534784,35.39499175409264,-1.8739580811591665,-0.5888793141782216,0.0
1,463,45.97001101909382,35.33152986445532,-2.1200187676591895,-0.6803584785679142,0.0
1,464,45.753934369573585,35.26249069469475,-2.201514222745452,-0.700424916642806,0.0
1,465,45.52302739458423,35.1978105726248,-2.4166252770419874,-0.5931775247561433,0.0
1,466,45.27007526615728,35.143958597279266,-2.642417291496317,-0.4838619821557657,0.0
1,467,45.01554186781789,35.105632681454495,-2.448250675291362,-0.2826563343408708,0.0
1,468,44.78318533991899,35.073348020651906,-2.198879882686434,-0.3630368817117642,0.0
1,469,44.57418800502319,35.050224623224494,-1.9810668152286546,-0.09943106683653014,0.0
1,470,44.371194322664564,35.037581797129064,-2.078806831944199,-0.15342545507136762,0.0
1,471,44.14893507508896,35.00966407999999,-2.366378119568452,-0.4049288875095094,0.0
1,472,43.92119479152734,34.97234346874359,-2.1884275516634872,-0.341483337619362,0.0
1,473,43.70208899797967,34.933918633795315,-2.1936883192886043,-0.4270133613471785,0.0
1,474,43.48999277139649,34.8797069920347,-2.048236212374764,-0.657219473864739,0.0
1,475,43.276109065321634,34.826957473062066,-2.229437909121714,-0.3977709055880503,0.0
1,476,43.039713831827044,34.79373402828355,-2.498466760769926,-0.2666979899829087,0.0
1,477,42.79354330553792,34.763102618641824,-2.4249437650111005,-0.34593020285118214,0.0
1,478,42.53776354539946,34.714987123742276,-2.6906514377580724,-0.616379695140683,0.0
1,479,42.25583211232629,34.664729999554424,-2.947977223703985,-0.388762788616301,0.0
1,480,41.949287171574724,34.61887204568643,-3.182921591327677,-0.5283962887442684,0.0
1,481,41.623662189488755,34.5744896285604,-3.329578050390978,-0.3592520537777837,0.0
1,482,41.297354073758925,34.5275311340813,-3.1965842642060274,-0.579917835804526,0.0
1,483,40.96693550009081,34.482510051604436,-3.4117872091568664,-0.32050381373409564,0.0
1,484,40.616234622403795,34.44662480643149,-3.6022303445835213,-0.3972010897262308,0.0
1,485,40.26038160810731,34.40199403831946,-3.514829941346928,-0.49541427251524084,0.0
1,486,39.91564761401412,34.357001260880565,-3.379849940516104,-0.40444127626182436,0.0
1,487,39.56449039668951,34.32048957351992,-3.6432944059759063,-0.3257924709521518,0.0
1,488,39.204182085871366,34.28177154634136,-3.562871810387051,-0.44856807262051746,0.0
1,489,38.844859257486064,34.25098024922863,-3.6235847573192537,-0.16725786963470313,0.0
1,490,38.4759682744226,34.230916512901786,-3.7542349039500404,-0.23401685690355478,0.0
1,491,38.10474113904024,34.204344774195874,-3.6703078036974137,-0.297417917214311,0.0
1,492,37.73507433836551,34.17191971839475,-3.723028209797409,-0.35108319880837513,0.0
1,493,37.36479317603971,34.12565165109504,-3.6825950367189844,-0.5742781471852858,0.0
1,494,37.00492373355303,34.07844792847936,-3.5147938130148564,-0.3697963051286095,0.0
1,495,36.668139640504705,34.05044038663743,-3.220888047951348,-0.19035453171050776,0.0
1,496,36.336267645582325,34.02568464009357,-3.416551850496271,-0.3047603991680248,0.0
1,497,35.98401196662587,33.98615932492419,-3.6285617286321656,-0.4857459042192005,0.0
1,498,35.610808574076486,33.929899182649365,-3.835506122355591,-0.6394569412783078,0.0
1,499,35.24145853116204,33.854968926768834,-3.5514947359333036,-0.8591481763321767,0.0
1,500,34.87520465622447,33.76562909385757,-3.773582762816936,-0.9276484818932182,0.0
1,501,34.49182883290359,33.66886802519821,-3.893933703600773,-1.0075728912944406,0.0
1,502,34.10094811207205,33.571409456939364,-3.9236807130303433,-0.9415984738831398,0.0
1,503,33.720746631801944,33.474476483337185,-3.680348892371251,-0.9970609981612313,0.0
1,504,33.351059981666026,33.36165467106923,-3.713384110347839,-1.2593752471991309,0.0
1,505,32.970606615252564,33.23273985948026,-3.8956832179205207,-1.3189209845797194,0.0
1,506,32.5730705619053,33.086663122384834,-4.055037849025155,-1.602613757329575,0.0
1,507,32.16940741807457,32.91352796779108,-4.018225027589715,-1.8600893345457834,0.0
1,508,31.77436850757465,32.740498915418016,-3.8825531824077792,-1.6004917129158507,0.0
1,509,31.37420057604038,32.581658921499525,-4.120805448276844,-1.5763081654537707,0.0
1,510,30.976252439019504,32.41256496646031,-3.8381572921406857,-1.8055709353298894,0.0
1,511,30.600522073575917,32.228680381901654,-3.676450016729971,-1.8721207558444064,0.0
1,512,30.226335946129893,32.04813700050261,-3.8072725321906553,-1.738746872136538,0.0
1,513,29.835040513084095,31.886597591860436,-4.018636128723843,-1.4920413007079887,0.0
1,514,29.438490416519812,31.751453932108234,-3.9123658025606467,-1.2108318943353709,0.0
1,515,29.046623780119262,31.640005070833013,-3.924966925449633,-1.018145331169361,0.0
1,516,28.65735026852508,31.52319829146893,-3.860503306432591,-1.3179902561124237,0.0
1,517,28.27663402983626,31.379082316741915,-3.7538214673445705,-1.5643292384280016,0.0
1,518,27.889019775250517,31.21495183143702,-3.9984636243698457,-1.7182804676698176,0.0
1,519,27.497189066768442,31.04232943797126,-3.8381505452719935,-1.7341674016451023,0.0
1,520,27.120608543175308,30.86845449832333,-3.693459926590302,-1.7433313913128714,0.0
1,521,26.741360587268787,30.708354933058786,-3.8914991915409196,-1.4586599139785612,0.0
1,522,26.34253667285259,30.55664890098592,-4.084979096783121,-1.5754607274797259,0.0
1,523,25.92908576476657,30.40765607644994,-4.184039064936062,-1.4043957632394068,0.0
1,524,25.51768973972503,30.254069124411217,-4.043881435893409,-1.6673432775363928,0.0
1,525,25.126923325002053,30.080972693490708,-3.771446858564895,-1.7945853408748356,0.0
1,526,24.737342938936763,29.891867595829922,-4.020160862741438,-1.9875166123418637,0.0
1,527,24.343777869098176,29.68075311503128,-3.851140534029371,-2.234773003630302,0.0
1,528,23.972368068833248,29.470404225949892,-3.577055471267739,-1.9722047779978453,0.0
1,529,23.60441811098906,29.27027008418804,-3.7819436856153406,-2.0304780572398506,0.0
1,530,23.240403299074046,29.066907229250887,-3.4983525526834747,-2.036779041502818,0.0
1,531,22.89399771016474,28.853645548390773,-3.429759225501746,-2.2284545756986773,0.0
1,532,22.551720917039574,28.6415127971095,-3.4157766370001195,-2.014200449928172,0.0
1,533,22.218978425635555,28.428004488150123,-3.2390731910803794,-2.2559657292602857,0.0
1,534,21.90774378406536,28.189309310978842,-2.9856196403239377,-2.5179378141663307,0.0
1,535,21.621047645392537,27.93690438536919,-2.7483031331322145,-2.530160698026897,0.0
1,536,21.344421031386105,27.697673969119137,-2.7842291469964238,-2.254447626974823,0.0
1,537,21.07997461301443,27.47187708406227,-2.504699220436038,-2.261490074162694,0.0
1,538,20.843866710805628,27.258024361011508,-2.217458823739239,-2.015564386853214,0.0
1,539,20.626467414793638,27.06146845837145,-2.1305270964998506,-1.9155536659484476,0.0
1,540,20.417934137548286,26.88451450494165,-2.0401384484067684,-1.6235254026484256,0.0
1,541,20.199415049456547,26.716411897212424,-2.3302433134272142,-1.7385267519371652,0.0
1,542,19.955749687534535,26.534165542495884,-2.5430639250121665,-1.9064003423928249,0.0
1,543,19.715565051923704,26.343974198931505,-2.260628787205075,-1.8974265288942682,0.0
1,544,19.50327847759877,26.14533488046004,-1.985102699292483,-2.0753598405359064,0.0
1,545,19.314510115554867,25.948034340622485,-1.7902645415848646,-1.870650956216398,0.0
1,546,19.145576742074127,25.769541796467365,-1.5884029280290974,-1.6991999268852105,0.0
1,547,18.981827242828672,25.607973522194584,-1.6865870568795422,-1.5321655585717089,0.0
1,548,18.805987107574992,25.447975559424094,-1.8302156481931,-1.667793696837407,0.0
1,549,18.627366734524117,25.270384932837374,-1.7421918128250447,-1.8840188348967892,0.0
1,550,18.46116323267745,25.073342689245806,-1.5818782241069478,-2.056826036935668,0.0
1,551,18.29467243574436,24.87442500104987,-1.7479377145541122,-1.9215277269841557,0.0
1,552,18.132472504299017,24.689274578269192,-1.4960609143530412,-1.7814807286302212,0.0
1,553,17.97982650059396,24.51251215487241,-1.5568591597468249,-1.7537677393048767,0.0
1,554,17.819710036997776,24.333418485859738,-1.645470112176934,-1.8281056409481842,0.0
1,555,17.665438378044882,24.14577049520142,-1.439963066879617,-1.9248541722175112,0.0
1,556,17.53163134413171,23.965918863728007,-1.2361776113839262,-1.6721784572516611,0.0
1,557,17.415346647808065,23.78685543176846,-1.089516315089437,-1.9090901819403605,0.0
1,558,17.31775971679849,23.61082402357249,-0.8622223051016498,-1.611537981979371,0.0
1,559,17.240966479090275,23.460844084273845,-0.6736424490612514,-1.3880608039938913,0.0
1,560,17.16752329030919,23.331167082509978,-0.79522132656043,-1.2054792312831601,0.0
1,561,17.077415199457846,23.20976759029645,-1.0069404904671124,-1.2225106129877226,0.0
1,562,16.97736726105836,23.078212824209686,-0.9940182775223612,-1.4085847087482257,0.0
1,563,16.88619898026434,22.945483581925714,-0.8293473383571701,-1.2460001369310802,0.0
1,564,16.792484226477995,22.81358973868464,-1.0449477373690463,-1.3918767278908852,0.0
1,565,16.67692631276077,22.68135678318299,-1.2662105369753718,-1.252782382142243,0.0
1,566,16.559615231044518,22.551404805163088,-1.080011097349388,-1.3462571782570834,0.0
1,567,16.44785607920153,22.413952544090535,-1.1551719395089606,-1.4027880431938975,0.0
1,568,16.32511847132787,22.284374748370283,-1.2995802179644649,-1.188767871210601,0.0
1,569,16.204559782131128,22.17913816210057,-1.1115935659707041,-0.9159638541830333,0.0
1,570,16.1009007670483,22.08263066898985,-0.9615867356848113,-1.0141860080311815,0.0
1,571,16.01239760497799,21.995814192627222,-0.8084765057204457,-0.7221435192214543,0.0
1,572,15.92241625467625,21.92315171469852,-0.9911505003132071,-0.7311060393524862,0.0
1,573,15.835486081476915,21.8591285120134,-0.7474529636725862,-0.5493580143505596,0.0
1,574,15.748350506810766,21.8039288495778,-0.9952585296509646,-0.5546352343609264,0.0
1,575,15.662914041999557,21.756841865810543,-0.7134707665720867,-0.38710444098466823,0.0
1,576,15.603509441829942,21.704867489859453,-0.4746212368196865,-0.6523830780384614,0.0
1,577,15.564088962870642,21.65400367514337,-0.31378834236530295,-0.3648932162838676,0.0
1,578,15.523586242509168,21.61715970096543,-0.49626606486451763,-0.3719862672744654,0.0
1,579,15.46782541893515,21.565573681341107,-0.6189504066156637,-0.6597341252125268,0.0
1,580,15.392640662820213,21.501880809505337,-0.8847447156836523,-0.6141233115021301,0.0
1,581,15.300430168303706,21.440927648643196,-0.9594651746456186,-0.6049399057413751,0.0
1,582,15.206560594522784,21.370609326156,-0.9179263009723932,-0.801426544003693,0.0
1,583,15.123306974568663,21.29280242621985,-0.7471460981090416,-0.7547114547192209,0.0
1,584,15.04000989785527,21.22386708000181,-0.9187954361576658,-0.6239954696429209,0.0
1,585,14.947585859552873,21.16437395536252,-0.929685329888823,-0.5658670231431415,0.0
1,586,14.862744638665276,21.116497788180368,-0.7671390878638213,-0.39165632050044863,0.0
1,587,14.798864642772514,21.06444328101327,-0.5104608299920272,-0.6494338228414342,0.0
1,588,14.749742551455597,20.99164897279502,-0.4719809963452448,-0.8064523415231584,0.0
1,589,14.714343562083513,20.912777837235012,-0.23599879109564625,-0.7709703696772223,0.0
1,590,14.686114533905311,20.823977973240517,-0.32858177246798803,-1.0050269102132,0.0
1,591,14.666843224385389,20.73584400095467,-0.056844417930896896,-0.7576525355047075,0.0
1,592,14.658980592557441,20.652050451438072,-0.10040821862774507,-0.9182184548268886,0.0
1,593,14.637942927029485,20.56357770620764,-0.32034509193151806,-0.8512364497810978,0.0
1,594,14.59536362665483,20.468079783323333,-0.5312409155621118,-1.0587220079053417,0.0
1,595,14.533630294953241,20.374708122415996,-0.7034257184683739,-0.8087112102413734,0.0
1,596,14.46311413323565,20.288491356951454,-0.7068975158826305,-0.9156240990502198,0.0
1,597,14.40296814316514,20.20857816392663,-0.4960222855268306,-0.6826397614459516,0.0
1,598,14.342889146653533,20.154026033843138,-0.70555764470447,-0.4084028402246851,0.0
1,599,14.282612811980243,20.102208292827754,-0.49996904876062587,-0.62795198008277,0.0
1,600,14.242120019437266,20.046842773775666,-0.3098868020981804,-0.4793584009586169,0.0
1,601,14.196182431214083,19.990661978176377,-0.6088649623644891,-0.6442575110270745,0.0
1,602,14.147351405680297,19.925200934015947,-0.36775554831149293,-0.6649633721819654,0.0
1,603,14.122046765494588,19.8558774194629,-0.1383372554023481,-0.7215069188803582,0.0
1,604,14.09861244694855,19.77685966626791,-0.3303491155185547,-0.8588481450197385,0.0
1,605,14.07485078954437,19.68612075856413,-0.14488403256459392,-0.9559300090559262,0.0
1,606,14.064316726801621,19.600322664993314,-0.06579722229120932,-0.7600318623611315,0.0
1,607,14.070065336362518,19.522786807825923,0.18076941350851072,-0.7906852809876384,0.0
1,608,14.102183221076416,19.452609432375084,0.46158828076893954,-0.6128622280294103,0.0
1,609,14.147109420501806,19.380122086225356,0.43693570773933743,-0.8368846949654873,0.0
1,610,14.20369736082614,19.30311179854027,0.6948230987478361,-0.7033210587369219,0.0
1,611,14.281379010144292,19.22794394009577,0.8588098876160544,-0.8000361101528348,0.0
1,612,14.381109686820878,19.152973140054996,1.135803645914919,-0.6993798906639412,0.0
1,613,14.498014483193629,19.074726611133656,1.202292281539716,-0.8655506877626209,0.0
1,614,14.630657130948862,18.99193998532894,1.4505606735645031,-0.7901818283316793,0.0
1,615,14.783711450756982,18.905856837420515,1.610525722598748,-0.9314811298380548,0.0
1,616,14.933897105508322,18.80958374154784,1.3931873724285069,-0.9939807876164046,0.0
1,617,15.07050134843098,18.698373058308448,1.3388974860270153,-1.2302328771719502,0.0
1,618,15.212561644322705,18.581327045311582,1.5023084318055524,-1.1106873827645742,0.0
1,619,15.37280622598837,18.472780203740058,1.7025832015060338,-1.060249448666866,0.0
1,620,15.540277175998881,18.366552642998045,1.6468357987039965,-1.0643017661748218,0.0
1,621,15.701272182611774,18.273214564953832,1.5730643335542993,-0.8024597947108028,0.0
1,622,15.859973824521603,18.205901826346235,1.6009685046420365,-0.5437949774406832,0.0
1,623,16.029923272747965,18.144243458028996,1.7980204598861604,-0.6893723889050918,0.0
1,624,16.221416641169526,18.076938338509308,2.031846908547049,-0.6567300014883344,0.0
1,625,16.410398124585527,18.010770005225368,1.747782759772555,-0.6666366641918948,0.0
1,626,16.59073384552289,17.938140139519078,1.8589316589770881,-0.7859606499333438,0.0
1,627,16.77393705972804,17.8478775390397,1.8051326251251751,-1.0192913596539483,0.0
1,628,16.965732669391855,17.737042142397286,2.0307795681517256,-1.1974165731954685,0.0
1,629,17.17859970853715,17.621827040655944,2.226561214754671,-1.106885461631343,0.0
1,630,17.39040861309104,17.51937948433965,2.009616876322454,-0.9420656646939065,0.0
1,631,17.602394515452943,17.42865990453788,2.2301011709159013,-0.872325931342619,0.0
1,632,17.825381780447287,17.33069733525997,2.2296441289733337,-1.086925454216349,0.0
1,633,18.051754290219378,17.23649000055184,2.2978060664710434,-0.7972212399476071,0.0
1,634,18.27659555064247,17.152056677971814,2.1990191419931193,-0.8914452116544247,0.0
1,635,18.499318331494806,17.04892592636611,2.2554364750516562,-1.1711698204599514,0.0
1,636,18.720123872640897,16.945883261658537,2.160674347869392,-0.8896834736925037,0.0
1,637,18.943765680026218,16.867299413316005,2.312161799838851,-0.6819934931579645,0.0
1,638,19.160984584047355,16.809817517080774,2.0322162805864536,-0.46764443154828683,0.0
1,639,19.349761808355424,16.759192753726666,1.7433282055757253,-0.5448508355327206,0.0
1,640,19.515121365534924,16.691354822359244,1.5638629380163245,-0.8119077918160507,0.0
1,641,19.66033922597103,16.615274279669165,1.340494270707243,-0.7097030619847189,0.0
1,642,19.79957338923714,16.54573644084644,1.444188994615768,-0.6810537144680318,0.0
1,643,19.930190755607327,16.483499569182413,1.168158332787364,-0.5636837188116708,0.0
1,644,20.05506505913172,16.413049924016605,1.3293277377018775,-0.8453091845057124,0.0
1,645,20.196302430136257,16.341696654091493,1.4954196823914145,-0.581756213996993,0.0
1,646,20.338965015954727,16.285150033820628,1.3578320339799497,-0.5491761914218571,0.0
1,647,20.47297258995991,16.225069158907445,1.3223194461251992,-0.6524413068414425,0.0
1,648,20.598296177154225,16.145276118221545,1.1841522977630632,-0.9434195068784348,0.0
1,649,20.731152216426153,16.061807442120198,1.4729684876772033,-0.7259540151469501,0.0
1,650,20.871461096258145,16.00074886118955,1.3332091089620839,-0.4952176034642868,0.0
1,651,21.01018090726734,15.954038403366894,1.4411871112219359,-0.4389915529878401,0.0
1,652,21.1428161475269,15.910955979864411,1.211517693970535,-0.4226569170636374,0.0
1,653,21.257824091355815,15.863486350478524,1.088641182606768,-0.5267356706533519,0.0
1,654,21.37677708249703,15.800290767039996,1.2904186402200217,-0.7371759981195254,0.0
1,655,21.504420361076882,15.730850374382271,1.2624469313788858,-0.6516318550351663,0.0
1,656,21.627780398247978,15.660765538931855,1.2047538120452153,-0.7500648539752852,0.0
1,657,21.73660821812291,15.575482215794409,0.9718025854519965,-0.9556016087747814,0.0
1,658,21.834236802855457,15.473163910126459,0.9807691092004589,-1.0907645045854508,0.0
1,659,21.92952138734495,15.35763758410576,0.9249225805897758,-1.2197620158280635,0.0
1,660,22.010334789331182,15.224311363566585,0.6913454591344674,-1.4467623949554778,0.0
1,661,22.06484373685089,15.065486095337292,0.3988334912601701,-1.7297429696305215,0.0
1,662,22.097969504716048,14.881545793744635,0.2636818660452853,-1.9490630622235336,0.0
1,663,22.13529920541032,14.674550532541161,0.48291214784113734,-2.190842161845044,0.0
1,664,22.188778321080918,14.459068695302449,0.5866701655697568,-2.1187945829307573,0.0
1,665,22.261369033139317,14.249300165820614,0.8651440755998969,-2.076576006705764,0.0
1,666,22.3408787327146,14.040096598255559,0.72504991590381,-2.107495344595879,0.0
1,667,22.425310552913743,13.8189444309171,0.9635864880779721,-2.3155480021749035,0.0
1,668,22.509949272189033,13.587273574769142,0.7291878974302257,-2.317869120786252,0.0
1,669,22.573766887225247,13.364541266959122,0.5471644032924026,-2.136777035416479,0.0
1,670,22.62861307536741,13.164075836260736,0.5497593595494976,-1.8725315785501806,0.0
1,671,22.683012786322024,12.962106396789977,0.5382348595428539,-2.166857210864574,0.0
1,672,22.70753363836957,12.754972063504965,-0.04781781859455947,-1.9758294548339421,3.0
1,673,22.67864342350458,12.557464253667376,-0.5299864787042594,-1.9743267419206632,3.0
1,674,22.625669383355216,12.370693002108055,-0.5294943242826591,-1.7610982892656217,0.0
1,675,22.567385098286195,12.186355993393363,-0.6361913770999053,-1.9256418850264616,0.0
1,676,22.508715302956716,12.007432013311245,-0.5372045294924774,-1.6528377166132309,0.0
1,677,22.4413458694371,11.83598774807183,-0.8101841409017005,-1.776047588175178,0.0
1,678,22.348606432034103,11.6634390280758,-1.044604607158071,-1.6749268117453653,0.0
1,679,22.258180737675048,11.508104093933753,-0.7639092800238387,-1.431771871094064,0.0
1,680,22.177633974467653,11.355064975271716,-0.8470259841268266,-1.629010502144581,0.0
1,681,22.090778966520247,11.177385317951803,-0.8900741748237628,-1.9245826442547802,0.0
1,682,21.986920485415112,10.996062916054825,-1.1870954472795283,-1.7018653936840415,0.0
1,683,21.85513365105726,10.83664928728399,-1.4486412398788353,-1.486407181731451,0.0
1,684,21.722968098091997,10.697371621824686,-1.1946698194261955,-1.2991461274516922,0.0
1,685,21.594045370003414,10.571557102321776,-1.3837847423458243,-1.2171442626059559,0.0
1,686,21.449385928159927,10.446170149521322,-1.5094040945244593,-1.2905947934013753,0.0
1,687,21.30393663372456,10.303203885365747,-1.3995817941853943,-1.568730489707523,0.0
1,688,21.162090910657298,10.159124971222582,-1.437332667161897,-1.31284779315504,0.0
1,689,21.010894589756845,10.04044861369448,-1.5865937508460703,-1.0606793574066131,0.0
1,690,20.848291175411532,9.928313167377837,-1.6654745360590582,-1.1820295689261187,0.0
1,691,20.675125931594266,9.806667188829124,-1.7978303402857208,-1.2508900020471039,0.0
1,692,20.50219737639327,9.690133659343246,-1.6607407637359515,-1.0797805876688322,0.0
1,693,20.34251105045405,9.582686936623759,-1.5329857550471644,-1.0691538667202458,0.0
1,694,20.188830087854285,9.461137777186423,-1.5406334969509423,-1.361829322024814,0.0
1,695,20.021717318901892,9.339507929466663,-1.801621882099898,-1.0707676323711652,0.0
1,696,19.85344913175004,9.220527474294386,-1.5637418609393698,-1.3088414710716663,0.0
1,697,19.701423010428016,9.081010832002903,-1.4767805655007535,-1.4814913747553007,0.0
1,698,19.539083147980364,8.933200335682386,-1.7700166834532176,-1.4747185516525114,0.0
1,699,19.36832041551952,8.784650972393365,-1.6452379657648706,-1.4962687141275701,0.0
1,700,19.215318390896073,8.647088361946317,-1.414802526702882,-1.254983494814251,0.0
1,701,19.085546956916005,8.53457127476895,-1.1806261528985047,-0.9953582487300707,0.0
1,702,18.969774983862408,8.447496513063015,-1.134813308172042,-0.7461369853888549,0.0
1,703,18.844893941325154,8.364962268456793,-1.362807542573318,-0.9045479067350541,0.0
1,704,18.70347504965048,8.262483760785472,-1.4655702909201018,-1.145022246689873,0.0
1,705,18.564651176631514,8.159092908141474,-1.3109071694606769,-0.9227948061911668,0.0
1,706,18.4333321563754,8.078153187911994,-1.3154732356634966,-0.6959995983985365,0.0
1,707,18.29595156832761,8.004309738307256,-1.4321385252922916,-0.7808693936963458,0.0
1,708,18.165036665330945,7.923325020571156,-1.1861595346401863,-0.8388249610267202,0.0
1,709,18.038639134680807,7.835474765307708,-1.3417910783633964,-0.9181801442421218,0.0
1,710,17.898971609087766,7.758632835959361,-1.451559433498634,-0.6186584427238913,0.0
1,711,17.750892231294074,7.709066528426547,-1.5100281223740204,-0.3726677079314342,0.0
1,712,17.59271738631037,7.656881652703987,-1.6534687772988441,-0.671029806517982,0.0
1,713,17.41330510023613,7.590507129445996,-1.9347769441867442,-0.656460658641052,0.0
1,714,17.206968846417567,7.515398093575868,-2.191948132187548,-0.8457200587612732,0.0
1,715,16.978149977980593,7.428496936162674,-2.3844292365514406,-0.8923030895038551,0.0
1,716,16.7416166971675,7.352902890367204,-2.3462363797124404,-0.6195778264025051,0.0
1,717,16.518592176490984,7.305246724377412,-2.1142540338190443,-0.33354549339354733,0.0
1,718,16.31589911332344,7.277826618557128,-1.9396072295332196,-0.2148566230105935,0.0
1,719,16.126901503312865,7.268724627161873,-1.8403449706795882,0.03281679510673996,0.0
1,720,15.942378742931396,7.260269592446775,-1.8501102369528368,-0.20191748941006438,0.0
1,721,15.761536933699517,7.24047818697818,-1.7667259476839803,-0.1939106199630558,0.0
1,722,15.596282672499001,7.2121776228373164,-1.5383592763278209,-0.3721006628516008,0.0
1,723,15.449937731254522,7.1824996466382345,-1.3885395485617344,-0.22145886113118252,0.0
1,724,15.306179355018457,7.158453076508067,-1.4866279761622998,-0.2594725414716095,0.0
1,725,15.158396564250097,7.145529714798158,-1.4690278392035943,0.0010053072719991007,0.0
1,726,15.002109829492383,7.14840754051761,-1.6567068559526774,0.056551207115852264,0.0
1,727,14.841941753363244,7.148830735368847,-1.5466546666318024,-0.04808731009235956,0.0
1,728,14.68549759757343,7.1483296153446645,-1.582228449166145,0.03806490961028075,0.0
1,729,14.51866233726696,7.160017566499391,-1.754476756963932,0.19569411348568266,0.0
1,730,14.351472321770189,7.177691498230615,-1.589323552974001,0.15778452113801933,0.0
1,731,14.185203391702089,7.192826887232968,-1.7360550483873922,0.14492325890773117,0.0
1,732,13.999960174627404,7.219534217016189,-1.9688092931068226,0.3892233367582847,0.0
1,733,13.805189219595832,7.2693671673321205,-1.9266098075269085,0.6074356695617809,0.0
1,734,13.620380269671386,7.323857402368503,-1.7695691909642193,0.4823690311655007,0.0
1,735,13.44404492241415,7.376656547948414,-1.7571377541824909,0.5736138804320241,0.0
1,736,13.279222186580455,7.422076005449071,-1.539316962492169,0.33477526957983983,0.0
1,737,13.118594205607451,7.4507670326283915,-1.6732426569676235,0.23904527400520692,0.0
1,738,12.940491648785382,7.471289055283705,-1.8888084794737168,0.1713951790998287,0.0
1,739,12.741342579666934,7.477240773867152,-2.0941729028944636,-0.052360807431615086,0.0
1,740,12.542568222730324,7.479715835885372,-1.8813142358404136,0.10186204779693142,0.0
1,741,12.343006856429156,7.4841951575861,-2.1099130901819265,-0.012275613783803152,0.0
1,742,12.121121872686444,7.497448081093353,-2.327786584670875,0.2773340839313967,0.0
1,743,11.879104899454205,7.5150458457460445,-2.5125528799729224,0.07462120912424552,0.0
1,744,11.641855173567592,7.535929615015448,-2.232441637758857,0.34305417626683266,0.0
1,745,11.414803404774375,7.574014726136284,-2.3085937381074864,0.41864804614995776,0.0
1,746,11.173561806033149,7.613977863593618,-2.516238236718234,0.38061470299819433,0.0
1,747,10.93335361216532,7.648485392822522,-2.2879256406384165,0.3095358815794249,0.0
1,748,10.702749657687491,7.674355147209326,-2.3241534489184055,0.20785920615841746,0.0
1,749,10.472148978632049,7.703922018735966,-2.287860132192648,0.38347822437334855,0.0
1,750,10.253204865481166,7.741826455583123,-2.0910221308262713,0.3746105125705199,0.0
1,751,10.033252281388513,7.7878360984270785,-2.3080295510269444,0.5455823443110823,0.0
1,752,9.7932860775461,7.842580254242648,-2.4912945258212424,0.5493007720015299,0.0
1,753,9.555567812604977,7.890363503575827,-2.2630707730006634,0.40636421466181716,0.0
1,754,9.339244694473336,7.936399668033118,-2.063391589634744,0.5143590744838171,0.0
1,755,9.133605789841113,7.974277586867629,-2.049386503008318,0.2431993022080654,0.0
1,756,8.920563379754867,8.002026716521868,-2.2114616987180753,0.3117832908795428,0.0
1,757,8.713910507998435,8.02421043024765,-1.9215957364127654,0.13189098363709562,0.0
1,758,8.53342242271674,8.035227379154776,-1.6881659692203073,0.08844799450667651,0.0
1,759,8.377390249240307,8.029133535277197,-1.4324775003072254,-0.21032487205870254,0.0
1,760,8.248570530333609,8.011239615201475,-1.1439168778294437,-0.1475535294553687,0.0
1,761,8.132660103984563,8.00087931753228,-1.1742916491517654,-0.0596524239266536,0.0
1,762,8.008893703214653,7.998316803303396,-1.3010363662471427,0.008402139351709081,0.0
1,763,7.885148683159741,7.994387035708542,-1.1738640348533238,-0.08699749124884804,0.0
1,764,7.776891915419128,7.982185895926932,-0.9912713199600205,-0.15702530438061402,0.0
1,765,7.673809869765819,7.972194045801416,-1.070369593108456,-0.04281169812949415,0.0
1,766,7.560010044664978,7.966028648650536,-1.205626908907881,-0.08049624488732121,0.0
1,767,7.45081403848917,7.9700518733775425,-0.9782932146076604,0.16096073942993883,0.0
1,768,7.361581187517459,7.997196890313489,-0.8063638048286847,0.3819395992880601,0.0
1,769,7.277709556105947,8.026302484295002,-0.8710688234041442,0.20017228034473789,0.0
1,770,7.185627627991607,8.04519587420009,-0.9705697388855974,0.17769551775892012,0.0
1,771,7.096630955173396,8.06452430160175,-0.809363717477396,0.20887303027645387,0.0
1,772,7.027116410639792,8.08007971503821,-0.5809271731976757,0.10223523845533578,0.0
1,773,6.966571005201104,8.07843217008599,-0.6299809355765724,-0.13518613749948827,0.0
1,774,6.8902507836819495,8.056011416836327,-0.8964234948053367,-0.3132289274916715,0.0
1,775,6.792459907791681,8.034373363283066,-1.059394023000376,-0.11953214357180642,0.0
1,776,6.687637784250455,8.012909071984495,-1.0370484478229187,-0.30975368239882073,0.0
1,777,6.598293362451159,7.974494810104943,-0.7498399881632523,-0.4585315551914704,0.0
1,778,6.533642758871338,7.921574102145314,-0.5431720834352305,-0.5998826040021292,0.0
1,779,6.471977918689163,7.864487282487289,-0.6901247202105516,-0.5418537891573934,0.0
1,780,6.4031661917777,7.80181939168483,-0.686109818021329,-0.7115040268888535,0.0
1,781,6.3288214158387746,7.736284351982931,-0.800785700760148,-0.599196767150012,0.0
1,782,6.2600658098904205,7.6756015649912115,-0.5743264182055334,-0.614458972682943,0.0
1,783,6.189926727819511,7.604321472528909,-0.8284552232119573,-0.8111428765620907,0.0
1,784,6.095339356726981,7.537094128729905,-1.063292198637786,-0.5334039994171071,0.0
1,785,5.99006437332946,7.4692554793152794,-1.0422074693128458,-0.8233689888728648,0.0
1,786,5.893349851576431,7.378910026869789,-0.8920829657489904,-0.9835400600374378,0.0
1,787,5.793487767177794,7.289501292013028,-1.1051587222237202,-0.8046346370988218,0.0
1,788,5.673389633660918,7.2144014194300325,-1.2968039481125508,-0.697362814560087,0.0
1,789,5.530931380419588,7.14656779020379,-1.552361116713545,-0.6593097699647714,0.0
1,790,5.3873905070965975,7.084015052095083,-1.3184563497450412,-0.5917449922072997,0.0
1,791,5.255986990970314,7.017421751521169,-1.309613972779669,-0.7401210192706706,0.0
1,792,5.116965603762537,6.937781262410681,-1.47081377137496,-0.8526887629398558,0.0
1,793,4.967906314055881,6.858988566160633,-1.5103720227603112,-0.7231651620589865,0.0
1,794,4.810202285329069,6.783409662327813,-1.6437085517777241,-0.7884129145950531,0.0
1,795,4.637429056650262,6.6910254717070075,-1.8117560217994289,-1.0592708978181697,0.0
1,796,4.450283684252327,6.596586786094349,-1.9311514261602625,-0.8295028144338978,0.0
1,797,4.264755478563075,6.500403797078889,-1.7794126876238288,-1.0941569658744577,0.0
1,798,4.077727661703193,6.380795629102522,-1.961143649574698,-1.298006393650713,0.0
1,799,3.8674430933947406,6.2529424672620735,-2.244547716594976,-1.2590568431555518,0.0
1,800,3.6471134689779774,6.13881483002865,-2.1620447717416376,-1.0234959015114562,0.0
1,801,3.420601170521195,6.045540994230578,-2.368201197394253,-0.8419808144469947,0.0
1,802,3.1713220024298607,5.9667974720691745,-2.617382164433778,-0.7328896287787003,0.0
1,803,2.9227545401604402,5.889918419380592,-2.3539670809534208,-0.8046914249931021,0.0
1,804,2.683494758980032,5.820073542252658,-2.4312285426564983,-0.5922061175625757,0.0
1,805,2.4293924426640388,5.772153733541018,-2.6508177836650724,-0.3661900566682128,0.0
1,806,2.15539047018774,5.7449855728684724,-2.8292216658634857,-0.17717315678376266,0.0
1,807,1.881739203575762,5.720651751342302,-2.643803666378652,-0.30950327374007713,0.0
1,808,1.615171652205163,5.696103000471339,-2.687547361036046,-0.18147174367951635,0.0
1,809,1.3418102488185468,5.673418673022752,-2.7796807066953058,-0.2722148052920623,0.0
1,810,1.062816336943115,5.643295546595027,-2.80019753081503,-0.33024772326268703,0.0
1,811,0.7855466129778961,5.596837399047445,-2.745196948491568,-0.5989152276888561,0.0
1,812,0.5075656430983599,5.54385382206101,-2.8144224490986574,-0.46075631203921574,0.0
1,813,0.22422032361828315,5.487307070847692,-2.8524839405044737,-0.670178712225475,0.0
1,814,-0.0717495716673966,5.426263478910187,-3.066913965209306,-0.5506931265260135,0.0
2,0,43.95635446807654,21.97817723403827,0.0,0.0,0.0
2,1,43.95593154966459,21.981888150060055,-0.008458368238907,0.07421832043566212,3.0
2,2,43.94054412750953,22.00434716612947,-0.2992900748622116,0.37496200095266374,3.0
2,3,43.88992099870263,22.05502131495747,-0.7131725012758938,0.6385209756073031,3.0
2,4,43.80285826301517,22.124638165819828,-1.0280822124732119,0.7538160416398636,3.0
2,5,43.67878224314997,22.215630511059675,-1.4534381848307785,1.0660308631570867,3.0
2,6,43.52837924533886,22.345123635265782,-1.5546217713913233,1.5238316209650407,3.0
2,7,43.34299993637173,22.518137036470197,-2.1529644079512167,1.9364364031232437,3.0
2,8,43.123588049664896,22.73682396387271,-2.2352733261854247,2.4373021449269707,3.0
2,9,42.899856753110726,22.987050158397757,-2.2393526048980643,2.5672217455739883,3.0
2,10,42.66316139102536,23.264190711615967,-2.494554636809072,2.9755893187902593,3.0
2,11,42.38553076296772,23.589386607739588,-3.0580579243438297,3.52832860368213,3.0
2,12,42.0593930266122,23.9695423369499,-3.464696802766637,4.074785980524121,3.0
2,13,41.68717086943752,24.400623990590713,-3.9797463407268854,4.546847092292159,3.0
2,14,41.296244304032314,24.84859886362639,-3.8387849673771353,4.412650368421353,0.0
2,15,40.92210618803425,25.285654989679227,-3.6439773525841623,4.328472152635445,0.0
2,16,40.562379946775025,25.724548170248035,-3.550547472600339,4.449391458740685,0.0
2,17,40.217392409396524,26.170538787489143,-3.3492032749697564,4.470420886081502,0.0
2,18,39.88830343953414,26.605988027231117,-3.2325761222780454,4.238563908757941,0.0
2,19,39.56485771802781,27.023182425419083,-3.23633830784868,4.105324055001409,0.0
2,20,39.243939917277416,27.431814069711468,-3.1820177071590763,4.067308830846281,0.0
2,21,38.93243373203731,27.84599747967617,-3.048105997642967,4.216359368447842,0.0
2,22,38.61467993219891,28.27416434383666,-3.306969999125105,4.346977914761917,0.0
2,23,38.27667613512352,28.70566123384012,-3.4531059423826562,4.282959885307383,0.0
2,24,37.936776977623325,29.134289622011742,-3.3448772076213977,4.289607878125086,0.0
2,25,37.61492549322375,29.559338438432633,-3.0921524803699523,4.211368450292698,0.0
2,26,37.30819790796815,29.987292803675167,-3.0423992247422014,4.347718854558023,0.0
2,27,37.01132082152991,30.40926486653037,-2.8951425040227843,4.091722402545978,0.0
2,28,36.73622160134849,30.828057225223056,-2.606841899605504,4.284124771307763,0.0
2,29,36.47926006275486,31.269613056232988,-2.5323888722671573,4.546991848890912,0.0
2,30,36.22072978656844,31.73393485141147,-2.6382166514612173,4.7394440546786925,0.0
2,31,35.94226546929677,32.20824741551942,-2.9310696939722476,4.746807227480334,0.0
2,32,35.643950569738536,32.68918544356443,-3.035228297192363,4.871953333419954,0.0
2,33,35.34065231013781,33.18740277368117,-3.0307368948221214,5.092393268914705,0.0
2,34,35.02823365992981,33.693425796506745,-3.2176361093379153,5.02806718759682,0.0
2,35,34.71336012105316,34.20458583442914,-3.0798346681951596,5.195133570851157,0.0
2,36,34.41269562989545,34.72107924183323,-2.9334551549590557,5.134734577230608,0.0
2,37,34.105028064320976,35.23217231865835,-3.2198961565303854,5.087126959271782,0.0
2,38,33.78294248571103,35.74802167723236,-3.2218154156685,5.229860212208322,0.0
2,39,33.4543717176886,36.26903079593574,-3.3495999447801257,5.190322161859406,0.0
2,40,33.11633319176545,36.78754580984222,-3.4111705736830533,5.179978116270233,0.0
2,41,32.78333830388097,37.30142687817997,-3.248727184006672,5.097643250484747,0.0
2,42,32.452616551689886,37.825000863944936,-3.3657078598149823,5.373836464814545,0.0
2,43,32.12997225771558,38.32822403381861,-3.08717801967115,4.690626932658921,-5.0
2,44,31.84056406462183,38.77800011632205,-2.700985842203808,4.304894717409878,-5.0
2,45,31.599093244685278,39.17743938249748,-2.1284305565271513,3.683890606098874,-5.0
2,46,31.411747748914067,39.52936331146072,-1.6184793588970798,3.3545879731658452,-5.0
2,47,31.27625491634997,39.832406368732684,-1.091377292384804,2.7062731722732956,-5.0
2,48,31.185699775791377,40.08276787924961,-0.7197255187871594,2.3009570380653575,-5.0
2,49,31.108587606564882,40.30911525821607,-0.8225178657426415,2.2259905412638297,0.0
2,50,31.037082084003103,40.52615204872061,-0.6075925854928972,2.1147452688270576,0.0
2,51,31.002083638130813,40.703244211795464,-0.09237633195307282,1.427097992670035,-5.0
2,52,30.99992241043826,40.85395149634588,0.04915177810222815,1.5870476983381803,0.0
2,53,31.007256867377635,41.0247285088501,0.09753736068534558,1.8284925517461605,0.0
2,54,31.029385477559998,41.197567344578104,0.34503484296193143,1.6282841628137579,0.0
2,55,31.07622484697133,41.35592130736727,0.5917525452648036,1.5387950929694458,0.0
2,56,31.13102573543013,41.51553747753051,0.5042652239113536,1.6535283102951759,0.0
2,57,31.18676995516968,41.68957827554937,0.6106191708797191,1.8272876500819564,0.0
2,58,31.238261851434785,41.87927498424196,0.4192187544224808,1.9666465237696862,0.0
2,59,31.3158773316498,42.045285504809364,1.1330908498778722,1.353563887578412,-5.0
2,60,31.426500218133057,42.1693633658391,1.0793668797872318,1.1279933330163914,0.0
2,61,31.544937692939214,42.27659781622134,1.2893826163355282,1.0166956746286182,0.0
2,62,31.66380568385358,42.374632962014815,1.0879772019514355,0.9440072412410174,0.0
2,63,31.773073878036882,42.46716343344658,1.0973866817146618,0.906602187394375,0.0
2,64,31.879372833864124,42.544886860816305,1.0285924348298696,0.6478663600002719,0.0
2,65,31.982827116948442,42.59593087379935,1.040493226856567,0.37301389966071774,0.0
2,66,32.07978748387839,42.639924172014155,0.898714111742331,0.5068520646355488,0.0
2,67,32.17831771987906,42.682901568604244,1.0718906082708166,0.35269586716634116,0.0
2,68,32.293494640553064,42.72106353507523,1.2316478052089064,0.4105434622534627,0.0
2,69,32.40736237451691,42.74876854156106,1.0457068740679887,0.14355666746332751,0.0
2,70,32.514871781077005,42.77671864887171,1.1044812571337843,0.41544547874955207,0.0
2,71,32.6298714655351,42.82039907487699,1.1955124320278294,0.45816304135609087,0.0
2,72,32.749648345810385,42.86633301570943,1.200025173477405,0.4605157752927216,0.0
2,73,32.87924401240505,42.899802286328864,1.39188815841608,0.20886963709607542,0.0
2,74,33.01075508046202,42.91386356435042,1.2383332027232026,0.07235592333525531,0.0
2,75,33.14039201134082,42.92806594169413,1.3544054148529394,0.21169162353900894,0.0
2,76,33.27431325011983,42.95760795496686,1.3240193607272577,0.379148641915636,0.0
2,77,33.41642137569272,42.98636828737433,1.5181431507305057,0.19605800623380887,0.0
2,78,33.57836365163004,42.9978377982994,1.7207023680158358,0.03333221226767691,0.0
2,79,33.74462122668501,42.992450683924886,1.6044491330836408,-0.14107449975774244,0.0
2,80,33.905708186810756,42.98490929003064,1.61729006943105,-0.009753378127117074,0.0
2,81,34.059345707468765,42.9840081884478,1.4554603437287668,-0.008268653529642123,0.0
2,82,34.20401991436606,42.997350823325505,1.4380237942171537,0.2751213510839179,0.0
2,83,34.36195967330795,43.01996604349449,1.7207713846206723,0.17718305229607623,0.0
2,84,34.54776258925787,43.0348788892738,1.9952869343775657,0.1210738632902082,0.0
2,85,34.74166007000687,43.050618970447715,1.882662680602591,0.19372776018820126,0.0
2,86,34.91619841117566,43.074580613566795,1.608104142773234,0.28550510219358927,0.0
2,87,35.0726621652677,43.100739153842184,1.521170939067451,0.23766570331435588,0.0
2,88,35.214400423400804,43.13271591424525,1.3135942235947393,0.4018695047471983,0.0
2,89,35.34137081139656,43.181574818221335,1.2258135363203273,0.5753085747745192,0.0
2,90,35.459326253816215,43.253217760682716,1.133295312072475,0.8575502744533452,0.0
2,91,35.56095616682438,43.33960837527641,0.8993029480909378,0.8702620174207336,0.0
2,92,35.649591821135175,43.4375602941232,0.8734101381246706,1.0887763595152435,0.0
2,93,35.7244345397086,43.55786966414745,0.6234442333438466,1.3174110409696382,0.0
2,94,35.78609455203437,43.70060000316455,0.6097560131714523,1.537195739372514,0.0
2,95,35.85873827680027,43.85144413850067,0.843118482146437,1.4796869673499096,0.0
2,96,35.946734396921386,44.00722193354831,0.9168039202760809,1.6358689336030032,0.0
2,97,36.037971728306275,44.17611099102483,0.9079427074217641,1.7419122159274885,0.0
2,98,36.13521034363413,44.36495598880198,1.0368295991351868,2.034987739615662,0.0
2,99,36.24845339594259,44.562376107167125,1.2280314470338727,1.9134146276873985,0.0
2,100,36.35890227930372,44.74459606692447,0.9809462201887449,1.730984567459755,0.0
2,101,36.466015700758135,44.92267906584459,1.161322208899513,1.8306754109428294,0.0
2,102,36.56760955350779,45.11816044219424,0.8705548460934622,2.0789521160502797,0.0
2,103,36.65461715920901,45.3333649474081,0.8695972679308621,2.2251379882269813,0.0
2,104,36.755251450525634,45.56223003081466,1.1430885584014305,2.352163679904386,0.0
2,105,36.85521029261503,45.797228629476564,0.856088283386093,2.3478082933337845,0.0
2,106,36.93061172382738,46.03512285346757,0.6519403408607563,2.41007618648643,0.0
2,107,36.99860324141238,46.266540413262106,0.7078900108393693,2.21827500940441,0.0
2,108,37.07440088565758,46.48503175416063,0.808062874064678,2.1515518085661274,0.0
2,109,37.16171123550927,46.68652343178107,0.9381441229688239,1.8782817438428765,0.0
2,110,37.25441284429672,46.86479401550089,0.9158880527798825,1.6871299305537875,0.0
2,111,37.34145141244937,47.042613393483876,0.8248833102729414,1.869257629105995,0.0
2,112,37.416351889678026,47.22120639120605,0.6731262343001756,1.7026023253375993,0.0
2,113,37.468717033923525,47.39308948221597,0.37417665060987915,1.7350594948608187,0.0
2,114,37.50959629138424,47.580874513348604,0.4434084986042919,2.020641127791972,0.0
2,115,37.54453930106703,47.77125275994517,0.2554516950512902,1.7869238041395814,0.0
2,116,37.566780369595506,47.95101148377685,0.189369675518126,1.808250672494049,0.0
2,117,37.578552220397256,48.12307382280281,0.046067340516877664,1.6329961080253135,0.0
2,118,37.61749337908839,48.271401625898704,0.7327558333054611,1.3335599538927116,-5.0
2,119,37.70004999779681,48.401735550018074,0.9183765408633651,1.2731185284943436,0.0
2,120,37.78287317132623,48.52471350631524,0.7380869297251493,1.186440597448719,0.0
2,121,37.84524548026309,48.65044865295792,0.5093592490120109,1.3282623354046343,0.0
2,122,37.89815406848885,48.785747429633176,0.5488125155036929,1.377713198099995,0.0
2,123,37.95226714618579,48.934938132988634,0.5334490384354584,1.6061008690090581,0.0
2,124,38.02978750762247,49.07483610551972,1.016958190298304,1.1918585816126228,-5.0
2,125,38.13258307963446,49.17936383267539,1.038953249941276,0.8986959615008079,0.0
2,126,38.240266763203834,49.26174944842464,1.11472042144608,0.749016353483988,0.0
2,127,38.350486772072884,49.34676607352219,1.0896797559348723,0.9513161484670629,0.0
2,128,38.45597491385314,49.433159730510255,1.0200830796699911,0.7765569912944628,0.0
2,129,38.54488390643269,49.496275282519235,0.7580967719209948,0.4857540488852852,0.0
2,130,38.6272888522239,49.54548757628771,0.8900021439031782,0.4984918264839795,0.0
2,131,38.71382251722383,49.59988277225003,0.8406711560956541,0.5894120927621156,0.0
2,132,38.811675786936206,49.65585570244383,1.1163942381519867,0.53004651111398,0.0
2,133,38.91934070230752,49.7080696306667,1.0369040692741294,0.5142320533431626,0.0
2,134,39.03663215838782,49.75840457807544,1.3089250523315368,0.49246689483168815,0.0
2,135,39.16653017508838,49.81900713129045,1.28903528167948,0.7195841694684759,0.0
2,136,39.300742566361635,49.887690230438295,1.3952125437855294,0.6540778134882252,0.0
2,137,39.44054783508045,49.95856465634333,1.4008928305910349,0.7634107046124612,0.0
2,138,39.56698094211916,50.045636015842575,1.1277693101833464,0.9780164853722297,0.0
2,139,39.69334832938563,50.13798976385215,1.399578435145978,0.8690584748190151,0.0
2,140,39.82901421658582,50.212972911195294,1.313739308857702,0.6306044720436805,0.0
2,141,39.97521326826481,50.272848660214436,1.6102417247218401,0.5669105083388963,0.0
2,142,40.145552487483485,50.33011663731426,1.796542659651882,0.5784490336574706,0.0
2,143,40.332241847472005,50.374528615791604,1.9372445401187548,0.3097905358895723,0.0
2,144,40.51318462130135,50.40013541314772,1.6816109364679974,0.2023454112328409,0.0
2,145,40.672098250631706,50.41231475568782,1.4966616501392327,0.04124143956927995,0.0
2,146,40.80836335750308,50.42778505249731,1.228640487288164,0.2681644966207468,0.0
2,147,40.93673687786156,50.44201008952422,1.338829919881281,0.016336243917136173,0.0
2,148,41.06651539474905,50.45029061528879,1.256740417868162,0.14927427137427074,0.0
2,149,41.180623655213566,50.4577585690549,1.0254247914223455,8.480394797061308e-05,0.0
2,150,41.287061510612745,50.457283654719475,1.1033323165612394,-0.009583090656491322,0.0
2,151,41.40318661949718,50.46052460172291,1.2191698611273125,0.07440203072504303,0.0
2,152,41.53824427461501,50.4652516455447,1.4819832412294982,0.02013884571066704,0.0
2,153,41.68915595155539,50.47215193671394,1.5362502975775936,0.11786697767430532,0.0
2,154,41.83038973673922,50.475410662979215,1.2884254060987423,-0.05269245236869935,0.0
2,155,41.96674917144708,50.47850734322674,1.438763288058098,0.11462605731944109,0.0
2,156,42.11381496842972,50.50296479186704,1.5025526515949164,0.3745229154867875,0.0
2,157,42.27207915228581,50.55253534590284,1.6627310255268348,0.616888165229172,0.0
2,158,42.42736806368572,50.60240287709186,1.443047202470785,0.38046245855146665,0.0
2,159,42.57072660026125,50.63934352923215,1.4241235290400915,0.35835058425419497,0.0
2,160,42.711380392938906,50.66204075259583,1.3889523245128803,0.09559388301940253,0.0
2,161,42.86325257769886,50.6643813007762,1.6484913706857913,-0.0487829194121332,0.0
2,162,43.033265350303054,50.64671417376752,1.751764081397953,-0.30455962076132437,0.0
2,163,43.218630233761075,50.60156996525865,1.9555335877628615,-0.5983245494161089,0.0
2,164,43.40887192127133,50.54990032336639,1.8493001624426775,-0.43506828842904,0.0
2,165,43.60571889954798,50.520493776412934,2.087639403090204,-0.15306265064008961,0.0
2,166,43.82598388653935,50.51032840966292,2.317660336736669,-0.050244684360000846,0.0
2,167,44.07093360793647,50.49936502907073,2.581334091205635,-0.16902292748371295,0.0
2,168,44.31611678362981,50.46839378123701,2.322329422660715,-0.4504020291907196,0.0
2,169,44.53675844004505,50.428962867341795,2.0905037056444478,-0.338216248713497,0.0
2,170,44.74531337296372,50.40301083811221,2.080594952728738,-0.1808243358781656,0.0
2,171,44.95039422424105,50.39656546597979,2.02102207281793,0.051916893229925876,0.0
2,172,45.16323740983324,50.386847315695206,2.2358416390258853,-0.24627989892149316,0.0
2,173,45.37636299916289,50.3640184539764,2.0266701475666373,-0.2102973354544453,0.0
2,174,45.587286798493324,50.331905545296195,2.191805839041823,-0.4319608381499265,0.0
2,175,45.81053633545099,50.29667406222586,2.2731849001117315,-0.2726688232565717,0.0
2,176,46.038006088266854,50.27788609332413,2.276210156206112,-0.10309055477834583,0.0
2,177,46.25574458473909,50.26029993232899,2.0785597732383003,-0.24863266512420168,0.0
2,178,46.46610094038624,50.23286525844901,2.1285673397051355,-0.30006081247552885,0.0
2,179,46.67351624390926,50.195170515497864,2.019738730755229,-0.4538340465473176,0.0
2,180,46.87311491194879,50.145624457768236,1.9722346300351337,-0.5370871080452595,0.0
2,181,47.071094331618895,50.091226211486855,1.9873537633671319,-0.550877817582073,0.0
2,182,47.28318494929522,50.02897857476381,2.254458590159146,-0.6940749168786873,0.0
2,183,47.49754851129239,49.95203795908276,2.0328126497846455,-0.8447373967425875,0.0
2,184,47.700695563658485,49.88216007978659,2.030128397537668,-0.5528201891807321,0.0
2,185,47.897599403595564,49.84149077146856,1.9079484012038535,-0.2605659771797857,0.0
2,186,48.076710845380774,49.81953410391884,1.6742804345008135,-0.17856737381478283,0.0
2,187,48.24949663033851,49.798675634964894,1.7814352646542986,-0.2386020052640596,0.0
2,188,48.42959205231193,49.76829626507947,1.8204731748143086,-0.36898539244428363,0.0
2,189,48.616287903027796,49.726265586678835,1.913443839502479,-0.4716281755685543,0.0
2,190,48.81362001653923,49.67508584405772,2.0331984307258875,-0.5519666768538141,0.0
2,191,49.00390745386778,49.63417689733714,1.77255031584561,-0.26621225755798505,0.0
2,192,49.169690868497526,49.5947505124781,1.5431179767496683,-0.5223154396231156,0.0
2,193,49.32160077084666,49.54296851711652,1.4950800702324205,-0.5133244676082374,0.0
2,194,49.47090887936508,49.503928239469815,1.491082100136616,-0.26748108532574477,0.0
2,195,49.62744286354939,49.491727377404715,1.6395975835495484,0.023463844023895675,0.0
2,196,49.78126222959628,49.497250505569184,1.436789737387885,0.08699871926577174,0.0
2,197,49.924746542860476,49.4920915673255,1.4328965278963572,-0.19017748413945235,0.0
2,198,50.07968740193138,49.46051132721942,1.6659206535218445,-0.44142731798229384,0.0
2,199,50.24475139720147,49.40878044323648,1.6353592518802404,-0.5931903616764185,0.0
2,200,50.42085192569141,49.358847257017146,1.8866513179187603,-0.405473362710163,0.0
2,201,50.61077418702354,49.321807429539064,1.9117939087237819,-0.3353231868513653,0.0
2,202,50.80995194164757,49.30281017293129,2.071761183757083,-0.04462194530407615,0.0
2,203,51.00257439717609,49.31214761257809,1.7806879268136004,0.23137073823999366,0.0
2,204,51.1851245331444,49.330071127780144,1.870314792552259,0.12709956580125414,0.0
2,205,51.37068114196995,49.337715957571305,1.8408173839589441,0.02579703002184175,0.0
2,206,51.55820384347862,49.33631203446245,1.9096366462148477,-0.053875492198720565,0.0
2,207,51.743224683028075,49.344749440999664,1.790780144773919,0.22262362294289595,0.0
2,208,51.9206771755064,49.3699068535245,1.7582697047930491,0.2805246275540565,0.0
2,209,52.089326849356496,49.412634902301335,1.614723772208965,0.5740363479826094,0.0
2,210,52.24845866348426,49.48168657018803,1.5679125103459004,0.8069970097511181,0.0
2,211,52.39878084154333,49.55918762983026,1.4385310508351257,0.7430241830937536,0.0
2,212,52.54490161049381,49.638516840532645,1.4838843281746001,0.8435600309539755,0.0
2,213,52.70241075312833,49.73044259904324,1.6662985245163533,0.9949551392581597,0.0
2,214,52.866269114546185,49.83414799604142,1.61086870384052,1.0791528007057156,0.0
2,215,53.02451193223101,49.93082519404484,1.5539876498560243,0.8543911593624465,0.0
2,216,53.18900473308514,50.00405010233783,1.7358683672267539,0.610107006497266,0.0
2,217,53.357663837021164,50.07798248757902,1.6373137114935243,0.8685406983268713,0.0
2,218,53.515115505891856,50.15594345690744,1.5117196659202925,0.6906786882417055,0.0
2,219,53.669397466575504,50.22524179344461,1.5739195477529204,0.6952880425016659,0.0
2,220,53.839063024179325,50.2817477786424,1.8193916043232221,0.4348316614542789,0.0
2,221,54.0068432521723,50.320792778234875,1.5362129555364543,0.34606833039509155,0.0
2,222,54.1642492705721,50.36686170655557,1.6119074124590327,0.5753102360189697,0.0
2,223,54.33714910666106,50.433632198363654,1.846089309320277,0.7600996001427376,0.0
2,224,54.53138792879503,50.49745496338906,2.0386871333591046,0.5163557003653416,0.0
2,225,54.72111946597488,50.539872371197106,1.7559436102382513,0.3319924557954348,0.0
2,226,54.89947079248486,50.586038770107535,1.811082919960885,0.5913355224130186,0.0
2,227,55.09238194034174,50.65439736002787,2.047140037176092,0.7758362759937896,0.0
2,228,55.28582369619227,50.729381232915784,1.8216950798347735,0.7238411817644241,0.0
2,229,55.46083973146011,50.799805762352946,1.6786256255225904,0.6846494069788758,0.0
2,230,55.64010925213415,50.878864118857734,1.9067647879582967,0.8965177231168031,0.0
2,231,55.827346262655794,50.97177972796277,1.837975422474889,0.9617944589836149,0.0
2,232,55.99702602285407,51.064380127154834,1.5556197814910053,0.8902135248571348,0.0
2,233,56.164413513726686,51.156930885560826,1.7921300359612928,0.9608016432631565,0.0
2,234,56.34230587635341,51.26473481419811,1.765717216573357,1.1952769294826968,0.0
2,235,56.520513903542906,51.376489201178515,1.7984433272166083,1.0398108101256422,0.0
2,236,56.711538418530665,51.486562999254375,2.0220469725381136,1.16166515139175,0.0
2,237,56.9192845819623,51.603286444259425,2.1328762960951284,1.1728037487097929,0.0
2,238,57.125644466069105,51.706435268854875,1.9943213860407436,0.890172743199237,0.0
2,239,57.33561185581709,51.80284941916841,2.205026408918556,1.038110263071406,0.0
2,240,57.56946261676535,51.908359124835954,2.471988810046909,1.072083850279892,0.0
2,241,57.81840849601741,52.02439701434139,2.50692877499473,1.2486739398292546,0.0
2,242,58.07031751582906,52.154009375622365,2.5312516212378036,1.3435732857901517,0.0
2,243,58.32834779299873,52.28221370972034,2.6293539221550652,1.2205133961697836,0.0
2,244,58.605366124502154,52.393000037045795,2.91101270791337,0.9952131503390387,0.0
2,245,58.8873386832301,52.49341207654095,2.7284384666458195,1.0130276395636137,0.0
2,246,59.15108122136036,52.59826218135123,2.5464122959589925,1.083974456641684,0.0
2,247,59.403848549036354,52.696310941427896,2.5089342575614655,0.8770007448921575,0.0
2,248,59.65518855002489,52.7941657903059,2.517865762209336,1.0800962326679233,0.0
2,249,59.892377567856556,52.90434000769915,2.22591459442431,1.123388115196665,0.0
2,250,60.11525816211457,53.019547197340955,2.2316972907361876,1.180755677639148,0.0
2,251,60.34097552015231,53.14777636821236,2.282649870018142,1.3838277397887797,0.0
2,252,60.55964445010346,53.28002170297361,2.090728729005029,1.2610789554358544,0.0
2,253,60.773669639302454,53.41134514674286,2.1897750549743247,1.3653899199493154,0.0
2,254,60.99289634049387,53.546535587938536,2.194758968853499,1.3384189039646728,0.0
2,255,61.21288103141808,53.66837177740365,2.2049348496309484,1.0983048853375212,0.0
2,256,61.421477589544565,53.763867787744175,1.9669963128982335,0.8116153214734627,0.0
2,257,61.62586819389054,53.85885369154249,2.120815774021395,1.0881027544933133,0.0
2,258,61.82693288760754,53.96103171433077,1.900478100319111,0.955457701272719,0.0
2,259,62.01116783630488,54.06210511375309,1.7842208736276604,1.0660102871741142,0.0
2,260,62.18412646921138,54.17697202436682,1.6749517845026478,1.231327925100171,0.0
2,261,62.35150564634961,54.295044986680296,1.672631758261378,1.13013132116936,0.0
2,262,62.52159797031368,54.39988728661547,1.7292147210198312,0.9667146775337141,0.0
2,263,62.70537632864858,54.49182335485074,1.9463524456787322,0.8720066871714192,0.0
2,264,62.91013252742954,54.58341083279373,2.148771529940616,0.9597428716879541,0.0
2,265,63.135805618545646,54.68536191128385,2.364690292381045,1.0792786981138303,0.0
2,266,63.379482369515074,54.79735585084546,2.5088447270076877,1.1606000931189229,0.0
2,267,63.6226683484349,54.90047593875016,2.354874851388576,0.9018016649755598,0.0
2,268,63.86225507438047,54.981160087156866,2.4368596675228407,0.7118813031582505,0.0
2,269,64.10829362399159,55.0490882316671,2.4839113246989672,0.6466815870462703,0.0
2,270,64.35091232261954,55.10150190049245,2.36846264785993,0.4015917894609018,0.0
2,271,64.59794328769573,55.13077083991766,2.572156653664397,0.18378699904307005,0.0
2,272,64.85225848556115,55.163352516573354,2.5141473036440356,0.46784653407048893,0.0
2,273,65.10640465131502,55.1970623207323,2.5687760114332505,0.20634954910823744,0.0
2,274,65.349643046876,55.23223303747653,2.2959918997860154,0.4970647857764945,0.0
2,275,65.56876834320218,55.301768830366825,2.0865140267368876,0.8936510720296429,3.0
2,276,65.76865679089894,55.39734770412764,1.9112549271982289,1.0179264031875501,0.0
2,277,65.97124143360446,55.49241548690708,2.140437926911643,0.883429252402113,0.0
2,278,66.19163897068523,55.571862250129584,2.2675128147034194,0.7055060120488132,0.0
2,279,66.41531000988056,55.64641375577213,2.2059079692039276,0.7855241008023395,3.0
2,280,66.62484165599193,55.74568329538795,1.9847249530237985,1.199866691513817,3.0
2,281,66.81627382203749,55.88681985916742,1.8439183678873263,1.6228645840748133,3.0
2,282,66.9984551299633,56.03528145507585,1.7997077906289558,1.3463673340938733,0.0
2,283,67.18816035395764,56.18203857191588,1.994396689258343,1.5887750027068357,0.0
2,284,67.38926795511458,56.34944502846537,2.0277553338799663,1.759354128282899,0.0
2,285,67.59485365118695,56.52530997179548,2.0839585875678743,1.7579447383195195,0.0
2,286,67.78881116978766,56.68706873009597,1.795191784446132,1.47723042768998,0.0
2,287,67.97743495864006,56.833845224022014,1.9772839926017056,1.45829945083036,0.0
2,288,68.18060969313979,56.99119474157561,2.0862106973930707,1.688690900241049,0.0
2,289,68.40218872312204,57.17180233229567,2.345369902252438,1.9234609141602963,0.0
2,290,68.64615506339459,57.36267332830005,2.5339569031988756,1.8939590059273606,0.0
2,291,68.89024798920013,57.54152410429464,2.3479016129121995,1.6830565139645088,0.0
2,292,69.11470329574507,57.71289944338275,2.141204517986674,1.7444502677981149,3.0
2,293,69.3171604317991,57.90104198473847,1.907938203093975,2.0184005593152783,3.0
2,294,69.49745607443396,58.11485196388321,1.697974649602795,2.257799023579702,0.0
2,295,69.6552374524423,58.354177306670465,1.4576529105641534,2.5287078321648178,0.0
2,296,69.79377091577214,58.599120582358864,1.313016356032639,2.3701576816025263,0.0
2,297,69.93688128912055,58.83914152717108,1.549191110936059,2.4302612146411295,0.0
2,298,70.09245401115254,59.06975469179207,1.5622633297042459,2.1820020777781473,0.0
2,299,70.23517712337252,59.279590377924706,1.2921989146951933,2.0147116448742306,0.0
2,300,70.3577324549853,59.494661845491976,1.158907717560135,2.2867177064710518,0.0
2,301,70.47719461651093,59.708939939024276,1.2303355129522373,1.9988441641745585,0.0
2,302,70.59611559238249,59.916523031545125,1.1480840044791591,2.1528176862420416,0.0
2,303,70.70886290255794,60.1308318095945,1.1068621990302834,2.1333578747454833,0.0
2,304,70.8070031926764,60.35242628898885,0.8559436033394583,2.2985317131417773,0.0
2,305,70.89469964504025,60.57968942995274,0.8979854439369728,2.246731106135643,0.0
2,306,70.99574710295462,60.80008376322564,1.122963714351119,2.1611555593219105,0.0
2,307,71.10437121854324,61.012902857364054,1.049518597420862,2.0952263234462585,0.0
2,308,71.20570548736788,61.23645640953049,0.9771667790726681,2.3758447198817887,0.0
2,309,71.29888048450431,61.48171202527385,0.8863331636555163,2.529267594985061,0.0
2,310,71.37748586922288,61.73595829314962,0.6857745307163334,2.555657762530716,0.0
2,311,71.43323614316125,61.98555014617148,0.4292309480510106,2.436179297906694,0.0
2,312,71.46994677436697,62.240957303765185,0.30498167606361726,2.6719638539671706,0.0
2,313,71.5066150894009,62.50645671171122,0.4283846246149299,2.638024304953973,0.0
2,314,71.55268535269158,62.76039999139073,0.49302064119947,2.4408412886363013,0.0
2,315,71.6125412113127,62.99723926591764,0.7040965312233975,2.295944201901303,0.0
2,316,71.69059843580561,63.22043899758114,0.8570479586348405,2.1680504313687976,0.0
2,317,71.76950708877507,63.446866380733354,0.7211251007539801,2.360497231675698,0.0
2,318,71.8387591458773,63.68327223536289,0.6639160412902889,2.367619860914518,0.0
2,319,71.90200942187363,63.913436556309534,0.6010894786363892,2.235666558017991,0.0
2,320,71.96453750241886,64.14393729926024,0.6494721322681709,2.3743483009960027,0.0
2,321,72.0307154967249,64.3785484582346,0.6740877538526213,2.3178748784911942,0.0
2,322,72.09412670046038,64.61625778967692,0.5941363208574462,2.4363117503552587,0.0
2,323,72.1643189900339,64.8667800408299,0.8097094706135106,2.574133272704037,0.0
2,324,72.2491730548719,65.11382733530178,0.8873718261460297,2.3668126167338315,0.0
2,325,72.32948890022817,65.34108814310542,0.7189450809796796,2.1784035393386034,0.0
2,326,72.40222580661032,65.5471722909615,0.7357930466630034,1.9432794177831383,0.0
2,327,72.47016764968532,65.73814895844276,0.6230438148374127,1.8762539318425429,0.0
2,328,72.54372577150929,65.92911847916236,0.8481186216421328,1.9431364825487378,0.0
2,329,72.63981103691185,66.11989792752081,1.0735866864097154,1.872452484620668,0.0
2,330,72.73363369924908,66.31386015321675,0.8028665603346035,2.006792029298108,0.0
2,331,72.80781706220114,66.50583103323669,0.6808006987055819,1.8326255711007562,0.0
2,332,72.87716117133886,66.70194946130636,0.7060814840482461,2.089742990292242,0.0
2,333,72.93880381605027,66.89983293785036,0.5267714101797853,1.8679265405878436,0.0
2,334,72.98390795905908,67.09592173632359,0.375311449997481,2.053849428876809,0.0
2,335,73.0203134245603,67.29633237427174,0.35279786002674207,1.9543633300858847,0.0
2,336,73.04776444542989,67.48483173055786,0.19622255736601346,1.8156237956368102,0.0
2,337,73.07463501601103,67.66270698257517,0.3411888542578527,1.7418812447088285,0.0
2,338,73.10491366158993,67.8499046389731,0.26438405732060133,2.0020718832493376,0.0
2,339,73.1418462970322,68.04298894947834,0.4742686515249783,1.8596143268558976,0.0
2,340,73.18027043999922,68.23787506968927,0.29421420781471497,2.0381080773620415,0.0
2,341,73.21621436269538,68.43447358393837,0.42466424610952913,1.8938622076198843,0.0
2,342,73.25994744717065,68.63817942064901,0.4499974433960521,2.1802545265928117,0.0
2,343,73.29082035336978,68.84705020689938,0.16746068058616892,1.9971611984145046,0.0
2,344,73.29677640737572,69.05548824257255,-0.04833960046826036,2.171599515048957,0.0
2,345,73.2987481107964,69.28165596825175,0.08777366888109484,2.3517549985345045,0.0
2,346,73.30478713138672,69.52730753006654,0.03300674292580297,2.5612762377607616,0.0
2,347,73.32171022391992,69.79329757883261,0.3054551077375045,2.7585247375607356,0.0
2,348,73.36580781051617,70.06207497597404,0.5764966241876799,2.617023205267312,0.0
2,349,73.41742881938399,70.3137361051335,0.4559235531684003,2.416199377922025,0.0
2,350,73.47578649071312,70.54614370352812,0.7112298734149842,2.2319525899703603,0.0
2,351,73.55585545738779,70.7749745416042,0.8901494600790603,2.34466417155134,0.0
2,352,73.63380821050436,71.0003293761128,0.6689056022528934,2.162432518620445,0.0
2,353,73.68609298629929,71.21167650372706,0.37678991364565917,2.0645100336646856,0.0
2,354,73.70998740009594,71.42033234141593,0.10109836228758162,2.1086067201123324,0.0
2,355,73.72552798297852,71.62109817420128,0.20971329536332206,1.90670993559484,0.0
2,356,73.75196991014428,71.81863081933244,0.31912524795284547,2.0439429670285403,0.0
2,357,73.78892991290513,72.01805777908294,0.4200748072639975,1.9445962279813784,0.0
2,358,73.83628636565237,72.2005983806979,0.5270542476798621,1.706215804317356,0.0
2,359,73.88548105919722,72.36587714929573,0.4568396232163501,1.599359567638734,0.0
2,360,73.94104626968755,72.51677024116685,0.6544645865897998,1.4185022697837777,0.0
2,361,73.99310129594767,72.66548194580753,0.38663593861266143,1.5557318230290402,0.0
2,362,74.0435533198393,72.80942409438478,0.6224045392197954,1.32311114851586,0.0
2,363,74.1175236605535,72.9409058729272,0.857002275063552,1.3065244223326715,0.0
2,364,74.19620094943224,73.06977674947075,0.7165435025110956,1.2708931085380861,0.0
2,365,74.27276457829635,73.19136716878728,0.8147290747709715,1.1609152777924923,0.0
2,366,74.3539076303245,73.29443916502368,0.8081319657928709,0.9005246469350698,0.0
2,367,74.4438679310424,73.3719500055372,0.9910740485651583,0.6496921633348833,0.0
2,368,74.54004796797443,73.42939285228255,0.9325266900758997,0.49916477157166383,0.0
2,369,74.6393911107059,73.48227101917428,1.054336164554229,0.5583985662632198,0.0
2,370,74.73680475427119,73.54515276020805,0.893936706751175,0.6992362544126838,0.0
2,371,74.84005033234541,73.62505924291821,1.1709748547341938,0.8988933997906496,0.0
2,372,74.96743814324356,73.71551683709049,1.3767813632277033,0.910258483654486,0.0
2,373,75.0912716453173,73.8081337955199,1.0998886782464439,0.9420806849332166,0.0
2,374,75.19392426057726,73.90298999484116,0.953163626952584,0.9550433014918998,0.0
2,375,75.27696626343845,73.99273749653389,0.7076764302705421,0.8399067323624934,0.0
2,376,75.34558913394466,74.07398332999065,0.6647809798532229,0.7850099367726244,0.0
2,377,75.4270218934447,74.13930341126456,0.963874210147349,0.5213916887052079,0.0
2,378,75.51473864221606,74.18659221885514,0.7904607652793967,0.4243844631064029,0.0
2,379,75.59590714228568,74.2333831986154,0.8329092361125561,0.5114351320982138,0.0
2,380,75.66496758033128,74.29574405134196,0.5482995247988445,0.735781922432249,0.0
2,381,75.71833853268754,74.38106475990674,0.519119522326509,0.9706322488636978,0.0
2,382,75.77542308072782,74.46905082712283,0.6225714384781416,0.789089095459719,0.0
2,383,75.84690909902326,74.54674446746861,0.8071489274292833,0.7647837114570635,0.0
2,384,75.93803285915874,74.63324490935622,1.0153262752788077,0.9652251262964544,0.0
2,385,76.0268280765846,74.73189212064591,0.7605780732383778,1.0077190994984484,0.0
2,386,76.10953690846202,74.82984179396357,0.893598564308272,0.9512743668558681,0.0
2,387,76.21085618633856,74.93865570783487,1.132786993220881,1.2250039105714752,0.0
2,388,76.31441588516145,75.05886206584961,0.9384069832369448,1.1791232497243396,0.0
2,389,76.42011492920835,75.17672430307505,1.1755738977003567,1.1781214947854828,0.0
2,390,76.5477873661921,75.29370064890304,1.3778748419739024,1.1614054217751821,0.0
2,391,76.67912562900051,75.39599991109412,1.2488904141941877,0.8845798220475238,0.0
2,392,76.78951804146106,75.48592339417911,0.9589578350154362,0.9138898396529562,0.0
2,393,76.89309430065214,75.587735082233,1.112567348805726,1.122343921425605,0.0
2,394,77.00913689826439,75.70773780529464,1.2082846034388712,1.2777105398078863,0.0
2,395,77.11882666244855,75.84637459931577,0.9855106802431788,1.495025340615216,0.0
2,396,77.20552917768703,76.00760703220334,0.7485396245252076,1.7296233171375803,0.0
2,397,77.28285949812482,76.19525519608425,0.7980667842306506,2.0233399604811524,0.0
2,398,77.36911413815972,76.40720658889859,0.9270260164659252,2.215687895806612,0.0
2,399,77.45574303312969,76.61698643928594,0.8055518829335444,1.9799091119409375,0.0
2,400,77.54670418488024,76.80579196300113,1.0136711520757817,1.7962013623640711,0.0
2,401,77.64388793582918,76.97491642040967,0.9300038669015365,1.5862877858077997,0.0
2,402,77.745155912379,77.14152561916842,1.0953556640943205,1.7458961893681977,0.0
2,403,77.85040668003876,77.32897354460385,1.0096596890992533,2.0030623193420904,0.0
2,404,77.96463740936758,77.52113390078995,1.2749548974760696,1.8401448043803175,0.0
2,405,78.09456669347253,77.70430266986898,1.3236307846213808,1.8232305772008868,0.0
2,406,78.23072672566673,77.88338639681399,1.3995698592624919,1.7584439617004435,0.0
2,407,78.35600840951349,78.05237063750548,1.1060638176720143,1.6212408521298816,0.0
2,408,78.45871774444845,78.22657136256106,0.9481228810260234,1.8627736489829836,0.0
2,409,78.55545499291236,78.41626013104559,0.9866220882514689,1.9310017207084762,0.0
2,410,78.64743794870208,78.61837361844891,0.8530370275411165,2.111268027358495,0.0
2,411,78.73349902544851,78.82957533695577,0.8681845073858199,2.112766342779251,0.0
2,412,78.8324743186405,79.03646366391462,1.1113213564539741,2.025000196398297,0.0
2,413,78.94509726610863,79.24226845813058,1.1411375929088052,2.0910956879221185,0.0
2,414,79.07266485879904,79.46154927777582,1.410214260898977,2.2945207049839755,0.0
2,415,79.21032894270047,79.68948089936396,1.3430674171288608,2.2641117267799746,0.0
2,416,79.34526298622336,79.90728611741889,1.3556134533281021,2.091992634319272,0.0
2,417,79.47403381357753,80.10456847106815,1.2198030937539226,1.853654438666437,0.0
2,418,79.60228353198193,80.28708667614745,1.3451912743333114,1.796709662920808,0.0
2,419,79.74820266793483,80.46769144829346,1.5731914447242126,1.8153857800006605,0.0
2,420,79.91429681909278,80.65593149480736,1.748691578434448,1.9494151502784938,0.0
2,421,80.0852942517837,80.84801037182467,1.6712570753817282,1.8921623900689362,0.0
2,422,80.2485065891558,81.0378143453417,1.5929896720603907,1.9039170802729082,0.0
2,423,80.4080300813738,81.22745134467397,1.5974801722975975,1.888822906373873,0.0
2,424,80.55413647386342,81.41315765559506,1.3246476774945606,1.8253033120489732,0.0
2,425,80.69413875599594,81.58123518344047,1.4753979651540359,1.5362472448598723,0.0
2,426,80.84329629207139,81.73557051131024,1.507752756353442,1.5504593125362174,0.0
2,427,81.00656519224515,81.88808847011848,1.7576252471210765,1.4998998636296363,0.0
2,428,81.18118456887396,82.03764027735002,1.7347622854540532,1.4911362810018591,0.0
2,429,81.35761797942143,82.18524057308474,1.793905925494382,1.4608696336931857,0.0
2,430,81.52426919141794,82.33123056985033,1.539118314435708,1.4589303016195405,0.0
2,431,81.6760807969257,82.47657823748517,1.497113795717775,1.4480230510783887,0.0
2,432,81.83645964263451,82.63143004412296,1.7104631184575965,1.6490130816782305,0.0
2,433,82.01497653428396,82.78723314809764,1.8598747145306636,1.4670489978164447,0.0
2,434,82.19698790988105,82.93222779243513,1.7803527974095417,1.4328438889340216,0.0
2,435,82.36314601071001,83.06589375300666,1.5428092191683174,1.2404753224980976,0.0
2,436,82.50682929289724,83.17650462645219,1.3308564245756056,0.9717421464129234,0.0
2,437,82.62875475160547,83.2753082206221,1.1076527495886896,1.0043297369866604,0.0
2,438,82.74245841853178,83.36512381102762,1.1664205889370507,0.7919820711242647,0.0
2,439,82.84810411561568,83.45264204935654,0.9464933527397523,0.9583826954556223,0.0
2,440,82.94757474311689,83.5619492256069,1.0429191972823801,1.2277608295523859,0.0
2,441,83.06559700511684,83.69272082045882,1.3175260427154054,1.3876710674865027,0.0
2,442,83.18794817291814,83.8180630898488,1.1294973133097965,1.1191743203141122,0.0
2,443,83.28714858731757,83.9209714333092,0.8545109746773232,0.9389925488941078,0.0
2,444,83.38711221139295,84.00519487050462,1.1447615068299317,0.745476195015053,0.0
2,445,83.51359515847378,84.07365046465713,1.3848974347866516,0.6236356880368223,0.0
2,446,83.6397245511672,84.14787198649424,1.1376904190813804,0.8607947487066667,0.0
2,447,83.75365924224081,84.23386545591313,1.141003402390929,0.8590746396713147,0.0
2,448,83.85287961183906,84.3243781304908,0.8434039895720549,0.9511788518827231,0.0
2,449,83.92937576124098,84.4194722537743,0.6865189984641766,0.9507036137883471,0.0
2,450,83.99040086237471,84.50348619274291,0.533983024209638,0.7295751655843059,0.0
2,451,84.05573943720606,84.56535975579868,0.7727884724173109,0.5078960955332121,0.0
2,452,84.13335645885024,84.60159263888193,0.7795519604660139,0.2167615661324085,0.0
2,453,84.20667506831455,84.63085874966782,0.6868202288184708,0.3685606495874012,0.0
2,454,84.2712078697225,84.66717367989804,0.6038357993403274,0.3577379550181803,0.0
2,455,84.32130624392198,84.70794153960992,0.3981316846474261,0.4576192392193761,0.0
2,456,84.36234798133535,84.75035581367354,0.4227030636184157,0.3906662420549747,0.0
2,457,84.4053834456115,84.80287523121444,0.4380062219045424,0.6597221087649867,0.0
2,458,84.44372726834206,84.85889894671755,0.3288702327058832,0.4607522012975487,0.0
2,459,84.48534134622821,84.91913036668984,0.503411325015847,0.7438761981496427,0.0
2,460,84.54665649252729,84.9866006205624,0.7228916009643616,0.6055288793028417,0.0
2,461,84.62282152983482,85.0547220140561,0.8004091451853874,0.75689899057266,0.0
2,462,84.70476387518579,85.14085710628217,0.8384377618321075,0.9658028539499881,0.0
2,463,84.79923811938022,85.22682739103448,1.051047122054463,0.7536028410974129,0.0
2,464,84.892673805237,85.28725561241947,0.8176665950793041,0.45496158660459507,0.0
2,465,84.96993774728048,85.33135263646625,0.7276122457898015,0.4269788943314161,0.0
2,466,85.0306549447356,85.36056065002845,0.4867317033110794,0.15718137691315093,0.0
2,467,85.09316488691957,85.37706600725039,0.7634671403663553,0.172925767526511,0.0
2,468,85.15521540743089,85.38377826795784,0.4775432698591633,-0.03868055337679799,0.0
2,469,85.21036964398354,85.38411546538225,0.6255414611937109,0.04542450186542801,0.0
2,470,85.27163035920921,85.39851100556018,0.5996728433194232,0.24248630169314112,0.0
2,471,85.33715311807453,85.4201386203714,0.7107823339850317,0.190065994531599,0.0
2,472,85.39440220711788,85.43015235978771,0.4341994468819639,0.010208793795149163,0.0
2,473,85.42699358372022,85.4171259812365,0.21762808516355392,-0.27073636481953045,0.0
2,474,85.4571787406046,85.39618127949996,0.386075052522747,-0.14815766990965074,0.0
2,475,85.48262693485901,85.37057060697111,0.1228888325644224,-0.3640557806651046,0.0
2,476,85.49924943843655,85.33796295701018,0.2095612389857866,-0.2880972185522719,0.0
2,477,85.52228302379388,85.3200903473454,0.25111046816016724,-0.06935497474220398,0.0
2,478,85.54214140224951,85.31108708630677,0.1460571009525946,-0.11071024603001867,0.0
2,479,85.54316916055052,85.29147279326833,-0.1255019349331441,-0.2815756147373367,0.0
2,480,85.52738926253335,85.2564892533095,-0.19009602541176385,-0.4180951844375578,0.0
2,481,85.51143385762043,85.2162602532685,-0.12901207284782146,-0.3864848163813157,0.0
2,482,85.49093774457208,85.19016868594179,-0.28091018812032686,-0.13534653015123865,0.0
2,483,85.47692774861719,85.18750584957616,0.0007102690219547014,0.08208980284056366,0.0
2,484,85.47682423263825,85.2013226711756,-0.0027805886009684144,0.1942466291503493,0.0
2,485,85.46877462961015,85.22529403239639,-0.15821147196098906,0.2851805952656097,0.0
2,486,85.45658906221865,85.25227873515223,-0.0854998758705463,0.2545134598525287,0.0
2,487,85.43354920157856,85.28503087584647,-0.3752973369331336,0.4005293540334005,0.0
2,488,85.39249854195577,85.31964578206737,-0.44571585552276716,0.29176877038594107,0.0
2,489,85.34243386325295,85.34962989520295,-0.5555777185343391,0.30791349232759124,0.0
2,490,85.27328248107938,85.38367107004842,-0.827449924937854,0.3729100045827529,0.0
2,491,85.18204346811444,85.4126864246249,-0.9973303343622995,0.20739708694783943,0.0
2,492,85.08356482703846,85.43583308391362,-0.972242487158665,0.2555360988271662,0.0
2,493,84.99465196500921,85.45801179797263,-0.80601475342654,0.1880381823549815,0.0
2,494,84.9062948142033,85.47413121167585,-0.9611282626918474,0.13435009170997425,0.0
2,495,84.80434590244033,85.4765397463716,-1.0778499725684423,-0.08617939779313488,0.0
2,496,84.70031045755422,85.47794116734656,-1.0028589251539621,0.11420781729352569,0.0
2,497,84.58585690196469,85.47931515578978,-1.286212186636762,-0.0867280484281352,0.0
2,498,84.46280464749702,85.46739700330579,-1.1748329027173785,-0.15163500124980445,0.0
2,499,84.33281864286732,85.45450287973995,-1.424887189878449,-0.10624747006680835,0.0
2,500,84.19878434509371,85.44611111861013,-1.2557987655947596,-0.06158775252786697,0.0
2,501,84.05982445144457,85.45143454959793,-1.5233991073893343,0.16805637228549486,0.0
2,502,83.91376926218243,85.46466379593983,-1.397704677853886,0.09652855455239973,0.0
2,503,83.78444161888035,85.48864871501144,-1.18884818818856,0.3831698268805912,0.0
2,504,83.66564346611369,85.5348329266559,-1.1871148671466294,0.5405144060103542,0.0
2,505,83.5488876799908,85.57792106212673,-1.1480008553126133,0.3212483034085558,0.0
2,506,83.43105127032038,85.60087725419703,-1.2087273380966241,0.13787553799793173,0.0
2,507,83.29866201965513,85.60129940365141,-1.4390576752096464,-0.12943254890947742,0.0
2,508,83.15969085254915,85.59531402609355,-1.340365666910822,0.009724997752442732,0.0
2,509,83.01910177917046,85.60491295660063,-1.4714158006639284,0.1822536123905909,0.0
2,510,82.88344745209918,85.62924927634651,-1.2416707407630696,0.30447278252721155,0.0
2,511,82.75809870925605,85.65885713213913,-1.2653041161008467,0.28768433332584564,0.0
2,512,82.6356301788245,85.68807199466005,-1.1840664925299986,0.2966129170927534,0.0
2,513,82.5117752430076,85.70506903881983,-1.2930322238092984,0.0433279661039645,0.0
2,514,82.38356797666768,85.70657053738182,-1.2711131029908742,-0.013297994863496143,0.0
2,515,82.25607642326236,85.70632781227869,-1.278717965116643,0.00844349280113832,0.0
2,516,82.13208511077198,85.697945907752,-1.2011082846924896,-0.17608158333343837,0.0
2,517,82.00120950862447,85.68675984286722,-1.4164037582595252,-0.047639714361512375,0.0
2,518,81.86898666198715,85.69535668170954,-1.2280531744870267,0.21957649121001133,0.0
2,519,81.74217875035902,85.71618515005332,-1.308105058077489,0.19699287566677093,0.0
2,520,81.61772192180013,85.73480710554509,-1.1810315131024094,0.17544623416908678,0.0
2,521,81.49341297342562,85.7605733127873,-1.3051474543893207,0.33987791067591644,0.0
2,522,81.36178310306389,85.80785923557357,-1.327449952846047,0.6058405450503539,0.0
2,523,81.21482489511175,85.8646201070377,-1.6117142061986662,0.5293768842321409,0.0
2,524,81.05663670938861,85.91723597862551,-1.5520495082651262,0.5229405475251543,0.0
2,525,80.9049305683186,85.96818261801502,-1.4820733131352561,0.49599224026710864,0.0
2,526,80.7655229923273,86.00635049962614,-1.3060782066908878,0.2673653919569272,0.0
2,527,80.62558262465848,86.03171061476212,-1.4927291466871804,0.23983691076456637,0.0
2,528,80.47303297919416,86.06828201036956,-1.5582637626009799,0.4915910013845046,0.0
2,529,80.32271307543022,86.11710244164703,-1.448134312678171,0.4848176241667801,0.0
2,530,80.18459003533258,86.1526769470388,-1.3143264892761604,0.22667248366841264,0.0
2,531,80.04727372287834,86.1709518036896,-1.4319997598083845,0.13882464934776806,0.0
2,532,79.89966544190167,86.18007653331597,-1.5201658597260543,0.043669943180578485,0.0
2,533,79.7375739469419,86.17648041657083,-1.721664039471385,-0.11559227808183437,0.0
2,534,79.57085742746972,86.15986337136746,-1.6126663499731695,-0.2167486259844189,0.0
2,535,79.41914884143193,86.12446820832554,-1.4215053707834109,-0.4911546348539346,0.0
2,536,79.28102963830736,86.07953427153666,-1.3408786917089106,-0.40752410092344604,0.0
2,537,79.15228260580739,86.04570359884269,-1.234061958292557,-0.2690893529544418,0.0
2,538,79.03831681586917,86.02247697918096,-1.045253840472494,-0.19544304027809822,0.0
2,539,78.9394542151789,85.9888480023402,-0.9319981733344527,-0.4771364965352145,0.0
2,540,78.85718521429635,85.94739883463535,-0.713381844317011,-0.3518468575614353,0.0
2,541,78.78100592120347,85.91804010657722,-0.8102040175419063,-0.23532770359990707,0.0
2,542,78.70075376299201,85.88506231608699,-0.7948391466878704,-0.42422810620429274,0.0
2,543,78.60967830494712,85.83133236169692,-1.0266700142111311,-0.6503709815962004,0.0
2,544,78.51372978951963,85.7661584986082,-0.8923002943389076,-0.6531062801764929,0.0
2,545,78.41454527214876,85.71298340518149,-1.091390053078749,-0.4103955883576731,0.0
2,546,78.31848814326042,85.6642375094774,-0.8297525246895319,-0.5645223257225762,0.0
2,547,78.2370517121808,85.59649079715757,-0.7989760969041413,-0.7904119206726659,0.0
2,548,78.16528805247799,85.50451255364999,-0.6362970971538413,-1.0491529494770084,0.0
2,549,78.10264236703438,85.41254584430362,-0.6166166117183387,-0.7901812374496409,0.0
2,550,78.04287279999073,85.32301345340204,-0.5787747291563026,-1.0004665805814241,0.0
2,551,77.97523452715131,85.20986774792527,-0.7739907276338709,-1.2624475289531443,0.0
2,552,77.89385343329684,85.07013310389607,-0.8536311494555964,-1.5322453516303938,0.0
2,553,77.81870769056832,84.9143588034774,-0.6492837051158187,-1.5832406567423725,0.0
2,554,77.76800909586757,84.76376390824998,-0.36468818890003973,-1.4286572478059778,0.0
2,555,77.7304290253146,84.62509161356456,-0.38691322216027224,-1.3447886459023906,0.0
2,556,77.6817602191071,84.49825591259594,-0.5864629019908989,-1.191925373468429,0.0
2,557,77.61458816040602,84.37801653074712,-0.7569782720320664,-1.2128622635074997,0.0
2,558,77.53215258917942,84.25703833016644,-0.8917331525016259,-1.2067017481053792,0.0
2,559,77.43483582119791,84.15093450290794,-1.0546022071301273,-0.915374797063393,0.0
2,560,77.33709802049952,84.06211495527714,-0.9001538068375119,-0.8610161555509084,0.0
2,561,77.24004716440368,83.96925998306176,-1.0408633150806494,-0.9960832887558126,0.0
2,562,77.1356798960868,83.86269863189989,-1.046482051257172,-1.135143734481403,0.0
2,563,77.0163038032241,83.73514291883032,-1.3410398059976458,-1.4159705269082998,0.0
2,564,76.896287794498,83.58910297061732,-1.0592803685261405,-1.5048284373517848,0.0
2,565,76.78169012601029,83.44631556703075,-1.2326730012286227,-1.3509196343775738,0.0
2,566,76.65499774213242,83.32061251618745,-1.3011746763300458,-1.1631413824880283,0.0
2,567,76.5351256420206,83.19549354007904,-1.0962673259069504,-1.339238139678553,0.0
2,568,76.42362753248187,83.04786554516807,-1.1336948648679517,-1.6133217585404722,0.0
2,569,76.3240974391955,82.87574568651678,-0.8569070008598985,-1.8290754144840253,0.0
2,570,76.23317337244691,82.6860501617632,-0.9615743341125,-1.9648350805868997,0.0
2,571,76.14523299662687,82.4790175531449,-0.7972331822904213,-2.175817091778395,0.0
2,572,76.07161699382186,82.24845671246635,-0.6750868738101907,-2.4353997217920735,0.0
2,573,75.99415890350815,82.01021481476721,-0.8740749324644952,-2.3294382321892293,0.0
2,574,75.90114202531038,81.78412309297994,-0.9862626314921759,-2.192396203555866,0.0
2,575,75.79417441308931,81.5609567636418,-1.1530896129299766,-2.270930383205272,0.0
2,576,75.67061036003736,81.34657221394002,-1.318191448109923,-2.0167606108296106,0.0
2,577,75.54770277743887,81.14878190693571,-1.1399602038600865,-1.9390455292550808,0.0
2,578,75.4425585948627,80.94864041054518,-0.9629234476642878,-2.0637843985544606,0.0
2,579,75.34197122032788,80.73828547673315,-1.0488240430336475,-2.14331427768472,0.0
2,580,75.2263062359408,80.51773920579137,-1.2644756447097318,-2.2676111411496542,0.0
2,581,75.11435786841571,80.28144940793584,-0.9744917057935574,-2.4581848159597897,0.0
2,582,75.01380151250305,80.05029319180403,-1.0366354124598,-2.164939506674333,0.0
2,583,74.89763224807905,79.8294964081523,-1.2867498760220357,-2.2509961663583127,0.0
2,584,74.7817810705393,79.619089034382,-1.0302736747738095,-1.9571513090472337,0.0
2,585,74.67184298160964,79.42079760906176,-1.1684881038207937,-2.008677197356299,0.0
2,586,74.54815766482739,79.22074798352685,-1.3052182318260037,-1.992315313342072,0.0
2,587,74.41855538071172,79.02861480065042,-1.2868274504883708,-1.8503483441845638,0.0
2,588,74.30136760577693,78.84827176787178,-1.0569280482075047,-1.756512311386448,0.0
2,589,74.18310175139027,78.66759756381077,-1.3083890395262916,-1.8569717698337787,0.0
2,590,74.06305682056438,78.47206719697738,-1.0925095769921178,-2.053635566833403,0.0
2,591,73.9541141132297,78.28147308852783,-1.086344569703268,-1.758246602155701,0.0
2,592,73.8412350887296,78.09517769686124,-1.1712359203007772,-1.9676612311741462,0.0
2,593,73.73711573535206,77.90557837394942,-0.9111511472510525,-1.8243252270607044,0.0
2,594,73.64414326900987,77.70834746625724,-0.9482981795934311,-2.1202929267824757,0.0
2,595,73.5362366098268,77.49280353662266,-1.2098350040688821,-2.19058566590828,0.0
2,596,73.40886341011856,77.26741402576556,-1.3376289900963592,-2.317204551233356,0.0
2,597,73.2817560881233,77.04689711572917,-1.2045174498100746,-2.093133649493158,0.0
2,598,73.16222633430164,76.83957979511774,-1.1860776266232964,-2.0532127627343826,0.0
2,599,73.03536586715393,76.62799180825232,-1.3511317163323078,-2.17854697457404,0.0
2,600,72.88575442244098,76.39720181471603,-1.6410971779283354,-2.4372528961505857,0.0
2,601,72.70899158908787,76.16600243672917,-1.8941594891350135,-2.1867346635856144,0.0
2,602,72.52154018727049,75.95473234047233,-1.8548685472133712,-2.0386672615508914,0.0
2,603,72.33833981516977,75.74253963022716,-1.8091388948024996,-2.2051869433510127,0.0
2,604,72.16637363712402,75.52341669826183,-1.6301846661131236,-2.177271695953827,0.0
2,605,72.0061212440338,75.30120554517373,-1.574863195691492,-2.2669513658073797,0.0
2,606,71.8633176172599,75.08480258201621,-1.2812093397874662,-2.061107897342314,0.0
2,607,71.74784976062688,74.89057729072033,-1.0281477928746376,-1.823397928575309,0.0
2,608,71.6497088723022,74.70492010699934,-0.9346699736209878,-1.8897457458443032,0.0
2,609,71.54206890468276,74.50200585184155,-1.218129378768916,-2.1685393573116407,0.0
2,610,71.40584852349502,74.29430014666832,-1.5062782449878522,-1.985574746151764,0.0
2,611,71.26562475872072,74.11032880809853,-1.2981970504988283,-1.6938520252424798,0.0
2,612,71.14306799311294,73.92989437218296,-1.1529382616569066,-1.9148366930683025,0.0
2,613,71.01644891547312,73.73066964385987,-1.3794432911411363,-2.0696578733935276,0.0
2,614,70.87362405076283,73.51465691980252,-1.4770540030666712,-2.2505966077516746,0.0
2,615,70.71417426006747,73.27830650990666,-1.7119418108426352,-2.476411590164286,0.0
2,616,70.54762903020014,73.04373561164164,-1.618962786505314,-2.2150063751359035,0.0
2,617,70.37519805851343,72.82434984109295,-1.8296566472304292,-2.172709035835638,0.0
2,618,70.19190611190811,72.6067627982793,-1.8361822848760152,-2.179031820437313,0.0
2,619,70.00908155270179,72.39469683685525,-1.8203088992514331,-2.0622874080421667,0.0
2,620,69.84121265664794,72.19510720260428,-1.5370690218267775,-1.929505276975112,0.0
2,621,69.69045214461869,72.00450168845168,-1.4781412187587613,-1.882605006075396,0.0
2,622,69.5475001356541,71.81763070632178,-1.3808989605350366,-1.854814636521077,0.0
2,623,69.42124975091872,71.63248306217372,-1.1441087341743117,-1.848138246439449,0.0
2,624,69.2943479017066,71.45766650750306,-1.3939282500689263,-1.6481928469736804,0.0
2,625,69.16379403415817,71.30652940951336,-1.2171491009013131,-1.3745491128203167,0.0
2,626,69.05428492415012,71.18244924277508,-0.9730330992606113,-1.1070542219437485,0.0
2,627,68.96039933483155,71.07748586144191,-0.9046786871118879,-0.9922134047185569,0.0
2,628,68.87139183585816,70.9803861213195,-0.8754712923562789,-0.9497813977296179,0.0
2,629,68.77661208150812,70.87339380231924,-1.0201237946457873,-1.1900649822747944,0.0
2,630,68.6612449322107,70.76558098236796,-1.2872191913025528,-0.9661914167490249,0.0
2,631,68.52364605503033,70.65950455480527,-1.4647583523058394,-1.1553371345049328,0.0
2,632,68.38337952999143,70.5401303016489,-1.340572148472594,-1.2321479286205204,0.0
2,633,68.25627720422426,70.4157640099919,-1.201474366871718,-1.255177904517618,0.0
2,634,68.14225661695934,70.30506316734466,-1.0789373784282876,-0.9588389484254236,0.0
2,635,68.04188200602334,70.20347532405901,-0.9285548402927368,-1.0729179172853147,0.0
2,636,67.94036620727297,70.1062566274428,-1.1017611347159697,-0.8714560150377757,0.0
2,637,67.83514342383091,70.00592919897508,-1.0026945341266806,-1.135092554314955,0.0
2,638,67.73649977636296,69.89911136886474,-0.9701784152338888,-1.001264047891265,0.0
2,639,67.64356822843547,69.79087965470558,-0.8884525433168466,-1.163370235290099,0.0
2,640,67.54204393918735,69.66423138212201,-1.1420332416474483,-1.3695952163798104,0.0
2,641,67.41326394394332,69.52697076070058,-1.4335666632346484,-1.3756172120469419,0.0
2,642,67.27793203701526,69.38092618630355,-1.273071475328198,-1.5452742758917264,0.0
2,643,67.16221485356812,69.23012876433677,-1.0412721936160612,-1.4706741634422809,0.0
2,644,67.05606061492949,69.08642397905578,-1.0818125791565905,-1.4034215421772718,0.0
2,645,66.94907272506589,68.94197910247738,-1.0579452181157851,-1.4854759893889664,0.0
2,646,66.84398277684772,68.79005289884253,-1.0438537462479456,-1.5530480833076368,0.0
2,647,66.72844407238767,68.6419875449825,-1.2669203429532843,-1.4082589938925665,0.0
2,648,66.61458574263668,68.48882642402566,-1.0102462520675743,-1.6549634252425012,0.0
2,649,66.50690679262561,68.32762663870585,-1.1433327481542754,-1.5690322811522872,0.0
2,650,66.3852425794513,68.17430572765909,-1.2899515153329073,-1.497385939780953,0.0
2,651,66.27054024046106,68.01133912361865,-1.004095264472813,-1.761946141027753,0.0
2,652,66.1801614412758,67.84338468744295,-0.8034807192327165,-1.597142582486084,0.0
2,653,66.09609657130363,67.68957250798735,-0.8778166802116942,-1.479101006624564,0.0
2,654,65.99947525210848,67.52973871483402,-1.0546097036927957,-1.7175748564400806,0.0
2,655,65.88914492622393,67.36925928830556,-1.151996814000153,-1.4920136741274366,0.0
2,656,65.75947613626715,67.21711563562224,-1.4413789851367262,-1.5508593795378314,0.0
2,657,65.6247875893107,67.04751956783502,-1.2523919539942803,-1.8410619762055802,0.0
2,658,65.4872008460303,66.85482496137763,-1.4993429116155905,-2.0128301529421826,0.0
2,659,65.32411872167052,66.65585200838825,-1.7622995755808297,-1.9666289068451412,0.0
2,660,65.15842569582287,66.46178389462841,-1.5515609413722142,-1.9147333683506922,0.0
2,661,65.00239754384154,66.28453631126956,-1.5690020982554973,-1.6302182988246585,0.0
2,662,64.84729655927845,66.1092236066138,-1.5330175930071892,-1.8760357942901766,0.0
2,663,64.70364079695901,65.91275583714253,-1.340097653382804,-2.0533195951339174,0.0
2,664,64.55870152816988,65.72165481011007,-1.5586877224016593,-1.7687009455138885,0.0
2,665,64.40183020477934,65.53830793745863,-1.5787387454107726,-1.8982365075132481,0.0
2,666,64.2474679329448,65.36064112990391,-1.508506691281264,-1.6550996435793195,0.0
2,667,64.10333139146951,65.18346060052522,-1.374224138225303,-1.8885109439937047,0.0
2,668,63.95216462394092,64.98785679025445,-1.6491112123482985,-2.0235652614213215,0.0
2,669,63.790581134061995,64.79084422536164,-1.58255858523159,-1.9166860364345997,0.0
2,670,63.61929216214662,64.61012882521129,-1.8432208530770797,-1.6976219665715693,0.0
2,671,63.44324418636404,64.4266277528701,-1.677738662575699,-1.972399480250841,0.0
2,672,63.264842364518586,64.23864466178429,-1.8902977743334066,-1.7872623414635935,0.0
2,673,63.06683303234104,64.05925266078282,-2.0698888692176887,-1.8005776785652081,0.0
2,674,62.85440641265927,63.886442350728316,-2.178643524418119,-1.6556285225229548,0.0
2,675,62.62266812879352,63.730032547939686,-2.45612215289791,-1.4725675332476982,0.0
2,676,62.3824032340292,63.571148100433106,-2.3491757423895123,-1.7051214168833617,0.0
2,677,62.143735179139185,63.405831338877874,-2.4241853554127175,-1.6012138142197365,0.0
2,678,61.900708541241556,63.255986246019006,-2.43634740254123,-1.395688042956042,0.0
2,679,61.64503592860615,63.10238408247301,-2.6771048501668027,-1.6763552279623628,0.0
2,680,61.37339504953036,62.93268559535761,-2.7557127313491687,-1.717614514343758,0.0
2,681,61.11165430110054,62.773836607225576,-2.4791022372480125,-1.459365248296347,0.0
2,682,60.86715102632695,62.623615182559206,-2.4109632582247915,-1.5450632450311517,0.0
2,683,60.61149825204427,62.462258352851336,-2.7020922274290715,-1.682073349125174,0.0
2,684,60.34524823088145,62.28224449512038,-2.6229081958280283,-1.918203805492345,0.0
2,685,60.09422991375652,62.092308650569635,-2.397458146672504,-1.8805130855209313,0.0
2,686,59.85527976406797,61.89475493512555,-2.3815448470989846,-2.0705612233589363,0.0
2,687,59.62992792426053,61.69261861218695,-2.125491949051952,-1.9721652354122519,0.0
2,688,59.41014508820717,61.49566653202817,-2.270164772016594,-1.9668763677620333,0.0
2,689,59.19413420841829,61.29224400183432,-2.050052823761005,-2.1015742361137875,0.0
2,690,58.99378663655716,61.08272839939934,-1.9568986134625082,-2.0887378125853893,0.0
2,691,58.81228497898155,60.881596764835194,-1.6731345380513218,-1.933894878695817,0.0
2,692,58.64956698650997,60.684705344991016,-1.581225311381603,-2.003933518186262,0.0
2,693,58.50216778169204,60.469787432328985,-1.3667587849789449,-2.2944247350532514,0.0
2,694,58.368594876345014,60.228778455512725,-1.3046993219618557,-2.525754801271269,0.0
2,695,58.251792217888806,59.99096976489591,-1.031353847163608,-2.2304190110635957,0.0
2,696,58.14007524149304,59.7759679439946,-1.202985680753125,-2.069617406961491,0.0
2,697,58.01635622440983,59.57340647820581,-1.2713946609116515,-1.9816119088140969,0.0
2,698,57.8773295330127,59.36990560044205,-1.5091391670318117,-2.0884056464607177,0.0
2,699,57.71953882265461,59.160994253390186,-1.646675040131269,-2.0898212945747403,0.0
2,700,57.56642892950106,58.9575203504138,-1.4155228229410834,-1.9796567649529138,0.0
2,701,57.434100408211066,58.772142628455526,-1.231047602858709,-1.7278976742119188,0.0
2,702,57.32131632017126,58.607292609079195,-1.0246341579376672,-1.5691027133141873,0.0
2,703,57.21710886941469,58.44443722817289,-1.0595148571948503,-1.6880049048116987,0.0
2,704,57.10884319185914,58.27270750755861,-1.1057986939180253,-1.746589507472903,0.0
2,705,57.00997824199317,58.10794613389362,-0.8715003034024189,-1.5486379658253675,0.0
2,706,56.933863899698736,57.964236896120724,-0.6507865424879107,-1.3255467896308737,0.0
2,707,56.880567767955085,57.84612080201509,-0.4151360923863425,-1.0367750924815287,0.0
2,708,56.832906859698824,57.740991906781915,-0.5380820727418438,-1.065802812181552,0.0
2,709,56.78654295623039,57.64287466510325,-0.389195996629331,-0.896542021391447,0.0
2,710,56.760463061530345,57.54254320497034,-0.13240189737126684,-1.1100871812654667,0.0
2,711,56.74731176316857,57.41688647725971,-0.13062406986483843,-1.4030473729461974,0.0
2,712,56.74700340218692,57.271732776545036,0.1244568502287251,-1.5000266413454195,0.0
2,713,56.77130789696355,57.117287379109484,0.3616330453046608,-1.5888813073638506,0.0
2,714,56.814424805335875,56.95137133044648,0.50070512214179,-1.7294396658961588,0.0
2,715,56.85116726639683,56.782685209171404,0.2341440990752659,-1.644282759605261,0.0
2,716,56.87373439708949,56.626249560800034,0.21719851477775087,-1.4844302078219798,0.0
2,717,56.88167944198278,56.46345799192659,-0.05829761691314417,-1.7714011696467225,0.0
2,718,56.864773397004456,56.27519841764979,-0.27982328265635914,-1.9937903158884573,0.0
2,719,56.84424883059057,56.06147181525648,-0.13066804562020984,-2.280741731977642,0.0
2,720,56.83959242201058,55.839259791273776,0.03753987402153136,-2.163498747675675,0.0
2,721,56.848189171702074,55.60904126397088,0.13439511980652874,-2.440871798381277,0.0
2,722,56.865227053832996,55.37554343398392,0.20636252280942458,-2.229084801356965,0.0
2,723,56.87550604842943,55.151469098868574,-0.000782630882762092,-2.2524019009484704,0.0
2,724,56.880085478018145,54.92873023355844,0.09237122265725795,-2.2023754052525355,0.0
2,725,56.882499992735234,54.70142768794756,-0.044080928316407864,-2.3436755069633364,0.0
2,726,56.866294332636244,54.48132965301295,-0.280032273662707,-2.0582851917285296,0.0
2,727,56.83435504804527,54.27384698700109,-0.35875341815853545,-2.0913681285068826,0.0
2,728,56.809067356599826,54.0586923941006,-0.14700041075115955,-2.2117237295015286,0.0
2,729,56.78027921864066,53.844825132020674,-0.4287623484330787,-2.0656215120964596,0.0
2,730,56.73502863452927,53.62432149807762,-0.4762493337943514,-2.3444511667633883,0.0
2,731,56.682146204521246,53.3893208566293,-0.5813992663692691,-2.355561662202298,0.0
2,732,56.61705950008809,53.16205256771116,-0.7203348222931609,-2.1898041161592836,0.0
2,733,56.54451281937429,52.935191896033075,-0.7305987919829864,-2.347409317401727,0.0
2,734,56.47435041897688,52.69934105599498,-0.6726492159656132,-2.36960748335958,0.0
2,735,56.39525160440405,52.46922750526312,-0.9093270754898928,-2.2326635312767777,0.0
2,736,56.29663542345884,52.2598819124114,-1.0629965434131812,-1.9542483257559873,0.0
2,737,56.1885078972183,52.069807059607,-1.09955398139922,-1.8472487303306941,0.0
2,738,56.077034317899916,51.89353020941519,-1.12991760497086,-1.678288273503762,0.0
2,739,55.9663729159148,51.71142725379241,-1.083310434733873,-1.9637708389519268,0.0
2,740,55.85715554445369,51.50410113470059,-1.1010369944889469,-2.1827515428833557,0.0
2,741,55.75424939544462,51.28301037910069,-0.9570859856944907,-2.2390635691130107,0.0
2,742,55.670232693955995,51.05860949903854,-0.7232480440787334,-2.2489540321281503,0.0
2,743,55.60427288019821,50.83571136501348,-0.595948231076548,-2.2090086483708973,0.0
2,744,55.541244967039574,50.60845274809981,-0.6646100320976558,-2.3361636899012304,0.0
2,745,55.46520880202286,50.3644918212284,-0.8561132682355765,-2.543054847526708,0.0
2,746,55.37265984466603,50.112724223846385,-0.9948658789023241,-2.492297100112708,0.0
2,747,55.280725689145015,49.86592023804087,-0.8438172315173915,-2.4437826159970264,0.0
2,748,55.19000311447394,49.611382840393276,-0.9706342619054702,-2.6469653369546187,0.0
2,749,55.095665852723414,49.35545692548578,-0.9161109731024624,-2.4715529611968705,0.0
2,750,54.99809186947164,49.11014884845952,-1.0353686919326126,-2.4346085793290477,0.0
2,751,54.901746677786605,48.880698455497054,-0.8915351417683226,-2.154399279921332,0.0
2,752,54.825275971543306,48.670439320668265,-0.6378789830943408,-2.050783416654987,0.0
2,753,54.747194325177134,48.4671367469158,-0.9237539442259646,-2.015268058394856,0.0
2,754,54.64746781011149,48.26692926577721,-1.0707763570877376,-1.9888815643793514,0.0
2,755,54.55041998851061,48.0663617232492,-0.8701800749273474,-2.02246928618181,0.0
2,756,54.46463524417959,47.87339130473288,-0.845514811691233,-1.8369390841465147,0.0
2,757,54.38222721352736,47.68309959475232,-0.8026458013539823,-1.968895115465335,0.0
2,758,54.30249608538179,47.49408814555386,-0.79197676155548,-1.8113338685043328,0.0
2,759,54.2085330768673,47.32134486535983,-1.087283408732274,-1.6435317353765289,0.0
2,760,54.088406718150964,47.15969119114038,-1.3152437655910543,-1.589541749014419,0.0
2,761,53.965662662854584,46.990386869847384,-1.1396373403374493,-1.7965446768464854,0.0
2,762,53.84077456677551,46.808860456274374,-1.3581245812421638,-1.8339835946138994,0.0
2,763,53.709867305809894,46.61921367744219,-1.2600206380679992,-1.958951982030115,0.0
2,764,53.57356702215543,46.41364033222851,-1.4659850350183934,-2.152514922244581,0.0
2,765,53.43525549138758,46.19358373362331,-1.3002455803355417,-2.248617049860279,0.0
2,766,53.3089174637787,45.972154023700455,-1.2265149718407429,-2.1799771485976613,0.0
2,767,53.17687522864412,45.76645849056092,-1.4143297308477916,-1.9339335141945408,0.0
2,768,53.02867481429416,45.568730442095784,-1.549678556148418,-2.0206274551105174,0.0
2,769,52.864041294958724,45.37032204717832,-1.7429918305579228,-1.947540443239042,0.0
2,770,52.68094805909641,45.160612715378306,-1.9188728866857794,-2.2466461927616095,0.0
2,771,52.4742619960989,44.94811452552233,-2.2148483732641644,-2.003317604358468,0.0
2,772,52.25407655382969,44.736524549357455,-2.188860472117124,-2.228481918939206,0.0
2,773,52.024949533305744,44.51389954534227,-2.39367993836105,-2.224018161366182,0.0
2,774,51.78156198827105,44.28198631662826,-2.474070962330856,-2.414246412915503,0.0
2,775,51.533371563913306,44.042676055839024,-2.4897375248225053,-2.3719588028695924,0.0
2,776,51.29405245907947,43.800104269671124,-2.296644571853042,-2.479476920489546,0.0
2,777,51.06566332062812,43.55623565997246,-2.271138197172469,-2.397895273484391,0.0
2,778,50.85288311177669,43.309108893805956,-1.9844659798527449,-2.5446400498458814,0.0
2,779,50.64919674068142,43.05938308065697,-2.08926144205042,-2.449876213133223,0.0
2,780,50.438586064510446,42.81870013626758,-2.1229520813662166,-2.3637826746576778,0.0
2,781,50.22590764337906,42.57393366391716,-2.1306163412603087,-2.5315467723506515,0.0
2,782,50.016827029072374,42.32449796937408,-2.0509959448717794,-2.4571671185127997,0.0
2,783,49.81223989954424,42.077844967720694,-2.040746645690229,-2.4758929145568693,0.0
2,784,49.598107563186886,41.82421386965211,-2.2419000814567003,-2.5967290468164705,0.0
2,785,49.386309909827105,41.564196375307574,-1.9940529857394385,-2.603620840073887,0.0
2,786,49.17933560679489,41.314441907308264,-2.1454330749058013,-2.391468519912074,0.0
2,787,48.95559226092382,41.08687260667011,-2.329433842515302,-2.1599174928509797,0.0
2,788,48.720417689689384,40.87172887161546,-2.374057582170572,-2.142957208242535,0.0
2,789,48.48796942310014,40.667955994863405,-2.2749077496141012,-1.9325003267989302,0.0
2,790,48.27136128845814,40.4620772259309,-2.057254943225134,-2.1850750518513564,0.0
2,791,48.07023311226726,40.229077825785,-1.965308580589701,-2.4749129510682586,0.0
2,792,47.88636711922277,39.98541672987358,-1.7120112803010112,-2.398308967159334,0.0
2,793,47.718649133062854,39.75899986111608,-1.6423484428977027,-2.1300284079904905,0.0
2,794,47.54804366618009,39.53217375477311,-1.7697608947556933,-2.406493718870774,0.0
2,795,47.37186952991078,39.2800258145935,-1.7537218306270237,-2.6364650847236,0.0
2,796,47.20140799179171,39.022524675349814,-1.6555089317514575,-2.5135577001532035,0.0
2,797,47.02601376882831,38.76549788635111,-1.8523755275147344,-2.6269780798205993,0.0
2,798,46.83429395623466,38.51330176586475,-1.98202072435633,-2.416944329909178,0.0
2,799,46.62682947968278,38.26725587326746,-2.167268806681541,-2.503973522038198,0.0
2,800,46.40928855874995,38.031414154974755,-2.183549611972156,-2.2128608438151005,0.0
2,801,46.19217016943435,37.8176214910643,-2.158818174340272,-2.0629924343933332,0.0
2,802,45.96642823015077,37.618074776670255,-2.3560206113286917,-1.9279418534883543,0.0
2,803,45.73405961293315,37.42465069304967,-2.2913517330223687,-1.9405398189265668,0.0
2,804,45.49890321256771,37.239718126634216,-2.4117762742830706,-1.7581115093853548,0.0
2,805,45.25156601267645,37.07461883148744,-2.5349677235392765,-1.5438743935524855,0.0
2,806,44.99751389100834,36.92944474843421,-2.546074709820939,-1.359607267512418,0.0
2,807,44.74213950094736,36.7862285122485,-2.561413091395414,-1.5047174562044425,0.0
2,808,44.477570897448004,36.639443641597154,-2.7299589785883835,-1.4309799568244301,0.0
2,809,44.19575183621714,36.4956355633758,-2.9064222460288107,-1.4451816076048143,0.0
2,810,43.896099264036366,36.35785425304448,-3.0866291975839975,-1.310444599021185,0.0
2,811,43.59920463171011,36.21311076148049,-2.851263448941129,-1.58442523225912,0.0
2,812,43.31668887987689,36.04495488831617,-2.7990515877238717,-1.7786922310296323,0.0
2,813,43.023642572692324,35.8582213986183,-3.061874555964657,-1.9559775629305847,0.0
2,814,42.72507403525128,35.66288523779576,-2.909496192855883,-1.950745653522345,0.0
2,815,42.42759441281896,35.461443503155806,-3.040096255790237,-2.078089039276705,0.0
2,816,42.115851154569555,35.24206441625779,-3.194768909198741,-2.3094926986826536,0.0
2,817,41.804771858590584,34.99630127771479,-3.0268170103800713,-2.60577007217719,0.0
2,818,41.49348578048125,34.73656778004329,-3.1989045518035244,-2.5888998812550668,0.0
2,819,41.159169522059756,34.48848647250088,-3.4874206166263964,-2.3727262695926363,0.0
2,820,40.80721590850726,34.24147589392783,-3.551651654423285,-2.567485301869354,0.0
2,821,40.444120013406746,33.99128719638702,-3.7102662475871035,-2.43628864894632,0.0
2,822,40.06842160545693,33.76109937789079,-3.8037019114079715,-2.1674677209803974,0.0
2,823,39.68270478140926,33.54687595524547,-3.910634569545376,-2.117000731925142,0.0
2,824,39.30462470558086,33.338460171730276,-3.6509669470199047,-2.051314938381342,0.0
2,825,38.9259825771278,33.13569183606364,-3.92187562204111,-2.00405177495249,0.0
2,826,38.52269262931645,32.92443976892673,-4.143923334184237,-2.220989567787914,0.0
2,827,38.118007014741124,32.68772223159999,-3.9497889573193685,-2.513361178746358,0.0
2,828,37.71432464890722,32.43642622409607,-4.123858359356269,-2.51255897133138,0.0
2,829,37.301250992335326,32.19683986324958,-4.1376147720802035,-2.2791682455984024,0.0
2,830,36.880212334883254,31.960992295981896,-4.283158376957726,-2.43778309975432,0.0
2,831,36.4594958937173,31.72830010220514,-4.131170446360503,-2.2160607757837667,0.0
2,832,36.06122185500158,31.520751127645553,-3.8343103279525828,-1.9349187154102996,0.0
2,833,35.66446900430719,31.312677100791234,-4.100746685932874,-2.226561821679102,0.0
2,834,35.255983620177176,31.082217243538707,-4.068960996667421,-2.3826353233735666,0.0
2,835,34.84567581702163,30.831662100149742,-4.137195066440542,-2.6284675444091867,0.0
2,836,34.429551080861756,30.57378165293312,-4.185299656756246,-2.529141399926065,0.0
2,837,34.0160045680409,30.31145645089532,-4.085630599659044,-2.7173626408296734,0.0
2,838,33.60746612907565,30.045301875125688,-4.085138179643744,-2.6057288745639298,0.0
2,839,33.18866315260311,29.772024960630915,-4.29092134980468,-2.8598094153333626,0.0
2,840,32.7703272921201,29.479037022840657,-4.075795859855521,-2.9999493404711153,0.0
2,841,32.36782260454447,29.193567489707448,-3.9742978916546754,-2.709441322195069,0.0
2,842,31.956696292301785,28.91386296129417,-4.248228353197174,-2.8846492460733906,0.0
2,843,31.528338606487296,28.639549870108794,-4.318925363089855,-2.6016125776359793,0.0
2,844,31.106602759508178,28.39125783883719,-4.11579157648908,-2.364228047797077,0.0
2,845,30.695086979535063,28.168420257482012,-4.114524022973887,-2.0925235793072403,0.0
2,846,30.290757607270052,27.972104562887125,-3.972063422325629,-1.8337903125908817,0.0
2,847,29.888417032771486,27.794196910330584,-4.074748067644661,-1.724362738542025,0.0
2,848,29.490580325897326,27.625148901850935,-3.881986069839357,-1.6565974310506277,0.0
2,849,29.108627939239796,27.45342134402199,-3.7570616633088356,-1.7779537255310398,0.0
2,850,28.747766191752362,27.283169807222976,-3.4601732864393675,-1.6270770104510373,0.0
2,851,28.415833837177615,27.113130300026114,-3.178473805054507,-1.773713133485483,0.0
2,852,28.09185536168252,26.93816370040804,-3.301095704848123,-1.7256188588773114,0.0
2,853,27.766443154326453,26.762131342378325,-3.207148442271329,-1.7950283017174335,0.0
2,854,27.43291812799248,26.581501810532018,-3.463352084405086,-1.8175623352092334,0.0
2,855,27.093232539263454,26.414094267700193,-3.3303596901740438,-1.530588521428868,0.0
2,856,26.770835234513925,26.26628361248686,-3.1175864048142152,-1.4256245828396104,0.0
2,857,26.467763651546193,26.117144835230192,-2.943845254540964,-1.5571509622950543,0.0
2,858,26.187687519653764,25.96282399342772,-2.6576773833053355,-1.5292658737553921,0.0
2,859,25.93517547223246,25.80794526208365,-2.39256356512003,-1.5683087531293225,0.0
2,860,25.683425257596582,25.644037199002696,-2.6424407275968385,-1.7098525084891811,0.0
2,861,25.41374161493286,25.47608100284674,-2.751232125676758,-1.649271414631853,0.0
2,862,25.138507340748674,25.301362185101198,-2.753453358005814,-1.845104940281594,0.0
2,863,24.87584392929716,25.106183806383797,-2.4998148710214867,-2.05846263406551,0.0
2,864,24.633483872873967,24.893412668031033,-2.3473862574430377,-2.196960132991684,0.0
2,865,24.385066048494537,24.673366599565725,-2.6209702301428894,-2.2039612363156564,0.0
2,866,24.131503301350676,24.445922380016327,-2.450284712732273,-2.344923154671676,0.0
2,867,23.87914919157106,24.201574136421414,-2.596797482857987,-2.5420417172258496,0.0
2,868,23.625908310908926,23.954780423953252,-2.468020130383941,-2.3938325321384433,0.0
2,869,23.391890694754693,23.726838356295048,-2.2123321926997477,-2.165008821027506,0.0
2,870,23.1604848732768,23.524221721380172,-2.415784236854634,-1.8873238772730918,0.0
2,871,22.923458003238466,23.334729484353147,-2.3247531639123995,-1.9025208632666182,0.0
2,872,22.684457946210614,23.145871154824363,-2.4552479766429354,-1.8746457273113961,0.0
2,873,22.42526224301946,22.961224078298073,-2.7286660871804997,-1.8182958032167207,0.0
2,874,22.16611803876276,22.771638596231696,-2.454217997950959,-1.9734138381098312,0.0
2,875,21.90795384687658,22.58175709475836,-2.7090658397722667,-1.8242161913564807,0.0
2,876,21.638085298215856,22.409157699920797,-2.6883051334392736,-1.6277717053945793,0.0
2,877,21.358570317858494,22.23274656396984,-2.901994473707786,-1.9004510136280004,0.0
2,878,21.057635763717826,22.05249453298302,-3.1166966091034407,-1.7045896061076782,0.0
2,879,20.73097029167593,21.882416390728622,-3.416612831733824,-1.6969732389837073,0.0
2,880,20.376189834968272,21.70761223173008,-3.6789963024163317,-1.7991099409900375,0.0
2,881,20.0144852381502,21.521837668439275,-3.5550956339433046,-1.9163813248252115,0.0
2,882,19.666636700866547,21.339612414909425,-3.4018751117290034,-1.7281237457726917,0.0
2,883,19.31816384808735,21.177382765078846,-3.567581943854492,-1.516469250841899,0.0
2,884,18.949615537013415,21.019245413388035,-3.803384277621431,-1.6462777829738169,0.0
2,885,18.55976679324658,20.855201756741053,-3.9935905977140624,-1.6345953499671815,0.0
2,886,18.16624671843033,20.706302912306683,-3.8768108986086123,-1.3433815387231522,0.0
2,887,17.781340962716058,20.558528745955073,-3.8213042156744432,-1.6121017883087774,0.0
2,888,17.38454197247529,20.395537366635608,-4.114675589138891,-1.6477257980820976,0.0
2,889,16.982619789460387,20.23326465949208,-3.9237680711564007,-1.5977283447877415,0.0
2,890,16.589065743380843,20.0815019827819,-3.9473128504354165,-1.4375251894192527,0.0
2,891,16.193068864396082,19.92710529763076,-3.97262472925922,-1.6504085136068039,0.0
2,892,15.803311099637995,19.757603813053038,-3.8225305658991644,-1.739621177946729,0.0
2,893,15.410017649387783,19.59399885992002,-4.043338439103971,-1.5324778847130105,0.0
2,894,15.014059665170862,19.44377116751639,-3.8758212452351977,-1.4720759633618883,0.0
2,895,14.638713971730112,19.295710708024217,-3.6310926235779313,-1.48913322648251,0.0
2,896,14.289994300342414,19.151851137779204,-3.343300804176513,-1.3880581784190316,0.0
2,897,13.969276814476189,19.01914825216545,-3.0710489131471164,-1.265999533858512,0.0
2,898,13.647195599437055,18.879159776186725,-3.370575387633613,-1.5337699857156988,0.0
2,899,13.295606146210503,18.72442229873195,-3.6612136768963595,-1.5609795633800303,0.0
2,900,12.933569512344775,18.56332228040924,-3.579519000418097,-1.661020803074198,0.0
2,901,12.583217200007994,18.395011834758634,-3.4275272463144635,-1.7051881099396802,0.0
2,902,12.240914647149339,18.22854539889545,-3.418523810856456,-1.6241406073243976,0.0
2,903,11.912041857566464,18.060258241472184,-3.158931980798245,-1.7416025411402032,0.0
2,904,11.587232116080258,17.879065931848118,-3.337262848926823,-1.8822436513441314,0.0
2,905,11.2442669749571,17.702689651293895,-3.5220399735328165,-1.6452819597396324,0.0
2,906,10.879649242141568,17.55203539173067,-3.770314682777551,-1.367803231524503,0.0
2,907,10.492226422608383,17.427061984604507,-3.97814170788479,-1.1316649110012555,0.0
2,908,10.089319460749493,17.30168707765256,-4.079997529289562,-1.3758332280384415,0.0
2,909,9.67421650544793,17.178642730618776,-4.22206157673865,-1.0850537126366628,0.0
2,910,9.252157351872711,17.074992907373144,-4.219121494764266,-0.9879427522751563,0.0
2,911,8.828239707807597,16.967426692345725,-4.259231386535696,-1.1633815482722447,0.0
2,912,8.401048303750486,16.842015949662937,-4.284596694605019,-1.344833305383693,0.0
2,913,7.964949613760837,16.69677180776057,-4.4373771051856234,-1.560049532666488,0.0
2,914,7.510620260159612,16.538087426615448,-4.64920996683594,-1.6136380902382097,0.0
2,915,7.049364370876674,16.3906105953522,-4.575907818821856,-1.3358985350258745,0.0
2,916,6.618023791206269,16.226142788689913,-4.050903774586564,-1.9534575982200355,-5.0
2,917,6.2319274598598895,16.00177746135978,-3.67102285233843,-2.5338489483834525,-5.0
2,918,5.855377733044406,15.753511238767942,-3.8599716839729172,-2.4314755034498337,0.0
2,919,5.4778205647503455,15.498473771384624,-3.6911716819085747,-2.6692738442156294,0.0
2,920,5.110120333204804,15.226425215466179,-3.6628329490048745,-2.771697274152192,0.0
2,921,4.745100615096817,14.94448159227909,-3.6375614131578295,-2.867175189586982,0.0
2,922,4.389694438924153,14.645993331109366,-3.47056211029542,-3.1025900338079886,0.0
2,923,4.055385298870533,14.341433238393847,-3.215620690779634,-2.988611820499605,0.0
2,924,3.748216698475062,14.037078986582628,-2.9277513171292266,-3.0984732157223362,0.0
2,925,3.4633035124611524,13.738537173251643,-2.770512403149846,-2.8723630508937212,0.0
2,926,3.176628478697239,13.453093012356476,-2.962988272131989,-2.8365201670060785,0.0
2,927,2.8893608404937368,13.181275206130067,-2.7823644919382,-2.599835957522785,0.0
2,928,2.6039242321269285,12.91195537081262,-2.9263676753981933,-2.78656074882624,0.0
2,929,2.3011712678969616,12.646670278720876,-3.1286916092025336,-2.5191410930059934,0.0
2,930,1.9801483672592894,12.38318484229194,-3.291766403552451,-2.7505676355726827,0.0
2,931,1.6433273192380966,12.111944965932707,-3.4446545568711286,-2.6742298916082774,0.0
2,932,1.2900152405059089,11.859125792319674,-3.621587017774756,-2.3821535806529823,0.0
2,933,0.9379678374918967,11.626750556563366,-3.4193610425087524,-2.2653511344706825,0.0
2,934,0.5854981354975735,11.403367731655635,-3.630032997380031,-2.2023053636836565,0.0
2,935,0.2389237482095723,11.146868543411983,-3.3014547483799657,-2.927678401192713,-5.0
2,936,-0.09246406561851472,10.85049068719809,-3.326301528180556,-2.9998787230835333,0.0
3,0,46.19946445322476,23.09973222661238,0.0,0.0,0.0
3,1,46.17740484448706,23.119891899119125,-0.4411921747541836,0.4031934501348555,3.0
3,2,46.11613907368004,23.188491752984643,-0.7841232413860357,0.9688036271755767,3.0
3,3,46.019244959750665,23.290521598696614,-1.1537590372014144,1.0717932870638762,3.0
3,4,45.877941652053906,23.403324160310945,-1.6723071167338013,1.1842579452226705,3.0
3,5,45.69859234070351,23.540235612017916,-1.914679110274001,1.5539710889168408,3.0
3,6,45.48899867940864,23.719122125849776,-2.277194115623665,2.023759187720291,3.0
3,7,45.250933547789714,23.946734539204016,-2.484108516754816,2.5284890793645154,3.0
3,8,44.9738560014021,24.20079622830249,-3.0574424109975666,2.5527447026049828,3.0
3,9,44.66494556670791,24.458747035958098,-3.1207662828862848,2.606271450507201,3.0
3,10,44.342335272505736,24.719422413512028,-3.331439601157106,2.6072361005713756,3.0
3,11,43.995327149005035,24.99498125857599,-3.608722868856818,2.9039408007077743,3.0
3,12,43.62032223423819,25.30964745865768,-3.8913754264802254,3.389383200926037,3.0
3,13,43.22766124690127,25.675375961197023,-3.9618443202579954,3.925186849860813,3.0
3,14,42.84585151973015,26.078473141195136,-3.6743502231644563,4.136756750101505,0.0
3,15,42.47298112545896,26.507146203839373,-3.7830576622593153,4.436704502783183,0.0
3,16,42.10870156733765,26.94060615306139,-3.5025335001669653,4.232494481657181,0.0
3,17,41.74466461037829,27.368119487094585,-3.778205639020241,4.317772199006761,0.0
3,18,41.37080815841826,27.813125665773136,-3.698923400180311,4.582351374564219,0.0
3,19,40.99804087695367,28.261845126098567,-3.756422229111429,4.392037831944419,0.0
3,20,40.63090338263589,28.69120690736993,-3.5863276572438547,4.195197793482777,0.0
3,21,40.27440167783743,29.09775697605341,-3.5437064387254207,3.9358035801867626,0.0
3,22,39.91250967181884,29.476678501972863,-3.6941336816464503,3.6426269382022642,0.0
3,23,39.546205029842554,29.842069377664565,-3.631959157879278,3.6651905756317174,0.0
3,24,39.17131657779488,30.20512018381124,-3.865809883074096,3.5958255473016845,0.0
3,25,38.77423885479325,30.56975287024604,-4.0757445769583125,3.696828181394336,0.0
3,26,38.36759122092509,30.947159468070403,-4.057208100404756,3.8513037750927985,0.0
3,27,37.96298490482073,31.330849160442504,-4.034918221682453,3.8224900723491437,0.0
3,28,37.566411958841485,31.722574647376454,-3.8965406979024113,4.012019666329833,0.0
3,29,37.16530164135223,32.12954646254283,-4.125665651882581,4.127416636997523,0.0
3,30,36.758416967927715,32.54272990567898,-4.012027816607526,4.136252225725528,0.0
3,31,36.34980323640889,32.96476076166082,-4.160246813769033,4.304364893911133,0.0
3,32,35.946028849341246,33.400475426142464,-3.915240927583742,4.409928395721655,0.0
3,33,35.56488650489527,33.83934843078539,-3.7076059613357355,4.367531697136789,0.0
3,34,35.20764425199317,34.27538006339987,-3.4372390967060653,4.3531009551527795,0.0
3,35,34.856987488714225,34.702639125316516,-3.5758961688728323,4.192080283180008,0.0
3,36,34.493646876943544,35.12396851661649,-3.690916066540739,4.234507542819461,0.0
3,37,34.12332882703545,35.559279398041895,-3.7154449316211586,4.471710085688544,0.0
3,38,33.76635299138587,35.992601015493605,-3.4240717813702854,4.194722263345456,0.0
3,39,33.43326217233273,36.397903162960894,-3.237744599692544,3.9113206860002627,0.0
3,40,33.119220981358225,36.79669846773714,-3.043079219797395,4.064585409524497,0.0
3,41,32.80719488709882,37.188403321163065,-3.197442665390767,3.769511658994041,0.0
3,42,32.49134028450159,37.57153921260095,-3.1196493865537693,3.8932061697636513,0.0
3,43,32.17409716988092,37.964849640395954,-3.225212905859575,3.9730023861362387,0.0
3,44,31.855882978688797,38.36466996566803,-3.1390709179829432,4.0234041193051855,0.0
3,45,31.56132959499888,38.7396524880392,-2.7519967558155507,3.4762463281182168,-5.0
3,46,31.29647175175232,39.068480277648334,-2.5451601091156277,3.100309464064564,-5.0
3,47,31.074076304414234,39.3624132202832,-1.9027488376461061,2.77834938863268,-5.0
3,48,30.901254806121457,39.60171723940712,-1.553681128209396,2.007730993845673,-5.0
3,49,30.776313078348394,39.78788593074216,-0.9451534272518476,1.7156428328552806,-5.0
3,50,30.678573003631726,39.970941748079746,-1.009648067081521,1.9454735138963546,0.0
3,51,30.585465300817702,40.17114487459614,-0.8525059891987699,2.0585890164314975,0.0
3,52,30.511740266757087,40.34185330153018,-0.6219946920134767,1.3555795222493465,-5.0
3,53,30.47547102966155,40.447815606792915,-0.10339004989728018,0.7636665830054028,-5.0
3,54,30.472832850501206,40.53266832144237,0.050626466690443905,0.9333877099838102,0.0
3,55,30.47613846888777,40.63390776658951,0.015485901040731775,1.0914011929589655,0.0
3,56,30.486458727455187,40.74193066988275,0.19091927030771494,1.0690568729059482,0.0
3,57,30.51782363697359,40.854359682254554,0.43637892006012713,1.1795233745302944,0.0
3,58,30.557535451646714,40.967673392481316,0.3578573734024548,1.0867508300050304,0.0
3,59,30.60278034611426,41.074373886003684,0.5470405159482503,1.0472590404424373,0.0
3,60,30.672334011470184,41.177679228153,0.8440327911703687,1.0188478025440233,0.0
3,61,30.753844334018765,41.27952633742164,0.7861736598009124,1.018094382828945,0.0
3,62,30.839173616428752,41.38755852245065,0.9204119883985236,1.1425493177512873,0.0
3,63,30.941400354897866,41.51223731314137,1.1241227809834946,1.351026496063172,0.0
3,64,31.054471465073533,41.64068538173656,1.1372994225297894,1.2179348758406192,0.0
3,65,31.17763734882041,41.770973948288116,1.3260182524075788,1.387836455190552,0.0
3,66,31.309700041896463,41.91446679048042,1.3152356091135573,1.4820203886555312,0.0
3,67,31.443429066238167,42.05132966508067,1.359344877720659,1.2552371033497423,0.0
3,68,31.57943643380014,42.176229934174884,1.3608024735186461,1.2427682785345109,0.0
3,69,31.70572510923978,42.28776093022057,1.1649710352738012,0.9878516423792174,0.0
3,70,31.814398304382905,42.3897146182146,1.0084928675887213,1.051222117501311,0.0
3,71,31.916089923047622,42.4876209606163,1.0253395057055457,0.906904730532716,0.0
3,72,32.021747813438765,42.588310246840706,1.0878183021170962,1.1068809939554587,0.0
3,73,32.13131841298227,42.685194171983014,1.1035936887526958,0.8307975088908588,0.0
3,74,32.228114428445934,42.753624105875716,0.8323266205207602,0.5378011689632771,0.0
3,75,32.322228662982695,42.806973185991296,1.049958070214359,0.5291804333484595,0.0
3,76,32.415509913367316,42.87144895734508,0.8156669374781753,0.7603349937274757,0.0
3,77,32.50740062774457,42.93838834838368,1.0221473500666036,0.5784528270446856,0.0
3,78,32.61544120028003,42.98663714170878,1.1386641006425755,0.38652303945732314,0.0
3,79,32.733838690486124,43.031746786890224,1.2292857034789613,0.5156698641716098,0.0
3,80,32.86292046051162,43.08152174959187,1.352349697031027,0.4798293898614112,0.0
3,81,32.99469489368866,43.13060473368482,1.2831389665097959,0.5018302919975195,0.0
3,82,33.108581577714375,43.187909684883834,0.9945947140042932,0.6442687319828195,0.0
3,83,33.213077869631235,43.25962950141718,1.095331124332553,0.7901275986842897,0.0
3,84,33.311228385410374,43.32386384592189,0.8676791912503514,0.49455929141019617,0.0
3,85,33.389396749255695,43.37541710951339,0.6956880856560872,0.5365059804200403,0.0
3,86,33.454651219409755,43.43252112416576,0.6094013174248349,0.6055743126275459,0.0
3,87,33.512156365173894,43.50606467135603,0.5407015978577157,0.8652966311780705,0.0
3,88,33.55625661405318,43.58040115188837,0.3413033797277869,0.6214329794688105,0.0
3,89,33.58415204752771,43.64340607555677,0.21660528976264892,0.6386654938992962,0.0
3,90,33.59889182456172,43.715336631957356,0.07819025091744791,0.799945634112678,0.0
3,91,33.6026400769351,43.79278489334176,-0.00322520344986188,0.7490195935754791,0.0
3,92,33.613258021334474,43.87858912304992,0.2155840914374174,0.9670650005878905,0.0
3,93,33.64816027805057,43.981911692595546,0.48246104288408986,1.0993863903246055,0.0
3,94,33.70001469917784,44.07940380851362,0.554627379661083,0.850455928037027,0.0
3,95,33.75057845781413,44.15617370448851,0.4566477930644268,0.6849419914608657,0.0
3,96,33.791624892483526,44.21779605311818,0.36428090032313065,0.5475049811327537,0.0
3,97,33.8349880233564,44.26390897319534,0.5029817171340163,0.3747534204106717,0.0
3,98,33.87903401801057,44.30275773828562,0.3779381759491969,0.40222188139496673,0.0
3,99,33.90293465645897,44.35186090306304,0.10007459301847632,0.5798414141536874,0.0
3,100,33.90995334489497,44.414368006320245,0.040299175701724366,0.6703006509904945,0.0
3,101,33.91238211752099,44.479089728611,0.008276276818550699,0.6241337948247807,0.0
3,102,33.91201699914015,44.54431750556313,-0.015578644435702671,0.6804217442178437,0.0
3,103,33.92299391076713,44.6129038107064,0.23511687697530803,0.691304358647777,0.0
3,104,33.95717327450035,44.687856445532404,0.448470397688876,0.8077483378723791,0.0
3,105,34.00885977648437,44.77362773763281,0.5852596419912057,0.9076775041357941,0.0
3,106,34.06886529726859,44.875978520351026,0.6148507736929503,1.139338150228463,0.0
3,107,34.12948397407652,44.98003661800854,0.5975227624653403,0.9418238029221886,0.0
3,108,34.19777024642167,45.081552476423894,0.7682026844373429,1.0884933653847444,0.0
3,109,34.2812736481757,45.181999041807984,0.9018653506430088,0.9204379422972746,0.0
3,110,34.37942229605221,45.27272479095822,1.0611076068871945,0.8940770407073622,0.0
3,111,34.49202915362031,45.36535099842672,1.1910295444745138,0.958447108662801,0.0
3,112,34.611782406154674,45.46929625149281,1.2040355062128363,1.1204579526592156,0.0
3,113,34.73333273978935,45.58849443475373,1.2269711664803147,1.2635057125595122,0.0
3,114,34.85677151978393,45.70683863849621,1.241804433411584,1.1033783622900817,0.0
3,115,34.99398918357559,45.83139510790366,1.5025488424215077,1.3877510258590515,0.0
3,116,35.14052634031279,45.97201480561483,1.4281942923222353,1.4246429283643067,0.0
3,117,35.27326941789937,46.10310181425925,1.2266672594092256,1.197097244524194,0.0
3,118,35.399550367184304,46.21839735215303,1.2989517262892214,1.108813513351393,0.0
3,119,35.52598477304667,46.33706190991509,1.2297363909579637,1.2644776418897532,0.0
3,120,35.65540936112197,46.45155144107929,1.3587553705478932,1.0253129813940038,0.0
3,121,35.79816732199146,46.560751863739114,1.4964038468415843,1.1586954718025808,0.0
3,122,35.93880653225702,46.66863708812417,1.3163803584697291,0.9990090158987055,0.0
3,123,36.066513971220104,46.75399609527335,1.2377684207916708,0.7081711270851034,0.0
3,124,36.17898202851208,46.81081443263494,1.0115927250476524,0.42819562014705426,0.0
3,125,36.290426394446484,46.86192295728796,1.2172945936404709,0.5939748729133925,0.0
3,126,36.42145219971778,46.9233092880597,1.40322151178502,0.6337517425217385,0.0
3,127,36.55663177932402,46.98404419811371,1.3003700803395866,0.5809464585583299,0.0
3,128,36.69705401070607,47.03229311267151,1.5080745473012769,0.3840318325976657,0.0
3,129,36.851332779106315,47.07830514683482,1.577500820703328,0.5362088506684373,0.0
3,130,36.99665061362418,47.12557648832728,1.3288558696536619,0.4092179791806103,0.0
3,131,37.11487163083777,47.16941460719522,1.03556447461769,0.46754439817854276,0.0
3,132,37.22288735231842,47.22266978607328,1.124749954995032,0.5975591793826389,0.0
3,133,37.32458147093621,47.27825223153732,0.909132417360679,0.5140897298983216,0.0
3,134,37.405310691973085,47.33022471354326,0.7054520033769851,0.5253599102207467,0.0
3,135,37.46930089691614,47.37527333954239,0.5743520954836896,0.3756126097620367,0.0
3,136,37.518574525336845,47.41413152694233,0.4111204729305502,0.40155113823681354,0.0
3,137,37.563188028792695,47.44332414064141,0.48114959618601993,0.18230113574463758,0.0
3,138,37.60097106702261,47.46512178356707,0.27451116841197276,0.2536517227686428,0.0
3,139,37.614696068881585,47.49050317453509,-1.1131232902528154e-05,0.2539760965920035,0.0
3,140,37.62219952428842,47.509079385793484,0.15008023936912807,0.11754812857617836,0.0
3,141,37.62409935012471,47.51833284997434,-0.11208372264324673,0.06752115504121114,0.0
3,142,37.62064113681885,47.530357857042304,0.04291945652627582,0.17297898631810682,0.0
3,143,37.631395275336786,47.53279077391102,0.17216331383247585,-0.1243206489435682,0.0
3,144,37.6360149121702,47.526810197840234,-0.07977057716411551,0.004709127527810608,0.0
3,145,37.63797135241657,47.525633610229505,0.11889938209149875,-0.028240879742131852,0.0
3,146,37.641935630575404,47.529860782785136,-0.03961381891551419,0.1127843308551082,0.0
3,147,37.65009084432154,47.52723300804263,0.20271809383854844,-0.1653398257051304,0.0
3,148,37.67072208419887,47.51735433514162,0.2099067037081035,-0.032233632314843774,0.0
3,149,37.69261975245189,47.51120602803809,0.22804666135251672,-0.09073250975582603,0.0
3,150,37.7162223083339,47.496134185515075,0.24400445628698364,-0.21070434070411892,0.0
3,151,37.75442689466837,47.485623353020316,0.5200872704025752,0.000487690809160668,0.0
3,152,37.79801103080291,47.480744432305215,0.3515954522884268,-0.0980661051108136,0.0
3,153,37.83423991606452,47.47019570722162,0.3729822529432827,-0.11290839656119367,0.0
3,154,37.857806605826624,47.45784067779235,0.09835154229848797,-0.1341921920240985,0.0
3,155,37.85703786027011,47.452906611365336,-0.11372645342914467,0.0355108634838448,0.0
3,156,37.84895555284595,47.445285719602396,-0.04791969505400573,-0.18792869874276086,0.0
3,157,37.85243740738696,47.43055420547594,0.1175567858741644,-0.10670158378617955,0.0
3,158,37.87288408751675,47.4261956193223,0.29137681672114546,0.019529860713465297,0.0
3,159,37.915267274336486,47.42030820394419,0.5562869196733384,-0.13727816827572958,0.0
3,160,37.95865777885376,47.40993933931199,0.3115231706725474,-0.07009912436794075,0.0
3,161,37.97993159972407,47.413690406099676,0.11395324673340568,0.14512046012189117,0.0
3,162,38.00234964592158,47.42871771950092,0.33440767721700126,0.15542580790312144,0.0
3,163,38.04510239527383,47.45669421476515,0.5206473098273996,0.40410409738153064,0.0
3,164,38.09733421951728,47.48226083160293,0.5239891750413932,0.10722823937392256,0.0
3,165,38.149733028977664,47.494404176189136,0.5239870141657317,0.13563865235033923,0.0
3,166,38.20498821838413,47.512210782794625,0.5811167739639096,0.22049347975979572,0.0
3,167,38.26953562912172,47.54678179565306,0.709831440787978,0.47092677740923783,0.0
3,168,38.33125384107848,47.59533118579745,0.524532798347261,0.5000610254787254,0.0
3,169,38.37994313577411,47.631393746209255,0.4492530955651155,0.22119018275753888,0.0
3,170,38.42120751806539,47.64740840416849,0.3760345502600533,0.09910297642721311,0.0
3,171,38.444196573427575,47.66147962862382,0.0837465569839857,0.18232151267978303,0.0
3,172,38.43776094578345,47.67651729437469,-0.21245910986649008,0.11843180233766581,0.0
3,173,38.42755664058717,47.67922739581962,0.008373005940367051,-0.06422977343864389,0.0
3,174,38.41614513839727,47.668667890336906,-0.23660304973860313,-0.14696033621553006,0.0
3,175,38.39736290833383,47.651342991683464,-0.1390415515298784,-0.1995376368533126,0.0
3,176,38.39169472804997,47.618921220949915,0.025677945852093487,-0.44889777781756734,0.0
3,177,38.3919796935881,47.571430349137614,-0.019978635089133334,-0.5009196584284101,0.0
3,178,38.39142780803962,47.52522036107845,0.008940924118972404,-0.42328010275488737,0.0
3,179,38.38039630835567,47.48955419307464,-0.22957091779773897,-0.29004325732119973,0.0
3,180,38.35807512545074,47.464763749649194,-0.21685274030043722,-0.20576561118738468,0.0
3,181,38.35119335669418,47.45608147543359,0.07921736516927602,0.03212012687522936,0.0
3,182,38.34588942046781,47.452322610338456,-0.18529608969697975,-0.1072974287777928,0.0
3,183,38.332971578710385,47.43207578691462,-0.07306074545146579,-0.2976390396985913,0.0
3,184,38.32987164744566,47.39490213122599,0.011062120157026456,-0.44583407407421305,0.0
3,185,38.3298396691722,47.343797732574586,-0.011701685626078984,-0.5762538989537695,0.0
3,186,38.3393172096537,47.297700981275,0.20125249525560918,-0.3456811270376665,0.0
3,187,38.357531490617816,47.25984135353758,0.1630331240263736,-0.411511427710737,0.0
3,188,38.377573174940096,47.220681945895365,0.2378005624195474,-0.37167672513375294,0.0
3,189,38.39398972020513,47.1982376963002,0.09053034288074713,-0.07720826676923842,0.0
3,190,38.40487200389816,47.17688264904143,0.1271153309797146,-0.3498926784057801,0.0
3,191,38.40751892833856,47.15395481282718,-0.07417684217177367,-0.10866404587905443,0.0
3,192,38.38928061996046,47.142636214148126,-0.2905893253899965,-0.11770792770170324,0.0
3,193,38.34677998174158,47.13055551536024,-0.5594234389875332,-0.1239060480563623,0.0
3,194,38.28969007937758,47.110034694095305,-0.5823746082922536,-0.2865103772425588,0.0
3,195,38.237348610419815,47.07839564213589,-0.46445477086339615,-0.34627066194593326,0.0
3,196,38.198356485723934,47.03382557355536,-0.315387723054366,-0.5451307096649014,0.0
3,197,38.16773256619172,46.99032675905869,-0.2970906675897691,-0.3248455802688941,0.0
3,198,38.13720982408262,46.964843979723696,-0.31336417459259813,-0.184810006431265,0.0
3,199,38.091681771182266,46.935532473453804,-0.5971968834140071,-0.4014201189661275,0.0
3,200,38.03275122836942,46.90586648145313,-0.5814139728427197,-0.19189972104692998,0.0
3,201,37.981796750513865,46.886206513373224,-0.43767558426821296,-0.20129964055099592,0.0
3,202,37.94655219442018,46.86414435884984,-0.26721553760604877,-0.2399434499168791,0.0
3,203,37.922269894382794,46.83051074411537,-0.21843046314203995,-0.4327288447724591,0.0
3,204,37.88940602021876,46.80011019063062,-0.43884702013853705,-0.17528222492279077,0.0
3,205,37.856019149015594,46.783073958157956,-0.22889040392534454,-0.16544242453024083,0.0
3,206,37.83725622742929,46.7786162320603,-0.14636802780120206,0.0762879025774037,0.0
3,207,37.81392399046251,46.77791796725762,-0.32027671153477044,-0.09025319863053127,0.0
3,208,37.771922305472856,46.770875509293205,-0.5197569882584485,-0.050595960658172956,0.0
3,209,37.731337607927344,46.7788435068901,-0.2919369626516648,0.20995591259658042,0.0
3,210,37.70165260963364,46.79222673365081,-0.3017630032226215,0.05770862261790022,0.0
3,211,37.67986866835554,46.79303891368011,-0.13391582233957067,-0.04146502203178137,0.0
3,212,37.67634758102338,46.78136368935753,0.06349407569607379,-0.19203946441901998,0.0
3,213,37.69178456437339,46.76457190139331,0.2452455913041085,-0.14379629486589174,0.0
3,214,37.71827527297455,46.74450242134179,0.2845685807195206,-0.25759330616430454,0.0
3,215,37.73688488080222,46.73108899297523,0.08762357583434444,-0.010675261167127914,0.0
3,216,37.73634808973691,46.722341868979186,-0.09835939714047193,-0.16426721875411943,0.0
3,217,37.727848019008434,46.70569105246824,-0.07164201742912368,-0.1687491114645301,0.0
3,218,37.70986173448097,46.695464513308764,-0.28808367311995475,-0.03578167172509161,0.0
3,219,37.68754117065458,46.68647378307884,-0.1583276034073844,-0.14403293287305807,0.0
3,220,37.67070248320846,46.686039610297826,-0.17844614551537497,0.13534947725344182,0.0
3,221,37.65866982806176,46.69180331957432,-0.06220695741893856,-0.02007529172336575,0.0
3,222,37.65163725019045,46.69770293574311,-0.07844460000696607,0.13806761509913912,0.0
3,223,37.651136508390834,46.71319718557112,0.06842976401442513,0.1718173814615227,0.0
3,224,37.66598723788877,46.730916207545874,0.22858482594431706,0.1825630580332458,0.0
3,225,37.68315387286498,46.74551961624786,0.11474787358008243,0.10950511600668733,0.0
3,226,37.70305452297339,46.762146316011695,0.28326512858786934,0.2230288792699504,0.0
3,227,37.740452109305295,46.78673667841525,0.464686598050422,0.26877836880160544,0.0
3,228,37.779773705567266,46.81532905012648,0.32174532718883775,0.3030690654229282,0.0
3,229,37.80557363383008,46.85280162550845,0.194253238067299,0.44638244221657786,0.0
3,230,37.83276600163026,46.90130108299667,0.3495941179367481,0.5236067075478879,0.0
3,231,37.876508737220036,46.9508614681277,0.5252605938590627,0.46760099507252306,0.0
3,232,37.937709003885345,47.002829956756045,0.6987447394468802,0.5717687774948228,0.0
3,233,38.00891496151388,47.04604680818295,0.7253744131239781,0.2925682510436154,0.0
3,234,38.08947032179009,47.08673724208063,0.8857327924002476,0.5212404269100865,0.0
3,235,38.18639821278248,47.137081640086365,1.0528250274472306,0.4856475332046095,0.0
3,236,38.29779450816659,47.19032599559267,1.1751008802343215,0.5792395769216316,0.0
3,237,38.42900502318071,47.24738773596886,1.4491094200476837,0.5619952306019265,0.0
3,238,38.57908220917261,47.294340723930475,1.5524342997898444,0.37706452863090334,0.0
3,239,38.743956013761874,47.33074973015846,1.7450417919954297,0.3511155959293468,0.0
3,240,38.92007499365184,47.35946135024244,1.7773378058040272,0.2231168057500188,0.0
3,241,39.08412016264259,47.37068091493643,1.50356557401129,0.0012744881296526955,0.0
3,242,39.24671175497957,47.370161638446746,1.7482662727278644,-0.01166001792275928,0.0
3,243,39.41851364858235,47.356811123308944,1.6877715993274087,-0.25535028483341016,0.0
3,244,39.57516577964276,47.3163189596487,1.445271021880167,-0.5544929883709724,0.0
3,245,39.70770637889683,47.250515741508764,1.2055409632007965,-0.7615713744279429,0.0
3,246,39.824630840181726,47.16793717305751,1.1329482624970453,-0.8899999945969714,0.0
3,247,39.92623533262281,47.06822913030027,0.8991415863242231,-1.104160860548017,0.0
3,248,40.006895837040645,46.9479642822962,0.7140685020328963,-1.3011360995331849,0.0
3,249,40.0768459773264,46.82182326860942,0.6849343036823825,-1.221684174202185,0.0
3,250,40.15253760991436,46.70012234025893,0.8288983480763399,-1.212334392807687,0.0
3,251,40.2300305754423,46.56488109293758,0.7209609624827742,-1.4924905536187154,0.0
3,252,40.31437629909698,46.40848032733658,0.9659535106111115,-1.635524758401452,0.0
3,253,40.404151931637955,46.236236969270465,0.8295591402083264,-1.8093424029211427,0.0
3,254,40.4992575795348,46.04487260430233,1.0725538177282523,-2.0179448964420494,0.0
3,255,40.60429588495913,45.84238255792826,1.0282122907583258,-2.0318560310388527,0.0
3,256,40.711488790842395,45.646008193072134,1.1156458269063592,-1.8956312660835941,0.0
3,257,40.83317515206642,45.453002313726756,1.318081397573934,-1.9644863208242924,0.0
3,258,40.964929653427816,45.25692640724532,1.3170086296537384,-1.9570318088047678,0.0
3,259,41.100471664099075,45.074131612494455,1.3938315837708615,-1.6988640862121613,0.0
3,260,41.254624999791645,44.90793061832943,1.6892351300799184,-1.6251557970877784,0.0
3,261,41.41881447975902,44.739956609371575,1.5945544692675782,-1.7343243820692535,0.0
3,262,41.5669202715178,44.5686806635984,1.367561365908056,-1.6911945333943912,0.0
3,263,41.70723105562058,44.4083973335774,1.4386543161478862,-1.514472067025462,0.0
3,264,41.86031418130909,44.24582311779676,1.6230081976223794,-1.7370122485870674,0.0
3,265,42.01321027169081,44.0598604867709,1.4349136100124085,-1.982240371929688,0.0
3,266,42.16564015495459,43.860606130157805,1.613684055262528,-2.002846760331959,0.0
3,267,42.3326717317596,43.662792654497025,1.7269474808372465,-1.953422752883121,0.0
3,268,42.50895844946132,43.46601489313849,1.7987868731964234,-1.9821324742872513,0.0
3,269,42.6769232961218,43.26750422929916,1.5605100600134278,-1.9880808024992547,0.0
3,270,42.82754017399651,43.067418054166296,1.4518274974807426,-2.0136427001575328,0.0
3,271,42.98247739362813,42.87684997395115,1.6469168951511826,-1.7977189041451922,0.0
3,272,43.134184226332366,42.708910503390996,1.3872197589336714,-1.5610705070573587,0.0
3,273,43.26858944341495,42.566479296428724,1.3008845827183642,-1.2875536321880396,0.0
3,274,43.412186310376285,42.429130248132196,1.5710527565087204,-1.4594273337428696,0.0
3,275,43.56028341571596,42.270237917424936,1.3908893502842687,-1.7184192804025002,0.0
3,276,43.690903733930725,42.10685507263935,1.2215170140114893,-1.5492376153086127,0.0
3,277,43.81332183112079,41.94897497334517,1.2268449297895359,-1.6083643705743675,0.0
3,278,43.93426494609599,41.79901797516226,1.1920173697145948,-1.3907755930834824,0.0
3,279,44.03978847013258,41.66471822238293,0.9184531110165199,-1.2952194625027182,0.0
3,280,44.13830184643217,41.54575518534358,1.0518144149749311,-1.0840412782838804,0.0
3,281,44.230008273735905,41.425260991798666,0.7823141310999198,-1.32584259261478,0.0
3,282,44.29389251748995,41.28840453689179,0.4953707439805708,-1.4112865055226536,0.0
3,283,44.34169618954661,41.152680505313526,0.4607026971529713,-1.30319412604279,0.0
3,284,44.39019513931146,41.01790398733249,0.5092762981444316,-1.3923362335780425,0.0
3,285,44.42769881932281,40.892290124736235,0.24079730208310224,-1.1199410183463883,0.0
3,286,44.4474470361514,40.77791176966144,0.15416703448815383,-1.1676260831498553,0.0
3,287,44.4684409578324,40.666453948225694,0.2657113991317779,-1.061530345564929,0.0
3,288,44.48785296959147,40.552007952785345,0.12252883604982578,-1.2273895632415055,0.0
3,289,44.49382635146475,40.4271689354656,-0.003061198584232372,-1.2693907831529465,0.0
3,290,44.506943813245584,40.314925692915835,0.2654104342007546,-0.9754740678419189,0.0
3,291,44.53893080367692,40.20774664618182,0.3743293744263365,-1.1681068668386878,0.0
3,292,44.56949685788851,40.092379308405725,0.23699170980584583,-1.13923988868331,0.0
3,293,44.59648380867958,39.96450454848241,0.30274730601595046,-1.418255309783202,0.0
3,294,44.62290932110767,39.83735019295534,0.22576294254603368,-1.124831800758237,0.0
3,295,44.65224213529211,39.72846985630713,0.3608933411426385,-1.0527749322055833,0.0
3,296,44.68963473648307,39.628947599879496,0.3869586826763367,-0.9376701963473035,0.0
3,297,44.73981962259552,39.54074725854957,0.6167390395727583,-0.8263366302515678,0.0
3,298,44.79622154624866,39.44621944656831,0.5112994334898247,-1.0642196093733318,0.0
3,299,44.834406331552316,39.34806119886798,0.25239627258331687,-0.8989453446336313,0.0
3,300,44.86976678528839,39.243795598500355,0.45481280213859243,-1.1863666627186689,0.0
3,301,44.926845599484125,39.13193407575653,0.686763481775861,-1.050863792157319,0.0
3,302,44.984104411499914,39.01533094659959,0.4584127585401241,-1.281198790981957,0.0
3,303,45.030552879875415,38.87916122936275,0.4705566089693054,-1.4421955537544413,0.0
3,304,45.064534336075155,38.7252989038837,0.20907251502491064,-1.6350509558267134,0.0
3,305,45.07100117753674,38.56489029282227,-0.07973568579305734,-1.5731212654016922,0.0
3,306,45.07284918040722,38.4209824879012,0.11669574320277931,-1.3050348330198176,0.0
3,307,45.07926178342865,38.292499163948946,0.011556317225785762,-1.2646316460252827,0.0
3,308,45.073892785601345,38.17746350941616,-0.11893627377259364,-1.0360814446308346,0.0
3,309,45.071977262278835,38.08187358467552,0.08062580732318736,-0.8757170501816258,0.0
3,310,45.07072941060727,37.98311289226086,-0.10558284075347757,-1.099496798111268,0.0
3,311,45.05878976065998,37.87214362491369,-0.13321015819168203,-1.1198885488319803,0.0
3,312,45.03090656378009,37.75072100225509,-0.424453779406587,-1.308563904339433,0.0
3,313,44.985633711676826,37.62209893201066,-0.48100326265935145,-1.2638775005495972,0.0
3,314,44.94683686926072,37.497192108766114,-0.2949335856634825,-1.2342589643409916,0.0
3,315,44.93037889026169,37.36065050746197,-0.03422599431622686,-1.4965730617420228,0.0
3,316,44.92525137791614,37.206821769343094,-0.06832425259421449,-1.5800017006358473,0.0
3,317,44.922822505160696,37.047877370458195,0.019746797484772927,-1.5988862770621424,0.0
3,318,44.920524971965904,36.87995632060512,-0.06569746138149313,-1.7595347199992197,0.0
3,319,44.90766833448532,36.70993363585097,-0.1914352882301973,-1.6409189750840056,0.0
3,320,44.8910913108993,36.53864048181538,-0.14010518348970002,-1.7849441056276731,0.0
3,321,44.872869390341464,36.36486504832419,-0.22433322766736197,-1.6905645641962685,0.0
3,322,44.86346139115602,36.190268326122634,0.03617324395836441,-1.8013698798344784,0.0
3,323,44.88094292172963,36.012763945096424,0.3134573675143404,-1.7487177406893153,0.0
3,324,44.897400582036596,35.84236283092457,0.015695838624131042,-1.6593045427471615,0.0
3,325,44.91347793665858,35.68544194512373,0.30585125381576006,-1.4791131732690772,0.0
3,326,44.94983324440108,35.52672163088562,0.4212549010348212,-1.6952931114928802,0.0
3,327,45.00177785674481,35.3663108234083,0.6176373458388831,-1.512923038053728,0.0
3,328,45.05265495814916,35.2260697989239,0.399904682247362,-1.2918974516342878,0.0
3,329,45.09557685149656,35.09486168995471,0.4585331846999825,-1.3322647277496245,0.0
3,330,45.14999264947443,34.95144002824151,0.629782774857901,-1.5361685065148265,0.0
3,331,45.203229517067314,34.8223892191059,0.43495457700045037,-1.0448476761968486,3.0
3,332,45.230089630349426,34.733790273556565,0.10224768864186906,-0.7271312347896988,3.0
3,333,45.25021605449558,34.658568169774185,0.3002807942832888,-0.777310840858604,0.0
3,334,45.288431408455835,34.57635825755705,0.46402628492288045,-0.8668874034851299,0.0
3,335,45.34590991723633,34.47865991894861,0.6855438906881375,-1.0870793686842433,0.0
3,336,45.397227633601005,34.390993615265074,0.3408104366059028,-0.6662467049870529,3.0
3,337,45.41342044818407,34.33666454743587,-0.016954144944435257,-0.4203346515966899,3.0
3,338,45.406504843559674,34.28866291320526,-0.12135794754308904,-0.5396980330153376,0.0
3,339,45.40485559409581,34.24922654789066,0.08837295826590719,-0.24902927327635993,0.0
3,340,45.403742842013,34.22609878071677,-0.11062799992140881,-0.21352607020100223,0.0
3,341,45.39934426576076,34.20996664883381,0.022656474875432764,-0.10911656745783205,0.0
3,342,45.3983999990819,34.20959241537855,-0.04154180845335986,0.1016318983531157,0.0
3,343,45.40121906831746,34.224264367996966,0.09792319316364839,0.19180715401487447,0.0
3,344,45.41299121503016,34.238416282108176,0.13751974109109355,0.09123112820914869,0.0
3,345,45.41644050947889,34.25715455143603,-0.06853385211750407,0.28353425834758283,0.0
3,346,45.3983510691404,34.272889342761346,-0.2932549546529515,0.031161568158573516,0.0
3,347,45.37358829110735,34.27222596737107,-0.20200060600818404,-0.04442907596369139,0.0
3,348,45.33914055624393,34.26484726932995,-0.48695409126125,-0.10314488485901308,0.0
3,349,45.294872597025574,34.2608061358672,-0.39840509310680083,0.02232221560386094,0.0
3,350,45.249079417898315,34.274453287024414,-0.5174584894386687,0.2506208075403791,0.0
3,351,45.183323735183876,34.28968114371139,-0.7976551648499584,0.05393632619934152,0.0
3,352,45.10479257272709,34.293617665530974,-0.7729680842854982,0.024794110192317476,0.0
3,353,45.03238429897647,34.3089268645399,-0.6751973907276483,0.2813898699853805,0.0
3,354,44.975944991966,34.33892817491301,-0.45358874948268557,0.3186363374773009,0.0
3,355,44.91762485011486,34.362789658161205,-0.7128140875394422,0.15859332748737387,0.0
3,356,44.83633275388593,34.38677025754873,-0.9130278370393494,0.3210186602629701,0.0
3,357,44.75670462631183,34.418507637023026,-0.6795347144423083,0.3137289292219343,0.0
3,358,44.69792757718119,34.44630732034432,-0.4960062681695927,0.24226473720413644,0.0
3,359,44.643641168460704,34.47819069387981,-0.5897219062411043,0.39540273350651134,0.0
3,360,44.58325061467042,34.52317595011584,-0.6180891695654562,0.5043023912140558,0.0
3,361,44.52860855446056,34.571920176420804,-0.47475203463272564,0.47058213488564604,0.0
3,362,44.46947164638152,34.615005756760524,-0.7079861269470662,0.3911294719087781,0.0
3,363,44.387551772368965,34.65178594340114,-0.9304113533042919,0.3444742609023912,0.0
3,364,44.28459168380914,34.679944740814676,-1.1287904178923132,0.21870168736809426,0.0
3,365,44.16728370784506,34.715989549566075,-1.2173691013891492,0.5021944876602777,0.0
3,366,44.03898719519282,34.77950209855305,-1.3485611516558436,0.7680564920789088,0.0
3,367,43.90384698431478,34.844187922073615,-1.354243065905667,0.5256599783315199,0.0
3,368,43.76324223726556,34.88902239241463,-1.4578518750776972,0.37102942848989784,0.0
3,369,43.60437065875999,34.918275215726226,-1.7195796950343798,0.21402703774157672,0.0
3,370,43.420743592336976,34.937645122418076,-1.9529616334258044,0.17337109609536583,0.0
3,371,43.223753289558886,34.94867587103545,-1.9868444221360573,0.04724387625111248,0.0
3,372,43.01953054535022,34.94621548847681,-2.0976104620373732,-0.09645152742482566,0.0
3,373,42.824278006900954,34.92407091948951,-1.8074403069488998,-0.3464398523208274,0.0
3,374,42.64136802186715,34.88532572043425,-1.8507593937274933,-0.4284641287847286,0.0
3,375,42.4458909186817,34.83081011642821,-2.0587826699824383,-0.6618479513355169,0.0
3,376,42.2263501032412,34.76804627902993,-2.3320336388275127,-0.5934287966302243,0.0
3,377,41.993915510595684,34.71926895774834,-2.316658214083379,-0.3821176290009767,0.0
3,378,41.75371400836309,34.66795276131995,-2.4873718305694386,-0.64420629956712,0.0
3,379,41.514665076268784,34.59565418114062,-2.29360681131614,-0.8017653040187014,0.0
3,380,41.280673903888896,34.51645237181049,-2.386216636280629,-0.7822708825837807,0.0
3,381,41.03729173346005,34.439240230037626,-2.4814267722964534,-0.7619719528740703,0.0
3,382,40.78695683694423,34.354169016424066,-2.525271158018999,-0.9394523193977662,0.0
3,383,40.519928392578436,34.26495301340731,-2.815297729296381,-0.844867740936742,0.0
3,384,40.23120386663254,34.18412901084821,-2.9591927896204204,-0.7716123102455832,0.0
3,385,39.931279944104745,34.113999739274504,-3.0392856609356276,-0.6309731212279814,0.0
3,386,39.62764118179609,34.042075092664504,-3.033489585238547,-0.8075198109726713,0.0
3,387,39.32914869326635,33.97536760511173,-2.9363601853559533,-0.526629940083648,0.0
3,388,39.026901638218874,33.925618286541635,-3.108580915593448,-0.4683564313182842,0.0
3,389,38.717214865095116,33.871689148039536,-3.0851545468825847,-0.6102263387247149,0.0
3,390,38.41549181160906,33.814030562654125,-2.9493065228382545,-0.5429453689839328,0.0
3,391,38.113770202152295,33.77148515526869,-3.085125666297756,-0.30796277872498123,0.0
3,392,37.79944690149205,33.73504866602275,-3.2013403469061466,-0.42076700619272955,0.0
3,393,37.47229454046817,33.69368493604668,-3.341706873571308,-0.4065075933291382,0.0
3,394,37.15190943724258,33.64192778756342,-3.065995190941095,-0.6286353763349375,0.0
3,395,36.84846244767425,33.57571740035246,-3.002944600424712,-0.695572367884786,0.0
3,396,36.556055011553894,33.49961115956455,-2.8452041219835547,-0.8265524478743416,0.0
3,397,36.26943496109607,33.40562832444209,-2.887196887172223,-1.0531042545741336,0.0
3,398,35.973638806983104,33.305852958129435,-3.0287261950862803,-0.9424030716800225,0.0
3,399,35.67581348548174,33.19995189985843,-2.927780234941844,-1.1756180937391107,0.0
3,400,35.39067488861815,33.08922655591266,-2.774991702330812,-1.0388887851761872,0.0
3,401,35.11575403770769,32.97079644674352,-2.7234253158789397,-1.3297133982075025,0.0
3,402,34.853643960203385,32.83526418276085,-2.518776234206271,-1.380931881444834,0.0
3,403,34.61333954228098,32.696096030529816,-2.2873121242415166,-1.4024311631749242,0.0
3,404,34.396588286653696,32.54670273986926,-2.0477129883031644,-1.5854346500367562,0.0
3,405,34.19159218640982,32.39981652055906,-2.052209016574409,-1.3522897361683164,0.0
3,406,33.9948174553673,32.258131955988006,-1.8832856042769759,-1.4814015552537967,0.0
3,407,33.81800068815198,32.100405795571646,-1.6530497400298412,-1.673121653074201,0.0
3,408,33.66103628928056,31.946652686057405,-1.4862382373982985,-1.4019405372107627,0.0
3,409,33.50368211194575,31.8137656287621,-1.6608453092968514,-1.2558006086962656,0.0
3,410,33.32997170359249,31.689094963417688,-1.8133628577690182,-1.2376126981916542,0.0
3,411,33.153022434091895,31.56183193828872,-1.7256225322428662,-1.3076478043866757,0.0
3,412,32.97525050993397,31.44031368644505,-1.82981595091535,-1.1227172324860355,0.0
3,413,32.77730285471284,31.338374348061052,-2.12913715350747,-0.9160695351931842,0.0
3,414,32.553301540752386,31.237410702126567,-2.3508891257008635,-1.1032033834969113,0.0
3,415,32.30687339641429,31.121513581032218,-2.5776737610602876,-1.2147390383891477,0.0
3,416,32.06065884500879,30.98541986675707,-2.3466172670487992,-1.5071352471141282,0.0
3,417,31.821272703371278,30.826095662897046,-2.4411055657009246,-1.679348830086962,0.0
3,418,31.572216338546014,30.665724500111992,-2.5400217308032573,-1.5280744256140935,0.0
3,419,31.319707977838334,30.500007215145843,-2.5101454833496337,-1.786271273708465,0.0
3,420,31.06543978224022,30.324667688986324,-2.575218428613665,-1.7205192494823898,0.0
3,421,30.799494578201916,30.150255998082002,-2.743685652152907,-1.7677145686043723,0.0
3,422,30.528518858673692,29.981122335515693,-2.675828738412152,-1.6149586827223494,0.0
3,423,30.250930091134137,29.829085835047408,-2.8759466123788044,-1.4257713266438046,0.0
3,424,29.9769723772838,29.682292361096756,-2.6032076646280107,-1.5100981523691246,0.0
3,425,29.70946213285572,29.5346293834001,-2.7469972239347378,-1.4431614015649181,0.0
3,426,29.429062116998352,29.4006354958766,-2.8610030932133803,-1.2367163489056594,0.0
3,427,29.15508808997879,29.263858383938214,-2.618477447177378,-1.4988258898625588,0.0
3,428,28.900524345249664,29.110472277815575,-2.472797447404341,-1.5688962325894238,0.0
3,429,28.66587029970333,28.938773839715736,-2.2202834635218593,-1.8650725294065573,0.0
3,430,28.447135134025416,28.75560230773067,-2.1544198500357226,-1.798358110294945,0.0
3,431,28.229087161484017,28.587433217274793,-2.206539600791885,-1.5650236988220492,0.0
3,432,28.013952400408243,28.438294160352598,-2.0961556207230068,-1.4177574396216812,0.0
3,433,27.80433939921022,28.282599615397544,-2.0961044032380176,-1.6961334594792454,0.0
3,434,27.593806442499158,28.11370946153727,-2.1145547309825456,-1.6816696177259267,0.0
3,435,27.37796548060976,27.93743414308824,-2.2022645068051236,-1.843836751254944,0.0
3,436,27.150351777214837,27.759946388338676,-2.350009561092433,-1.7059183437352274,0.0
3,437,26.92540216839302,27.598513896969393,-2.1489826153429696,-1.5227314836496433,0.0
3,438,26.704389625944145,27.455473607796648,-2.271268233635425,-1.3380742998056157,0.0
3,439,26.474506600609857,27.329891698021584,-2.3263922730508213,-1.1735638956959633,0.0
3,440,26.25221025529663,27.219017063345404,-2.1195346332127087,-1.043928797828272,0.0
3,441,26.035049633236554,27.111214773176016,-2.223677807988489,-1.112117005558698,0.0
3,442,25.818703725941532,26.98743468115697,-2.1032403379129967,-1.3634848348212003,0.0
3,443,25.615739484863525,26.84636809000881,-1.9560444836471174,-1.4578469881415792,0.0
3,444,25.434932026038155,26.714126672385646,-1.6601046928612764,-1.1869813643205802,0.0
3,445,25.276371046673717,26.602440655307987,-1.5111148944265231,-1.0467389772336482,0.0
3,446,25.129622195394973,26.505414506241095,-1.4238621311485318,-0.8937840041044929,0.0
3,447,24.98326930071812,26.41599636773026,-1.503195762387536,-0.8945787661128826,0.0
3,448,24.824367981908495,26.325568064668005,-1.674830613805538,-0.9139872951315802,0.0
3,449,24.664492085532515,26.242565783588702,-1.522687313713396,-0.7460583264538911,0.0
3,450,24.50545580539847,26.18184429665814,-1.6580382889664538,-0.4683714121570439,0.0
3,451,24.32499256195149,26.146158456679927,-1.9512265799726354,-0.24534538740714495,0.0
3,452,24.140354220212657,26.12205028902065,-1.7415402548050363,-0.23681796577861647,0.0
3,453,23.96605955770167,26.09863145838176,-1.7443529954150527,-0.23155864699880624,0.0
3,454,23.792637350367045,26.06986912846378,-1.7240911512777704,-0.34368795136144215,0.0
3,455,23.635120955699335,26.03660364640575,-1.426236742076874,-0.3216216897979862,0.0
3,456,23.48059005155153,25.99591185736358,-1.6643813408788155,-0.49221409104450586,0.0
3,457,23.325935578573763,25.947288691200242,-1.428708118675841,-0.4802492322232794,0.0
3,458,23.187378765679796,25.907830932829256,-1.3424281392040545,-0.30890593519687215,0.0
3,459,23.067032235129318,25.878537522921192,-1.0645024718044365,-0.2769622629633801,0.0
3,460,22.96016094657398,25.8589456809367,-1.072923299302584,-0.11487457672583545,0.0
3,461,22.867759937125015,25.833333225884758,-0.775096889676254,-0.39737452431405984,0.0
3,462,22.795226946289745,25.80699460222411,-0.6755629270282579,-0.1293979488989585,0.0
3,463,22.740182112740513,25.808836933099315,-0.4253337439572018,0.1662445664035097,0.0
3,464,22.70163728492173,25.82890099718236,-0.3455628124193417,0.23503671525652337,0.0
3,465,22.667179214609632,25.840625783947416,-0.34359859382158753,-0.0005409799558258044,0.0
3,466,22.618776969233522,25.82969690706807,-0.6244463136997851,-0.2180365576310841,0.0
3,467,22.558957365979268,25.79825378624821,-0.5719457513843889,-0.4108258587661311,0.0
3,468,22.491184974536168,25.756282936972752,-0.7835020774774204,-0.42859112674402056,0.0
3,469,22.405641100189087,25.722543217445946,-0.9273754094651174,-0.24620326379110224,0.0
3,470,22.311337690067035,25.70406979865129,-0.9586927929752047,-0.12326511210285673,0.0
3,471,22.211056396955655,25.677837302227317,-1.0469330692535106,-0.40138481637700707,0.0
3,472,22.102584524098802,25.650788036151425,-1.1225043878841134,-0.13960050514018718,0.0
3,473,21.990359114618286,25.647380293665037,-1.12200380172645,0.07144565541263503,0.0
3,474,21.874414956855958,25.644935766464528,-1.1968793535211297,-0.12033619942379303,0.0
3,475,21.75954139590283,25.64182334338875,-1.1005918655414106,0.058087737907996484,0.0
3,476,21.653347801725772,25.640758498180162,-1.0232800179998645,-0.0793846420796811,0.0
3,477,21.560573960265742,25.637704511459788,-0.832196811201035,0.0183049076729489,0.0
3,478,21.483919702938465,25.628375899254706,-0.700888335344473,-0.20487715177550214,0.0
3,479,21.41639325405788,25.622102218631085,-0.6496406422678405,0.07940353930257515,0.0
3,480,21.353606204750577,25.631150722976827,-0.6061003438784205,0.1015665476119878,0.0
3,481,21.295806786377966,25.64113674019802,-0.5498880235745691,0.09815379681138126,0.0
3,482,21.24454696525754,25.642009091457112,-0.47530839883408404,-0.08070677162977091,0.0
3,483,21.189188083256795,25.64174430317553,-0.6318692411807696,0.07541100599828354,0.0
3,484,21.128118610561046,25.646613684206045,-0.5895202127342127,0.021976614611375567,0.0
3,485,21.07370602166884,25.648937090269783,-0.4987315651094484,0.024491506663011364,0.0
3,486,21.03252683228982,25.65669481644602,-0.3248522224702004,0.13066301686107806,0.0
3,487,21.01131897336063,25.683317093902815,-0.09930495611330059,0.4017825322759734,0.0
3,488,21.00143943850503,25.717430504075537,-0.0982857409981861,0.2804856711790631,0.0
3,489,20.977596952013187,25.738085495428663,-0.37856398883864983,0.13261415588322834,0.0
3,490,20.936215664233373,25.765613431706015,-0.44906176675833365,0.4179445696648276,0.0
3,491,20.890094048450464,25.793917601020667,-0.4733705488987745,0.14813881662839634,0.0
3,492,20.84018848748576,25.797831029770236,-0.5247406703961932,-0.06987024163709066,0.0
3,493,20.78868868446841,25.79591137855448,-0.5052553899499728,0.03147721732137754,0.0
3,494,20.730083176549897,25.804714634662332,-0.6668547684197055,0.1445879048348111,0.0
3,495,20.663974337906097,25.833320355314527,-0.6553220044565542,0.4275265082090005,0.0
3,496,20.60784792965194,25.88863480353291,-0.4672061606258264,0.6787624561587897,0.0
3,497,20.55756091898411,25.95944446952626,-0.5385340527316895,0.7374308637082727,0.0
3,498,20.500763943397033,26.0456218162401,-0.59740545901046,0.9861160705679399,0.0
3,499,20.45168212306146,26.14044847285561,-0.38423094770190325,0.910417061742498,0.0
3,500,20.40998950301514,26.218792375389853,-0.4496214532234202,0.6564609889428823,0.0
3,501,20.362553167988494,26.289256122334905,-0.4991052473103217,0.7528139499584068,0.0
3,502,20.306009866901263,26.35959012139699,-0.6317607744333333,0.6538660312824813,0.0
3,503,20.227991020139143,26.41321223761986,-0.9286161608089323,0.41857629317442324,0.0
3,504,20.129191024151737,26.461643971092485,-1.0473837589389507,0.5500583762787912,0.0
3,505,20.032073942212833,26.528005339135916,-0.8949578798402733,0.777168984589359,0.0
3,506,19.956245363990547,26.618530012511314,-0.6216136846064177,1.033324482917818,0.0
3,507,19.89204726708965,26.7183801555193,-0.6623482534119862,0.9636783772418251,0.0
3,508,19.813669270861965,26.804350386179863,-0.9052116711412239,0.7557262359695756,0.0
3,509,19.72291231313102,26.866646319876168,-0.9099274834786737,0.4901924379575622,0.0
3,510,19.62722461745409,26.909787041925597,-1.0038264300608741,0.37262200302993165,0.0
3,511,19.53227435210465,26.945101469534166,-0.8951788769278028,0.33366654914259186,0.0
3,512,19.447784405272046,26.97214805354031,-0.794620059724398,0.2072651309805167,0.0
3,513,19.354213123943623,27.003172796891704,-1.0768055668436833,0.41322973604634683,0.0
3,514,19.23480559105542,27.05179028152486,-1.311345090920737,0.55911995661749,0.0
3,515,19.11077687974,27.12144936605364,-1.1692291353883721,0.8340617339579719,0.0
3,516,19.001784934174452,27.203431745610942,-1.0106097759223385,0.8055858571873813,0.0
3,517,18.911072857873933,27.27688246067555,-0.8036317500875008,0.663428444105806,0.0
3,518,18.81956954539305,27.355018500007077,-1.0264344995296248,0.8992923425250012,0.0
3,519,18.7247676367557,27.43715075258649,-0.8696036732173518,0.7433527090631866,0.0
3,520,18.647575306330054,27.52214532703556,-0.6742429352961068,0.9565387799173823,0.0
3,521,18.578393714030767,27.615329001451755,-0.7093889106888884,0.9071347084061081,0.0
3,522,18.505681271281333,27.71344603961552,-0.7448599442989803,1.0552060548683606,0.0
3,523,18.43826853643543,27.80680151790807,-0.6033947526197547,0.8119035109820327,0.0
3,524,18.37420871256279,27.89006162320129,-0.6778017248329231,0.853298594882645,0.0
3,525,18.302872294045414,27.971733695256944,-0.748926645515084,0.780142846229614,0.0
3,526,18.22068835701475,28.04558311041376,-0.8947520950976475,0.6968454569063987,0.0
3,527,18.12163731310909,28.12489412478567,-1.0862687830147078,0.8893748305319296,0.0
3,528,18.002914184074257,28.214137925146588,-1.2881937976826965,0.8955011766868246,0.0
3,529,17.904336673153693,28.276966144035782,-0.6833564207286145,0.36106320109573176,-5.0
3,530,17.838105481367393,28.32217031594587,-0.6412674149960118,0.5430202371056616,0.0
3,531,17.783975076129536,28.38336012611262,-0.44134068976007157,0.6807759662286745,0.0
3,532,17.72732689438385,28.454037862459927,-0.6916229451520159,0.7327787607163874,0.0
3,533,17.669372564109267,28.51103317364243,-0.4674636603415898,0.40712746293380064,-5.0
3,534,17.642391178826415,28.52740806506995,-0.07216404531507159,-0.07962963438271231,-5.0
3,535,17.625490646104026,28.508135804102267,-0.265846609133332,-0.3058155849722475,0.0
3,536,17.58909043024937,28.47347011534157,-0.46215770795912015,-0.3874981902416348,0.0
3,537,17.546316600334876,28.449510134545108,-0.3933188903294642,-0.09170142568896011,0.0
3,538,17.504209869212445,28.45368106752767,-0.44881573211856995,0.17512008533909196,0.0
3,539,17.460248028213186,28.4671155257073,-0.4304210878656125,0.09356907825348593,0.0
3,540,17.411784546815056,28.469023904019764,-0.5388485400975185,-0.05540151200484189,0.0
3,541,17.350115336610884,28.453353752403586,-0.6945356639865317,-0.25800152031891166,0.0
3,542,17.283788489245467,28.438922419385904,-0.6320012833216246,-0.030625140034118203,0.0
3,543,17.209295035303853,28.439635621989623,-0.8578677955101242,0.04488919210699116,0.0
3,544,17.14592388826577,28.424719931653954,-0.4095551452496533,-0.3432029988210541,-5.0
3,545,17.1012177549826,28.399426036104046,-0.48456752041577644,-0.16267491217714003,0.0
3,546,17.054843211456046,28.394890576162993,-0.4429233501165335,0.07196571335799895,0.0
3,547,17.022059617731543,28.398511849837405,-0.21274852437436031,0.00045976013067772215,0.0
3,548,16.99658765924437,28.40918813521853,-0.29669064536926015,0.21306594749352392,0.0
3,549,16.95531305592999,28.44284541672232,-0.5288014209193079,0.46007968258353316,0.0
3,550,16.94184879724412,28.47780618637512,0.25951624720159394,0.23913571047391358,-5.0
3,551,17.005772357905016,28.4844912280397,1.0189549660169188,-0.10543487718226885,-5.0
3,552,17.0994972408173,28.460301771325135,0.855542692230653,-0.3783542571108711,0.0
3,553,17.18727069138015,28.426765503531783,0.8999263190282694,-0.29237109875776035,0.0
3,554,17.264787735576874,28.393150391141376,0.6504145649065034,-0.3799311490509929,0.0
3,555,17.337862986063556,28.366443421889926,0.8110904448276184,-0.1542082359791177,0.0
3,556,17.420175270005757,28.355200361869834,0.8351552340179254,-0.07065296442346991,0.0
3,557,17.48891558005323,28.338197933030983,0.5396509669321734,-0.2693956123547103,0.0
3,558,17.548087726384097,28.317024886301624,0.6437919596866806,-0.15406532223358482,0.0
3,559,17.598765041875367,28.311819078304097,0.3697543501388889,0.049949162282773685,0.0
3,560,17.63461187445489,28.316750373746117,0.3471823014524418,0.04867674655745802,0.0
3,561,17.66575840789858,28.322500770859733,0.2757483674223913,0.06633119571457158,0.0
3,562,17.701678208562043,28.333781322189907,0.4426476458480124,0.15927983088851683,0.0
3,563,17.744188248717364,28.34853580526226,0.4075531572598603,0.13580983055743445,0.0
3,564,17.774030295222815,28.374579326930757,0.18928777285109533,0.38506060281136634,0.0
3,565,17.77861176751196,28.408360628139462,-0.09765832706731814,0.290565421362766,0.0
3,566,17.758135197881302,28.4464050382129,-0.3118730655455568,0.4703227801046559,0.0
3,567,17.715751892842604,28.490956002755752,-0.5357930352273463,0.42069651075111203,0.0
3,568,17.666344454088858,28.533230954469786,-0.45235573984757593,0.42480252352964776,0.0
3,569,17.61063777576112,28.562960000806356,-0.6617778267061922,0.16977840320137005,0.0
3,570,17.55023947330767,28.593141213817944,-0.5461882223624581,0.4338458570294126,0.0
3,571,17.52494846726188,28.624256583413853,0.04036810144555325,0.18846153488937745,-5.0
3,572,17.52538079248984,28.651886452174836,-0.03172159688607756,0.36413584033018154,0.0
3,573,17.51800975111837,28.684654322337792,-0.11569923054358,0.2912215629304651,0.0
3,574,17.502799458126447,28.70741305269337,-0.18850662929616568,0.1639530441811008,0.0
3,575,17.482145775282447,28.71398474273235,-0.22456702758392666,-0.03251924340046308,0.0
3,576,17.472560461136368,28.701944054510477,0.032860744662857044,-0.20829452103669155,0.0
3,577,17.477040173425166,28.69081125291507,0.05673350111149844,-0.01436151087102644,0.0
3,578,17.491367790794925,28.694830558338595,0.22981884628362081,0.09474761934212239,0.0
3,579,17.528665273021943,28.70700036748326,0.5161307982557286,0.1486485635509993,0.0
3,580,17.57284230532207,28.734867909946956,0.3674098477473713,0.4087022857230398,0.0
3,581,17.595696785572272,28.764976695502696,0.08967975725536981,0.19347342539226453,0.0
3,582,17.597700465822868,28.786540354789622,-0.049606152244647816,0.2377997603474622,0.0
3,583,17.591220186573878,28.796693711352646,-0.07999943273528665,-0.03473262908732444,0.0
3,584,17.593223570871714,28.79839189623908,0.12006711869229392,0.06869632681558002,0.0
3,585,17.59102013362383,28.807957946940746,-0.16413586365154664,0.12262468721792352,0.0
3,586,17.559924168893758,28.813093779645214,-0.4577834309493909,-0.01990803312861189,0.0
3,587,17.5095261613493,28.801248574105784,-0.5501767199413301,-0.2169960776598714,0.0
3,588,17.451486914869406,28.794453745948204,-0.6106082096575509,0.08109951450960295,0.0
3,589,17.419350255682275,28.768145907460735,-0.032124974086100266,-0.6072562842578435,-5.0
3,590,17.42480600729118,28.709034658649102,0.14124000626465616,-0.5749686919745276,0.0
3,591,17.450900840082454,28.63968297603583,0.38065664956200074,-0.8120649602919894,0.0
3,592,17.502238440506744,28.543942301040033,0.6460953589237644,-1.102748539624967,0.0
3,593,17.5659794969838,28.435757890556374,0.6287257706174785,-1.0609396700494838,0.0
3,594,17.613926318917947,28.320466832407647,0.3302106680663588,-1.2448814929255718,0.0
3,595,17.65708308855403,28.210018970250303,0.5329247246549293,-0.9640757502227864,0.0
3,596,17.71776952080711,28.09880618134332,0.6808039204069001,-1.2601800279183664,0.0
3,597,17.795870368663145,27.97771770492011,0.8812130367133086,-1.16158950054621,0.0
3,598,17.890630465560548,27.875255245374888,1.0139889012342422,-0.8876596903584311,0.0
3,599,18.002671028868008,27.77512827098269,1.2268223649154866,-1.1148797974867506,0.0
3,600,18.11603564457471,27.65640288594318,1.040469949218668,-1.2596279033037998,0.0
3,601,18.21420866464814,27.526198265770972,0.9229904522503762,-1.344464500140388,0.0
3,602,18.291789999662456,27.40310495305698,0.6286362480356154,-1.1174017541388093,0.0
3,603,18.360754339131404,27.300603495519454,0.750650541343628,-0.9326273966127694,0.0
3,604,18.444361753595444,27.20097883904714,0.9214977479383428,-1.0598657328343801,0.0
3,605,18.54504355373922,27.09950049145675,1.0921382549380407,-0.9697012189747412,0.0
3,606,18.645323121486967,27.011581636929122,0.9134531000182946,-0.7886758715792475,0.0
3,607,18.72872177798365,26.93299765703216,0.7545200299151578,-0.7830037263595706,0.0
3,608,18.8049084637247,26.84936895639578,0.769213684905429,-0.8895702863679382,0.0
3,609,18.88459779041534,26.76049965198456,0.8245728489076107,-0.8878158018578048,0.0
3,610,18.966008639797224,26.66403902723448,0.8036441387309647,-1.0413966931443053,0.0
3,611,19.04580794191793,26.54798794023702,0.7923419036838801,-1.2796250468044885,0.0
3,612,19.12537801546216,26.42816708633245,0.7990595672014784,-1.1167920312871882,0.0
3,613,19.20480231554552,26.307264842968834,0.7894264344659057,-1.3012528359848652,0.0
3,614,19.29193044480371,26.169092425783674,0.9531361506985938,-1.462195507718068,0.0
3,615,19.39140652336198,26.019533213467753,1.0363854204678695,-1.5289887386005265,0.0
3,616,19.494884806558275,25.87283465552764,1.0331802434589896,-1.4049824202019483,0.0
3,617,19.59468985247645,25.727619243219124,0.9629206749039838,-1.4993258259684659,0.0
3,618,19.69424317541268,25.58799350682534,1.0281457838217882,-1.2931889019084775,0.0
3,619,19.802606609766144,25.46161099500398,1.1391229032477064,-1.234461334519013,0.0
3,620,19.911049155980436,25.347098858229174,1.029728021039162,-1.0557814009780593,0.0
3,621,20.00362927759363,25.228694045807856,0.8218744112262399,-1.3123148474496595,0.0
3,622,20.08344843297641,25.09352785689009,0.7745086964296899,-1.3910089309064677,0.0
3,623,20.163206365606584,24.96463507733108,0.8206499561736038,-1.1868466602740817,0.0
3,624,20.257890716866314,24.833627383416,1.0730370690212947,-1.4333072180287374,0.0
3,625,20.354558650034164,24.69242171388555,0.8603215943364813,-1.3908061725805219,0.0
3,626,20.453270348542674,24.567125260322882,1.113912375834495,-1.115122898672535,0.0
3,627,20.55552311540532,24.464226749025215,0.9311429614182369,-0.9428473272812585,0.0
3,628,20.64434066466106,24.374764722108694,0.8452080236968342,-0.8463932110497279,0.0
3,629,20.739267792008263,24.288637134750388,1.0533345232471074,-0.8761585361178117,0.0
3,630,20.83704250631081,24.21008647159863,0.9021597628039721,-0.6948547269168337,0.0
3,631,20.934333374464927,24.149421554571973,1.0436576002798663,-0.5184436136161974,0.0
3,632,21.0478546598639,24.094936185491406,1.2267681076994776,-0.5712637679950952,0.0
3,633,21.1629892556316,24.03817723948316,1.0759238076538402,-0.5639151521710346,0.0
3,634,21.267545041925814,23.991648838679225,1.0151919182314284,-0.3666528639090796,0.0
3,635,21.372455735890867,23.943487035862063,1.0830219610708962,-0.5965831924350624,0.0
3,636,21.482249984312148,23.876012231357322,1.1128630073552834,-0.7529128976611368,0.0
3,637,21.60621831037713,23.78657668314395,1.3665035139454922,-1.0357980666057571,0.0
3,638,21.732667944157015,23.69416310759607,1.1624891616525073,-0.8124734443523263,0.0
3,639,21.841404764407343,23.61890273939798,1.012247243355544,-0.6927339196098377,0.0
3,640,21.947634540666172,23.556430828068073,1.1123482818213937,-0.5567043069896691,0.0
3,641,22.046159448476374,23.507288111691196,0.8581498743834111,-0.4261500205492208,0.0
3,642,22.12314132761196,23.475964365773848,0.681487708327932,-0.20032489779748452,0.0
3,643,22.198763750194644,23.46141608300286,0.830960743326715,-0.09064075762166723,0.0
3,644,22.274595475074534,23.463176367545202,0.6856737542710665,0.12584644846780257,0.0
3,645,22.329285207962585,23.46088000006739,0.40812090349053953,-0.17177379802363468,0.0
3,646,22.36915569233679,23.455179487277405,0.38928878399317846,0.05776354222244606,0.0
3,647,22.405893388519416,23.455222526829857,0.3454651396606465,-0.056902751173634414,0.0
3,648,22.44952835481297,23.456446720208078,0.5272341862108707,0.08138661873839226,0.0
3,649,22.50307332027114,23.473842028914646,0.543665122952854,0.26651955539264627,0.0
3,650,22.568307530906964,23.49689287798219,0.7610190897637938,0.19449742595890918,0.0
3,651,22.65552092250084,23.513938479472813,0.983248742114295,0.1464146038523335,0.0
3,652,22.753054067206335,23.515314513825956,0.967414151995408,-0.11889391678957573,0.0
3,653,22.852174441478496,23.499028032666956,1.0149933334476628,-0.20683570639062765,0.0
3,654,22.943293713479875,23.48744456945394,0.8073921065801652,-0.024833557869600398,0.0
3,655,23.034984452518415,23.48932171765614,1.0264226741909024,0.062376521913359184,0.0
3,656,23.128742405137473,23.481802075341648,0.8487363781902193,-0.2127693682038867,0.0
3,657,23.202801236694768,23.447914026502644,0.6324402529557211,-0.4649916085767316,0.0
3,658,23.251665935832875,23.41365644047187,0.3448537298057346,-0.2201601120400749,0.0
3,659,23.2901152925034,23.404440663197988,0.42413340360447727,0.035844566562460045,0.0
3,660,23.322884637856873,23.402195388771474,0.23125350346558982,-0.08075005509381228,0.0
3,661,23.33590551740315,23.38888765775664,0.02916408745906729,-0.18540456520228688,0.0
3,662,23.32691439020664,23.380846305267482,-0.2089866313890827,0.02457751541926001,0.0
3,663,23.294271110931845,23.385192615135566,-0.44387895410490863,0.062348681943088735,0.0
3,664,23.243548156569886,23.403209634611244,-0.570580133132994,0.2979917075694871,0.0
3,665,23.19506949091226,23.430410629638118,-0.39899318002073514,0.24602819296820222,0.0
3,666,23.157145317986533,23.447828823172813,-0.3594902784930252,0.1023356777261828,0.0
3,667,23.11010880260062,23.44314785560266,-0.5812400292242472,-0.19595502913078278,0.0
3,668,23.045789359857963,23.41242186604336,-0.705148825628994,-0.41856476205579085,0.0
3,669,22.97218810896868,23.384103019284794,-0.7668761921560456,-0.1478121731169324,0.0
3,670,22.904096933897563,23.368496992510586,-0.5949473092657556,-0.1643083623683932,0.0
3,671,22.84960730334012,23.35949042030302,-0.49484530188355436,-0.01582308178395131,0.0
3,672,22.808462073269084,23.359239575316337,-0.32805929953762103,0.010806182048789026,0.0
3,673,22.762621461718595,23.358877090610918,-0.5887529314717774,-0.018055876156575223,0.0
3,674,22.7140915738089,23.368706320151546,-0.3818448267205934,0.21464046696836725,0.0
3,675,22.6890829748603,23.38858903882067,-0.11832715225067147,0.183013906412814,0.0
3,676,22.680902897449187,23.41394683403462,-0.04527439596973615,0.32414199786624565,0.0
3,677,22.66344255714455,23.45563983259251,-0.3039324101206997,0.5097179732909325,0.0
3,678,22.636153807512528,23.49778840088038,-0.24184258251897894,0.33325339246590424,0.0
3,679,22.599249454187543,23.528520840851,-0.4962444839810978,0.2813954069471798,0.0
3,680,22.546126217588835,23.564417892058827,-0.566220247991911,0.43654561720982166,0.0
3,681,22.495780852590997,23.620811533431493,-0.4406870519655488,0.6913272102464223,0.0
3,682,22.45508023189609,23.694999184560743,-0.37332536193653,0.7924258123397774,0.0
3,683,22.420934593397988,23.761149637511267,-0.30958740802742035,0.5305832466724745,0.0
3,684,22.388097079386853,23.806426194243045,-0.3471628721949749,0.3749478879645256,0.0
3,685,22.339424386358587,23.85525376161172,-0.6262909883739738,0.6016034594108319,0.0
3,686,22.281062248179296,23.901260568473162,-0.5409517752118855,0.3185326778203166,0.0
3,687,22.239124708120926,23.920425479817595,-0.2977990259596197,0.06476554907060361,0.0
3,688,22.206599548507256,23.938270808944026,-0.35270416631335344,0.29214103345934994,0.0
3,689,22.15975038153374,23.974727957487403,-0.5842791731604624,0.4370019374090699,0.0
3,690,22.10256936627684,24.013324432126524,-0.559341131979636,0.3349275553746054,0.0
3,691,22.032270063588157,24.047161037017872,-0.8466449217968286,0.3418045424549554,0.0
3,692,21.946438761493937,24.094339474146523,-0.8699811200914347,0.6017642001206909,0.0
3,693,21.85968002532627,24.163977466819688,-0.8651936032652134,0.7909956533446678,0.0
3,694,21.774438119872684,24.240551695894283,-0.839644505807275,0.740488928148384,0.0
3,695,21.68873377709724,24.311122753167297,-0.8744423497021252,0.6709322173130445,0.0
3,696,21.612511764755254,24.390457064112297,-0.6499978971389293,0.9157540015882155,0.0
3,697,21.546819363946497,24.48213341935366,-0.6638501190391057,0.9177731032408012,0.0
3,698,21.474470978525233,24.570731426414795,-0.7831175893873628,0.8541870379827952,0.0
3,699,21.396389526393477,24.661209856272535,-0.7785114532489263,0.955381559172876,0.0
3,700,21.304331590483798,24.770494036623177,-1.0626472649465981,1.230302047840473,0.0
3,701,21.192130882550146,24.89050904304122,-1.1813668937274464,1.1699980805211698,0.0
3,702,21.06919709380236,24.996595414046624,-1.2773088812314466,0.9517293395895337,0.0
3,703,20.930101045983974,25.10578177383968,-1.5046120751393488,1.2319978562745053,0.0
3,704,20.792246618135778,25.223542855966343,-1.2524764818282001,1.123223786261823,0.0
3,705,20.659551449268065,25.35045648218488,-1.4014268955279228,1.4150487381112242,0.0
3,706,20.518305453565972,25.479195516072423,-1.4234930185141685,1.1597319396407784,0.0
3,707,20.38281862739359,25.58859353130265,-1.2862435049360705,1.0282283649670472,0.0
3,708,20.2678715902548,25.70542378709547,-1.0126972378409604,1.3083767508903659,0.0
3,709,20.156694003849907,25.83290758231942,-1.2108544902589937,1.2412991535910862,0.0
3,710,20.04564625369494,25.943180481802756,-1.0101005128419676,0.9641588360771394,0.0
3,711,19.94358857177872,26.0313406918699,-1.0310531254851867,0.7990453652680163,0.0
3,712,19.84115427255506,26.109176082416525,-1.0176328589920889,0.7576624456672842,0.0
3,713,19.75255874232198,26.184077670028273,-0.7542777456734022,0.7403693065704786,0.0
3,714,19.680057165584685,26.256054464835188,-0.6957537890744927,0.6991665895683923,0.0
3,715,19.5996500682445,26.339741444276342,-0.9123881577306161,0.9745729992570098,0.0
3,716,19.494913825253207,26.425019914349377,-1.1823367020969346,0.7309964022052515,0.0
3,717,19.373609303382864,26.51282517846971,-1.2437537353108716,1.0251088802034474,0.0
3,718,19.243004630174255,26.603999640760776,-1.368339728864905,0.7983803656174668,0.0
3,719,19.108078085890384,26.67413891734941,-1.3301911568127647,0.6044051661551748,0.0
3,720,18.984736521009836,26.747388809434824,-1.1366401408021822,0.8605926755563047,0.0
3,721,18.8712523307247,26.844275002209088,-1.1330436649005016,1.077131179929241,0.0
3,722,18.756361713621573,26.963603550907692,-1.1647686771652754,1.3094397940426319,0.0
3,723,18.642738087143698,27.096113692367908,-1.107703852393163,1.3407630351641213,0.0
3,724,18.54506969749241,27.220082017937557,-0.8456639406356903,1.1386034762328006,0.0
3,725,18.45423645059418,27.329487942343803,-0.9710009973284599,1.0495150118936927,0.0
3,726,18.351837831114835,27.427816733985765,-1.0769713922584465,0.9170608209491959,0.0
3,727,18.243367739072255,27.512977417106868,-1.0924304485970637,0.7861528414739318,0.0
3,728,18.1269984026776,27.5980870996425,-1.2349562792989754,0.9160408092383161,0.0
3,729,17.998676466281267,27.695034291171623,-1.3314824486304957,1.0229030213446109,0.0
3,730,17.85124633851933,27.80464693471322,-1.6171201066086773,1.169349849489583,0.0
3,731,17.725925579279192,27.91103166881817,-0.8892950781912123,0.9583448326065973,-5.0
3,732,17.66872271782836,27.967482113840788,-0.25476215082214715,0.1706640678419049,-5.0
3,733,17.65631148972784,27.980935559415002,0.006537588813873896,0.09840484364023894,0.0
3,734,17.664161381146414,28.00356980542915,0.15046023955559917,0.3542800766439207,0.0
3,735,17.679785322734006,28.032897615706815,0.16201859219748904,0.2322761289081683,0.0
3,736,17.707136033834786,28.0482303489257,0.38499562981774105,0.07437853546965556,0.0
3,737,17.750026273364483,28.046801809695125,0.4728091607750535,-0.1029493200810041,0.0
3,738,17.78992335328735,28.02237537477913,0.32513243768411826,-0.38557937823756205,0.0
3,739,17.821736601744078,27.992753393062003,0.3111325314493847,-0.2068602561030506,0.0
3,740,17.860466563712635,27.969825211996067,0.4634667079214303,-0.2517033652134,0.0
3,741,17.896806599804904,27.948136990143894,0.26333401392525424,-0.1820610718308906,0.0
3,742,17.91573938062288,27.929235460134123,0.1153216024346122,-0.19596952836606718,0.0
3,743,17.917917536467257,27.901831056684387,-0.07175848554764919,-0.3521185406301939,0.0
3,744,17.90379542481878,27.85498511909327,-0.21068374742093354,-0.5848002111923094,0.0
3,745,17.88080824610597,27.78931896504946,-0.24905982683411665,-0.7285228696834043,0.0
3,746,17.84512516234895,27.72451702371336,-0.46460184830672624,-0.5675159570376209,0.0
3,747,17.808249698412965,27.67973055091784,-0.2729074304145467,-0.3282134988750176,0.0
3,748,17.77808579246448,27.658148575987752,-0.33037068855614216,-0.1034259997255873,0.0
3,749,17.73448646935458,27.650432573370153,-0.5416157736416558,-0.05089405262840785,0.0
3,750,17.675807369710128,27.63629523554482,-0.6319662192466673,-0.2318527038778111,0.0
3,751,17.608912233632054,27.62676130709042,-0.7059365023143442,0.04117413478806675,0.0
3,752,17.53169875851654,27.6351696945801,-0.8383329999951137,0.1269936150039932,0.0
3,753,17.454875968634724,27.647775103143204,-0.6981227976428173,0.1251145562576781,0.0
3,754,17.37772187851988,27.654732909863014,-0.8449590046526065,0.01404157813956175,0.0
3,755,17.287538890506767,27.661164176260627,-0.9587007556074241,0.1145837498137432,0.0
3,756,17.195799863528464,27.681319300050973,-0.8760797839573868,0.28851872599244643,0.0
3,757,17.102360526463826,27.70186421960011,-0.9927069573368819,0.12237966499173503,0.0
3,758,17.010747875022844,27.7056915249982,-0.8395460714807612,-0.045833557031336625,0.0
3,759,16.928199270807,27.695444064570665,-0.8114260128358843,-0.15911565152022256,0.0
3,760,16.84040989496043,27.693932156467326,-0.9443615040944735,0.12887748945498423,0.0
3,761,16.744203799727075,27.704488336050645,-0.9797604005741309,0.0822461022092309,0.0
3,762,16.676054345718967,27.674757843229372,-0.3832286795884947,-0.6768559586329363,-5.0
3,763,16.65156521668132,27.59296861552275,-0.10655390116147423,-0.958928595499696,0.0
3,764,16.633225065078705,27.506263656716555,-0.2602491308892958,-0.7751705806257938,0.0
3,765,16.615581842971096,27.4296143947754,-0.09261531126321465,-0.7578146581963914,0.0
3,766,16.61850136402836,27.363856339065705,0.15100573240930615,-0.5573464559971111,0.0
3,767,16.640205053293812,27.30161411313611,0.2830680528994254,-0.6874980625938978,0.0
3,768,16.674028828869723,27.22736597393464,0.3934074586208922,-0.797464721438029,0.0
3,769,16.72484661391718,27.145207099688832,0.6229482423296417,-0.845712763477545,0.0
3,770,16.785516325250455,27.06013304192993,0.5904459843363057,-0.8557683917017709,0.0
3,771,16.852805893959385,26.98042869691858,0.7553453898423381,-0.7383185085253015,0.0
3,772,16.94136688849221,26.905802572371613,1.0158745008158867,-0.7542039824149622,0.0
3,773,17.057429340492035,26.83255434286366,1.3053745391801925,-0.7107606077443673,0.0
3,774,17.185453650060253,26.76746352230043,1.2551116521841976,-0.5910558035212041,0.0
3,775,17.2960988248592,26.696400913223215,0.9577918437967519,-0.8301963780249189,0.0
3,776,17.39729060663376,26.621300725061246,1.0660437916933976,-0.6718073852149384,0.0
3,777,17.490100349918976,26.545558639971887,0.7901510740120017,-0.8430343165742826,0.0
3,778,17.581128367530482,26.448438906262936,1.0304092782212404,-1.0993603576064608,0.0
3,779,17.68426708531365,26.327667437913988,1.0323650774413533,-1.3160690093724696,0.0
3,780,17.796281207648462,26.200872682024283,1.2079173692571512,-1.2198261084213105,0.0
3,781,17.90540832787815,26.087602234894803,0.9746250353352401,-1.0455828341675222,0.0
3,782,17.99035606860366,25.96946571726403,0.7243297791751022,-1.3171475184468147,0.0
3,783,18.071281848530816,25.83001154012004,0.8941858193688006,-1.4719360244336386,0.0
3,784,18.157261366349303,25.688608326950998,0.8254045370026724,-1.3561282389487062,0.0
3,785,18.224850586433604,25.566648068499944,0.5263798646843831,-1.0830769300725809,0.0
3,786,18.27335005377654,25.467314892855484,0.4436094821761891,-0.9035865828154357,0.0
3,787,18.316857933377605,25.369740349984568,0.4265481098438766,-1.0479042746049512,0.0
3,788,18.364923303219257,25.277132784564174,0.5347592869919122,-0.804247033806007,0.0
3,789,18.419562350170963,25.200798693628258,0.5580216520448538,-0.7224347849124904,0.0
3,790,18.488443793627766,25.115660801650392,0.8196072170900237,-0.9803230546465933,0.0
3,791,18.575841455542786,25.029775211473407,0.9283460212128478,-0.7373887488928474,0.0
3,792,18.65699185605922,24.947615845303744,0.6946619891146444,-0.905798574502013,0.0
3,793,18.717373630966677,24.857215514989093,0.5129735090331824,-0.9022080317919698,0.0
3,794,18.78327830258445,24.75359305047482,0.8051199233234918,-1.1702412584958548,0.0
3,795,18.867053375013484,24.63366070902339,0.8703815252565832,-1.228405570535454,0.0
3,796,18.953360894873185,24.501928121996343,0.8557688719373733,-1.406246170004147,0.0
3,797,19.042744308746478,24.368472795979187,0.9318994055315457,-1.2628603503400821,0.0
3,798,19.1326948664248,24.231239222839122,0.8671117480370896,-1.481811112462971,0.0
3,799,19.230086660469397,24.088628863881695,1.0807241328543178,-1.3703960666853092,0.0
3,800,19.336202951895075,23.96075778972795,1.0416016956608622,-1.1870254163910854,0.0
3,801,19.431296760294117,23.83545203477206,0.86027447231948,-1.3190896827269238,0.0
3,802,19.50769008115185,23.710860052633052,0.667591944835829,-1.1727499600545386,0.0
3,803,19.586438854400512,23.57986977351402,0.90738352013914,-1.4470556223285058,0.0
3,804,19.675699016285307,23.44791928698578,0.8778197175584648,-1.191954108235553,0.0
3,805,19.75950993209699,23.315639106917843,0.7983985986778652,-1.453649493123283,0.0
3,806,19.82474492481424,23.155657802185488,0.5063012556672906,-1.7459766015258538,0.0
3,807,19.862160277163866,22.97453225579534,0.24200579132462074,-1.8765343262788114,0.0
3,808,19.890103959795624,22.79974280595752,0.31686786131141353,-1.6192546704773392,0.0
3,809,19.934671747353377,22.62611645232505,0.5744878898457806,-1.8532724021721538,0.0
3,810,19.983808890619002,22.43201671673205,0.408254975466809,-2.028722309688529,0.0
3,811,20.015062247787228,22.215360183964776,0.2168121678970234,-2.304408345657164,0.0
3,812,20.02958708220899,21.97472314148422,0.07368452053809271,-2.5083325039562645,0.0
3,813,20.03051221983651,21.7360093397308,-0.055181767985224894,-2.2659435311144502,0.0
3,814,20.010028523028268,21.52440985696103,-0.35449216817674234,-1.9660461242814193,0.0
3,815,19.96272559988438,21.32375939851886,-0.5915662947013196,-2.0469630445643006,0.0
3,816,19.891520558019693,21.126621224779683,-0.8325345425909809,-1.895800430220449,0.0
3,817,19.815558912733422,20.931545952829083,-0.6866983631350152,-2.0057050087925017,0.0
3,818,19.749720714600016,20.727563585058988,-0.630065599531914,-2.073942346611503,0.0
3,819,19.687060257650955,20.50793262558409,-0.6231435394505045,-2.318676842887033,0.0
3,820,19.629102683641577,20.26194546296574,-0.5360079407378944,-2.601066409481323,0.0
3,821,19.57294018830612,20.003407184011166,-0.5872419659713408,-2.5696991696117752,0.0
3,822,19.520736901221653,19.74286849181908,-0.45682377571747956,-2.641074674231252,0.0
3,823,19.46875418372815,19.472608710374743,-0.5828305741511208,-2.7641209546571606,0.0
3,824,19.40860004299725,19.20624060728369,-0.6202522404670372,-2.563241107164494,0.0
3,825,19.340173011486286,18.951535285293403,-0.7482883897492627,-2.530865332639932,0.0
3,826,19.271074790403418,18.690328326898452,-0.6336760319078873,-2.6932738352621595,0.0
3,827,19.208227104524212,18.40703430722988,-0.6232776856757418,-2.9726065581119183,0.0
3,828,19.14671031266016,18.102416938788792,-0.6070581516029545,-3.1197408107104874,0.0
3,829,19.087289407178332,17.776751341636555,-0.5813599580323334,-3.3935711323364792,0.0
3,830,19.039204436897535,17.438940908383756,-0.3803394475807469,-3.362637532720763,0.0
3,831,18.994391086790074,17.104566075556022,-0.5159275545655717,-3.3248591238329617,0.0
3,832,18.929557826432983,16.779288532487044,-0.7807376525753345,-3.180691737547029,0.0
3,833,18.862418977056223,16.471581795944303,-0.5620393349610104,-2.9734429933070903,0.0
3,834,18.802243119707327,16.161868387993763,-0.6414778120142692,-3.2208251657036353,0.0
3,835,18.726216101466207,15.830538901462887,-0.8790625528091205,-3.405764564916817,0.0
3,836,18.627595291186935,15.484964934026266,-1.0933536527762389,-3.5057147838146285,0.0
3,837,18.52933507964758,15.12039774776622,-0.871850578012074,-3.7856289413883815,0.0
3,838,18.42803189068809,14.728606692108087,-1.1542132011782549,-4.0501921717766365,0.0
3,839,18.307253795077713,14.315453730863965,-1.261348711028818,-4.212867053106589,0.0
3,840,18.177057296124985,13.886319511224883,-1.3425812680265672,-4.369817339675752,0.0
3,841,18.03828412421626,13.463810243839816,-1.4328821701485293,-4.080368008025291,0.0
3,842,17.89818519167943,13.053887323455228,-1.369096480588622,-4.118090399668201,0.0
3,843,17.763614505978694,12.636396508976532,-1.322317233424675,-4.2317258899071994,0.0
3,844,17.620311485218508,12.207170461173746,-1.5437431817779395,-4.352795066148932,0.0
3,845,17.47677812759821,11.759928220223173,-1.3269239706276998,-4.592049752863431,0.0
3,846,17.332854308106334,11.29528897770524,-1.5515524192070806,-4.7007350974967,0.0
3,847,17.176233564809536,10.816111239912516,-1.580862446729551,-4.882819658358597,0.0
3,848,17.0147553233935,10.318879655261071,-1.6487023815924182,-5.0618120346724,0.0
3,849,16.845296432417626,9.818918585345727,-1.7404754379250509,-4.937409363633217,0.0
3,850,16.67300700661417,9.339587834403801,-1.7053130781441812,-4.64920565520702,0.0
3,851,16.48906260791705,8.863411739929916,-1.9735748957965527,-4.874316234273742,0.0
3,852,16.286688194162934,8.378276831799667,-2.0739133792845674,-4.828381928332611,0.0
3,853,16.08134913232584,7.892658862962435,-2.0328678574564414,-4.88397744841499,0.0
3,854,15.8645122769326,7.400495499774706,-2.3038692504067324,-4.959289815339432,0.0
3,855,15.635092239328287,6.9013353376901705,-2.2845315016781935,-5.023913426353618,0.0
3,856,15.405643565733044,6.388107281231669,-2.3044419702257937,-5.240647702818565,0.0
3,857,15.172349853026617,5.85801171033836,-2.3614322839020954,-5.361263715046576,0.0
3,858,14.946571621423118,5.3365605194453565,-2.1541323481683694,-5.067760102814987,0.0
3,859,14.70458224626418,4.840656394237612,-2.6856551550127055,-4.850322401336864,3.0
3,860,14.426571509342693,4.379862672049967,-2.874559583421007,-4.365552042415292,3.0
3,861,14.147974508810421,3.9409705043110534,-2.697380427223999,-4.412291312361864,0.0
3,862,13.872144208217605,3.4966138583811244,-2.819225584631484,-4.474841606237353,0.0
3,863,13.592560207671568,3.043640595334864,-2.7724544262887,-4.584623654688292,0.0
3,864,13.31124285273495,2.599153920338722,-2.8538926724413454,-4.3051098452362755,3.0
3,865,13.014562991753564,2.1920537209541635,-3.0797045471848996,-3.836894142455405,3.0
3,866,12.715586791514397,1.8066155485767013,-2.8998194575991256,-3.8718693050908612,0.0
3,867,12.4165712118172,1.4148095158880096,-3.080492136346601,-3.964251348683705,0.0
3,868,12.10822424140315,1.020511163066658,-3.086447271935276,-3.9217157077406863,0.0
3,869,11.808926707047021,0.6329986104608452,-2.8995034151906776,-3.8285353443748544,0.0
3,870,11.497899167966352,0.26677584928052056,-3.3210473664197693,-3.4959198792315824,3.0
3,871,11.17848785259116,-0.0772040904912501,-3.067178941085265,-3.383678916202406,0.0
4,0,40.875403265180815,20.437701632590407,0.0,0.0,0.0
4,1,40.846245389444526,20.451034989832966,-0.5831575147257659,0.26666714485116394,3.0
4,2,40.76169031012994,20.492584611805906,-1.1079440715660116,0.5643252946076629,3.0
4,3,40.645354100605545,20.566318118090813,-1.2187801189218703,0.9103448310904341,3.0
4,4,40.49664387513789,20.67545076276503,-1.755424390431184,1.2723080623939644,3.0
4,5,40.29630937294199,20.823915445271886,-2.2512656534869073,1.6969855877431534,3.0
4,6,40.0665112774771,21.01055797180675,-2.344696255810968,2.035864942954092,3.0
4,7,39.803504486888315,21.219619373707168,-2.9154395559646797,2.145363095054295,3.0
4,8,39.499372039338645,21.460264470356712,-3.1672093950287437,2.6675388379365685,3.0
4,9,39.15344430102492,21.748292530703804,-3.7513453712458045,3.093022369005247,3.0
4,10,38.76527666781543,22.077485254746918,-4.012007292943924,3.4908321118570793,3.0
4,11,38.36968118761231,22.43079494911438,-3.8999023111185327,3.575361775492107,0.0
4,12,37.983576323633685,22.785072024971797,-3.822194968453946,3.5101797416562643,0.0
4,13,37.60414740320644,23.129053440645812,-3.7663834400909586,3.3694485718240887,0.0
4,14,37.235999122570725,23.467668719320756,-3.5965821726233624,3.4028570016747732,0.0
4,15,36.87754394531227,23.800976672432164,-3.57252137254574,3.263302060553455,0.0
4,16,36.523186862579195,24.12913190831044,-3.51462028211572,3.2998026570121297,0.0
4,17,36.15899921404343,24.452250169289652,-3.769132688599596,3.1625625625720932,0.0
4,18,35.77809113026743,24.759933827773146,-3.849028986920576,2.99111060709785,0.0
4,19,35.37900190163011,25.07146636323524,-4.132755585825821,3.239540102144023,0.0
4,20,34.96586478758142,25.382267499555766,-4.129986695148116,2.976482624266527,0.0
4,21,34.55015430484443,25.67883143105909,-4.184222959591464,2.954796005800029,0.0
4,22,34.14046666172091,25.969781369903302,-4.009529902879152,2.864202771084207,0.0
4,23,33.724529199802625,26.255215915504664,-4.309219335486462,2.8444881409431133,0.0
4,24,33.28190892037432,26.534528345645665,-4.543186253079661,2.741760461876906,0.0
4,25,32.830130645298475,26.80801128842161,-4.492379248437359,2.727898393642022,0.0
4,26,32.39200800561751,27.06830513966878,-4.270073545181841,2.477978631301392,0.0
4,27,31.96741589207695,27.301862762720027,-4.221768725629461,2.1931738297236603,0.0
4,28,31.535063230841004,27.521221044127124,-4.425284499089612,2.1939917984182404,0.0
4,29,31.100174607137852,27.731618793853634,-4.272487974973384,2.013963196112009,0.0
4,30,30.663145829528148,27.932154566792917,-4.468087577220663,1.9967522626736809,0.0
4,31,30.203876805430305,28.13958882471329,-4.717292904736134,2.15193289573382,0.0
4,32,29.719466565141005,28.36265955760143,-4.970911901049831,2.3094817620289696,0.0
4,33,29.223674938277604,28.60321994869839,-4.944920636218205,2.5017260599102507,0.0
4,34,28.714202234556197,28.863846737191032,-5.24453343820999,2.7108097099426516,0.0
4,35,28.185389969471196,29.12779093790808,-5.331711863490071,2.5680743043983405,0.0
4,36,27.659759917698736,29.378967375779595,-5.1808891719591195,2.455454453032001,0.0
4,37,27.149975492418868,29.630128319020788,-5.014799333638157,2.567764411791872,0.0
4,38,26.634820972338645,29.897579252249827,-5.288291067966275,2.7812542527889796,0.0
4,39,26.09600270928697,30.190329555650752,-5.4880741930672805,3.0737518152295795,0.0
4,40,25.549787469099655,30.490999777034226,-5.436230610679013,2.939652612439952,0.0
4,41,25.034993520365816,30.769556781679295,-4.859648363997746,2.6314874804614146,-5.0
4,42,24.57384976602603,31.007319816690643,-4.3632267227978705,2.123773219765516,-5.0
4,43,24.148160442992655,31.196631690657238,-4.150559737869768,1.6624642595663897,-5.0
4,44,23.767798220816132,31.33229484672018,-3.456684705660555,1.0507988616924866,-5.0
4,45,23.44967341413725,31.40384217120389,-2.905811427917051,0.38014762798178126,-5.0
4,46,23.15881069977837,31.453224724043203,-2.9114428592604806,0.6075034288043994,0.0
4,47,22.85502742387152,31.520343509822077,-3.164222658876378,0.734872286772962,0.0
4,48,22.54447861200441,31.59924902753736,-3.046753578465589,0.8432380675326279,0.0
4,49,22.27656701021867,31.659192309414813,-2.3114784572493026,0.3556275700164182,-5.0
4,50,22.063922231279918,31.663245649491024,-1.9414171215257738,-0.27456076849217936,-5.0
4,51,21.856014017322778,31.638067409464668,-2.2167471576170783,-0.22900403203490605,0.0
4,52,21.631470459056885,31.61229825492574,-2.2741240077009692,-0.28637905874363057,0.0
4,53,21.395444202744557,31.57658253689705,-2.446401118545614,-0.42793530183004513,0.0
4,54,21.171611989779535,31.494469839005,-2.030243140754836,-1.2143186560110237,-5.0
4,55,20.959391678752155,31.37599585421195,-2.214163079792794,-1.155161039849876,0.0
4,56,20.728191391454047,31.249004199015467,-2.4098426661693164,-1.3846720640798242,0.0
4,57,20.497819985720653,31.116650812772278,-2.197585448498641,-1.262395660783925,0.0
4,58,20.27285716577434,30.988609359902483,-2.301670950427747,-1.298433396611948,0.0
4,59,20.03816476270545,30.85847066939229,-2.392177110950044,-1.3043404135918522,0.0
4,60,19.801593838040276,30.740279438703546,-2.339241382353343,-1.0594842001829985,0.0
4,61,19.59214241510705,30.606296733045845,-1.8497870763114541,-1.6201699129708782,-5.0
4,62,19.419215788530508,30.442459194756097,-1.6087454552193226,-1.6565808528240993,0.0
4,63,19.27329043607078,30.284098351277663,-1.309761593975276,-1.510636016744673,0.0
4,64,19.155256159730868,30.133688592311728,-1.0509239328229611,-1.4975591625740776,0.0
4,65,19.05629711976215,29.995153457964328,-0.9282568665512372,-1.2731435243740368,0.0
4,66,18.95249591646605,29.868078739848507,-1.1477671993706853,-1.2683508379424886,0.0
4,67,18.837320990987536,29.740050447625677,-1.1557313101996396,-1.2922150065142013,0.0
4,68,18.71606375571662,29.624754872906458,-1.2694133952186792,-1.0136964878702983,0.0
4,69,18.600522354891652,29.514096860709827,-1.0414146212806532,-1.1994637560623183,0.0
4,70,18.50566294527013,29.396621586446038,-0.8557735711497134,-1.1500417292135818,0.0
4,71,18.43210735797055,29.27981277327281,-0.6153381748418578,-1.1861345342510283,0.0
4,72,18.363566473640674,29.16720291021238,-0.7554795117554978,-1.0660627269576128,0.0
4,73,18.27400071350374,29.051529913389615,-1.0358356909831379,-1.2473972094977093,0.0
4,74,18.17226572720628,28.93114729153683,-0.9988640349659672,-1.160255227557986,0.0
4,75,18.06231147625394,28.8120115218332,-1.2002209840807918,-1.2224601665147912,0.0
4,76,17.936116017507956,28.695935705807557,-1.3236881908386717,-1.0990561539981059,0.0
4,77,17.79264532454407,28.58578666383204,-1.5457256684390348,-1.1039246855123732,0.0
4,78,17.63295723052005,28.462382731281835,-1.6480362120412817,-1.3641539654916368,0.0
4,79,17.47552429651607,28.329298023786933,-1.5006224680381415,-1.2975401844065146,0.0
4,80,17.32234399037162,28.20156721272403,-1.5629836548506848,-1.2570760368515526,0.0
4,81,17.158911869516288,28.08611702158862,-1.7056587622560233,-1.05192778585673,0.0
4,82,16.979156606672746,27.983482867673146,-1.8894464946147203,-1.0007552924527943,0.0
4,83,16.788931380287835,27.892281816291913,-1.9150580330833264,-0.823265735171816,0.0
4,84,16.63510367578111,27.771587625117334,-1.1614960570513606,-1.590618088319701,-5.0
4,85,16.508833154932617,27.603949200794517,-1.363914359918299,-1.7621503981366171,0.0
4,86,16.361898343246096,27.43946527526016,-1.5747818738120998,-1.5275281125507316,0.0
4,87,16.217904976911854,27.300693877225072,-1.3050854528726585,-1.247899848151114,0.0
4,88,16.07587730581122,27.17220585350576,-1.5354679691399316,-1.3218606262351429,0.0
4,89,15.922930588439925,27.038963032452088,-1.523466378285944,-1.342995794838492,0.0
4,90,15.756262306622006,26.909377962666866,-1.8098992580721447,-1.24870560086603,0.0
4,91,15.58264203046356,26.796025807877086,-1.6625062650964963,-1.0183374949296002,0.0
4,92,15.42703715375518,26.687915740765405,-1.4495912690712043,-1.1438638473042388,0.0
4,93,15.292118527606576,26.567327907773333,-1.248781253900587,-1.267892812537383,0.0
4,94,15.171659207856777,26.443623511693545,-1.1604051410955538,-1.206195109058406,0.0
4,95,15.06765618739162,26.333214426355468,-0.919655268207384,-1.0019865977031195,0.0
4,96,14.986715632978871,26.219045036656667,-0.6991558200476433,-1.2814011962730092,0.0
4,97,14.913609450160564,26.08250438194736,-0.7629678363185484,-1.449411897913306,0.0
4,98,14.832033447623559,25.938055892520083,-0.8685522144215554,-1.4395578906322388,0.0
4,99,14.7500996712687,25.8067775140307,-0.770123312675743,-1.1860096791555979,0.0
4,100,14.666432433092638,25.699230787852244,-0.9032214508454697,-0.9649248444135399,0.0
4,101,14.58809082187598,25.592754070565405,-0.6636107734876457,-1.1646095013233513,0.0
4,102,14.508768795918257,25.478179971032887,-0.9228297456664922,-1.1268724893270345,0.0
4,103,14.42253646524587,25.366113684576078,-0.8018168677813229,-1.1144532398091709,0.0
4,104,14.338383414215372,25.26653560247364,-0.8812441528286925,-0.8771084022398377,0.0
4,105,14.246634328482244,25.17559284208545,-0.9537375618340125,-0.9417468055240654,0.0
4,106,14.149478185764792,25.0958224190651,-0.9893852925151254,-0.6536616548831073,0.0
4,107,14.055847408999853,25.035243240132843,-0.883230242783636,-0.5579219237617963,0.0
4,108,13.96132750182528,24.97781068686912,-1.0071679007077208,-0.5907291415125862,0.0
4,109,13.84801994060129,24.93044420555769,-1.2589833237723749,-0.3566004847157256,0.0
4,110,13.709163980464666,24.8978659393466,-1.5181358789603383,-0.2949648395059601,0.0
4,111,13.569395110449534,24.835324252114475,-1.277241521341855,-0.9558689051369385,-5.0
4,112,13.464939771483046,24.716578664436,-0.811865257987753,-1.41904284843263,-5.0
4,113,13.370527133949395,24.58638591599366,-1.0763874926853507,-1.184812120414108,0.0
4,114,13.269297391760858,24.47226509972036,-0.9482073510854576,-1.0976042050518409,0.0
4,115,13.167844715999166,24.356066086516705,-1.0808461641483715,-1.226376059021268,0.0
4,116,13.053901718529744,24.222891399125274,-1.1980137852401116,-1.43711768880733,0.0
4,117,12.922348867828873,24.08462743876821,-1.4330432287776347,-1.3281615183338644,0.0
4,118,12.764923521830923,23.940096926611815,-1.7154636911815153,-1.5624487247938514,0.0
4,119,12.595698180462563,23.79264007230462,-1.6690431361855742,-1.3866883613498828,0.0
4,120,12.421389006045928,23.643191820922155,-1.8171403521472564,-1.6022766662994545,0.0
4,121,12.23695248249777,23.481452188290163,-1.8715901188160524,-1.6325159863402963,0.0
4,122,12.052962008356047,23.315037605264507,-1.808219364018468,-1.6957756741727703,0.0
4,123,11.87606671306554,23.134018866882784,-1.7296865417916596,-1.9245990934617616,0.0
4,124,11.693846979152624,22.9462448559034,-1.9147081364669445,-1.830881126125881,0.0
4,125,11.501445744018241,22.755260616587407,-1.9333165662205403,-1.988803660194085,0.0
4,126,11.308225707877028,22.559303465358454,-1.931084156603692,-1.930339364384995,0.0
4,127,11.122226869178206,22.37217374037408,-1.7888926173729223,-1.8122551353024399,0.0
4,128,10.941411038240886,22.199387538875314,-1.8274240013737408,-1.643468894672905,0.0
4,129,10.753048619019182,22.046686373635424,-1.9398243830601238,-1.410554410124794,0.0
4,130,10.55060137525291,21.909057138440886,-2.1091204922652196,-1.3420302937658892,0.0
4,131,10.357343466993711,21.75252798678406,-1.7560376729189553,-1.788552739370715,-5.0
4,132,10.171975002837684,21.574102316139744,-1.9513316102012679,-1.779960673515717,0.0
4,133,9.96653031728593,21.398840901341202,-2.1575621008334336,-1.7252676224553554,0.0
4,134,9.739039714790408,21.229114219168792,-2.3922499490767795,-1.669266020993291,0.0
4,135,9.516785530792589,21.051632519525043,-2.052833730879521,-1.880367971881764,-5.0
4,136,9.326836036316564,20.842358092039348,-1.7461561586410497,-2.305120577832005,-5.0
4,137,9.162406977105775,20.623052091105137,-1.5424250255746266,-2.0809994408519987,0.0
4,138,9.021324962996317,20.426434448959725,-1.2792152566148918,-1.851353402056203,0.0
4,139,8.880048499168822,20.247514952681655,-1.5463140199350622,-1.727036523504994,0.0
4,140,8.722743495557808,20.06091829590875,-1.599786052285591,-2.0048966119530167,0.0
4,141,8.55192036605743,19.874199235886692,-1.8166765377221399,-1.729484588487809,0.0
4,142,8.378867554239747,19.713839187915767,-1.644379698631596,-1.477716370930306,0.0
4,143,8.223886212512838,19.579566343679062,-1.4552471359065038,-1.2077405138033672,0.0
4,144,8.07062816529671,19.461680910506345,-1.6099138084164188,-1.1499681496507606,0.0
4,145,7.916864030872091,19.340848878430933,-1.4653688800758982,-1.2666724918571965,0.0
4,146,7.77221080170861,19.20400034373199,-1.4276957031938773,-1.4702982021216116,0.0
4,147,7.6181731105071435,19.06243014578419,-1.6530581208354054,-1.3611057568344798,0.0
4,148,7.442268282790877,18.923940324915293,-1.8650384334902714,-1.4086906605431952,0.0
4,149,7.290447737122776,18.748939824527298,-1.1713724798714455,-2.0913193472170626,-5.0
4,150,7.160931574745575,18.53881028046456,-1.418950767672495,-2.1112715340375967,0.0
4,151,7.020237582271733,18.34262590458775,-1.3949290818043405,-1.8124159834989761,0.0
4,152,6.872697175203484,18.164871052764795,-1.5558790595603593,-1.742681052960494,0.0
4,153,6.718457288035324,17.987579200848558,-1.5289186838028197,-1.8031559853646915,0.0
4,154,6.57009584651999,17.801390042565117,-1.4383101465038335,-1.920627180304109,0.0
4,155,6.4280711501738494,17.595735812693903,-1.4021837804190165,-2.1924574171200852,0.0
4,156,6.282751409938072,17.379486806264993,-1.5042110242965006,-2.1325227114580088,0.0
4,157,6.145663965081383,17.176564369106472,-1.2375378728370556,-1.9259260317126774,0.0
4,158,6.011247349933569,16.994416799581217,-1.4507944301188536,-1.717025358792787,0.0
4,159,5.872169639990773,16.83570025158798,-1.3307597687367752,-1.4573056010723668,0.0
4,160,5.731591351279036,16.69004528788281,-1.4808060054976782,-1.4557936730312822,0.0
4,161,5.585448522796753,16.54136704510006,-1.4420505641478973,-1.517771182624049,0.0
4,162,5.435183859644837,16.380879190516197,-1.5632426988904236,-1.6919859090531926,0.0
4,163,5.272147059061666,16.219096756163083,-1.6974933127728518,-1.543662778009237,0.0
4,164,5.105847670997747,16.073736492740068,-1.6284944485056299,-1.3635424904511027,0.0
4,165,4.955031758962605,15.947655691006275,-1.3878237921968593,-1.1580735442246919,0.0
4,166,4.816958532675017,15.826037374282436,-1.3736407335547174,-1.2742927902521366,0.0
4,167,4.672578038696514,15.687081492448385,-1.5139691460151115,-1.5048248464289191,0.0
4,168,4.5208862322774905,15.548989170916087,-1.519866982365266,-1.2570215842171546,0.0
4,169,4.380362386444688,15.410050293139648,-1.2906099342907495,-1.5217559713119737,0.0
4,170,4.240700325861127,15.270927360503805,-1.5026312773804165,-1.260702681405288,0.0
4,171,4.101757599078184,15.14841590858731,-1.2762232582780664,-1.189526356924791,0.0
4,172,3.9707471535102457,15.029127616583082,-1.3439856530805576,-1.1962394831597383,0.0
4,173,3.834288401260835,14.914234636745135,-1.3851893919072706,-1.1016201135993544,0.0
4,174,3.6981122347916084,14.79258773471443,-1.3383339374768362,-1.3313179270147248,0.0
4,175,3.568256298566723,14.662220897340177,-1.2587847870208915,-1.2760188204707656,0.0
4,176,3.4288536946730233,14.533961499486708,-1.5292672908530793,-1.2891691365986055,0.0
4,177,3.2637370637059746,14.401126420768378,-1.7730653284875286,-1.3675324377679257,0.0
4,178,3.0802633611080523,14.264449349488984,-1.8964087234709375,-1.3660089878200576,0.0
4,179,2.8892659276367567,14.128275736288685,-1.9235399459549267,-1.3574632761862873,0.0
4,180,2.694335329584163,14.003703740192094,-1.9750720150967922,-1.1339766457454665,0.0
4,181,2.5113940830972865,13.867064778099973,-1.6837529146405954,-1.5988025960972312,-5.0
4,182,2.379685869049382,13.694987180942064,-0.9504113663174172,-1.8427493470607574,-5.0
4,183,2.2746515796251856,13.5171633844962,-1.1502744221659933,-1.713726581856931,0.0
4,184,2.147636630770478,13.360268627340503,-1.3900245549277042,-1.4241685612575061,0.0
4,185,2.0017577191009366,13.224575157439347,-1.5275536784627732,-1.2897008367657188,0.0
4,186,1.855809658478023,13.103498733058927,-1.3914075339953982,-1.131827650843114,0.0
4,187,1.7047914102654147,12.989408281761087,-1.6289574302567216,-1.149981375114196,0.0
4,188,1.5448583247562624,12.878677061580731,-1.5697042799262437,-1.0646430284931734,0.0
4,189,1.4061397432874116,12.753808197556964,-1.2046673494508084,-1.4327342519821364,-5.0
4,190,1.2835534515410245,12.603159259851424,-1.247058485476769,-1.5802445021286573,0.0
4,191,1.1578779213282644,12.449450978644336,-1.2664521187781999,-1.4939211220132345,0.0
4,192,1.0222824857022204,12.28611229045137,-1.4454565937427688,-1.772852641845951,0.0
4,193,0.8863181095235859,12.123788192363065,-1.2738309298295825,-1.4736293199200556,0.0
4,194,0.7545995840583544,11.963582567231214,-1.3605395794750743,-1.7304831827171965,0.0
4,195,0.6079273570128123,11.78263483086252,-1.5729049614359583,-1.8884715446569453,0.0
4,196,0.45949875101558746,11.591849933472247,-1.3956671585085836,-1.9272264031483672,0.0
4,197,0.3289843522382512,11.413835676996058,-1.2146208170378427,-1.6330587263752987,0.0
4,198,0.2091207822008414,11.240610670868506,-1.1826505837103136,-1.83144139617559,0.0
4,199,0.08498870337874109,11.047534336435149,-1.299990992731881,-2.0300852924916786,0.0
4,200,-0.05035745581614037,10.84899313090449,-1.4069321911657862,-1.9407388181214706,0.0
5,0,49.46811928293085,24.734059641465425,0.0,0.0,0.0
5,1,49.441716328010216,24.741339275590082,-0.5280590984126441,0.14559268249318613,3.0
5,2,49.368642578380985,24.78264261823394,-0.9334158941719171,0.6804741703839401,3.0
5,3,49.26564612421559,24.855345986918998,-1.1265131891358777,0.7735932033172439,3.0
5,4,49.13349556195264,24.938577595171115,-1.5164980561232717,0.8910389617250072,3.0
5,5,48.969377902645405,25.029251916575795,-1.765855130021361,0.9224474663686202,3.0
5,6,48.788107734537434,25.12960203076053,-1.8595482321380548,1.0845548173260386,3.0
5,7,48.589050402021996,25.247990400917615,-2.1215984181706915,1.283212585815722,3.0
5,8,48.35188372160526,25.385120058221975,-2.6217351901638377,1.4593805602714642,3.0
5,9,48.08006811867287,25.54517508364994,-2.814576868483959,1.741719948287841,3.0
5,10,47.78652913927478,25.722817316428138,-3.0562027194778985,1.8111247072760985,3.0
5,11,47.46249163461494,25.911818946796327,-3.4245473737189105,1.968907900087654,3.0
5,12,47.101639338582885,26.120056010701262,-3.7924985469221504,2.1958333780110824,3.0
5,13,46.72084086807665,26.34630070142458,-3.823470863202717,2.3290604364551903,3.0
5,14,46.33164099036884,26.580212683343753,-3.9605266909534365,2.3491792019282656,3.0
5,15,45.91169957565323,26.82574670424269,-4.438301603358717,2.5615012160505124,3.0
5,16,45.440665590888486,27.08603451337172,-4.982378091936138,2.6442549665301414,3.0
5,17,44.913393275884374,27.355636061136856,-5.56306820814611,2.747775988772524,3.0
5,18,44.36678868034242,27.627356631861176,-5.369023702693092,2.6866354257139093,0.0
5,19,43.843823512969465,27.898426386061608,-5.090279644766023,2.734759658294749,0.0
5,20,43.34583720700542,28.184799092637874,-4.869446474514941,2.992694473230536,0.0
5,21,42.84960209539031,28.48318269750783,-5.0552557577871475,2.974977624168492,0.0
5,22,42.33415623062014,28.76590439456443,-5.253661537616173,2.679456316963499,0.0
5,23,41.794313992807645,29.04040011654328,-5.5431832186335495,2.810458122613433,0.0
5,24,41.24495607898508,29.32126283674057,-5.443975057817754,2.8067962813323106,0.0
5,25,40.71400862413921,29.60324736599292,-5.174974039099661,2.832894303714639,0.0
5,26,40.1969595630903,29.887383628856373,-5.166007181878319,2.849830953554367,0.0
5,27,39.67966612182633,30.18474312509177,-5.179861643401193,3.0973589711535663,0.0
5,28,39.16074995139128,30.508986392161365,-5.198461765299671,3.38750637023829,0.0
5,29,38.63451281825826,30.855522944075712,-5.326280897360872,3.5432246680485715,0.0
5,30,38.104126039689476,31.21083926036739,-5.281454674014606,3.5631016577849337,0.0
5,31,37.578406643066884,31.581731247408012,-5.232933258437194,3.8547380830274474,0.0
5,32,37.06038338104344,31.973760825571375,-5.127531982031796,3.985853480239795,0.0
5,33,36.54746601504969,32.3600566067616,-5.130815337842982,3.7400621435646944,0.0
5,34,36.048173558751586,32.7473692842356,-4.855033788119123,4.006191405915269,0.0
5,35,35.56843688466412,33.153735045842296,-4.739699693629962,4.1211238262186,0.0
5,36,35.08944827715894,33.56329843589666,-4.840072456473861,4.070143974868559,0.0
5,37,34.59717852898204,33.973636677775744,-5.005322507063861,4.136620862713086,0.0
5,38,34.10331085689948,34.398015082337515,-4.872030934587178,4.350947228522259,0.0
5,39,33.608515734241095,34.822810236817176,-5.0238715185805045,4.144955861070896,0.0
5,40,33.11060423818705,35.22887870783778,-4.934358402500447,3.976413559341168,0.0
5,41,32.62085569725639,35.64053234270113,-4.860612416112627,4.256659137925759,0.0
5,42,32.13444626869702,36.0672812542263,-4.867576155074653,4.278319092577702,0.0
5,43,31.662626318472817,36.499957037697975,-4.568822849409216,4.375196576855679,0.0
5,44,31.221664013602037,36.922237613082224,-4.250423248006337,4.070414930829434,-5.0
5,45,30.830367102827864,37.308364316177816,-3.5755149674772504,3.6521191310824506,-5.0
5,46,30.50279132840508,37.63765140823965,-2.9760005209784026,2.9336227101541876,-5.0
5,47,30.236061633579922,37.919588219346146,-2.358593375524549,2.7051135119755916,-5.0
5,48,30.029691420464516,38.17822944279497,-1.7688108867835872,2.467710957001005,-5.0
5,49,29.886923589125118,38.40022731150597,-1.086545740004496,1.9722464172190541,-5.0
5,50,29.78877900732158,38.60567971187782,-0.8763458960661303,2.136801590217795,0.0
5,51,29.70042690519898,38.81842444653627,-0.8906961463856593,2.118093102951148,0.0
5,52,29.599863286465137,39.028871404796305,-1.1205762282910854,2.090846062249483,0.0
5,53,29.521740607721767,39.20540297121734,-0.4418773465763657,1.4397852661712065,-5.0
5,54,29.472732044678835,39.35228845092835,-0.5382939142823524,1.497924328049045,0.0
5,55,29.41265296198226,39.49132616221628,-0.6632877396492987,1.2828298977097656,0.0
5,56,29.340084207997876,39.6182931321549,-0.7880873400387038,1.2565095010627765,0.0
5,57,29.29135129613684,39.71647225226943,-0.18657089718181652,0.707072901227713,-5.0
5,58,29.260428608862924,39.8007251231857,-0.431882848296377,0.9779845170977133,0.0
5,59,29.21886375308776,39.90405681807132,-0.39941426720692874,1.0886493806146635,0.0
5,60,29.196513460495296,39.990048086019556,-0.04759158464210245,0.631175978349912,-5.0
5,61,29.188609067045974,40.05877307187457,-0.11049628434452785,0.7433237387504352,0.0
5,62,29.178039896178674,40.1264334834875,-0.10088713300137364,0.60988449350819,0.0
5,63,29.176111293052344,40.19415674791483,0.062315070474781464,0.7445807950382619,0.0
5,64,29.18113154246602,40.2551537691477,0.038089917798469486,0.4753596296188931,0.0
5,65,29.199641833732386,40.290904798527094,0.33211590752914155,0.23966095796917308,0.0
5,66,29.246103515197248,40.30612111001392,0.5971177217681216,0.06466527176718984,0.0
5,67,29.307655104187972,40.315021160380326,0.6339140580465035,0.11333573556106025,0.0
5,68,29.37442356250851,40.33330721317074,0.7014551083641241,0.25238532024735605,0.0
5,69,29.438978720537108,40.355868134650336,0.5896480522075951,0.19883310934449305,0.0
5,70,29.49267684871286,40.38026958954066,0.4843145113073888,0.28919598846190375,0.0
5,71,29.54427873277575,40.41824512255205,0.5477231699501672,0.47031467176582353,0.0
5,72,29.60184571053931,40.451252771774236,0.6036163853206933,0.18983831267780893,0.0
5,73,29.676652186566002,40.45940125464054,0.8925131352133846,-0.02686865535165417,0.0
5,74,29.762184495358937,40.451679030740564,0.8181330406453284,-0.1275758226478878,0.0
5,75,29.835124760419347,40.44945851917339,0.6406722605629973,0.08316559130449086,0.0
5,76,29.908672463616824,40.44869541829679,0.8302818033860895,-0.09842760883611312,0.0
5,77,29.989198145941685,40.438307729729914,0.7802318431116575,-0.10932616250186555,0.0
5,78,30.070828891851477,40.41969056038913,0.8523830750847221,-0.26301722431409935,0.0
5,79,30.152940676069505,40.39763734186293,0.7898526092759841,-0.17804714621008344,0.0
5,80,30.22744362444186,40.374533153080904,0.700206358171334,-0.2840366294307479,0.0
5,81,30.290089204940557,40.331251999172,0.5527052518027809,-0.5815864487478226,0.0
5,82,30.3407372390339,40.28438105302271,0.46025543006456715,-0.3558324742381913,0.0
5,83,30.380230099248536,40.25539700673447,0.3296017742281627,-0.22384845152693167,0.0
5,84,30.419828421506566,40.24578433705234,0.46236467093256195,0.0315950578841111,0.0
5,85,30.480951819873297,40.257159103053766,0.7601032964024217,0.19590026214419431,0.0
5,86,30.55162987155751,40.27663615547445,0.6534577372822667,0.1936407862690821,0.0
5,87,30.605384932624503,40.28683791126011,0.4216434840578014,0.010394329443672135,0.0
5,88,30.65105991062626,40.280307742866825,0.49185607597762093,-0.1409976973097038,0.0
5,89,30.713714289213158,40.27441343982274,0.7612314957604944,0.02311163642781544,0.0
5,90,30.785964421638084,40.27356324291942,0.6837711527384069,-0.04011557449434555,0.0
5,91,30.85685199042308,40.26943960159882,0.733980222961673,-0.04235725191787054,0.0
5,92,30.939772189745298,40.264491299025664,0.9244237634827712,-0.05660879954557707,0.0
5,93,31.02379917096428,40.256356664664736,0.7561158608973866,-0.10608388767339072,0.0
5,94,31.089378089464475,40.23962270519816,0.5554625091066683,-0.22859530165847275,0.0
5,95,31.132461253712478,40.20224661034335,0.30620077585340866,-0.5189265954379376,0.0
5,96,31.16109991571855,40.14654524263591,0.26657246426810133,-0.5951007587110588,0.0
5,97,31.200125525070916,40.086697525793525,0.5139397227796572,-0.601853578136808,0.0
5,98,31.250034528427165,40.022086345706995,0.4842403443454355,-0.6903700235941237,0.0
5,99,31.2917839328735,39.9550810385019,0.35074774458178126,-0.6497361205079937,0.0
5,100,31.331713944627495,39.903568753059616,0.4478524904983807,-0.3805095883381142,0.0
5,101,31.390887466727975,39.87424205395706,0.735617951511637,-0.20602439371312542,0.0
5,102,31.456235412581094,39.841721062836086,0.5713409655510482,-0.4443954287068035,0.0
5,103,31.503532016037752,39.78846211559832,0.3745911035823255,-0.6207835160485793,0.0
5,104,31.53977108167979,39.730250331172044,0.35019020925888533,-0.5434521724771137,0.0
5,105,31.57396719418773,39.683181822687146,0.3337320409003972,-0.3979179972210698,0.0
5,106,31.61670308712857,39.636333654484986,0.5209858179164346,-0.5390453668223696,0.0
5,107,31.67205140959257,39.59449548010221,0.5859806313636717,-0.29771812083367166,0.0
5,108,31.744287375640425,39.55357731547619,0.858738689593995,-0.5206451716868816,0.0
5,109,31.81568291883562,39.49867676130546,0.5691721743100135,-0.5773659117277514,0.0
5,110,31.868549656923875,39.454262957259175,0.48816258745534036,-0.310910169198122,0.0
5,111,31.90370375131178,39.41244342734893,0.21491930030306072,-0.5254804290070503,0.0
5,112,31.935740643169396,39.35772066321039,0.4258185368494001,-0.5689748537641535,0.0
5,113,31.98840999398098,39.310376194203315,0.62756847938277,-0.3779145263775252,0.0
5,114,32.05465482201686,39.260543414578905,0.6973280813348026,-0.6187410661111983,0.0
5,115,32.13122516649483,39.185863582982535,0.8340788082247439,-0.8748555658165635,0.0
5,116,32.22179303126035,39.1017630188376,0.9772784870858349,-0.8071557170825621,0.0
5,117,32.32638146337308,39.02764946188648,1.1144901551689301,-0.6751154219402267,0.0
5,118,32.430862535603666,38.95892967222244,0.9751312894427677,-0.6992803713408033,0.0
5,119,32.52037064953785,38.888833140299596,0.8150309892411407,-0.7026502671162635,0.0
5,120,32.61161371789564,38.82805203599406,1.0098303779149003,-0.5129718189946519,0.0
5,121,32.698177389174134,38.78692593157976,0.7214430476554696,-0.30955026929144225,0.0
5,122,32.75757817980349,38.74643015263683,0.46657276493217914,-0.5003653095676466,0.0
5,123,32.812068830031876,38.70725302582156,0.623240239635928,-0.28317722673815027,0.0
5,124,32.86325721342942,38.683966641264874,0.4005274283154048,-0.18255046439588618,0.0
5,125,32.91712367106206,38.67268501192032,0.6768017243375937,-0.04308212249530996,0.0
5,126,32.97466939324568,38.67209218974779,0.4741127193352366,0.031225679044373678,0.0
5,127,33.034875581443146,38.67405940348533,0.7300110446143844,0.008118595706346099,0.0
5,128,33.09860940689191,38.67686384988352,0.54466546436106,0.04797033225733749,0.0
5,129,33.14530613968623,38.69556847836921,0.3892691915253472,0.3261222374560919,0.0
5,130,33.1762683082419,38.71945402436711,0.22997417958862343,0.15158868250188462,0.0
5,131,33.18551316973259,38.745164891196936,-0.04507694977472276,0.3626286540945358,0.0
5,132,33.18341357976547,38.779329939970836,0.003085150432879047,0.32067232138336443,0.0
5,133,33.175441313550294,38.82167626764655,-0.16253047473598592,0.5262542321307198,0.0
5,134,33.17092441147204,38.879531106509205,0.07219243317099178,0.6308425451219577,0.0
5,135,33.173683581926554,38.945047896153056,-0.017009024080303803,0.6794932477545625,0.0
5,136,33.178786298321,39.02403451759949,0.11906335196931295,0.9002391811740313,0.0
5,137,33.20131601914082,39.11311578827619,0.33153106442709124,0.8813862323596897,0.0
5,138,33.22306284551095,39.20118868546518,0.10340546297570086,0.8800717114196726,0.0
5,139,33.2304641693315,39.297892509632646,0.04462101343537128,1.054004771929245,0.0
5,140,33.22209208093312,39.38834841958314,-0.21206278140245338,0.7551134270800706,0.0
5,141,33.20097851541152,39.46979177061212,-0.21020852902958254,0.8737535934990674,0.0
5,142,33.17225716361355,39.55168628300234,-0.3642185069299977,0.7641366543049539,0.0
5,143,33.14639362627116,39.6349551333945,-0.1530522399169989,0.9012403535379772,0.0
5,144,33.12497054240555,39.71190733954319,-0.27540943739535173,0.6378037694352727,0.0
5,145,33.08879353563583,39.76564331090594,-0.4481306979991846,0.43691565781964314,0.0
5,146,33.05594361051675,39.822139505572636,-0.2088678043823453,0.6930082355141423,0.0
5,147,33.04899898720657,39.89598102389246,0.06997533817880885,0.7838221308819868,0.0
5,148,33.05791337804783,39.98422498157862,0.1083124786466314,0.9810570228409095,0.0
5,149,33.07249078914447,40.08698033830561,0.1832357432863727,1.0740501116984404,0.0
5,150,33.08543710484622,40.1797508930338,0.07569057074891283,0.7813609828650154,0.0
5,151,33.086226366780295,40.26152457027351,-0.059905332067561545,0.8541125619286927,0.0
5,152,33.07556791345701,40.34690636013704,-0.15326373439737218,0.8535232353415836,0.0
5,153,33.06065618353426,40.42485393579116,-0.14497086405683035,0.7054282777404186,0.0
5,154,33.033199965436665,40.49724338640047,-0.4041534978951322,0.7423607344452474,0.0
5,155,32.9912624729518,40.576100220260344,-0.43459635180175304,0.8347759427519019,0.0
5,156,32.94430717033214,40.66920021499001,-0.5045097005913135,1.02722395184127,0.0
5,157,32.895738892025236,40.75957752697926,-0.46685586554655245,0.7803222879433971,0.0
5,158,32.83482655769592,40.823383873737555,-0.7513908210394256,0.49580464722230566,0.0
5,159,32.763166313555416,40.86525259767447,-0.6818140617703659,0.3415698315157414,0.0
5,160,32.699925498594155,40.885028227031995,-0.5830022374545365,0.053942755634228234,0.0
5,161,32.64728995549058,40.89394136115894,-0.46970862461652274,0.12431992690458671,0.0
5,162,32.60083624233749,40.896525992253004,-0.45936563844441736,-0.0726273050233619,0.0
5,163,32.55387212665977,40.90223247115421,-0.4799166751092283,0.18675688304737825,0.0
5,164,32.49664417966352,40.9249287553057,-0.664642264815539,0.2671687999821124,0.0
5,165,32.418701302377144,40.9526950915386,-0.8942152809115047,0.2881579246758914,0.0
5,166,32.3438609913639,40.974551546105346,-0.6025909393530462,0.14897116665878585,0.0
5,167,32.296728291981594,40.98095909811829,-0.3400630482927234,-0.02082012640026676,0.0
5,168,32.26608089296127,40.98386485422705,-0.2728849321137101,0.0789352485749415,0.0
5,169,32.232147507059835,41.00062983009846,-0.4057827859145213,0.25636426885326813,0.0
5,170,32.200974841780976,41.03521676688331,-0.21767051966278395,0.43537446684344516,0.0
5,171,32.17926624925002,41.074715864884126,-0.2165013309565289,0.35460749317261886,0.0
5,172,32.17217377084205,41.123161113048525,0.07465176279771235,0.6142974701149626,0.0
5,173,32.19174279539237,41.19672152132395,0.3167287282088438,0.8569106953931449,0.0
5,174,32.227793909328966,41.29483773487718,0.4042935505235281,1.105413575671074,0.0
5,175,32.274221177225456,41.402387717807784,0.5242518074066052,1.0455860829407992,0.0
5,176,32.327219062712345,41.49824136324065,0.5357059023311876,0.8714868257161257,0.0
5,177,32.367108460206055,41.592596375992855,0.2620820475437622,1.0156134293273649,0.0
5,178,32.402975520351106,41.68579629600424,0.4552591553577603,0.8483849708998434,0.0
5,179,32.4613293527151,41.76794789806169,0.7118174919228366,0.7946470702486614,0.0
5,180,32.54004803446196,41.83682995265792,0.8625561430148867,0.5829940216758676,0.0
5,181,32.62069718078851,41.90775526968329,0.7504267835169571,0.8355123188312703,0.0
5,182,32.700661860834146,41.98336236504818,0.8488668173956633,0.6766295884664064,0.0
5,183,32.7774891050434,42.06314173125713,0.6876780667898306,0.9189577357122491,0.0
5,184,32.86036461632631,42.15050472637205,0.9698321588688721,0.828302166585944,0.0
5,185,32.96571046611854,42.23299973080927,1.1370848369760562,0.8215979221580927,0.0
5,186,33.083076808631574,42.315687022474435,1.2102420132846508,0.8321479111450323,0.0
5,187,33.20135749408627,42.3842460811716,1.1553716958095777,0.5390332627977923,0.0
5,188,33.307821544018736,42.43840699768987,0.9739093028395711,0.5441850675671009,0.0
5,189,33.412719889684354,42.482508235600136,1.1240576104729847,0.33783969063773256,0.0
5,190,33.52443526992346,42.50827774154689,1.110249994309772,0.17755042829681322,0.0
5,191,33.64706195192633,42.52575663112029,1.342283645748438,0.17202736317092437,0.0
5,192,33.7699859476831,42.54516729350084,1.1161962693869505,0.2161858844396889,0.0
5,193,33.8720243113375,42.55603734939814,0.9245710037014891,0.0012152335062154407,0.0
5,194,33.95792609315612,42.54280701842333,0.7934646326707622,-0.26582185300269146,0.0
5,195,34.03203571768404,42.50546989643027,0.6887278578876099,-0.4809205868591704,0.0
5,196,34.10095155970788,42.44762954337341,0.689588982589834,-0.6758864742782897,0.0
5,197,34.16515627234958,42.39038894944207,0.5945052702442943,-0.4689254043487754,0.0
5,198,34.21167453376421,42.33194096727209,0.3358599580483581,-0.7000342390511651,0.0
5,199,34.230775398164894,42.26861860207407,0.04615732996551358,-0.5664130649095025,0.0
5,200,34.24655909132139,42.21011958105794,0.26951653316423396,-0.6035673554133147,0.0
5,201,34.27117402284199,42.159203680655196,0.2227820972478618,-0.41475065264159383,0.0
5,202,34.2983125549199,42.11733855935347,0.3199885443101884,-0.4225517733937121,0.0
5,203,34.33412282787731,42.08536832070888,0.39621691483768906,-0.21685299949845138,0.0
5,204,34.385306507566156,42.05763693094667,0.6274566789396037,-0.3377747957462631,0.0
5,205,34.456830104300025,42.02258830510465,0.8030152557379289,-0.36319772109463067,0.0
5,206,34.534536946601634,42.000364335856716,0.7511215902944919,-0.0812816638642353,0.0
5,207,34.61715037087214,42.002638225658245,0.9011468951153407,0.12675945989444415,0.0
5,208,34.71569391767099,42.01732131239328,1.0697240408616437,0.16690227480587083,0.0
5,209,34.82359075522061,42.03643258475648,1.0882127101313444,0.2153231724584881,0.0
5,210,34.931246589131774,42.044747877055386,1.0649039680918175,-0.049017326480884194,0.0
5,211,35.035805476597545,42.036231833748104,1.026273781224262,-0.12130353966490581,0.0
5,212,35.12577902663821,42.01135232270951,0.7731972195889991,-0.3762866811071994,0.0
5,213,35.20210289545821,41.98039288856296,0.7532801568114991,-0.24290200182467103,0.0
5,214,35.26942635483846,41.9533848131577,0.5931890307942638,-0.2972595062813568,0.0
5,215,35.32779342447236,41.91501281569799,0.5741523618835558,-0.4701804429129819,0.0
5,216,35.3707438892792,41.87189842760904,0.2848569342537761,-0.3921073188661133,0.0
5,217,35.39089718632391,41.84275471465702,0.11820900664045197,-0.19076694017426732,0.0
5,218,35.415149980045555,41.825235153260905,0.3668468677926473,-0.15962428774804494,0.0
5,219,35.457686608851304,41.81345176498377,0.4838857083222745,-0.07604347779526677,0.0
5,220,35.50611537686484,41.820756203032204,0.4846896519491697,0.22213223876344124,0.0
5,221,35.54431092854588,41.8418531991079,0.2792213816714266,0.19980768275001637,0.0
5,222,35.58539626157619,41.84746410262227,0.5424852789348886,-0.08758961246310903,0.0
5,223,35.639040388395074,41.84675564647472,0.5303972574426332,0.07342048951158553,0.0
5,224,35.68478577771242,41.864846256087446,0.3845105289044124,0.2883917027424925,0.0
5,225,35.712249538393166,41.90590188246648,0.16476468471117656,0.5327208248373783,0.0
5,226,35.74037188116489,41.9446195187777,0.3976821707236109,0.2416319013869419,0.0
5,227,35.77370871967861,41.97749572243015,0.2690545995511613,0.4158921716614348,0.0
5,228,35.7921857576066,42.01604114479858,0.10048615900919344,0.3550162757063511,0.0
5,229,35.800050693170704,42.065941943451094,0.05681255227299431,0.6429996973434768,0.0
5,230,35.81958193241138,42.117570302237255,0.33381223254034964,0.3895674783793197,0.0
5,231,35.84844409736553,42.16255454065089,0.2434310665428825,0.5101172898925324,0.0
5,232,35.86965586623228,42.20363102592535,0.18080431079205894,0.31141241559691757,0.0
5,233,35.88323555989314,42.24955121476586,0.0907895624258277,0.6069913612127547,0.0
5,234,35.906205335969105,42.309607008354476,0.3686059590941717,0.5941245105590891,0.0
5,235,35.938985858802596,42.38219627216745,0.2870044975754258,0.8576607656997837,0.0
5,236,35.974053486865785,42.46290368528952,0.41434806368821775,0.7564874967418547,0.0
5,237,36.00069708967834,42.529551574614345,0.11852399256337343,0.576470289753992,0.0
5,238,36.01103771902882,42.58941877479674,0.08828859444673398,0.620873713893694,0.0
5,239,36.010513536399515,42.6425425974694,-0.0987722470329544,0.4416027395593183,0.0
5,240,36.01219729380489,42.673524905202214,0.13244739514120596,0.17804341509622468,0.0
5,241,36.03948548456134,42.69306329006315,0.4133164199886359,0.21272428212200722,0.0
5,242,36.07320387540483,42.725395250750694,0.26105139688132084,0.4339149316288964,0.0
5,243,36.09315283361059,42.77115130267657,0.13792776723428446,0.48120610688844856,0.0
5,244,36.11146981050575,42.810908519536724,0.22841177066983143,0.31393823031394774,0.0
5,245,36.13494964210753,42.84466265716168,0.24118486136604922,0.36114452218498627,0.0
5,246,36.1683224891957,42.87507835657874,0.42627208039733944,0.24716946615622604,0.0
5,247,36.219385117776085,42.903657022158825,0.5949804912107464,0.3244038454447118,0.0
5,248,36.28325447010309,42.95059009666835,0.6824065553298837,0.614257644745301,0.0
5,249,36.36348789896067,43.01740935604852,0.922262021822096,0.7221275428577982,0.0
5,250,36.44181013546847,43.0895624293654,0.6441827083346716,0.7209339234800627,0.0
5,251,36.513940546308675,43.160523531526735,0.7984255084701068,0.6982881197460085,0.0
5,252,36.58121017110324,43.23307550128311,0.5469669874219818,0.7527512753809908,0.0
5,253,36.63583152952964,43.29727824341836,0.5454601811061455,0.5313035673240947,0.0
5,254,36.680940617539136,43.336258749059084,0.3567215790838567,0.24830654549003306,0.0
5,255,36.72385195175866,43.359499974732614,0.5015051053066149,0.21651796798057532,0.0
5,256,36.766632203075744,43.39252851857424,0.3540999210358162,0.44405290885201687,0.0
5,257,36.807700195213556,43.42790183842226,0.4672599217210198,0.26341348810797527,0.0
5,258,36.85830768720132,43.4551254453404,0.5448899180347428,0.2810586502547334,0.0
5,259,36.9013035778417,43.472419799028216,0.3150278947731753,0.06482842350123974,0.0
5,260,36.92263373364227,43.469296378307035,0.11157522123833985,-0.12729683792564472,0.0
5,261,36.927939828621845,43.44844083329298,-0.005453321646099241,-0.2898140623562373,0.0
5,262,36.935358723624574,43.42683891157395,0.15383122170114127,-0.14222437202467653,0.0
5,263,36.9419229165336,43.40263297616531,-0.022547363520775576,-0.3418943361480373,0.0
5,264,36.94897027620942,43.35362953391814,0.16349455703734606,-0.6381745087957356,0.0
5,265,36.95187366931816,43.293548345636225,-0.10542669486259015,-0.563449256842965,0.0
5,266,36.94792123998991,43.248837031827236,0.026378108298152014,-0.33077701933751413,0.0
5,267,36.9595030158215,43.214939219870985,0.2052574083338996,-0.3471792197873409,0.0
5,268,36.9874212652,43.185735502867374,0.3531075792369638,-0.2368951202847125,0.0
5,269,37.02954451501495,43.176089006954555,0.4893574170620063,0.043965202028550365,0.0
5,270,37.06544963734467,43.187586954659935,0.2287450295332114,0.1859937520792947,0.0
5,271,37.098469909846244,43.19494064114002,0.4316604204987051,-0.03892002247741644,0.0
5,272,37.14499935653646,43.20275612146122,0.4989285133053656,0.19522962890114748,0.0
5,273,37.19744109608229,43.2254293569149,0.5499062776112211,0.25823508017263563,0.0
5,274,37.238683961490324,43.24316006262137,0.27495103055026604,0.09637903395694636,0.0
5,275,37.27170304052834,43.262478947687384,0.3854305502098825,0.2899986673627595,0.0
5,276,37.31998064965467,43.28936091036911,0.5801216323172316,0.2476405862714408,0.0
5,277,37.37866334542417,43.301204697402,0.5935322830735341,-0.010764845613923768,0.0
5,278,37.42675747185615,43.302334037277944,0.3683502455664396,0.033351643132059294,0.0
5,279,37.4766719927685,43.320292591334066,0.6299401726811666,0.32581943798976454,0.0
5,280,37.536220965638506,43.35755989603422,0.561039284719735,0.4195266560131721,0.0
5,281,37.58774593401023,43.39134486996613,0.46946008271499906,0.25617282262508745,0.0
5,282,37.649404992563404,43.407247919213205,0.7637210883483299,0.061888162316305895,0.0
5,283,37.71474648769066,43.42547155490661,0.5431088141971916,0.30258455155166786,0.0
5,284,37.77614121395396,43.445881012611835,0.6847857110696811,0.10560460255232584,0.0
5,285,37.83539086760851,43.44369228497436,0.500207362021996,-0.14937915530171608,0.0
5,286,37.87945232563072,43.42517393519552,0.3810217984227844,-0.2209878402756651,0.0
5,287,37.90459642554271,43.402912863698305,0.12186019981770713,-0.22423358966842244,0.0
5,288,37.90881807583298,43.386261820929406,-0.037427194011618425,-0.10878726570983055,0.0
5,289,37.90245373427172,43.37821950681115,-0.08985963721380585,-0.05205901665592627,0.0
5,290,37.882805011049925,43.38610968518867,-0.30311482722125405,0.2098625842058901,0.0
5,291,37.86508873934872,43.40878422645841,-0.051210606802113645,0.24362824118844806,0.0
5,292,37.86349247792322,43.43307427168793,0.019285378292678956,0.24217266340190058,0.0
5,293,37.87170481681903,43.45650915955423,0.1449613996233765,0.22652509392387365,0.0
5,294,37.89346788906494,43.48793692612685,0.2903000452946607,0.4020302375284608,0.0
5,295,37.92238455759292,43.54213422097712,0.28803332526575787,0.6819156594763189,0.0
5,296,37.946494364096054,43.618441038962146,0.1941628047966546,0.844220700224172,0.0
5,297,37.96705675662986,43.68947879815272,0.21708504587925326,0.5765344835869204,0.0
5,298,37.98018360760318,43.733190100113006,0.04545197358789288,0.29769155561827,0.0
5,299,37.996244415259696,43.769792518519694,0.27576417954229093,0.43435681251478364,0.0
5,300,38.02148602598544,43.81586378740138,0.22906803497292216,0.4870685651191078,0.0
5,301,38.05054446569733,43.870596438568214,0.3521007592651859,0.6075844582175414,0.0
5,302,38.09258309851447,43.943912187077274,0.48867189707796044,0.8587305119631434,0.0
5,303,38.145564236277835,44.03593573629297,0.5709508581902121,0.9817404723501486,0.0
5,304,38.188410594678885,44.1310146022887,0.2859763098305841,0.9198368475638325,0.0
5,305,38.210618895614516,44.2363221544673,0.15818970888228812,1.1863141960079044,0.0
5,306,38.22979591530611,44.35299155755001,0.22535068495035127,1.147073865646334,0.0
5,307,38.26600873435336,44.46175429130915,0.4989056959946083,1.0281808095358063,0.0
5,308,38.330252560211306,44.568518269406184,0.785970821164728,1.1070987524041627,0.0
5,309,38.413810808263406,44.69039255597107,0.885194139877191,1.3303869788931255,0.0
5,310,38.51601676302607,44.820199834145455,1.1589249553769108,1.265758584594419,0.0
5,311,38.61782160489878,44.943325581710326,0.877171882077393,1.1967563667027932,0.0
5,312,38.70246998062072,45.05945120850214,0.8157956323611497,1.1257561691331528,0.0
5,313,38.780694958906906,45.185013846641596,0.7487039333627141,1.3854965936561925,0.0
5,314,38.85342820916833,45.31706376023732,0.7059610718659126,1.2555016782582022,0.0
5,315,38.93069733062521,45.44090947633828,0.8394213572708296,1.2214126437605834,0.0
5,316,39.02706876714967,45.567494051649135,1.0880073732180229,1.310278862456471,0.0
5,317,39.135981201996174,45.71033428453603,1.0902413237111706,1.5465257952809761,0.0
5,318,39.23660543087021,45.852966661596156,0.9222432537708922,1.306121745921164,0.0
5,319,39.33212564286009,45.97788335049637,0.9881609860261911,1.1922120320828498,0.0
5,320,39.44442639899364,46.08232664769599,1.2578541366454328,0.8966539119090928,0.0
5,321,39.584899209221476,46.176186390611576,1.5516020679119187,0.9805409464025363,0.0
5,322,39.74739773649742,46.26753637125438,1.6983684776070795,0.8464586664537013,0.0
5,323,39.92616967534855,46.35401430179479,1.877070299415113,0.8830999443540026,0.0
5,324,40.11474382098481,46.430810905087185,1.894412613310255,0.6528321214940682,0.0
5,325,40.29994664149274,46.508315426745526,1.8096437968474106,0.8972583116729371,0.0
5,326,40.49578406563194,46.5963870260303,2.107104685937852,0.8641736740224069,0.0
5,327,40.70172727018678,46.6695403833308,2.0117594051585286,0.598893471986802,0.0
5,328,40.8988942625798,46.724937306449476,1.9315804427018612,0.5090449903865544,0.0
5,329,41.091438910927536,46.79037119249972,1.9193125242537583,0.799632730618411,0.0
5,330,41.27747499207351,46.87545573628478,1.8014090986668698,0.9020581450821439,0.0
5,331,41.46457355815107,46.964691753509044,1.9405622228842105,0.8826621994028692,0.0
5,332,41.6657637852212,47.05927698788389,2.0832423185176197,1.009042488093332,0.0
5,333,41.869718606127094,47.16824028098432,1.995854099600745,1.1702233739151389,0.0
5,334,42.05982231921462,47.28696019888554,1.8062201621509217,1.204174984109267,0.0
5,335,42.239908013784316,47.41854484465159,1.7954937292440896,1.427517931211165,0.0
5,336,42.40760782155735,47.553293721765726,1.5585024262170357,1.2674596110709686,0.0
5,337,42.5574088671176,47.67043746246338,1.4375184849871872,1.0754152028821462,0.0
5,338,42.68783209156538,47.77287287579844,1.1709460039692363,0.9732930638185593,0.0
5,339,42.81833309532237,47.86873445260545,1.43907407117063,0.943938472321598,0.0
5,340,42.95102889530483,47.95707975933635,1.2148419284796574,0.8229676622962394,0.0
5,341,43.073267989070814,48.03197298610422,1.229939946840867,0.6748968730606535,0.0
5,342,43.185581367984696,48.09554507700176,1.0163276314376066,0.5965449448894695,0.0
5,343,43.29344695596819,48.140661188099955,1.1409841282324624,0.30577727707468405,0.0
5,344,43.39330680393482,48.1674571209187,0.8562128311004038,0.23014137930003464,0.0
5,345,43.46961818736054,48.19341173441154,0.6700148374140014,0.28895089055645506,0.0
5,346,43.53011380201792,48.213144562164075,0.5398974557334704,0.10570566449363028,0.0
5,347,43.59736126370137,48.22437578093809,0.8050517779363684,0.11891871098645801,0.0
5,348,43.66480036261112,48.2490607410374,0.5437302002577358,0.3747804909998198,0.0
5,349,43.70434327080591,48.28285906525758,0.24712796363795952,0.3011859934031822,0.0
5,350,43.74348451814444,48.29905030476459,0.5356969831333931,0.022638796736249134,0.0
5,351,43.80032770274249,48.30039239594072,0.6011667088277193,0.004203026786385067,0.0
5,352,43.85794801703639,48.31481247220535,0.5512395770510778,0.2841984985062318,0.0
5,353,43.92250491573668,48.33354038908237,0.7398983969555033,0.09035983903407008,0.0
5,354,44.00760212444618,48.34252648903765,0.9620457772336568,0.08936216007140274,0.0
5,355,44.09453411509969,48.34005314127688,0.7765940358374444,-0.13882911528669872,0.0
5,356,44.18290609383678,48.33733566473853,0.990845538905246,0.0844795845189843,0.0
5,357,44.269794150361804,48.34888504770947,0.746915591596478,0.1465080748990335,0.0
5,358,44.34983638834069,48.35008373291532,0.8539291679820948,-0.1225343707826454,0.0
5,359,44.433871244598436,48.35080647632719,0.826767957173038,0.1369892390200924,0.0
5,360,44.50684438354142,48.355816407769,0.632694821687414,-0.03679061018399565,0.0
5,361,44.580549344475685,48.3632114340669,0.8414043969981684,0.18469113614129284,0.0
5,362,44.67119875341018,48.38106761902816,0.9715837816909474,0.1724325630830883,0.0
5,363,44.76798118557815,48.40076373117597,0.9640648616676373,0.22148967987332213,0.0
5,364,44.86379199822363,48.4116819509606,0.9521513912415216,-0.0031252841812818843,0.0
5,365,44.94602552720585,48.4039200202684,0.6925191884024944,-0.15211332966269708,0.0
5,366,45.028485161029494,48.39374864428987,0.956673488070269,-0.05131418990837666,0.0
5,367,45.11879782518815,48.4015945186153,0.8495797951035566,0.20823167641709972,0.0
5,368,45.194989784820336,48.42833581034262,0.6742593975394175,0.32659415812921466,0.0
5,369,45.25279208080963,48.453786478556935,0.48178652224635243,0.18241920615683682,0.0
5,370,45.31540624749414,48.46290300755646,0.7704968114447706,-8.862616664551126e-05,0.0
5,371,45.39294692924159,48.45626669286344,0.7803168235049078,-0.13263766769412655,0.0
5,372,45.473268138926414,48.45666342499857,0.8261073701923358,0.1405723103969514,0.0
5,373,45.56980650584376,48.459795089539966,1.1046599681558966,-0.07793901956932636,0.0
5,374,45.68371494835367,48.441500590657256,1.173508882043663,-0.28795095808524174,0.0
5,375,45.79250475525623,48.4060889516727,1.002287256007369,-0.4202818216072348,0.0
5,376,45.88658565278888,48.35203950510197,0.8793306946459545,-0.6607071098075217,0.0
5,377,45.97090962828668,48.28711109975313,0.8071488153100397,-0.6378609971688594,0.0
5,378,46.05462214737372,48.224435129748144,0.8671015664313639,-0.6156584029301975,0.0
5,379,46.15492114755568,48.16661776186663,1.1388784372072749,-0.5406889547011424,0.0
5,380,46.278389062004976,48.120779222596866,1.3304798517782448,-0.3760818306937086,0.0
5,381,46.42502894819893,48.09379664394464,1.602317872100624,-0.16356974235206678,0.0
5,382,46.59776353329778,48.08686291592983,1.852373829876857,0.024895182055578502,0.0
5,383,46.79270087271357,48.09603998593798,2.0463729584400276,0.15864621810740154,0.0
5,384,47.00978825016182,48.11536949786955,2.295374590524183,0.22794402052286422,0.0
5,385,47.23861001098862,48.14526337788084,2.2810606260112145,0.36993357970259666,0.0
5,386,47.45180983289549,48.172096363055175,1.9829358121255005,0.16672612378328466,0.0
5,387,47.65391247474497,48.190804202898676,2.059117024863916,0.20743067308757723,0.0
5,388,47.85898111702625,48.20338346302117,2.0422558207629358,0.044154529361808414,0.0
5,389,48.063747590494586,48.19839649834557,2.0530736486030783,-0.14389382287440178,0.0
5,390,48.28242523495442,48.18616588071893,2.3204792405947536,-0.10071852965799977,0.0
5,391,48.512021798675846,48.17529872002035,2.2714520338348763,-0.11662468431283024,0.0
5,392,48.74065932408598,48.16680408896855,2.301298474368476,-0.053267936724124,0.0
5,393,48.975600938029515,48.14869227839051,2.3975338045026007,-0.3089682748358378,0.0
5,394,49.21002228944144,48.11914187912407,2.2908932237371076,-0.2820397104922634,0.0
5,395,49.43536210889113,48.09995270870297,2.2159031652572274,-0.10174369792949634,0.0
5,396,49.65575136135351,48.08558200820846,2.1918818839902734,-0.18567031196077366,0.0
5,397,49.886928028048146,48.06395898282426,2.4316514499022084,-0.24679019572280403,0.0
5,398,50.135482915866874,48.04442894379167,2.539446306472257,-0.1438105849303586,0.0
5,399,50.37871882677689,48.01972479402173,2.3252719117277394,-0.35027241046780766,0.0
5,400,50.61603760338744,47.99098945945764,2.4211036204830627,-0.22443428081362882,0.0
5,401,50.85387148379277,47.95697654467574,2.3355739876241515,-0.45582401482413637,0.0
5,402,51.0850280373121,47.913707938153266,2.2875570827628735,-0.40954811562453663,0.0
5,403,51.315613377004524,47.88754969191223,2.324149711084903,-0.11361680919752537,0.0
5,404,51.556833727198295,47.873146865163335,2.5002572927915345,-0.17443972578144695,0.0
5,405,51.80485074024091,47.864844105341035,2.4600829680614495,0.008384529336106894,0.0
5,406,52.05665979662251,47.86975000525729,2.57609815957192,0.0897334689885696,0.0
5,407,52.30353896306008,47.867375462298014,2.361485169178664,-0.1372243281741401,0.0
5,408,52.553725801844394,47.84219082148161,2.642251606507724,-0.36646848815459876,0.0
5,409,52.80556999211478,47.80922842093503,2.394632198899803,-0.29277952277779207,0.0
5,410,53.058603489474535,47.794216273049074,2.666037748295473,-0.0074634349412008305,0.0
5,411,53.3163193626865,47.784340307311254,2.4882797159437153,-0.19005587981468253,0.0
5,412,53.560454100080506,47.77543374809704,2.3944150319361768,0.011924695530186824,0.0
5,413,53.81055584661476,47.768276004146855,2.6076198987498564,-0.155079574534831,0.0
5,414,54.0772607899321,47.750735975040584,2.726478967597199,-0.19572100759099698,0.0
5,415,54.34609723674157,47.718779445757946,2.6502499685919148,-0.44340957806301695,0.0
5,416,54.60024274985858,47.68109780940631,2.4326602937484907,-0.3102231489703495,0.0
5,417,54.847047251325876,47.65121076650087,2.5034297355982815,-0.2875177091398555,0.0
5,418,55.10764772794812,47.610289159400736,2.7085797968470366,-0.5309144328621223,0.0
5,419,55.38978075312468,47.55899130808223,2.934080706684412,-0.4950425935075753,0.0
5,420,55.671412637248864,47.51141396334856,2.698556975800088,-0.4565043011664347,0.0
5,421,55.931581743185006,47.47436069544449,2.5048251429221438,-0.28456105691497946,0.0
5,422,56.18004112789026,47.43491100800895,2.4643625511828766,-0.5044326917970121,0.0
5,423,56.416125782384825,47.3714915661119,2.2573305387078157,-0.7639561461446114,0.0
5,424,56.6302176697003,47.28745760806612,2.024507207603044,-0.9167230147717973,0.0
5,425,56.83795106816183,47.199469870311304,2.1301607616272733,-0.8430317403241325,0.0
5,426,57.04969809695092,47.13578021674812,2.1047798141545293,-0.4307613309402214,3.0
5,427,57.24053394862051,47.105476735202274,1.7119372192377043,-0.17530829997635067,3.0
5,428,57.39282670075079,47.11533763436,1.333917823367237,0.37252628313313174,3.0
5,429,57.524205847649455,47.146601895048434,1.2936651146070908,0.2527589306353786,0.0
5,430,57.658120041081816,47.18599263204044,1.3846187540417496,0.5350558092045787,0.0
5,431,57.78392292780359,47.248486972694536,1.1314389803944103,0.7148310038765882,0.0
5,432,57.90070599579849,47.32696633657554,1.2042223795036229,0.85475627374238,0.0
5,433,58.01082519573424,47.407714871378175,0.9981616192120981,0.7602144223099288,0.0
5,434,58.124742450994745,47.497690440729,1.2801834859981085,1.0392969647059935,0.0
5,435,58.25180977463208,47.603233458717,1.2611629867486442,1.071563395052335,0.0
5,436,58.390907990063624,47.70571991753968,1.5208013218823382,0.978165781400822,0.0
5,437,58.54996677873146,47.805626711620675,1.66037445147456,1.019970100217881,0.0
5,438,58.703378876612646,47.89513620493676,1.4078675061507617,0.7702197661024606,0.0
5,439,58.843606879283016,47.965887997281925,1.3966925472580023,0.6448160808003909,0.0
5,440,58.98177287491592,48.02035664328389,1.3666273654014738,0.4445568392368848,0.0
5,441,59.11818150022589,48.06063791762881,1.3615451407985795,0.36106864765989855,0.0
5,442,59.247944885943525,48.096813841173,1.2337225735548927,0.36244982322297936,3.0
5,443,59.3660744742275,48.15516600582009,1.1288691921246325,0.8045934697181689,3.0
5,444,59.477222559784764,48.24656701752781,1.0940925190194797,1.0234267644357136,0.0
5,445,59.571657236970395,48.36171461490983,0.7946010246941029,1.279525183205628,0.0
5,446,59.660053154210686,48.50368997664566,0.9733173201123186,1.5599820515119482,0.0
5,447,59.767304047187736,48.649690561228454,1.1717005394289863,1.36002964014361,0.0
5,448,59.87772702014513,48.77504755534562,1.0367589197183626,1.147110242200874,0.0
5,449,59.977297654401696,48.896526944112225,0.9546537654121288,1.282477533130388,0.0
5,450,60.06881636838,49.015071021937956,0.8757205141539259,1.088404023385186,0.0
5,451,60.15578303402697,49.132995658236155,0.8636127987845938,1.2700887025799794,0.0
5,452,60.24634680978443,49.249578131763656,0.9476627163638582,1.061560767969283,0.0
5,453,60.33000457214405,49.35519860772433,0.7254925308293387,1.0508487512441356,0.0
5,454,60.39167214006511,49.450499181784835,0.5078588275908018,0.855162729965965,0.0
5,455,60.45253331120455,49.547264546510974,0.7093645951974139,1.0801445645578518,0.0
5,456,60.53210928485191,49.64951844029213,0.8821548777489845,0.9649333110649483,0.0
5,457,60.625302663619664,49.75058218358117,0.9817126976051433,1.056341554717191,0.0
5,458,60.71408644022006,49.84502502089606,0.7939628344021834,0.8325151915809101,0.0
5,459,60.78490749926971,49.91616654384359,0.6224583465896529,0.590315267370288,0.0
5,460,60.85543916821837,49.96469028548188,0.7881750323825614,0.38015956539572215,0.0
5,461,60.92041510393062,50.00097914466039,0.5113436818626056,0.3456176181757922,0.0
5,462,60.97021741166293,50.03241742890941,0.4847024727840541,0.2831480668048183,0.0
5,463,61.00625322486451,50.06169124175085,0.23601379124821875,0.30232819002366185,0.0
5,464,61.020830176609024,50.09411451729477,0.055525243642801314,0.3461373208545613,0.0
5,465,61.03214932801211,50.12965955902996,0.17085778441902733,0.36476351384989947,0.0
5,466,61.05093279309949,50.17913546432919,0.20481151732798253,0.6247545921357123,0.0
5,467,61.07264991694797,50.23623019661363,0.229530959640325,0.5171400535539981,0.0
5,468,61.091711069435405,50.274820097628776,0.15169209010894846,0.2546579667488178,0.0
5,469,61.09394476989917,50.30233964731167,-0.10701808083340758,0.29573302690823766,0.0
5,470,61.07329241709169,50.325418949957566,-0.30602897531667317,0.1658530260103941,0.0
5,471,61.03321225940215,50.34249351106553,-0.49557417847404217,0.1756381961485456,0.0
5,472,60.97252467562123,50.358558509513955,-0.7181774971450121,0.14566177281987436,0.0
5,473,60.898295899862546,50.384171528667366,-0.7663980180287258,0.36659861024957685,0.0
5,474,60.83408862746751,50.43400469736014,-0.5177474298714131,0.6300647636071268,0.0
5,475,60.78047742619469,50.48237188662017,-0.554476595585836,0.33727902159276724,0.0
5,476,60.73146017062993,50.52486512761561,-0.42586851571008033,0.5125857983168967,0.0
5,477,60.69765248592512,50.562770196395036,-0.25028517838612174,0.24551557727162177,0.0
5,478,60.68514124324645,50.57254762697994,6.032481217133068e-05,-0.04996696557230962,0.0
5,479,60.67118722110513,50.56892366937666,-0.27914076763904205,-0.02251218649338327,0.0
5,480,60.63813466001591,50.562075178974624,-0.38191045414476577,-0.11445762154669481,0.0
5,481,60.59886485382674,50.55183952812172,-0.40348566963790944,-0.09025539551010553,0.0
5,482,60.56422500876829,50.549743999876114,-0.2893112315319666,0.048344830597404354,0.0
5,483,60.53889376353163,50.546414026386856,-0.2173136732003247,-0.11494430038229453,0.0
5,484,60.520541187400454,50.540732267073395,-0.14973784942309187,0.0013091141138943385,0.0
5,485,60.49954990322419,50.53879645284076,-0.2700878341015258,-0.040025398766232456,0.0
5,486,60.47731952312972,50.53690296086563,-0.17451976778746392,0.002155559263179896,0.0
5,487,60.449905178375616,50.53227667062765,-0.3737671272937302,-0.09468136402301397,0.0
5,488,60.41568129287134,50.51504823300229,-0.31071058279123065,-0.24988738848422898,0.0
5,489,60.37846925585461,50.48069729793883,-0.4335301575438706,-0.4371313127850769,0.0
5,490,60.34496635854555,50.425276298089784,-0.23652778863652024,-0.6712886841947565,0.0
5,491,60.32055725235716,50.347409958130925,-0.2516543351305156,-0.886038114981428,0.0
5,492,60.3023802446146,50.24476396240243,-0.11188581972068334,-1.1668817995891558,0.0
5,493,60.293442181590194,50.117992149626275,-0.06687544076731555,-1.3685544559348983,0.0
5,494,60.29880633472749,49.98436834492986,0.17415850351314077,-1.3039216379933265,0.0
5,495,60.31947816249101,49.855833816782365,0.23927805175600625,-1.266768924957507,0.0
5,496,60.341465467542434,49.73375933747366,0.20046804927158135,-1.174720661217421,0.0
5,497,60.36877416770244,49.612596013320854,0.34570595392844083,-1.2485458218375847,0.0
5,498,60.38427887661328,49.493670488086195,-0.035611775711576144,-1.1299646828559773,3.0
5,499,60.3541759039781,49.39810932874366,-0.5664476769937501,-0.7812585039936337,3.0
5,500,60.28682168728244,49.32707033071949,-0.7806366569196239,-0.6395214564915399,0.0
5,501,60.20113337842122,49.25252810707127,-0.9331295203040355,-0.8513230164736321,0.0
5,502,60.09480310088372,49.167535974425164,-1.1934760304440495,-0.8485196364494882,0.0
5,503,59.9872755448049,49.070829461966355,-0.95707509113128,-1.085610612728182,0.0
5,504,59.89437868651498,48.95982028246317,-0.900862074665298,-1.1345729773357967,0.0
5,505,59.81502034552693,48.83891758901234,-0.6863047450949953,-1.283480891681581,0.0
5,506,59.735136513955354,48.7092710238212,-0.9113718863359583,-1.3094504121417962,0.0
5,507,59.640113175664055,48.586989822717555,-0.989094879489615,-1.136173609931447,0.0
5,508,59.527415254119774,48.469989258393525,-1.2648635513940327,-1.2038376765509753,0.0
5,509,59.40005877617716,48.34259460106546,-1.282266007457281,-1.3440554700119485,0.0
5,510,59.26184455580767,48.19931628569168,-1.4820183999324463,-1.5215108374635875,0.0
5,511,59.10265487675122,48.04043566583471,-1.7017751811967123,-1.6561015596758395,0.0
5,512,58.933361878783444,47.86318508359864,-1.6840847781578407,-1.888910085047101,0.0
5,513,58.76798990534985,47.683205459799524,-1.623354690514061,-1.7106823909357765,0.0
5,514,58.60623401181806,47.50135636967548,-1.6117631801216827,-1.9262994115464416,0.0
5,515,58.432744903446064,47.29593595092683,-1.8580189873162958,-2.182108963427062,0.0
5,516,58.24565578933607,47.07156481751531,-1.8837632948820104,-2.3053137048045436,0.0
5,517,58.045279160803375,46.84498586185566,-2.12376927577116,-2.226265408389633,0.0
5,518,57.831692128416535,46.615435888409706,-2.1479713719636173,-2.3647340605301856,0.0
5,519,57.622089279937086,46.39157079841664,-2.044085597624065,-2.112567739331233,0.0
5,520,57.4311620364341,46.16834204137126,-1.7744592724335426,-2.352007401577776,0.0
5,521,57.23923949931566,45.937164664536,-2.063991469933322,-2.271540135127907,0.0
5,522,57.022667176975915,45.7128663274101,-2.2674549768614565,-2.2144266073908696,0.0
5,523,56.786176259072704,45.47857684377129,-2.462363381201758,-2.47136306538728,0.0
5,524,56.52979111303193,45.233527574099185,-2.665339539611624,-2.4296223280555083,0.0
5,525,56.25660085861455,45.00542729966173,-2.7984655487354733,-2.1323831606944026,0.0
5,526,55.99015112272514,44.796250349458774,-2.530529169051764,-2.0511558433659367,0.0
5,527,55.73407529875874,44.594020410222015,-2.590987310274313,-1.993442941370681,0.0
5,528,55.47067963336849,44.39912410154284,-2.676925997529546,-1.9044832322145488,0.0
5,529,55.20295167933898,44.19615741865209,-2.677633083059211,-2.1548504256002836,0.0
5,530,54.93154921579867,43.982391137577565,-2.7504161877465947,-2.120475195891462,0.0
5,531,54.655095564044245,43.78210600554189,-2.778656847341612,-1.885227444824018,0.0
5,532,54.37897569721929,43.58543037290576,-2.743740489155627,-2.0482852078989318,0.0
5,533,54.11466101054123,43.38747325520865,-2.5425532444041252,-1.9108571460443464,0.0
5,534,53.85030347707061,43.201104534751835,-2.744597425007612,-1.8165172630935018,0.0
5,535,53.5651136641319,43.00489939780243,-2.959198833765825,-2.1075854758952417,0.0
5,536,53.26601697737544,42.78750108397128,-3.0227349013631635,-2.2403808007279906,0.0
5,537,52.96090732993696,42.57427840550565,-3.0794580474050637,-2.0240727685851105,0.0
5,538,52.66189650662943,42.37200329242887,-2.9007584187447737,-2.021429492951061,0.0
5,539,52.3582014726984,42.161679824660155,-3.17314225987505,-2.185039862423462,0.0
5,540,52.04382165834738,41.95763263551157,-3.1144540271442622,-1.8959039205484522,0.0
5,541,51.73763428705513,41.76696065966041,-3.009293398699535,-1.9175355964768208,0.0
5,542,51.445286873579334,41.585647757134325,-2.837654870815456,-1.7087224540459367,0.0
5,543,51.14746910063661,41.412492519812986,-3.118700588037674,-1.7543822923829104,0.0
5,544,50.83310485705556,41.2512432165496,-3.1685842835813194,-1.4706037728850418,0.0
5,545,50.50615592826091,41.10808437431422,-3.3703942923098875,-1.3925730718242768,0.0
5,546,50.18398955506257,40.98059593841515,-3.072933171655883,-1.1571956461570991,0.0
5,547,49.87383971401164,40.87549225161774,-3.1300636493624765,-0.9448780897928906,0.0
5,548,49.54870278735734,40.79559617194184,-3.372674883722638,-0.6530435037252502,0.0
5,549,49.19726336327915,40.72583758842438,-3.656113597840429,-0.7421281666241448,0.0
5,550,48.83355730670621,40.66495982763945,-3.6180075336169253,-0.4754270490757051,0.0
5,551,48.476817678750535,40.60448134336161,-3.5167850254960786,-0.7341426364812271,0.0
5,552,48.12914107964991,40.52922458570458,-3.4367469565145417,-0.7709925166611598,0.0
5,553,47.788624797994316,40.447065635941954,-3.373578676595619,-0.8721864785917504,0.0
5,554,47.466026832818784,40.361300041650225,-3.0783806269137948,-0.8431254072445427,0.0
5,555,47.16092494688405,40.27362597523086,-3.023657091778812,-0.9103559211442693,0.0
5,556,46.87169039280366,40.175039094265344,-2.7610339898279666,-1.0613816981671391,0.0
5,557,46.59932631157585,40.08155573878548,-2.686247634727261,-0.8082854114310862,0.0
5,558,46.342551377915015,39.991932163041156,-2.449251038488832,-0.984186103457013,0.0
5,559,46.08990313113338,39.885790747441206,-2.603713897143866,-1.1386422085440735,0.0
5,560,45.836967336516295,39.77080878664708,-2.455001995195774,-1.1609970073383415,0.0
5,561,45.57733189450232,39.66295650293557,-2.737706845082174,-0.9960486668923032,0.0
5,562,45.30112200823248,39.56422058854923,-2.7864908803140995,-0.9786696208346513,0.0
5,563,45.031977045320104,39.45873295723959,-2.596408377933466,-1.1310830053593328,0.0
5,564,44.78461828360514,39.35104487542094,-2.3507668563646007,-1.022678631013573,0.0
5,565,44.54879885515493,39.23967567921102,-2.365621712638461,-1.2047052931849294,0.0
5,566,44.3179961763077,39.13010294868991,-2.250431864304261,-0.986749317239223,0.0
5,567,44.10262491501214,39.04587295773899,-2.056993361606315,-0.6978505017809589,0.0
5,568,43.89218575349685,38.97348235570951,-2.151789868698458,-0.7499615388094263,0.0
5,569,43.67288214842904,38.89435814637204,-2.2342822326573906,-0.8325226479417367,0.0
5,570,43.44415248099904,38.81255193718573,-2.3403111159418977,-0.8036015357861857,0.0
5,571,43.205316797335854,38.73006873456336,-2.4364025573211023,-0.8460625166632489,0.0
5,572,42.968450547672546,38.63376292778298,-2.3009224359439884,-1.0800536189451364,0.0
5,573,42.72477971659862,38.53293758821928,-2.572494185534227,-0.9364531723290099,0.0
5,574,42.46868144693417,38.44345264351102,-2.5494712077541806,-0.8532457218379328,0.0
5,575,42.22791709899991,38.357539930800385,-2.2658157509305603,-0.865008532375505,0.0
5,576,41.99348075973853,38.25919721882815,-2.4229110342960123,-1.1018457070698489,0.0
5,577,41.747364724412364,38.157738695407375,-2.4994096722271557,-0.927324761346263,0.0
5,578,41.4967895551996,38.05761436768364,-2.5120937120264575,-1.0751617931289559,0.0
5,579,41.26032180476534,37.95462070347628,-2.217261296656993,-0.9847114910186718,0.0
5,580,41.05270381158766,37.845342977449945,-1.9350985668951406,-1.200843029508249,0.0
5,581,40.84768912192055,37.726440151712836,-2.1651952264461816,-1.1772134852357112,0.0
5,582,40.619234265229466,37.5965743084771,-2.4039019073749355,-1.4201033794792401,0.0
5,583,40.37509706972787,37.46472491884981,-2.478842002656725,-1.2168844130676355,0.0
5,584,40.117019507651094,37.337279267812164,-2.68270923887788,-1.3320286076870858,0.0
5,585,39.86202040722287,37.20175372856579,-2.417272769685699,-1.3784821772404108,0.0
5,586,39.625780717911766,37.05346373172631,-2.3075210165353592,-1.5873177595495918,0.0
5,587,39.391116827033784,36.89658110955338,-2.385756801023007,-1.5503346839104033,0.0
5,588,39.15008843173996,36.746686573222064,-2.4348111048532015,-1.4475560427163323,0.0
5,589,38.91695776321387,36.60528034055085,-2.227802265666801,-1.3805686107089592,0.0
5,590,38.694333112397544,36.47084698104652,-2.224690750659475,-1.3080985793777025,0.0
5,591,38.470429043538275,36.35331210033064,-2.253390626526004,-1.042599034941965,0.0
5,592,38.25779247585774,36.23690839776566,-1.9993407270841725,-1.2854750163582835,0.0
5,593,38.061753179261245,36.11381654482818,-1.9214452048457549,-1.1763620423925438,0.0
5,594,37.86583751217165,36.00455472814713,-1.9968681369440535,-1.0088742912302386,0.0
5,595,37.656446278314775,35.916618971655566,-2.1909565401929996,-0.7498408386020863,0.0
5,596,37.43436770996027,35.84344692179184,-2.2506148268968076,-0.7136001586734046,0.0
5,597,37.22071192142221,35.77893734517738,-2.0225009438636175,-0.5765913736164663,0.0
5,598,37.03318759303738,35.71367093749927,-1.7279856238321667,-0.7287367799465194,0.0
5,599,36.869660138291465,35.65019878749183,-1.5425634710841685,-0.5407062202028428,0.0
5,600,36.72837745499123,35.605298938260034,-1.2830901949198719,-0.3572907644330279,0.0
5,601,36.590513732396175,35.56860229446886,-1.4741842569803083,-0.3766421113911633,0.0
5,602,36.442437823617865,35.532318124375706,-1.4873339185852856,-0.3490412904725879,0.0
5,603,36.295582468955445,35.48496374744843,-1.4497731746618836,-0.5980462480748585,0.0
5,604,36.13917788806805,35.417242953715004,-1.6783184430860025,-0.7563696265943065,0.0
5,605,35.96841942150718,35.3293492276448,-1.7368508881299949,-1.0015048948118448,0.0
5,606,35.7920282371573,35.22572063132168,-1.7909727988662159,-1.0710670316526247,0.0
5,607,35.621862548127524,35.11006486847657,-1.612340981728666,-1.2420482252506986,0.0
5,608,35.44979864262325,34.97853015723172,-1.8289371283549603,-1.388645999647185,0.0
5,609,35.28006189194957,34.837585095560826,-1.5657978851186947,-1.4302552337717849,0.0
5,610,35.117388099905384,34.685538961302996,-1.6876779557644213,-1.6106674513868597,0.0
5,611,34.94558005947772,34.53936202961313,-1.7484828527873901,-1.312871182411385,0.0
5,612,34.77942304599969,34.40594759365058,-1.5746574167721015,-1.355417536840342,0.0
5,613,34.62740605713009,34.26033528878622,-1.4656823606181195,-1.55682856044724,0.0
5,614,34.494378818013956,34.11746695872944,-1.1948624217024157,-1.3005380406889095,0.0
5,615,34.366082830320465,33.99395316126311,-1.3710573321664299,-1.1697379086379769,0.0
5,616,34.2249022398521,33.866447014156506,-1.4525544772002945,-1.3803850334952905,0.0
5,617,34.068689259713324,33.71992278638868,-1.671705125574558,-1.5500995218632312,0.0
5,618,33.89830340137087,33.574853158361066,-1.7360120412745808,-1.3512930386902582,0.0
5,619,33.72988174837474,33.42705750927041,-1.6324210186460757,-1.6046199431245256,0.0
5,620,33.555558899668995,33.266614431544895,-1.854035955467337,-1.6042416113872413,0.0
5,621,33.36767589462545,33.1170004739306,-1.9036241454030396,-1.3880375408989103,0.0
5,622,33.18485247567173,32.964426641556315,-1.7528442336696273,-1.663439106587969,0.0
5,623,33.01278936590256,32.8005475720272,-1.6884179617136859,-1.6141422839943544,0.0
5,624,32.833556632173895,32.63662814064014,-1.8962367128580428,-1.6642463437470418,0.0
5,625,32.64216819551541,32.475070729215645,-1.93153202031041,-1.5669018847449472,0.0
5,626,32.439301960622515,32.32924858262663,-2.1257926775473415,-1.3495410470365101,0.0
5,627,32.22662846443427,32.183164819263766,-2.127677246215905,-1.5721342202216846,0.0
5,628,32.00117717412786,32.0177585532698,-2.381348559911064,-1.7359910996584063,0.0
5,629,31.775355432909578,31.85184184376658,-2.1350862644544897,-1.582343090406173,0.0
5,630,31.56524574515629,31.679906618542418,-2.0671074906106384,-1.856361414077064,0.0
5,631,31.367293140860056,31.481459390660575,-1.8919445953119318,-2.112583143560265,0.0
5,632,31.17660813870998,31.277662825925177,-1.9217554476888754,-1.963348151148569,0.0
5,633,30.970640937016583,31.090859045915977,-2.1975885861787887,-1.772727449036939,0.0
5,634,30.737439528981326,30.906895826462005,-2.4664395745259533,-1.9065369400432317,0.0
5,635,30.49212580239771,30.728475946605954,-2.4398349571446047,-1.661860657078151,0.0
5,636,30.23769471764888,30.572454046423218,-2.6487867378315073,-1.4585773465772078,0.0
5,637,29.958672966504196,30.419884497909948,-2.9316482850612307,-1.5928136236885244,0.0
5,638,29.667707351238732,30.254320488671738,-2.8876640202463886,-1.718466561077033,0.0
5,639,29.365531986927067,30.072919456600744,-3.1558432659853235,-1.909554080343888,0.0
5,640,29.036660571888206,29.883305433849046,-3.4215850347915886,-1.882726374691046,0.0
5,641,28.68326908100687,29.687661470883995,-3.646244782834602,-2.0301528846111125,0.0
5,642,28.307791490922796,29.474392499397936,-3.863307018844809,-2.235226545111498,0.0
5,643,27.920004316269456,29.23901496903602,-3.8924364742205864,-2.47232406212688,0.0
5,644,27.532767493474125,28.97794452848609,-3.852299981685949,-2.749084748872356,0.0
5,645,27.160051869214158,28.7135285230205,-3.6020125035130146,-2.5392353604400455,0.0
5,646,26.814631678155592,28.461913827878107,-3.3063913176555904,-2.493058542409784,0.0
5,647,26.493428525930085,28.214215114836634,-3.11767172685205,-2.4609157184211057,0.0
5,648,26.195830953276754,27.974761086666717,-2.8342797262120065,-2.3281648449788186,0.0
5,649,25.902929220083706,27.74781626779452,-3.0237549376490946,-2.21073153246585,0.0
5,650,25.589903421437384,27.52657898211055,-3.2367610352748883,-2.2140141812144165,0.0
5,651,25.27445766316623,27.30427745283896,-3.0721541301464406,-2.2320164042176707,0.0
5,652,24.952705235345775,27.075082273449425,-3.3628944262620557,-2.351887183573133,0.0
5,653,24.613931238243595,26.84213771721636,-3.412585515781114,-2.307003941089146,0.0
5,654,24.268252783796697,26.60244286579939,-3.500983573156848,-2.4868930872506247,0.0
5,655,23.90930791452388,26.349904516609058,-3.6779138122981383,-2.5638738965565935,0.0
5,656,23.543023246465964,26.08561979435126,-3.6477795488570983,-2.7218205486007285,0.0
5,657,23.183335488002967,25.82783061380519,-3.545975620403187,-2.4339630623218085,0.0
5,658,22.83491387016079,25.574515720662248,-3.4224567364379936,-2.6323348005380645,0.0
5,659,22.480817630817683,25.318650953159704,-3.659468050425051,-2.4849605495129268,0.0
5,660,22.12709106905959,25.06909001670533,-3.4150631847345174,-2.506258179576605,0.0
5,661,21.79682858372007,24.81212659840571,-3.190186522056832,-2.6330101864177777,0.0
5,662,21.46955441748719,24.548517750770202,-3.355296802599721,-2.6391667662926643,0.0
5,663,21.137924403431725,24.287481129309754,-3.2773034785099355,-2.5815656629173986,0.0
5,664,20.814691486518313,24.022743244717276,-3.1873548597577095,-2.7131920289334808,0.0
5,665,20.491645846384017,23.75475599036406,-3.27355794292596,-2.646553058132433,0.0
5,666,20.16951397990374,23.504726840305352,-3.169079386680126,-2.354029943043269,0.0
5,667,19.84593995338969,23.267025170133024,-3.302401143599335,-2.4000034604047933,0.0
5,668,19.518708562921574,23.029599495197203,-3.2422266657622476,-2.3485100383126287,0.0
5,669,19.185907973409712,22.806231006488474,-3.413785124472918,-2.1188597358636727,0.0
5,670,18.84026563925454,22.60673146185036,-3.499061558628849,-1.8711311568998994,0.0
5,671,18.48250899211189,22.434227116319676,-3.6560713842253847,-1.5789557537156504,0.0
5,672,18.12661088416712,22.26889343548055,-3.461890774670133,-1.727717863066843,0.0
5,673,17.770343834346704,22.094197006869763,-3.6634502217390246,-1.7662107091491883,0.0
5,674,17.418622889419794,21.929117690971907,-3.370968676796771,-1.5353756088076267,0.0
5,675,17.088925535763792,21.76091108502237,-3.2229783963224623,-1.8287565101828598,0.0
5,676,16.764056482516025,21.57383837628322,-3.274402668632698,-1.9126976646024296,0.0
5,677,16.43723905157981,21.37590267000496,-3.2619459500915546,-2.046016460963596,0.0
5,678,16.124171256934005,21.170375910273606,-2.9994099428223144,-2.06451873366413,0.0
5,679,15.835591802505633,20.96653960656272,-2.772179145745639,-2.0122073405557828,0.0
5,680,15.564081740496249,20.77387350075969,-2.6580220944396036,-1.8411147755049164,0.0
5,681,15.304132666528858,20.597574948180636,-2.5409593849053387,-1.6848562760793158,0.0
5,682,15.049352715908526,20.435746781951366,-2.5546396275004373,-1.5517070485077262,0.0
5,683,14.783558917333949,20.280089918672047,-2.7612363439919196,-1.5614302170787724,0.0
5,684,14.509665166802051,20.112372250304816,-2.716638666645471,-1.7929231502674448,0.0
5,685,14.234338304009952,19.936901059734737,-2.789898589194493,-1.7165006611344147,0.0
5,686,13.966859375828335,19.76960371572659,-2.5596799744358236,-1.62944621903047,0.0
5,687,13.719331864319429,19.615128944587468,-2.3908702557433283,-1.4600492037537833,0.0
5,688,13.470840933863656,19.458813543964652,-2.5789483533698476,-1.666258808704626,0.0
5,689,13.211339288990985,19.307079931645603,-2.611084544080546,-1.3684134376783028,0.0
5,690,12.965085041029624,19.160008157009543,-2.314000415146589,-1.573022055045442,0.0
5,691,12.741839984821581,18.991452397295006,-2.1509007090113847,-1.7980931392460313,0.0
5,692,12.519549984308696,18.79897895495492,-2.294899301243179,-2.0513757075553194,0.0
5,693,12.29552855823249,18.580111737888046,-2.1855292202812127,-2.3259686337821996,0.0
5,694,12.079581241292999,18.342295127867374,-2.133417118508465,-2.4303635666321703,0.0
5,695,11.866073524586,18.097951760601063,-2.136737215632534,-2.456503778695666,0.0
5,696,11.647378138079148,17.84483524879124,-2.237170514502056,-2.6058264575010206,0.0
5,697,11.41849840116356,17.571103836418388,-2.3404242238107287,-2.8688017899552456,0.0
5,698,11.183696511171092,17.290791145778257,-2.35561357603793,-2.7374520228491264,0.0
5,699,10.961573495890207,17.012245450843466,-2.0868467295774273,-2.8334618758463677,0.0
5,700,10.759265728204355,16.721152840735613,-1.9593086241378987,-2.9883903263099825,0.0
5,701,10.57141611260613,16.424984182318667,-1.7976836878251063,-2.9349828420295836,0.0
5,702,10.400300367461114,16.14557966656298,-1.6246312150729665,-2.653107473083775,0.0
5,703,10.232768478374055,15.891147826147517,-1.72600656666841,-2.4355293352257306,0.0
5,704,10.059016088658382,15.632762991910568,-1.7490412276421985,-2.732167349513329,0.0
5,705,9.89124335040242,15.354965340975696,-1.6064135374743245,-2.823785669185117,0.0
5,706,9.734056069332155,15.063384962361624,-1.5373320839281561,-3.007821903095156,0.0
5,707,9.575578845779319,14.77301443801548,-1.6322123871285772,-2.7995885838268464,0.0
5,708,9.422674138364073,14.50527610563222,-1.4258817611754466,-2.5551780638387136,0.0
5,709,9.266038207901602,14.243256373897111,-1.706836848073717,-2.6852165708665368,0.0
5,710,9.09849609978869,13.964732473577442,-1.644005314181916,-2.88526143552939,0.0
5,711,8.944712523691578,13.68273353091854,-1.4316662077581341,-2.7547174176478464,0.0
5,712,8.789638367171847,13.394022107990395,-1.669816922637441,-3.019511040914466,0.0
5,713,8.609301215725054,13.082141608742859,-1.9369261062991736,-3.218098944035134,0.0
5,714,8.410506906235923,12.756287922240517,-2.0389600834823796,-3.298974786014739,0.0
5,715,8.218597211635824,12.432170009151605,-1.799233808518446,-3.1833834757661776,0.0
5,716,8.032734248027282,12.10820536015649,-1.9180254636505722,-3.2959095041365813,0.0
5,717,7.847324475396135,11.771958966596685,-1.7901699889721776,-3.4290183670592143,0.0
5,718,7.679100998223703,11.42246617580986,-1.5742995544767098,-3.560837448680001,0.0
5,719,7.514109500781842,11.065532142756638,-1.7255303943576088,-3.57784321238627,0.0
5,720,7.329434657462116,10.699646228774554,-1.9679664720349255,-3.739875067257568,0.0
5,721,7.1252265209705,10.329855609933702,-2.116196257795364,-3.6559373095613417,0.0
5,722,6.92120925878271,9.970710387367717,-1.9641489859582109,-3.5269671417589166,0.0
5,723,6.711379707473725,9.603663867135992,-2.2324420402185368,-3.813963262875749,0.0
5,724,6.479551298742535,9.221418870876732,-2.404126134406196,-3.8309366623083676,0.0
5,725,6.237834189679688,8.830871465098653,-2.4302160468511627,-3.9800114532543702,0.0
5,726,6.006153325684181,8.421195021452831,-2.2034012330576633,-4.2135174196608425,0.0
5,727,5.783860117113136,7.992886699990777,-2.242462938361861,-4.3526490095824,0.0
5,728,5.552181672970619,7.5717979997627936,-2.3911059444893876,-4.06912499498009,0.0
5,729,5.314260839309554,7.161435334052385,-2.367310728729329,-4.138128319227338,0.0
5,730,5.092343518218286,6.74793613046495,-2.071035693095041,-4.1318557525234425,0.0
5,731,4.887804899021148,6.342482222846456,-2.0197366908480987,-3.977222399847669,0.0
5,732,4.699790720502506,5.95506574758997,-1.7405468795250325,-3.771107105283871,0.0
5,733,4.523769647867994,5.576072657859413,-1.779874573162953,-3.8087546893261575,0.0
5,734,4.351709310999013,5.186530587957577,-1.6613321642143912,-3.9820867087135206,0.0
5,735,4.196180459899097,4.791840182926762,-1.4492448577833468,-3.911721391905065,0.0
5,736,4.057738823795717,4.406875280163604,-1.3195878642843457,-3.7875766633570187,0.0
5,737,3.9261763255167352,4.043111014451142,-1.311662101292061,-3.487708650895371,0.0
5,738,3.791934995786505,3.695858131412251,-1.3731644933129417,-3.4573490098822113,0.0
5,739,3.643492940585702,3.353488838939711,-1.5956766107032685,-3.39003683957106,0.0
5,740,3.495362321262064,3.028271375219674,-1.3669357757684377,-3.114312434831554,0.0
5,741,3.372645860084276,2.7074508270209208,-1.0873934477883918,-3.302098529144807,0.0
5,742,3.264727157230709,2.3855470011669695,-1.0709806092799852,-3.135977987933302,0.0
5,743,3.146996629306159,2.076082407744252,-1.2836299492094554,-3.0533138805204736,0.0
5,744,3.0152462189080325,1.7828592134671908,-1.3513782587512946,-2.8111500050227747,0.0
5,745,2.8762142512505307,1.4953308185004062,-1.42926109439823,-2.939417894312495,0.0
5,746,2.7322361973251645,1.187056937411171,-1.4502999841074438,-3.226059727475093,0.0
5,747,2.5824458272165884,0.8640364890147794,-1.5455074180646662,-3.2343492404522856,0.0
5,748,2.4293418386223493,0.5494144823010174,-1.51657235382093,-3.058090893824371,0.0
5,749,2.276758504185409,0.25205128962466006,-1.535094334916975,-2.8891729597044034,0.0
5,750,2.12608171403258,-0.03394137437180689,-1.4784414681382927,-2.8306803202279767,0.0
6,0,45.35221968601423,22.676109843007115,0.0,0.0,0.0
6,1,45.34369552694685,22.677355928353492,-0.17048318134759377,0.0249217069275538,3.0
6,2,45.299449999587694,22.685888145851713,-0.7144273658355473,0.14572264303691185,3.0
6,3,45.22560972710895,22.729134716032007,-0.7623780837392928,0.7192087605688879,3.0
6,4,45.142562492714916,22.80230934315849,-0.8985666041413953,0.7442837819608581,3.0
6,5,45.03345582716242,22.903272496348915,-1.2835667069085765,1.2749792818476067,3.0
6,6,44.88947638155498,23.05473416999253,-1.596022205240315,1.7542541910246836,3.0
6,7,44.704475781013656,23.24739334367279,-2.103989805586103,2.0989292825805244,3.0
6,8,44.47191398013064,23.460211096026818,-2.5472462120742367,2.1574257645000596,3.0
6,9,44.19315655051799,23.681442661104832,-3.0279023801786593,2.267205537060134,3.0
6,10,43.876114941912064,23.93167279275729,-3.3129297919399257,2.7373970959890954,3.0
6,11,43.54264635141119,24.227740288743252,-3.3564420180775922,3.183952823730152,3.0
6,12,43.185802389311604,24.573905134481226,-3.7804372239141912,3.73934409102932,3.0
6,13,42.79070528625803,24.972790502240358,-4.121504837157328,4.238363264153314,3.0
6,14,42.381838635256884,25.394965993778566,-4.055828182865632,4.205146566610901,0.0
6,15,41.98580480128257,25.810962347928392,-3.864848496620464,4.11478051638559,0.0
6,16,41.592097558010906,26.228312676719046,-4.009296368812825,4.23222605942752,0.0
6,17,41.1925176954945,26.638614453802653,-3.982300881515126,3.973809482244592,0.0
6,18,40.78630619029495,27.037839446592862,-4.141929222475941,4.010690373559621,0.0
6,19,40.368399476413316,27.45186626116771,-4.216205055156564,4.269845917937282,0.0
6,20,39.95987990387793,27.88877839804981,-3.9541863955513765,4.468396819704832,0.0
6,21,39.56668907663241,28.324642479306178,-3.9096301493590353,4.248884805422501,0.0
6,22,39.17750480583638,28.74219464977193,-3.8740552665614203,4.102158603892532,0.0
6,23,38.80184733101486,29.14506910059739,-3.6390942298687676,3.9553304126167017,0.0
6,24,38.42313060349022,29.537900070275263,-3.9352403206240307,3.901288980940828,0.0
6,25,38.01893170165324,29.938136874431432,-4.148737716115688,4.103447102182502,0.0
6,26,37.612133179586905,30.3370785149814,-3.9872327252109176,3.8753857088168555,0.0
6,27,37.20959302582303,30.711247543314308,-4.063570350066556,3.607994857841316,0.0
6,28,36.812901584172224,31.080509519724778,-3.8702584829497617,3.7772446703680487,0.0
6,29,36.4378441914776,31.467394209187606,-3.6308893709426027,3.9604491188885316,0.0
6,30,36.08689668687008,31.87611459494943,-3.388060721207955,4.2139585963479504,0.0
6,31,35.741287691420915,32.29069429622991,-3.524119187775238,4.077635429261626,0.0
6,32,35.37486459450193,32.68586361638311,-3.804342750604542,3.8257509738024122,0.0
6,33,35.009325221242655,33.05708785402356,-3.5064447145809243,3.598733779006565,0.0
6,34,34.673157217465274,33.42861664943105,-3.2169153609667944,3.831842129143375,0.0
6,35,34.33984065621532,33.8034672081684,-3.449415864032254,3.665169045603463,0.0
6,36,33.98777419567702,34.16750782328951,-3.5919133467338966,3.6156432568187746,0.0
6,37,33.62737995888684,34.54009485980609,-3.615971389069623,3.836097473512824,0.0
6,38,33.2782728133854,34.93572485113297,-3.366171520959215,4.076502353024766,0.0
6,39,32.935632641429564,35.336471868778204,-3.4866319181576717,3.938437999880133,0.0
6,40,32.57786363427488,35.73580646827068,-3.668748224936305,4.048253989969572,0.0
6,41,32.22570167865271,36.15391537248798,-3.37449088750728,4.313924094376539,0.0
6,42,31.896462239304213,36.58387019902158,-3.210297899462743,4.28517243629566,0.0
6,43,31.568573297231126,37.022938964112306,-3.347480941999299,4.496202865518981,0.0
6,44,31.230244395660762,37.47379427308276,-3.419097089408062,4.520903313890232,0.0
6,45,30.900365048821413,37.89522561883401,-3.178489847378886,3.907723601134821,-5.0
6,46,30.60663709685629,38.26641772125747,-2.696069191923618,3.5161184473341898,-5.0
6,47,30.36164492993599,38.591633434235874,-2.203774146482248,2.9881958122337853,-5.0
6,48,30.17599038158191,38.87529899991558,-1.5093168205993663,2.685115501360359,-5.0
6,49,30.05921859270468,39.1101737334376,-0.8261189569451499,2.0123791690801287,-5.0
6,50,29.995601009404183,39.29615040515431,-0.4462327090647946,1.7071542652540188,-5.0
6,51,29.95123965970477,39.466371793644626,-0.44099428492348913,1.6972735045524239,0.0
6,52,29.91852393563252,39.64957596947348,-0.21332019652165535,1.9668100120248084,0.0
6,53,29.905816764423648,39.84080291355297,-0.04082322765602164,1.8577288695650243,0.0
6,54,29.891410753664573,40.017790601035685,-0.24729698752555862,1.6820248800893456,0.0
6,55,29.876438314306696,40.191684288708124,-0.05215179963213501,1.7958488733595352,0.0
6,56,29.891548722347054,40.347347668966286,0.3543599604392771,1.3174187318035884,-5.0
6,57,29.91499991027908,40.47144201358347,0.11466379820118888,1.1644681605401246,0.0
6,58,29.93270873730259,40.5873733811166,0.23951274226902441,1.154159190122451,0.0
6,59,29.94386980479257,40.69661187161552,-0.016291392469470978,1.0306106198559526,0.0
6,60,29.928970533186728,40.80173599283203,-0.2816940396476433,1.0718718044742843,0.0
6,61,29.92656935570247,40.87921190249893,0.2336704899624742,0.47764638886356536,-5.0
6,62,29.949621465809187,40.92721788472318,0.22737171217180396,0.48247325562141086,0.0
6,63,29.981280064211774,40.98594472650699,0.4058002558800169,0.6920635800549224,0.0
6,64,30.035273465597854,41.05024867272053,0.6740677718418695,0.5940153442157623,0.0
6,65,30.09528233400809,41.116894496703594,0.5261095963630762,0.7389011354455324,0.0
6,66,30.159657684724962,41.181077698245915,0.7613974179744822,0.5447628954007406,0.0
6,67,30.24504871037908,41.231639760845525,0.946423095107912,0.4664783565914501,0.0
6,68,30.325644202995434,41.281445664994294,0.6654867572194192,0.5296397263839143,0.0
6,69,30.384650140735516,41.31952265529223,0.514631997582077,0.23190007957480852,0.0
6,70,30.438692109023535,41.34360238415053,0.5662073681782598,0.2496944975910491,0.0
6,71,30.505223514154636,41.365599933542654,0.7644207344437604,0.1902564902514996,0.0
6,72,30.574542127524907,41.38095149076568,0.6219515329614627,0.11677465420891586,0.0
6,73,30.6313682451715,41.3885625048448,0.5145708199702312,0.03544562737326551,0.0
6,74,30.68815073597888,41.388982703471,0.6210789961772907,-0.027041654849139007,0.0
6,75,30.744725980091886,41.39401827963728,0.5104258860826416,0.1277531781745722,0.0
6,76,30.790391681359253,41.40541101876194,0.40288813926479783,0.10010160431852455,0.0
6,77,30.835030695426923,41.42257014372602,0.4898921420884008,0.24308089496309648,0.0
6,78,30.897981831242234,41.452154703088326,0.7691305742176517,0.3486102922829506,0.0
6,79,30.976563500152594,41.47676308184029,0.8025028039896824,0.14355728275641155,0.0
6,80,31.057027061709718,41.49264270339839,0.8067684271525994,0.17403514840557222,0.0
6,81,31.147290503527273,41.5222958192026,0.9985004091984386,0.41902716767853043,0.0
6,82,31.25478343292687,41.55817808815432,1.1513581787934264,0.29861821135629896,0.0
6,83,31.3691303869453,41.57312560463578,1.1355809015751301,0.00033211827300050345,0.0
6,84,31.482320939545758,41.56049056183683,1.1282301504338204,-0.25303297425159954,0.0
6,85,31.601284757942125,41.53255735085381,1.2510462174930108,-0.30563124540861075,0.0
6,86,31.729282465516235,41.49945029087935,1.3089079339890404,-0.3565099540802432,0.0
6,87,31.869651866311784,41.46448026804589,1.4984800819219029,-0.3428905025887534,0.0
6,88,32.027679573689994,41.437293161263426,1.662074065642079,-0.20085163306033849,0.0
6,89,32.19960254995877,41.40967890218701,1.7763854597332642,-0.351433548467579,0.0
6,90,32.36730223591539,41.36542426294591,1.5776082593990655,-0.5336592363543247,0.0
6,91,32.53699065548332,41.32545141925509,1.816160131959185,-0.2657976374619331,0.0
6,92,32.71759333920113,41.294222539454424,1.7958935423967723,-0.3587799585510485,0.0
6,93,32.911933570209555,41.26953888010438,2.090911077771482,-0.13489322844973017,0.0
6,94,33.10702142424719,41.267046435568076,1.8108460029808828,0.08504433772395892,0.0
6,95,33.29094037133308,41.27687116311357,1.8675329387363657,0.11145021318625936,0.0
6,96,33.48802455853607,41.276291240773574,2.074150805322958,-0.12304865998581604,0.0
6,97,33.70218171552173,41.25094208676424,2.2089923343903326,-0.38393442020045754,0.0
6,98,33.92686997693235,41.20665016931133,2.28477289382165,-0.501903928857514,0.0
6,99,34.157244691074766,41.17098432749435,2.322721389026615,-0.21141290748187735,0.0
6,100,34.38950135174372,41.16284269782169,2.3224118243520664,0.04858031402877572,0.0
6,101,34.61841763901282,41.155986090735766,2.2559139210295935,-0.18571245574694473,0.0
6,102,34.84270083951222,41.12495508111823,2.2297500889583066,-0.43490773660351856,0.0
6,103,35.056193283584975,41.0786569518944,2.0400987924966962,-0.49105484787270726,0.0
6,104,35.26299897550845,41.04000170025287,2.096015045972692,-0.28205018495769174,0.0
6,105,35.48075195455485,40.99698286719341,2.259044534955075,-0.5783264762312488,0.0
6,106,35.6925358248327,40.93944806743137,1.976632870601616,-0.5723695190093832,0.0
6,107,35.882292166083744,40.87743501771294,1.8184939544191394,-0.6678914753589407,0.0
6,108,36.06930437217949,40.800308756501565,1.9217501674954107,-0.8746337488682041,0.0
6,109,36.27024495325523,40.71250892705042,2.097061454019041,-0.8813628401543347,0.0
6,110,36.4742085983728,40.61403449595602,1.9822114483319524,-1.088125781733421,0.0
6,111,36.67624837306184,40.493624147317334,2.058584045448894,-1.3200811910401438,0.0
6,112,36.87311354081305,40.365655269487775,1.8787193095749135,-1.2392963655505387,0.0
6,113,37.05343722306688,40.25460300158855,1.7277543355013822,-0.981748992433797,0.0
6,114,37.2165026135244,40.15687669465058,1.5335534736489507,-0.9727771463255905,0.0
6,115,37.377419385050274,40.06365303731744,1.6847819568684397,-0.8916960003367542,0.0
6,116,37.532601156659666,39.97455706307869,1.418853475319212,-0.8902234844377546,0.0
6,117,37.659970844582745,39.89777670549998,1.1285402831421116,-0.645383667135965,0.0
6,118,37.77777478390871,39.81942823674595,1.2275385033772253,-0.9215857079445602,0.0
6,119,37.904076930103514,39.716476899716326,1.298504420518345,-1.1374410326475264,0.0
6,120,38.04652034918013,39.59292978411884,1.5503639610133888,-1.3335012793021086,0.0
6,121,38.21621809674849,39.465308154313874,1.8435909903536505,-1.2189313167970948,0.0
6,122,38.40809240315306,39.3287505358289,1.9938951377375176,-1.5122210529018325,0.0
6,123,38.60504535257232,39.16793553922841,1.9451638506470807,-1.704078879107815,0.0
6,124,38.80388568224197,38.995471909263586,2.0316427427457917,-1.74519372018867,0.0
6,125,39.00929793463098,38.82647163166601,2.076602305033946,-1.6348118317625904,0.0
6,126,39.229472095203846,38.658352709065525,2.3268809064229377,-1.7275666202471047,0.0
6,127,39.47601640641025,38.478664029569416,2.604005317705056,-1.8662069696746464,0.0
6,128,39.73278012951883,38.30446896803258,2.531269144466389,-1.6176942610617964,0.0
6,129,39.98357504216057,38.1540672677929,2.484629108367857,-1.390339743731495,0.0
6,130,40.23686700564133,38.01011690450284,2.581210161247327,-1.4886675220694432,0.0
6,131,40.48231962953892,37.86235724567263,2.3278423167044657,-1.4665256545346743,0.0
6,132,40.708237348114295,37.71741994320399,2.190512054802552,-1.43222039483752,0.0
6,133,40.92392887939661,37.56688410900031,2.1233185708435887,-1.5784962892357477,0.0
6,134,41.12272616761112,37.41590398282992,1.8526271934463683,-1.441106234171782,0.0
6,135,41.322659177848124,37.27502946466194,2.146033011293209,-1.3763841291874623,0.0
6,136,41.53519636384715,37.14859029607055,2.1047107086870938,-1.1523992426401541,0.0
6,137,41.75059704404819,37.043993787546384,2.2033028953333105,-0.9395309278428723,0.0
6,138,41.981652772704706,36.93538931724629,2.41781167779698,-1.2325584781589853,0.0
6,139,42.225465203500164,36.82530376909014,2.4584369381121256,-0.9691524849636224,0.0
6,140,42.47393804132568,36.74272112020972,2.5110198183980152,-0.6825004926444347,0.0
6,141,42.72454912664878,36.67937665832159,2.501201888063843,-0.5843887451181775,0.0
6,142,42.966234109397845,36.61200826018958,2.332497766916921,-0.7629792175218331,0.0
6,143,43.20912865380572,36.53067988029218,2.525393121240345,-0.8635883804256856,0.0
6,144,43.468308718679395,36.43663347775015,2.658208176233039,-1.0173396704145539,0.0
6,145,43.73674146279748,36.33559646688707,2.7104467061279074,-1.0034005468466418,0.0
6,146,44.020425948883116,36.229130083790125,2.9632430155849185,-1.125927115091736,0.0
6,147,44.32746082302853,36.10270864650215,3.17745446732307,-1.4025016306675298,0.0
6,148,44.62164528247996,35.97709294864026,2.7062347217051475,-1.1098123265702426,3.0
6,149,44.86938611136293,35.868880941303985,2.2485818559537982,-1.0544278201551673,3.0
6,150,45.06822346197444,35.77693867788608,1.7281651562763436,-0.784417448203298,3.0
6,151,45.245556388277066,35.69337591162994,1.818493369775652,-0.8868378769189587,0.0
6,152,45.420135077757635,35.602886755744066,1.6730804198355074,-0.9229452407982421,0.0
6,153,45.58576934594177,35.53358996113664,1.6396049438477611,-0.4629906513504931,3.0
6,154,45.74106474205047,35.502621787106875,1.4663029783258388,-0.15637282924511986,3.0
6,155,45.8716997871457,35.49659938805797,1.1463979235788742,0.03592484826700115,3.0
6,156,45.99369576890916,35.50721496740803,1.2935217116899551,0.1763867387342941,0.0
6,157,46.129182659316086,35.5314272043035,1.4162160964482133,0.30785799917525836,0.0
6,158,46.27030797898624,35.565486565477386,1.4062902969547686,0.37332922430252324,0.0
6,159,46.40380065461113,35.59482553729444,1.2635632155424936,0.2134502120384223,0.0
6,160,46.54431430644951,35.613102767961294,1.5467098212245816,0.15209440129867957,0.0
6,161,46.67867566314894,35.64164745833537,1.1405173127637482,0.4187994061824085,3.0
6,162,46.78850531606534,35.7091054293891,1.056075745565007,0.9303600148919848,3.0
6,163,46.88398091715234,35.791257669285585,0.853436276175163,0.7126847830379628,0.0
6,164,46.96757759340127,35.85643410225697,0.8184972488036024,0.5908438763896005,0.0
6,165,47.06417731856024,35.92676109865769,1.1134972543758863,0.8156960516246983,0.0
6,166,47.16744631795834,36.010831968264114,0.9518827335857338,0.8657213405038462,0.0
6,167,47.27749560848278,36.106532142421,1.249103076902589,1.0482821426338962,0.0
6,168,47.39743369832135,36.22552676133037,1.1496587198686754,1.331610235553356,0.0
6,169,47.51703586634946,36.347299761232364,1.2423846406934587,1.1038497624865258,0.0
6,170,47.63309391647252,36.46884911143897,1.0787763617678898,1.3271372416458025,0.0
6,171,47.73273035461139,36.60104838197674,0.9139524010089239,1.3168481691094893,0.0
6,172,47.81014212592092,36.747047526911246,0.6342830251820715,1.603134729580617,0.0
6,173,47.888352459405866,36.90086670162927,0.9299236445169115,1.4732487647798322,0.0
6,174,47.9942099595811,37.05648778009251,1.1872263589882621,1.6391728044844278,0.0
6,175,48.102772877463906,37.234636685524436,0.9840319986672341,1.9238053041541132,0.0
6,176,48.18872515558138,37.4169395796433,0.7350135636820845,1.7222525782234523,0.0
6,177,48.25041490916942,37.59619127279936,0.49878150807840527,1.8627812848980714,0.0
6,178,48.291425653157546,37.77232152281749,0.32143337168393415,1.659823715464718,0.0
6,179,48.312678500162804,37.93809443171389,0.10362356842164999,1.6556344624635386,0.0
6,180,48.32243352363497,38.095804189429714,0.09147690102163253,1.4985606918529442,0.0
6,181,48.343957384374164,38.24835514650465,0.33900031376169437,1.5524584496460196,0.0
6,182,48.3637577085517,38.403188752169825,0.057006169788916594,1.5442136636577608,0.0
6,183,48.35582650624576,38.55491361957971,-0.2156302159074972,1.490283684539719,0.0
6,184,48.3476862142644,38.7156711398579,0.05282437628000203,1.7248667210245436,0.0
6,185,48.341504897389825,38.885419030193304,-0.17645071377200416,1.6700910856838451,0.0
6,186,48.33106377989759,39.047308199566146,-0.03237163607325044,1.567692301772885,0.0
6,187,48.31297339725046,39.206826658842374,-0.3294360168697086,1.6226768837515149,0.0
6,188,48.28378385718702,39.38167554569236,-0.2543547843993359,1.8743008532482648,0.0
6,189,48.24550445092592,39.57864263074623,-0.5112333408221748,2.065040847829401,0.0
6,190,48.1840897814414,39.77683630456619,-0.717060048868662,1.8988326285699824,0.0
6,191,48.123176742580654,39.975269257315404,-0.501200728346344,2.0698264264143518,0.0
6,192,48.07910474255249,40.1685325149798,-0.38023927221659193,1.7954387268735168,0.0
6,193,48.04569327393227,40.35460612168876,-0.2879901001883205,1.9260334073057397,0.0
6,194,48.010267895440506,40.562077748718366,-0.42051746964693315,2.2233991332864456,0.0
6,195,47.960090250433666,40.78422739316434,-0.5830354304905185,2.2195937556333565,0.0
6,196,47.912999193438225,41.0202254082441,-0.35878570941801513,2.5003665459619935,0.0
6,197,47.87037988014839,41.27380198647904,-0.4936005563782473,2.5711650187368438,0.0
6,198,47.827615784862985,41.51660331608528,-0.36168134933012475,2.2848615733881967,0.0
6,199,47.799610160000384,41.739666842586274,-0.19843114792210592,2.176408956631974,0.0
6,200,47.784500240322245,41.96450725369937,-0.10376724564123663,2.3203992656301544,0.0
6,201,47.78195368300078,42.186373163139535,0.052836099212157706,2.1169189231732286,0.0
6,202,47.80026714093657,42.385141032564434,0.3134330595036481,1.8584384653253885,0.0
6,203,47.82508465638762,42.585949673193056,0.18291724951693666,2.157734347246718,0.0
6,204,47.8443847049212,42.79509921177083,0.20308372115491835,2.0252564243085356,0.0
6,205,47.87534478851154,43.005873713697326,0.41611795065163903,2.19023361422086,0.0
6,206,47.90743377999229,43.236168087627505,0.2256618789637912,2.4156538643827847,0.0
6,207,47.9195122867489,43.48585641898296,0.015908256168620127,2.5781127627258904,0.0
6,208,47.910275414364264,43.75515486527263,-0.20064570386080938,2.8078561630675107,0.0
6,209,47.87688230706533,44.049675711569705,-0.4672164421181719,3.082560762874291,0.0
6,210,47.82772489454709,44.35679977325373,-0.5159318082467781,3.0599204708059613,0.0
6,211,47.78980189134319,44.669778940396895,-0.24252825583178073,3.1996628720577824,0.0
6,212,47.75757376600433,44.99056378067252,-0.40203425094529166,3.2160339334544297,0.0
6,213,47.712572019279435,45.32368870887234,-0.4980006835526467,3.4464646305423585,0.0
6,214,47.65397729277419,45.67464639996945,-0.673893846552371,3.5726891914001406,0.0
6,215,47.599049048204904,46.0412378854719,-0.42467104483352536,3.759140518649568,0.0
6,216,47.552422168900705,46.41769577128525,-0.507866541250122,3.770017197617575,0.0
6,217,47.50539185902289,46.79923678690113,-0.43273965630649336,3.8608031146996282,0.0
6,218,47.47306647382976,47.19280760656187,-0.2137680475557282,4.010613278515585,0.0
6,219,47.46355294965093,47.581991571418484,0.023497563979434588,3.773066018617042,0.0
6,220,47.46038258476244,47.95355292185286,-0.0869048617490531,3.658160990070769,0.0
6,221,47.450429960161614,48.325601839593446,-0.11214763026779728,3.782817364741243,0.0
6,222,47.43762587613122,48.70914482981732,-0.14393405034055462,3.888042439736422,0.0
6,223,47.420691474724606,49.08984726026739,-0.1947539777913363,3.726006169265526,0.0
6,224,47.41453243177409,49.44782939021121,0.0715731187804689,3.43363642961104,0.0
6,225,47.42333538561434,49.784223939019114,0.10448595802468574,3.294254546547137,0.0
6,226,47.430548644596115,50.12038426449993,0.0397792216112034,3.4289519630697143,0.0
6,227,47.42407165238018,50.450293864145635,-0.1693190659297521,3.1692400298440226,0.0
6,228,47.421018414429454,50.752708355172274,0.10825430691566851,2.8790497906889474,0.0
6,229,47.433167233202994,51.05174749053498,0.1347220685551278,3.1017329165650818,0.0
6,230,47.435563001047285,51.36610966567656,-0.08680671166889908,3.1855105862669895,0.0
6,231,47.43343053862344,51.69076797732157,0.044157463191615065,3.3076556466333216,0.0
6,232,47.43276928398393,52.023221124957274,-0.05738255598214259,3.341407306080816,0.0
6,233,47.44001675262422,52.34318390674332,0.20233192878752249,3.057848329640448,0.0
6,234,47.45647139960289,52.64052267383329,0.12676101078606905,2.8889270121585575,0.0
6,235,47.48151464263492,52.94338468271786,0.37410384985396306,3.1683131655329255,0.0
6,236,47.50549034798672,53.26062094849169,0.10541025718174168,3.176412149943502,0.0
6,237,47.52298059081477,53.5805810553739,0.24439459937876507,3.2227899877012707,0.0
6,238,47.53372712236552,53.90630625280289,-0.029463968363698356,3.2917139608785515,0.0
6,239,47.54319232677068,54.229205049052155,0.21876805646732933,3.166261964107237,0.0
6,240,47.56625212512745,54.539372019877476,0.24242791066789948,3.0370774523993394,0.0
6,241,47.59611377613362,54.83878064128925,0.35480510945539123,2.951094975835737,0.0
6,242,47.63895234481646,55.12590453672715,0.5019662642015525,2.7913829329225432,0.0
6,243,47.68762824184637,55.405438976387074,0.47155167639603945,2.7993058602765952,0.0
6,244,47.749602094909335,55.680134159408965,0.7679253848629912,2.694597800161821,0.0
6,245,47.83475119819798,55.94380633449464,0.9350566809095611,2.578845701552199,0.0
6,246,47.920114011915814,56.21541859684254,0.7721995934473966,2.8533995454055354,0.0
6,247,48.000132715359825,56.49640141032012,0.8281744754322027,2.766256724146098,0.0
6,248,48.09486868884659,56.786192593321175,1.0665449943025358,3.0295669358749286,0.0
6,249,48.19628702688192,57.082931605569286,0.9618217664040856,2.905213309087854,0.0
6,250,48.300977685005705,57.38564196045547,1.1319913960719248,3.1489937886360657,0.0
6,251,48.407192150401045,57.69330820068933,0.9922979118350703,3.004331016041295,0.0
6,252,48.50019081314554,57.995943551083656,0.8676753430549446,3.048375991845864,0.0
6,253,48.574428528720944,58.30235509736366,0.6170789684528728,3.0798549337546657,0.0
6,254,48.631319948718044,58.624730026836744,0.5207494314894383,3.367643655706649,0.0
6,255,48.7130146355513,58.94880183723052,1.1131443051759042,3.1137925521683183,-5.0
6,256,48.864327157916875,59.23200810401221,1.913106142135284,2.5503327834651817,-5.0
6,257,49.059272059448745,59.49925233883033,1.985791888501538,2.7945519128973952,0.0
6,258,49.24492065231817,59.77493865680384,1.7271799688864675,2.71917444657384,0.0
6,259,49.418804246558125,60.05799368536998,1.750491915912395,2.9419261247494184,0.0
6,260,49.60518143624245,60.35911429725968,1.9770518777729933,3.080486113045229,0.0
6,261,49.80455151868068,60.67826707133372,2.010349770991194,3.302569368435801,0.0
6,262,50.01586857075824,60.98512410862526,2.2159912705595772,2.8345713773953474,-5.0
6,263,50.25227821014272,61.254361993129805,2.512201517130748,2.550186312695452,0.0
6,264,50.51081812047687,61.51627346107921,2.65859668955272,2.6880430462924867,0.0
6,265,50.763901109351366,61.77440687047016,2.4030630879378414,2.4746251415261113,0.0
6,266,51.01022673936387,62.02734940523095,2.5234495123123395,2.584225553689203,0.0
6,267,51.27700355138097,62.27484574259154,2.812086728030483,2.3657011935224066,0.0
6,268,51.567143123429105,62.50042917631083,2.990704712932626,2.145967480863643,0.0
6,269,51.8692904826687,62.72561419314684,3.0522424718602608,2.3577328558556676,0.0
6,270,52.17296112327318,62.94666334036009,3.0211703402299683,2.0632500884094096,0.0
6,271,52.47886411931148,63.15800408344023,3.0968895805365193,2.1635647731926664,0.0
6,272,52.78393219777388,63.363995264351445,3.004471988711554,1.9562588450317424,0.0
6,273,53.078776249613156,63.565320966500394,2.892409048074633,2.0702551979469135,0.0
6,274,53.36810411393816,63.77118645850436,2.894148238425391,2.0470546421322897,0.0
6,275,53.66123053359496,63.983831033943545,2.9683801547107613,2.20583686665079,0.0
6,276,53.966458466510744,64.21821310275732,3.136178503605155,2.4818045096244497,0.0
6,277,54.291821099058154,64.47509365350362,3.371074147342977,2.6558065053012196,0.0
6,278,54.63377720800543,64.74103487940982,3.4680480316025104,2.663018012822926,0.0
6,279,54.99310563272621,65.01421545394987,3.7185204628140944,2.8005934779775625,0.0
6,280,55.37151568545477,65.28270663546152,3.8496805917570107,2.5692301522547094,0.0
6,281,55.76999287413048,65.54735631424813,4.119863181757683,2.7237634234766332,0.0
6,282,56.19577314914625,65.82638258804218,4.395742318557492,2.856762052404429,0.0
6,283,56.62711723803676,66.10750088811102,4.231139459253249,2.7656039489720676,0.0
6,284,57.04773565168563,66.37983006967829,4.181228813725028,2.6809796823734526,0.0
6,285,57.46052122728781,66.65752360997766,4.074482698318668,2.8728911236133854,0.0
6,286,57.86521631486278,66.93131663235704,4.019419053180421,2.6029693239738165,0.0
6,287,58.264291161307995,67.17688158574418,3.9620778757237787,2.308329743769054,0.0
6,288,58.671853891093235,67.41231278459088,4.189176719981152,2.400294233164251,0.0
6,289,59.07786834786424,67.64893687615682,3.9311124154395856,2.332187598154718,0.0
6,290,59.48389197567491,67.88215000453226,4.189360140774692,2.33207496935373,0.0
6,291,59.90117940451614,68.11410455632966,4.156388436049987,2.3070160665943575,0.0
6,292,60.31135200900303,68.35725887448461,4.047063653688202,2.5560702965038704,0.0
6,293,60.70424810083881,68.62543701097763,3.810858183027534,2.807492433355904,0.0
6,294,61.08337812267649,68.91344060385296,3.771742253726593,2.952579424150155,0.0
6,295,61.45711268879222,69.19782154425451,3.702949068588243,2.7350393838803466,0.0
6,296,61.83825900511346,69.46889364994041,3.9199772578368055,2.6864027298369884,0.0
6,297,62.2294252247612,69.72821085897789,3.903347135118878,2.4999414509121376,0.0
6,298,62.609056277905665,69.9887653306647,3.6892739277709126,2.711147982823684,0.0
6,299,62.972422760402196,70.24901993091237,3.578055722160979,2.493944022129739,0.0
6,300,63.32061884528224,70.49066368506845,3.385865975439721,2.338931060991831,0.0
6,301,63.64713392772353,70.71133638760614,3.1444356733867522,2.074522989761224,0.0
6,302,63.96522103131002,70.91668726815652,3.217306398342803,2.032494621245686,0.0
6,303,64.27342026445228,71.12651098438073,2.9466782645031486,2.163979703237885,0.0
6,304,64.56594639551366,71.33144739550272,2.903844356725699,1.9347485192017633,0.0
6,305,64.86696013499738,71.51412747803408,3.116430432950011,1.718853131424968,0.0
6,306,65.17191286114013,71.68374675254415,2.9826240899060075,1.6735323587764697,0.0
6,307,65.47429190960418,71.85333682537845,3.0649568793754725,1.7182690979095554,0.0
6,308,65.79409635050632,72.0385708303171,3.331131938668335,1.9864110008635425,0.0
6,309,66.14126933371415,72.25108960844346,3.612327725488946,2.263964561663613,0.0
6,310,66.51708022390466,72.4830958325735,3.903890078322565,2.3761599209362902,0.0
6,311,66.89973900205575,72.70673871052207,3.7492854846990333,2.096697638034973,0.0
6,312,67.28562519458552,72.90484384620282,3.968438365896233,1.8654050755799716,0.0
6,313,67.67654462564326,73.09707623190633,3.849950255258353,1.9792426384897386,0.0
6,314,68.05553405334575,73.29474645387421,3.7298382987915595,1.9741618008680675,0.0
6,315,68.41560177733857,73.48600648831115,3.471516181066068,1.851038887869775,0.0
6,316,68.75637203247203,73.68560163721247,3.3438889216030674,2.1408640901562137,0.0
6,317,69.08073633474646,73.88592051192995,3.143397123886121,1.8655134041933437,0.0
6,318,69.39337786246682,74.06307022361955,3.1094334305214453,1.6774808295979238,0.0
6,319,69.68960406327756,74.23838349832931,2.815090585694655,1.8287846645973858,0.0
6,320,69.95825726528409,74.40811294757674,2.55797345443726,1.5658043203510346,0.0
6,321,70.22142019051034,74.5700383385439,2.705285050089291,1.6727034989913996,0.0
6,322,70.50415621855171,74.74324366499337,2.949435510739221,1.7914030299982286,0.0
6,323,70.79033457572461,74.92148208086672,2.7741316327192145,1.7733652874679198,0.0
6,324,71.05723218499878,75.09743047377071,2.5638205527640316,1.745602570611604,0.0
6,325,71.32641037362555,75.25785854373277,2.819743219770995,1.4629588286290343,0.0
6,326,71.60258028180448,75.40638935912324,2.7036549438071553,1.507657479179926,0.0
6,327,71.86333489839546,75.563027166891,2.5114373880130643,1.6250986761745807,0.0
6,328,72.12086501266714,75.71478891454791,2.6391648974197004,1.4101362769629553,0.0
6,329,72.39733903067929,75.85860254025613,2.8903154628237075,1.4661362372009261,0.0
6,330,72.69216724854226,76.00379452571644,3.00624889443716,1.4377034720048574,0.0
6,331,72.98280925447466,76.14190847355479,2.8065912242112283,1.3245754847617004,0.0
6,332,73.26962843872565,76.27340587620387,2.9297924608092636,1.305372568219207,0.0
6,333,73.55182066962061,76.39305632029595,2.7140521570895935,1.0876363136219513,0.0
6,334,73.820996386633,76.50245796522904,2.6694621831575738,1.1003965850393573,0.0
6,335,74.0846663457778,76.60186956111465,2.6039369997379715,0.8878353326721466,0.0
6,336,74.34858525521776,76.6816211452201,2.674441189060719,0.7071963494364013,0.0
6,337,74.62992058458167,76.76382901979758,2.952265398217815,0.9369611421126045,0.0
6,338,74.92719205419468,76.84909444559361,2.993163994043279,0.7683473738080338,0.0
6,339,75.219017421069,76.92491206476711,2.843343343442765,0.7480050096620463,0.0
6,340,75.49165904386058,76.99374173671413,2.6094891123888146,0.6285884292775794,0.0
6,341,75.73857171465716,77.06690072179623,2.328764303542723,0.8345912723643387,0.0
6,342,75.96098099847922,77.16366784612745,2.119421372898543,1.1007512142598728,0.0
6,343,76.16318391148855,77.261051287913,1.9246368872886492,0.846917621450272,0.0
6,344,76.3672646180255,77.33481341828548,2.156977243450026,0.6283249859999351,0.0
6,345,76.58162228107676,77.39276253394468,2.1301760175745734,0.5306573271846684,0.0
6,346,76.7816306748141,77.45804943419034,1.869991857171005,0.7750806777292318,0.0
6,347,76.97113728080842,77.54030716072782,1.9201402627152255,0.8700738530212764,0.0
6,348,77.15340165352075,77.62889391611583,1.7251471915294445,0.9016612547392739,0.0
6,349,77.3294844231965,77.72003326685785,1.7965082019843486,0.9211257601021146,0.0
6,350,77.50339893266403,77.82048071249056,1.6817819873643067,1.0878231525528825,0.0
6,351,77.6568770131995,77.92903856903098,1.3877796233439668,1.083333978255947,0.0
6,352,77.79189864164255,78.02418007592036,1.3126529455167475,0.8194961595321519,0.0
6,353,77.92751808108733,78.09296768076098,1.3997358433778615,0.5562559372814224,0.0
6,354,78.07132769109887,78.1480720018186,1.4764563568520561,0.5458304838724111,0.0
6,355,78.21447977596824,78.20351628574883,1.3865853405352961,0.5630551947326623,0.0
6,356,78.36300110628952,78.26774508688305,1.583841265888669,0.7215208279522898,0.0
6,357,78.53478968896604,78.33218135937545,1.8519303876401985,0.5672046218969005,0.0
6,358,78.72825496763448,78.38615034233464,2.0173751857280138,0.5121750372877258,0.0
6,359,78.92056932984872,78.42802925189028,1.8289120585560639,0.3254031538254907,0.0
6,360,79.11259899951312,78.45969865356415,2.011681334731623,0.307984879652313,0.0
6,361,79.31396640181697,78.49098450454926,2.01566671134562,0.31773214005082195,0.0
6,362,79.51863742487649,78.51799327289939,2.0777537498449057,0.2224432269522829,0.0
6,363,79.72652714048115,78.53863778854463,2.0800405622465554,0.19044708595377102,0.0
6,364,79.927359412736,78.54958780340161,1.936604882849501,0.02855321118649634,0.0
6,365,80.11155043719305,78.56237771095095,1.747215606291693,0.22724493980129346,0.0
6,366,80.28644020869581,78.58483568061081,1.7505798237617505,0.22191445339710825,0.0
6,367,80.44682099517308,78.60123821716371,1.4570359057834796,0.10613627766164058,0.0
6,368,80.60372346931433,78.5971718842228,1.681013577040254,-0.1874629364785978,0.0
6,369,80.78441531352428,78.59245202322461,1.9328233071573955,0.09306571651589124,0.0
6,370,80.98437531574109,78.59600305164281,2.0663767371787465,-0.022045148151518035,0.0
6,371,81.20017907023396,78.60737853458073,2.249698352677761,0.2495548069109823,0.0
6,372,81.41472243722205,78.63638220512956,2.041168987084248,0.3305186040662811,0.0
6,373,81.62335764386023,78.66377001488848,2.131535145678189,0.21723759111291585,0.0
6,374,81.84224179220473,78.69601850456138,2.246147821210009,0.4277322023452488,0.0
6,375,82.07044641089783,78.7366144254371,2.3179445526506512,0.38418621516971463,0.0
6,376,82.30761792911437,78.7779342040676,2.4254858116803035,0.4422093574417474,0.0
6,377,82.56314830876397,78.8210881774396,2.6851217813099133,0.42087010999873264,0.0
6,378,82.8294807804856,78.85974022087254,2.641527653121063,0.35217075866034975,0.0
6,379,83.10118040059922,78.89297477714678,2.7924647491498646,0.3125203668247938,0.0
6,380,83.39504546610556,78.92524317034724,3.084836560976189,0.33284749718495377,0.0
6,381,83.70269770978678,78.96595814476916,3.0682083126473536,0.481451991254076,0.0
6,382,84.01985047543894,79.01671114877706,3.2748470003947716,0.5336080889052024,0.0
6,383,84.34351809890813,79.07816612723474,3.1985054689883725,0.6954914802490393,0.0
6,384,84.65221696203946,79.15917634307715,2.9754717936374746,0.9247128366001558,0.0
6,385,84.95688431207896,79.25555416093869,3.1178752071514957,1.002843520631556,0.0
6,386,85.26337824291363,79.34249376371747,3.01200340954162,0.7359485349453987,0.0
6,387,85.56872914576479,79.41072086825471,3.0950146474812144,0.6285935557999025,0.0
6,388,85.86583392197736,79.48311918721294,2.8470808767697875,0.8193728233656863,0.0
6,389,86.1462181520078,79.57863813364679,2.760603723839278,1.0910061053123155,0.0
6,390,86.42607790932095,79.68221675438593,2.8365914224220994,0.9805663094716568,0.0
6,391,86.70036549218833,79.77347760795891,2.6491602349244694,0.8446507619888024,0.0
6,392,86.96757437042777,79.87280251411539,2.6950173298634326,1.1418473611419557,0.0
6,393,87.23594226053888,79.97961954423084,2.6723404723581083,0.9944932411681968,0.0
6,394,87.4982913666505,80.08135621899788,2.5746416498730724,1.0402402541729074,0.0
6,395,87.7618048735659,80.17451045325726,2.695628488434032,0.8228444310149445,0.0
6,396,88.02781747548704,80.26350444629742,2.624623549987291,0.9570354297896095,0.0
6,397,88.30207464220928,80.36741391149974,2.860519784456436,1.1211538742573932,0.0
6,398,88.59663308187817,80.47015541722453,3.03064900892112,0.933676240238956,0.0
6,399,88.90869321423736,80.55881224962991,3.2105536382620983,0.8394604078692609,0.0
6,400,89.23623174682882,80.64477841974485,3.3402170135667326,0.8798629944311145,0.0
6,401,89.58140467791964,80.73011276435841,3.563241608249193,0.8268238978418925,0.0
6,402,89.93763479114261,80.80459022814216,3.561360656209313,0.662725377833425,0.0
6,403,90.29679487091335,80.87845993369342,3.621840939205029,0.8146687331920806,0.0
6,404,90.65793824614013,80.96664385642475,3.6010265653307556,0.9490097214355764,0.0
6,405,91.0035773939527,81.081045967612,3.3117563909188874,1.3390325023112055,3.0
6,406,91.33384536528979,81.2180821747445,3.293603035823555,1.4016916403383881,3.0
6,407,91.66968096322194,81.36465800803194,3.423108922819086,1.529825025409087,0.0
6,408,92.01018914051076,81.54517375100784,3.387054622956679,2.080489834108251,3.0
6,409,92.32224832629436,81.77466020552731,2.854129092714359,2.509239256282161,3.0
6,410,92.62155276905673,82.01908926401359,3.131959762533107,2.379341913444561,0.0
6,411,92.93120216929879,82.26454343175544,3.061028242308133,2.529741441393167,0.0
6,412,93.22747517727669,82.5291319699669,2.864431917248311,2.7620293228363497,0.0
6,413,93.52556798712146,82.79525972762588,3.097424279646969,2.5605258303429057,0.0
6,414,93.83920849179742,83.03883833228872,3.1753858138710633,2.311046262914731,0.0
6,415,94.15901655115806,83.28452532641802,3.2207753733404445,2.6026936196717276,0.0
6,416,94.47065108399954,83.55082114175627,3.011915283488399,2.723222687093564,0.0
6,417,94.77427080253983,83.82921699412327,3.060479087315681,2.8446943602467343,0.0
6,418,95.08465209060967,84.11025975488803,3.1471466740794583,2.7761608550488237,0.0
6,419,95.38937666559343,84.38941171563579,2.94734482559479,2.806878359907879,0.0
6,420,95.69099590423968,84.67516784372822,3.085039947329342,2.9082442019417183,0.0
6,421,95.99061320101964,84.97618109473444,2.9073059882685257,3.1120208181829465,0.0
6,422,96.27216056186182,85.29824362677596,2.7236412285736833,3.32922982264801,0.0
6,423,96.53102398379633,85.62672146826287,2.4536272101151475,3.240327007091585,0.0
6,424,96.7636261926234,85.94831081601012,2.198416966424933,3.1914599478545718,0.0
6,425,96.98140347380081,86.26645735963677,2.1571286571230353,3.1714709246791575,0.0
6,426,97.19115303847173,86.59130556555306,2.0378626362945127,3.3254931936461034,0.0
6,427,97.388224143711,86.93452354147678,1.9035594684895933,3.538866324829794,0.0
6,428,97.59276351470271,87.29253129287463,2.18722795134326,3.621288703128233,0.0
6,429,97.8039155054829,87.65620946819854,2.0358118642589673,3.652274803351254,0.0
6,430,97.99470012558015,88.0125685606231,1.7798805376857985,3.47490704513997,0.0
6,431,98.1709527504488,88.35153776548157,1.7451719596862176,3.304477052030963,0.0
6,432,98.34178303421515,88.6745001651069,1.671433715639509,3.1547709404767588,0.0
6,433,98.50385515212338,88.98431130846222,1.5700086425237139,3.0414519266311277,0.0
6,434,98.65167822676324,89.28514365311435,1.3864528502727822,2.9751949664118236,0.0
6,435,98.79168320339738,89.57397104933159,1.4136466824097695,2.801352957933119,0.0
6,436,98.93375622146652,89.84270577090228,1.427813678971269,2.5733414734817295,0.0
6,437,99.06782278748449,90.10858976996155,1.2535176413878837,2.744338507703686,0.0
6,438,99.20806556509649,90.3958995900623,1.5513379108524106,3.0018578943126943,0.0
6,439,99.36898223344292,90.68888500017715,1.6669954560757176,2.8578503079861495,0.0
6,440,99.52953785313287,90.98833792097639,1.5441169377230075,3.13120810800031,0.0
6,441,99.67572730709367,91.29674808933908,1.379672141492648,3.0369952592543044,0.0
6,442,99.80026347122532,91.59225114720664,1.111051141139967,2.8730658980981936,0.0
6,443,99.90205170603815,91.87583547998076,0.9247135551151722,2.7986207573851303,0.0
6,444,99.99806524223095,92.15376763147901,0.9955571687398503,2.760022272580496,0.0
6,445,100.10374663781624,92.42943301450714,1.1180707429659655,2.7532853879824746,0.0
6,446,100.20913564798309,92.70377140375172,0.9897094603713548,2.7334823969101283,0.0
6,447,100.32237667530217,92.96312905560649,1.275111086009236,2.4536706401858996,0.0
6,448,100.44075058950534,93.2142792510615,1.0923671980543475,2.5693332689139794,0.0
6,449,100.55372709332107,93.47590708804103,1.1671628782589991,2.6632234706779236,0.0
6,450,100.66347209511662,93.7511477324548,1.0277371576520054,2.8415894175975094,0.0
6,451,100.77457031592678,94.0324368827778,1.1942272585513614,2.7841935888630402,0.0
6,452,100.89497284672052,94.29841171700411,1.2138233573222976,2.5353030956632185,0.0
6,453,101.01366307034334,94.53760537240419,1.1599811151333377,2.2485700123383854,0.0
6,454,101.12771374222245,94.74776139177413,1.121032322448027,1.954550375062034,0.0
6,455,101.22565579107356,94.93204405415224,0.8378086545723953,1.731102872501145,0.0
6,456,101.30086603202881,95.09975803339455,0.6663961645314274,1.6231767123458454,0.0
6,457,101.37630975333445,95.24956460190981,0.8424782615812596,1.3729546579597365,0.0
6,458,101.4613686042585,95.3855558134893,0.8586987568995177,1.346869573631718,0.0
6,459,101.54198850156774,95.5340989769719,0.7536991892857543,1.623993696021687,0.0
6,460,101.60320340135422,95.70136301769764,0.47059880644218666,1.7212871184931018,0.0
6,461,101.66144039638425,95.88209479172497,0.6941410941578638,1.893348362053402,0.0
6,462,101.73273311203116,96.07160515646399,0.7317132187801612,1.8968589327287226,0.0
6,463,101.7924114831452,96.26910330950977,0.4618542035006037,2.0531041281880213,0.0
6,464,101.83293507532892,96.46413514775531,0.3486176401725114,1.847532636723484,0.0
6,465,101.86847817209275,96.64354740187048,0.36224429510421885,1.7407124455800034,0.0
6,466,101.89393423920035,96.80946354110029,0.14687704704750715,1.5776103390176175,0.0
6,467,101.90012652678024,96.96128835352874,-0.02303129545000715,1.458885909551645,0.0
6,468,101.8905027883942,97.10424966987705,-0.16944347227163803,1.4003404174144425,0.0
6,469,101.87262539640926,97.24413282154967,-0.1881043674285916,1.3973226160378385,0.0
6,470,101.84190060460037,97.38223735917325,-0.4263914687509214,1.3647681364333089,0.0
6,471,101.80164307602706,97.51367626042611,-0.3787591027164421,1.26400988862396,0.0
6,472,101.77760363425102,97.63346994682684,-0.1020297328059332,1.131863839392187,0.0
6,473,101.76346797558699,97.75070664943178,-0.18068344047642526,1.212870212708376,0.0
6,474,101.75594488451009,97.8752294101065,0.03022161893851738,1.2775850007864644,0.0
6,475,101.75008611928536,98.01600321366573,-0.1473969234332948,1.5378910703994304,0.0
6,476,101.73463553455963,98.1617359829471,-0.16161477108149036,1.3767643152290105,0.0
6,477,101.72645788149316,98.31234772503683,-0.0019382902479758712,1.6354705265665928,0.0
6,478,101.71792735073848,98.48026420499502,-0.1686723248465487,1.72285907259697,0.0
6,479,101.71283285819402,98.6594518772223,0.06678247395582737,1.8608943719484756,0.0
6,480,101.71722118279376,98.84065810833317,0.020984018039195362,1.7632302502687764,0.0
6,481,101.73269718275924,99.02882810561255,0.2885359812702486,2.0001696953190695,0.0
6,482,101.77461312968705,99.23649861166507,0.5497829572864994,2.15324042573301,0.0
6,483,101.82543506064451,99.46058225647062,0.4666556618619886,2.3284324703790062,0.0
6,484,101.86735493181652,99.70142557759038,0.37174176157682837,2.4884339520177026,0.0
6,485,101.91280671106335,99.95226796630027,0.5372938233590396,2.528413822180136,0.0
6,486,101.95520072826525,100.20511046077922,0.31058652067901527,2.5284360673994986,0.0
6,487,101.97654059354807,100.46448226198049,0.11621078497565485,2.6589999566260722,0.0
6,488,101.99060311034657,100.73562089338168,0.1650395509930842,2.763772671399332,0.0
6,489,102.00512891947301,101.01638721664494,0.12547663153583954,2.851553793865987,0.0
6,490,102.028806063768,101.29698458913265,0.3480662543638857,2.7603936558886986,0.0
6,491,102.07174960242446,101.57909539575587,0.5108045187642887,2.881822476576726,0.0
6,492,102.11270176300116,101.86985910210308,0.3082386927699101,2.933451650367724,0.0
6,493,102.1300157093998,102.15204310123602,0.03804023520341815,2.7102283322916563,0.0
6,494,102.13715189119239,102.43528073638083,0.10468340064857884,2.954524370604698,0.0
6,495,102.13707858998089,102.74278260195263,-0.10614942487892876,3.195512940832648,0.0
6,496,102.12833104775177,103.06191259197647,-0.0688014197040765,3.1870868596451274,0.0
6,497,102.12741805676137,103.36856228189185,0.0505415998952472,2.9459069386627803,0.0
6,498,102.1471673220633,103.67199144167375,0.34444370614365205,3.1226762569757103,0.0
6,499,102.19426245777174,103.97218080069433,0.5974590080255346,2.8811109234370242,0.0
6,500,102.24633707124951,104.25744367483333,0.4440332615299205,2.824146559342644,0.0
6,501,102.2957988116375,104.54600632894699,0.5452015462290625,2.9471065229311044,0.0
6,502,102.34480773839311,104.83584505765828,0.4349769888826138,2.849668051295085,0.0
6,503,102.39616444866851,105.12060786549796,0.5921572166238995,2.8455881054985994,0.0
6,504,102.45842990893993,105.41468125499853,0.6531519888040123,3.03587968451259,0.0
6,505,102.53783109721314,105.71491187090669,0.9348717766594525,2.9687326336524436,0.0
6,506,102.622852349852,106.01892405885201,0.7655532761165382,3.111511125253962,0.0
6,507,102.70866570779617,106.33648638959846,0.9507138827653385,3.239735489676935,0.0
6,508,102.8156143166201,106.6727367132363,1.1882582937126607,3.485270983081561,0.0
6,509,102.94670418123405,107.00986951445032,1.433538998565151,3.257385041198951,0.0
6,510,103.10123955059544,107.34863814512562,1.657168388662516,3.517987572306856,0.0
6,511,103.25699724617584,107.70233964289264,1.4579855229457124,3.556042383034006,0.0
6,512,103.41207033258911,108.06289832900495,1.643476205319594,3.6551313392128986,0.0
6,513,103.58424472086688,108.43205291090851,1.800011560234143,3.727960298859143,0.0
6,514,103.76815438397102,108.80046412266154,1.8781817018471116,3.640263936202212,0.0
6,515,103.9636673068378,109.1647236961046,2.0320767554881556,3.644927532660864,0.0
6,516,104.18117144658049,109.51586615282906,2.3180060393650415,3.377921601828074,0.0
6,517,104.4100002529384,109.85923403455274,2.2585700877929717,3.4894360326467098,0.0
6,518,104.627965009175,110.2019246548407,2.100725036937728,3.364376373112975,0.0
6,519,104.85121629971104,110.53301350075617,2.364300773783121,3.257400545196111,0.0
6,520,105.07696845141231,110.8644203976346,2.1507422602424526,3.370737392373238,0.0
6,521,105.28657294608627,111.20961052153223,2.041347633236132,3.53306508557894,0.0
6,522,105.4915796817121,111.55087006959525,2.0587870792790426,3.292125875682535,0.0
6,523,105.70562082644108,111.888477740285,2.222035815300959,3.460027538112433,0.0
6,524,105.9271591657623,112.2205214717493,2.2087309711235967,3.180847091174254,0.0
6,525,106.15360962176999,112.53253330310031,2.3202781490291464,3.059389535846247,0.0
6,526,106.3762323994199,112.8474073900993,2.132177403967397,3.238092204133702,0.0
6,527,106.58677678709637,113.17687161631125,2.0787103495605948,3.351192320106655,0.0
6,528,106.79810192549166,113.52144346303601,2.1477924183447925,3.540244614388893,0.0
6,529,107.00561060322741,113.88895851265215,2.002381136369795,3.810056377934341,0.0
6,530,107.215325647937,114.28055776756253,2.191919757822003,4.021928720274564,0.0
6,531,107.43394266776704,114.6863008563871,2.1804206387774236,4.092933056217662,0.0
6,532,107.64362364653357,115.08882097874607,2.01319893655214,3.9574693909624514,0.0
6,533,107.85836998066293,115.47654384986811,2.281727746033532,3.7969880314794313,0.0
6,534,108.09115550543129,115.85451482308974,2.3739827493338623,3.7624314329547452,0.0
6,535,108.3202901130569,116.21737806445594,2.208709403177668,3.494833394371012,0.0
6,536,108.54806877825342,116.56188368896278,2.346863900752375,3.395279095766229,0.0
6,537,108.78129977547928,116.88763600170455,2.317756043763975,3.119767159069813,0.0
6,538,109.00197600465174,117.18465262911991,2.095768539683643,2.8205653892383165,0.0
6,539,109.20566497096104,117.46748353079181,1.9780107865012688,2.836052644199281,0.0
6,540,109.4136168793242,117.75074703280404,2.1810273807603195,2.829217396046282,0.0
6,541,109.63170179681106,118.04829391615772,2.1806709689759707,3.121720271027405,0.0
6,542,109.83837782275907,118.37452957826474,1.9528495499842897,3.4029929711135285,0.0
6,543,110.04161312930171,118.72968441421483,2.111856580868018,3.700103747889589,0.0
6,544,110.24028700882877,119.10635574748369,1.8616210096736339,3.8333229174887293,0.0
6,545,110.41872125097723,119.49141457519261,1.707063833293816,3.867853636690322,0.0
6,546,110.60378657962212,119.88572378196011,1.9942427396041182,4.01833049865958,0.0
6,547,110.78869789989267,120.28571585786483,1.7039836658057936,3.9815110194363452,0.0
6,548,110.96270236555188,120.68967120509126,1.7761056473779036,4.0975959250939,0.0
6,549,111.14351304254342,121.1099658607344,1.8401078924532968,4.3082971877692575,0.0
6,550,111.34464482883789,121.51958129129525,2.182527833435806,3.884011423447383,-5.0
6,551,111.60029857452139,121.89542624475996,2.930547080235929,3.632887645845189,-5.0
6,552,111.87985393938129,122.25087436004708,2.66056021696291,3.4760746598955343,0.0
6,553,112.14572281410165,122.6105034421231,2.656817277445164,3.716506981623354,0.0
6,554,112.40842468770109,122.9696027443706,2.5972201945439686,3.465479063325118,0.0
6,555,112.6596148657676,123.30923494838862,2.426583366788364,3.327165017033659,0.0
6,556,112.90708185458027,123.62742269961745,2.5227564094651562,3.0365900075424115,0.0
6,557,113.14975429231572,123.93600402316429,2.330692345243918,3.1350364633940817,0.0
6,558,113.37571879355119,124.26068701118163,2.188597679466227,3.3586232969514658,0.0
6,559,113.5943586948382,124.60630110936347,2.184200346275059,3.5536586666850862,0.0
6,560,113.845063765943,124.9285404761979,2.8299010758200644,2.8911286700039067,-5.0
6,561,114.12569116566453,125.2296726005186,2.7826469186113023,3.1315138164097114,0.0
6,562,114.39430739310046,125.53332277534412,2.5896776301079925,2.9414896801001085,0.0
6,563,114.65327477129927,125.82254870945451,2.58966993386678,2.843029002108075,0.0
6,564,114.91443502589516,126.11613041577448,2.633535158051359,3.028605124291218,0.0
6,565,115.16749643205071,126.41900149389392,2.4276929650590944,3.028816438098138,0.0
6,566,115.41755462436572,126.72687263256444,2.573470881240233,3.128606335313215,0.0
6,567,115.71328131555356,127.00914243749446,3.3410629425166896,2.5167897632877736,-5.0
6,568,116.05809493010702,127.25123977968224,3.5552093485538023,2.32515708046596,0.0
6,569,116.41033462465646,127.48895502468724,3.4895845424360026,2.4291478196342524,0.0
6,570,116.76495114454747,127.73381878323755,3.6027458553858516,2.4681273513711712,0.0
6,571,117.12034366139062,127.9855884815637,3.5051044814780106,2.567266615149954,0.0
6,572,117.46548945784059,128.25587578336012,3.397811447522912,2.8384794207781052,0.0
6,573,117.81954121706758,128.52683349190988,3.6832237370174177,2.580674750215424,0.0
6,574,118.18255744425562,128.77222415589858,3.5771008067435766,2.327138529558546,0.0
6,575,118.54968757653546,129.01948840313082,3.7655018388531722,2.618146415085617,0.0
6,576,118.91377671273517,129.27973672222322,3.5162808851424536,2.586819966762249,0.0
6,577,119.27555631898372,129.53665824157213,3.7193112398281016,2.5516104202140877,0.0
6,578,119.64891005588834,129.78313991530706,3.7477634982641703,2.3780230544833074,0.0
6,579,120.03270206766626,130.0184232693996,3.9280767372958607,2.3276440273661123,0.0
6,580,120.42115134564699,130.24882969969508,3.840908822319612,2.2804845785433994,0.0
6,581,120.80382412931044,130.46238870198772,3.812546850949083,1.9906954673093846,0.0
6,582,121.18972348132706,130.65118758940173,3.905440189383558,1.785282280969998,0.0
6,583,121.58796928017978,130.84251722640374,4.059475787671644,2.0413104590695,0.0
6,584,121.98360562147718,131.05038162086203,3.853251038276486,2.11597743009483,0.0
6,585,122.36203566961149,131.25380453602918,3.7153499244101056,1.9524808732471381,0.0
6,586,122.72022504575534,131.46294551405094,3.4484375984666507,2.2303386871863804,0.0
6,587,123.07831247002514,131.6886316595253,3.71331088692898,2.2833842223002456,0.0
6,588,123.4578891035543,131.9086317232443,3.878221783654137,2.11661705207905,0.0
6,589,123.83665337586433,132.12109697993583,3.6970636625474427,2.1326880817513825,0.0
6,590,124.20251797919025,132.34651705814588,3.620228403972554,2.3757134824480097,0.0
6,591,124.55994077119385,132.59780151095356,3.5282274361001313,2.6499755737055786,0.0
6,592,124.89958266538963,132.86535077545534,3.2646104478158833,2.7010097163296027,0.0
6,593,125.24042082398284,133.13544238077134,3.552152724048643,2.7008223899902823,0.0
6,594,125.60554112518525,133.41700363223094,3.7502533000001925,2.9304026392011657,0.0
6,595,125.98064446579463,133.69666685043683,3.75181351218783,2.6628617249154445,0.0
6,596,126.35146062447188,133.97496619316826,3.6645096613577586,2.9031251297122456,0.0
6,597,126.72744388225283,134.26356934471426,3.855155494261968,2.8689379012067953,0.0
6,598,127.11682076750003,134.5412394855664,3.932382210682391,2.6844649158363367,0.0
6,599,127.51835230105075,134.79735206981434,4.098248460333213,2.4377867691229405,0.0
6,600,127.93020191855669,135.03243071688473,4.13874388978676,2.2637861722834973,0.0
6,601,128.35767574760712,135.2608412766807,4.410732691220872,2.3044250236364334,0.0
6,602,128.8111895619919,135.50069574048814,4.659543596476119,2.492664252511336,0.0
6,603,129.2736489277272,135.74316393837705,4.5896437182318905,2.3566997052651875,0.0
6,604,129.72336086571124,135.9833288685678,4.404595041450612,2.446598898548878,0.0
6,605,130.16138701792647,136.21851006606312,4.355928002853265,2.2570250513564076,0.0
6,606,130.5948179786484,136.44318965664547,4.312691211585118,2.2365667602891204,0.0
6,607,131.01782991405184,136.67125143383237,4.147547496483419,2.324668783448786,0.0
6,608,131.43288023687126,136.90864149163338,4.15345895990556,2.4231323725707092,0.0
6,609,131.85421375605006,137.14519408658282,4.273211423673079,2.3079195264177574,0.0
6,610,132.2929422637743,137.37437129839213,4.501358730813024,2.2756247097670155,0.0
6,611,132.7453337431757,137.58828004584598,4.546470857215127,2.002550239308265,0.0
6,612,133.19967795500213,137.77429281647335,4.540413379312653,1.7177051732391533,0.0
6,613,133.64383282737322,137.9492547450909,4.342684068108571,1.7815333991121118,0.0
6,614,134.0833907808368,138.1145836398698,4.448475001164251,1.5250444964657746,0.0
6,615,134.5373808123677,138.26249867546153,4.6313256294525935,1.433256215366896,0.0
6,616,134.9973062830353,138.4081485568446,4.56718378390152,1.4797414122927748,0.0
6,617,135.4567856324984,138.56709803531385,4.622403205361859,1.6992481570921214,0.0
6,618,135.92552199450677,138.73106573023767,4.752324034806659,1.5801057413841768,0.0
6,619,136.41321821490146,138.8968146287658,5.001600373086397,1.734872229177789,0.0
6,620,136.92526599335963,139.0832717513092,5.239355196075504,1.9942702216904635,0.0
6,621,137.44088857875045,139.28397170506537,5.073096511741216,2.019728853432479,0.0
6,622,137.9516593273098,139.49232176935288,5.142318459447285,2.147272432316081,0.0
6,623,138.46370932140553,139.6974078879315,5.09868142246831,1.9544499392560368,0.0
6,624,138.97877197109335,139.8789745849465,5.202571571286754,1.6768840010426835,0.0
6,625,139.51231583208437,140.0554761017146,5.468305648533715,1.8531463343177297,0.0
6,626,140.0570639633121,140.2543402782028,5.426656976019416,2.124137195444579,0.0
6,627,140.61102256370873,140.47692823594718,5.652515031912841,2.327621959443597,0.0
6,628,141.18225262807698,140.6993278509159,5.772086255452614,2.1203703399306537,0.0
6,629,141.76260334978156,140.91061218549942,5.834928178640347,2.105316351739221,0.0
6,630,142.33397007801807,141.1162299692926,5.59240638609203,2.0070393241239444,0.0
6,631,142.9062399915042,141.30595625470062,5.852991883633109,1.7874863840357875,0.0
6,632,143.50428439232144,141.49867899397702,6.1078961327131935,2.0669684014911365,0.0
6,633,144.12059634325374,141.70353852761434,6.218342885933236,2.0302222712538818,0.0
6,634,144.75003816843912,141.90300478069616,6.370493617774422,1.9591027903828913,0.0
6,635,145.39682547876373,142.08543144532302,6.565252588720316,1.689430502152618,0.0
6,636,146.0624036904925,142.2639811912037,6.7463116458540675,1.881564415459609,0.0
6,637,146.74764083907758,142.4409268970586,6.958431325850089,1.6573497016382905,0.0
6,638,147.44685182957744,142.59280680684924,7.025788484146503,1.3802484941741486,0.0
6,639,148.16240292250495,142.71585369715308,7.285233374403319,1.0806893119018568,0.0
6,640,148.89329733352463,142.83778918727967,7.332654845991097,1.3580204906291282,0.0
6,641,149.63733525669204,142.95868747666236,7.548103617356318,1.059945297024253,0.0
6,642,150.37303400347446,143.08342923986243,7.165871318291472,1.4348899669762982,3.0
6,643,151.07173253281485,143.2530144120136,6.8080992685174095,1.9568134760465234,3.0
6,644,151.75044139381112,143.45707507924567,6.766077951405418,2.124399868595022,3.0
6,645,152.4257004659347,143.67007022850726,6.739103491069006,2.135503116636544,3.0
6,646,153.09620775041117,143.89202022457255,6.671042198458377,2.303496804668125,3.0
6,647,153.75174007507792,144.1354704821391,6.4396042948774515,2.56550834666419,3.0
6,648,154.37343220987623,144.41170579421987,5.9942384010884915,2.9591978949524584,3.0
6,649,154.96420820475782,144.72216182898012,5.821281496545332,3.2499228002524525,3.0
6,650,155.54005436933244,145.05080006718515,5.6956417949488305,3.322841963847466,3.0
6,651,156.09392939396525,145.38833170298733,5.381858697707145,3.4277907521957545,3.0
6,652,156.61454109029592,145.746146669744,5.030375228907644,3.728508582937817,3.0
6,653,157.08867641077313,146.1301223729473,4.45233118063631,3.951005481129597,3.0
6,654,157.52470399251138,146.52767378585122,4.268220454130471,4.000022776946761,0.0
6,655,157.9540116444989,146.9204383076102,4.317932585619161,3.855267658232089,0.0
6,656,158.38010254782012,147.31521401218652,4.203885480806896,4.040246433292738,0.0
6,657,158.79627499939056,147.72830894268543,4.119563550601018,4.221652176685261,0.0
6,658,159.20726212758905,148.14127516499093,4.100179013370802,4.037672269424448,0.0
6,659,159.61963984309796,148.5516039893737,4.147375296810509,4.168904218229866,0.0
6,660,160.0337332036038,148.95655762256865,4.13449191330805,3.930168445669242,0.0
6,661,160.43810022102775,149.3487248045783,3.952848435174211,3.913175194523639,0.0
6,662,160.82994865098794,149.7330392092482,3.8841201640287473,3.7731128988743343,0.0
6,663,161.20798486986564,150.1005967337893,3.6766042135245023,3.578037591945833,0.0
6,664,161.5814531039657,150.46808952095682,3.7927604684769705,3.771818151402883,0.0
6,665,161.95703414743912,150.8557215289909,3.718860400990213,3.9808220092765936,0.0
6,666,162.3402196966299,151.24699536693026,3.944850582826131,3.844654749510539,0.0
6,667,162.73800690058624,151.6339202997799,4.010893496303108,3.893843907480889,0.0
6,668,163.14822991711048,152.03010377327257,4.193566834182704,4.02982556237097,0.0
6,669,163.57072762621374,152.43419360310372,4.256387347883511,4.051971034250023,0.0
6,670,164.00024230514077,152.82659937736946,4.333906230658119,3.7961444510642597,0.0
6,671,164.44630888942424,153.2171174005449,4.58742545501449,4.014216012443558,0.0
6,672,164.89743785230576,153.6082976557592,4.435153802617311,3.809389091841213,0.0
6,673,165.32916669960207,153.99859791849212,4.199423143309957,3.9966161628173875,3.0
6,674,165.75586094636208,154.39469136017533,4.334461791889886,3.925252670847067,0.0
6,675,166.18315606316207,154.77681655365348,4.211440544111355,3.7172511987164434,0.0
6,676,166.60311979374114,155.1555589357224,4.187834067472025,3.8575964426629863,3.0
6,677,167.00200410685954,155.55543555804957,3.789852194894358,4.139936003881052,3.0
6,678,167.38945284663612,155.97482707158622,3.959122600636224,4.247894266853839,0.0
6,679,167.78399775767696,156.39323535499227,3.931775620178346,4.120271401268193,0.0
6,680,168.1689581340264,156.79226825062642,3.76743190680925,3.860386511414859,0.0
6,681,168.54752319100714,157.1811719846554,3.8038692328033044,3.917688169166537,0.0
6,682,168.93261430908422,157.58634450887394,3.8979531287377576,4.185762315204395,0.0
6,683,169.3150777819235,158.01939992912128,3.7513163280491675,4.475346089740391,0.0
6,684,169.6859993698722,158.4539673371985,3.667115430922941,4.216002071804455,0.0
6,685,170.06303421878215,158.86926188292705,3.87358154727351,4.089888842767786,0.0
6,686,170.4622059359358,159.2661894113047,4.1098527957968685,3.8486617247869805,0.0
6,687,170.8804273189578,159.65242993300205,4.254574864640972,3.876148709160697,0.0
6,688,171.3088308447591,160.04833131505916,4.3134956513847165,4.041878931981202,0.0
6,689,171.7528749921828,160.46118418638025,4.56738729708961,4.215178494441046,0.0
6,690,172.2244435628636,160.88548653504154,4.863984116527721,4.270868478786252,0.0
6,691,172.70660908858144,161.30661008431866,4.779326397827646,4.151602506757831,0.0
6,692,173.17123396386842,161.74950707250935,4.513171107914136,4.706337257054619,3.0
6,693,173.61046208818993,162.23457267239485,4.271391378513027,4.994974740657586,0.0
6,694,174.02879012289804,162.73074288186695,4.09516931564966,4.928429448786016,0.0
6,695,174.4387434121802,163.2314033475219,4.103896469990847,5.084779864314045,0.0
6,696,174.8519979086002,163.73123762862213,4.161193458405759,4.911905757692182,0.0
6,697,175.27604862460703,164.22806318525352,4.319820861730481,5.024605374936808,0.0
6,698,175.69985823110392,164.73986556980458,4.156371268206538,5.211442316085657,0.0
6,699,176.10247789842015,165.2612103199358,3.8960220781157098,5.215452686540374,0.0
6,700,176.48092370572044,165.76928524142113,3.6728940678882083,4.946045743168424,0.0
6,701,176.86175256088563,166.27014028708425,3.9436830354152406,5.071055170094244,0.0
6,702,177.2681881502442,166.78237800159422,4.1850287517569384,5.173699120105658,0.0
6,703,177.67871653691145,167.28493458374328,4.0255389815876725,4.8774325228776245,0.0
6,704,178.0735616691852,167.76298756701476,3.8713636638845266,4.683627142553126,0.0
6,705,178.44807089269943,168.23439277214595,3.618820806398329,4.7444769600730545,0.0
6,706,178.81424641121612,168.71906730439173,3.704689563935027,4.949013684843047,0.0
6,707,179.1931071463339,169.2223240650784,3.8725251384181654,5.116121528891492,0.0
6,708,179.58360599226535,169.72524712060226,3.9374517802107434,4.942339581585987,0.0
6,709,179.97466452055323,170.22615381545563,3.8837187855473765,5.075794315481881,0.0
6,710,180.35344185405552,170.74825536751803,3.6918278844962806,5.36623672576683,0.0
6,711,180.7185199677424,171.28022535644766,3.6097343892414244,5.273163052826352,0.0
6,712,181.08760000394432,171.81864832865824,3.771866334793522,5.495296391386445,0.0
6,713,181.47206043615415,172.38252609135725,3.917342309402354,5.782258862595379,0.0
6,714,181.8577710303855,172.96331705845796,3.7968695752254824,5.833560479419903,0.0
6,715,182.23528018443767,173.5521098591811,3.7533135058171574,5.9422955350449005,0.0
6,716,182.6074706545253,174.16110222619966,3.6904958959352108,6.237551805327589,0.0
6,717,182.98288278150926,174.79280304217855,3.8177466437441367,6.3964645142515,0.0
6,718,183.352577761161,175.43550941678677,3.576152949290492,6.4576629779147225,0.0
6,719,183.7177738570865,176.06818956415327,3.7277689692178697,6.195939969415875,0.0
6,720,184.0898982802023,176.70084017609884,3.714719493095174,6.457072269497523,0.0
6,721,184.45978626656643,177.33635725701072,3.683040234185423,6.253269348741274,0.0
6,722,184.84256048621387,177.97113954852603,3.9724441587627695,6.442376481565775,0.0
6,723,185.2472673235152,178.60519877238312,4.121692587262878,6.238807995576803,0.0
6,724,185.647384143748,179.2165797857067,3.8806438173932207,5.988812270895185,0.0
6,725,186.04380649318568,179.81701959189252,4.047803171356886,6.0199838528223975,0.0
6,726,186.43365689119423,180.4312157130073,3.749204788812982,6.263938569475574,0.0
6,727,186.81679223890274,181.07034068630708,3.9135021653578512,6.518560896521901,0.0
6,728,187.20152958591234,181.71757064259896,3.781244774833322,6.426038229317864,0.0
6,729,187.58970166680842,182.35209936123772,3.982196843086882,6.264536143457546,0.0
6,730,187.97424656868816,182.97689352585473,3.7087011945071637,6.231347148883927,0.0
6,731,188.33479599329098,183.5890116766567,3.5022872975459087,6.011015867157036,0.0
6,732,188.67302429657502,184.19610724220104,3.2622787681356513,6.130895443731035,0.0
6,733,189.00992848407486,184.79737610971404,3.4758049818601044,5.894481906530377,0.0
6,734,189.34853388280771,185.39518791294836,3.2963029927945087,6.0617541581562175,0.0
6,735,189.66789827431808,186.00731831145242,3.090984837412023,6.18085381192544,0.0
6,736,189.98243501742354,186.63657132130618,3.1997500246952804,6.4042063851510544,0.0
6,737,190.29320111111656,187.2914286867167,3.0155718491636527,6.692940923060611,0.0
6,738,190.59333734888173,187.96260264030525,2.9871529061396025,6.730538148711748,0.0
6,739,190.9069412551255,188.62127018078456,3.2849252187328766,6.442812660875498,0.0
6,740,191.2310923094376,189.26902296652565,3.1980958675073445,6.512243053948424,0.0
6,741,191.5438589010305,189.9326716279238,3.0572359643499425,6.760730174016622,0.0
6,742,191.84284827066813,190.60485956398497,2.9225514284024463,6.683028547207686,0.0
6,743,192.12911437427942,191.26249771082564,2.8027706438214786,6.469734389607105,0.0
6,744,192.40087197232992,191.9172015258324,2.632381317188777,6.624341910529603,0.0
6,745,192.66420391316228,192.5823874474745,2.6342574994566625,6.679376522313204,0.0
6,746,192.929927379814,193.24916097425012,2.6802118335750293,6.656094013200336,0.0
6,747,193.19473604856353,193.91398017441782,2.6159615414145243,6.640289990153766,0.0
6,748,193.44750718011915,194.58576152340288,2.439461089696316,6.795336989548071,0.0
6,749,193.6770691912941,195.26089573351794,2.151779133799266,6.7073472127535005,0.0
6,750,193.88594289544994,195.94126307135093,2.0256949493154757,6.89999954390667,0.0
6,751,194.08387676870848,196.63583431236214,1.9329825158545297,6.991425276318758,0.0
6,752,194.2770612207214,197.33233339997605,1.930706524402531,6.938556475959741,0.0
6,753,194.4819392121483,198.01435280770693,2.1668533041355076,6.701831678659376,0.0
6,754,194.68844992498953,198.6985087091358,1.9633609526870082,6.981286349918424,0.0
6,755,194.88576304421713,199.39177558476172,1.982901431865617,6.884051162600651,0.0
6,756,195.0880036621245,200.0918753318192,2.061910926281609,7.117943778551565,0.0
6,757,195.29123282968953,200.80120566353025,2.002672425019668,7.068662855671489,0.0
6,758,195.48677150998128,201.50169625208696,1.908101180813027,6.941148915462833,0.0
6,759,195.68503013498753,202.20941521664759,2.0570713193121186,7.21323037575039,0.0
6,760,195.87822025308014,202.9364466449391,1.8067310425396528,7.327398190082246,0.0
6,761,196.04787970033567,203.67391808340574,1.586457902569805,7.42203057925083,0.0
6,762,196.2170110038503,204.39941836930166,1.7961681677243782,7.087975138666556,-5.0
6,763,196.43023914701803,205.09568335978906,2.4683946956301703,6.837324671084728,-5.0
6,764,196.6990394982895,205.74360083465922,2.907612329798905,6.121024826320486,-5.0
6,765,197.0162169580717,206.32565526234634,3.4359368658459104,5.520063727421844,-5.0
6,766,197.34756162171698,206.8710620147997,3.190956407056291,5.3880713216481215,0.0
6,767,197.67059373434404,207.4011182110778,3.269685845481227,5.213052603916308,0.0
6,768,197.99633061561804,207.91066436636277,3.245051779994853,4.977870501786127,0.0
6,769,198.33058143828043,208.39779671872373,3.4399646732522093,4.764776545434991,0.0
6,770,198.66541112409345,208.87778104962933,3.256629043007319,4.834910072680357,0.0
6,771,198.9841352756216,209.3535710764935,3.117853987553488,4.680890464605163,0.0
6,772,199.30992189659923,209.83263337104518,3.3978784319978494,4.900355426431382,0.0
6,773,199.67073844833908,210.29011679662972,3.8184526028000434,4.249313085258228,-5.0
6,774,200.05323219461093,210.7174205464072,3.8314223226358664,4.296761910291659,0.0
6,775,200.4401653615737,211.14333235315235,3.907241016619931,4.221474224611695,0.0
6,776,200.8397720378282,211.5707439731625,4.084892508467124,4.326758175592211,0.0
6,777,201.25777990028382,212.01203582009055,4.27526474064387,4.499078762970351,0.0
6,778,201.6922225260064,212.47287646368045,4.413587773808189,4.717734108829475,0.0
6,779,202.14827503843094,212.9330043829941,4.707462474681488,4.484824277445643,0.0
6,780,202.60874020571873,213.37517846024468,4.5018408710717175,4.358657267567326,0.0
6,781,203.0733968909185,213.81164401614024,4.79129283292367,4.370653850344885,0.0
6,782,203.55732564746995,214.2425046792373,4.887282298105973,4.2465594115984615,0.0
6,783,204.04166335373225,214.67931691184356,4.799471827136745,4.48968524052836,0.0
6,784,204.5116443490649,215.11899391185364,4.600148079514,4.30385475967508,0.0
6,785,204.96055637722043,215.5356865992328,4.378092483596138,4.029998987910524,0.0
6,786,205.38541959002123,215.95111887367568,4.119171772416404,4.2786465009475165,0.0
6,787,205.7980676245861,216.37805496231954,4.133788918879194,4.260075271931957,0.0
6,788,206.20749790299578,216.7941640650962,4.054816649313345,4.062106783603253,0.0
6,789,206.60649107788413,217.20229980397994,3.925046848453345,4.10060799407273,0.0
6,790,207.0024914230694,217.62560895664365,3.994960055252079,4.365575059201737,0.0
6,791,207.40830037373394,218.07690115232367,4.121218958036888,4.66026885439917,0.0
6,792,207.80765478983312,218.54781667246618,3.8658693639474073,4.758041548451709,0.0
6,793,208.18450929804226,219.0158939532322,3.6712208002362487,4.603504066868622,0.0
6,794,208.53981069902306,219.48505467075643,3.4348072193785626,4.779710283617872,0.0
6,795,208.9130208223853,219.93791589981515,4.029395247869125,4.277514297555843,-5.0
6,796,209.32332649053933,220.3601663536806,4.176718115210942,4.167494779753126,0.0
6,797,209.73217944994303,220.78548970270663,4.000341072863922,4.338972200768357,0.0
6,798,210.1296626642652,221.2302381912533,3.949323213580236,4.555997570166621,0.0
6,799,210.5316966572725,221.67497903684568,4.091356646563735,4.338819341681052,0.0
6,800,210.94242549642377,222.10649150547283,4.1232201364617005,4.291430030863282,0.0
6,801,211.34203005072754,222.52800087422247,3.8688709496137754,4.138757344130955,0.0
6,802,211.7277927141438,222.93440511854953,3.8463823187094626,3.989327542410395,0.0
6,803,212.10724823975534,223.33760570092863,3.742728193520236,4.074684105171853,0.0
6,804,212.47907458560712,223.73683934600592,3.6937987235157372,3.9099887963741615,0.0
6,805,212.841085022917,224.12652344802336,3.5464100226808135,3.883693243974065,0.0
6,806,213.20195350861513,224.52021105830556,3.6709596912824054,3.9900589616710693,0.0
6,807,213.5745444466204,224.9165956276364,3.7808590688210266,3.937632424946086,0.0
6,808,213.95498020469927,225.31955635690042,3.8278560927542635,4.121582160334684,0.0
6,809,214.32795492945752,225.7354522140638,3.6316384024118804,4.196334982932591,0.0
6,810,214.68344921565927,226.1476740931488,3.478247321623563,4.048102598768169,0.0
6,811,215.06704150495852,226.53451642018524,4.193598464357937,3.6887439419623895,-5.0
6,812,215.4942445785473,226.8972457029755,4.350463007419169,3.565841713843346,0.0
6,813,215.9171874417957,227.25906114125382,4.108394257548277,3.6704670517221523,0.0
6,814,216.33220072306858,227.63699657190455,4.1918713679082735,3.8882415612927392,0.0
6,815,216.7544111432701,228.03203069247843,4.252337036124452,4.012440850184836,0.0
6,816,217.16607920476235,228.42837844690075,3.981024193722778,3.914514238261466,0.0
6,817,217.5491935254322,228.8195836447194,3.6812622196734957,3.909589718111187,0.0
6,818,217.90275308653145,229.21782961942677,3.389929002312467,4.055329776034192,0.0
6,819,218.25187716869414,229.63183428185312,3.592552640944124,4.224763472494198,0.0
6,820,218.64819797650466,230.03965586945083,4.333863515262941,3.9316682794616966,-5.0
6,821,219.0681879660308,230.43383855689922,4.065936275262203,3.9519854695064875,0.0
6,822,219.46828319200358,230.83356274200264,3.935968244194619,4.0424982325627425,0.0
6,823,219.87040477948085,231.25176278568392,4.106463505354206,4.321502641061327,0.0
6,824,220.27607268898464,231.69279594808904,4.00689468472531,4.499160607039894,0.0
6,825,220.69070890288708,232.1570098497316,4.285829593326916,4.785117425808833,0.0
6,826,221.13400806639424,232.60257407470272,4.580153676814536,4.126167073614543,-5.0
6,827,221.59082897062012,233.00727496050422,4.5562644077023045,3.967850642416268,0.0
6,828,222.04315048670037,233.40496584511243,4.490165913900295,3.9859670497483854,0.0
6,829,222.50097223389002,233.8092478862916,4.66626902989027,4.099673773838433,0.0
6,830,222.9556259364433,234.2197377385678,4.426805021173919,4.110123271688646,0.0
6,831,223.39370372384178,234.64480972120032,4.334750726792386,4.3913163809618485,0.0
6,832,223.82150841549424,235.09310019426061,4.221343106256352,4.574493080246473,0.0
6,833,224.2354168298341,235.5599760264913,4.056825180538631,4.763023564368529,0.0
6,834,224.65602710150915,236.00139337727364,4.355380252965254,4.0653234512754715,-5.0
6,835,225.0771498351371,236.4053819754979,4.067074419591073,4.014448513210764,0.0
6,836,225.47297402013783,236.801199492249,3.8494092804214937,3.9019018218106165,0.0
6,837,225.87242075652875,237.19786001412263,4.139525447393559,4.031308615661148,0.0
6,838,226.2959128398045,237.60787128371862,4.330316218119034,4.168916776258085,0.0
6,839,226.73876014293182,238.0248322215407,4.526629844425628,4.170301980185805,0.0
6,840,227.19186523084568,238.44783249437387,4.5354719138507775,4.289703476477671,0.0
6,841,227.65319534865353,238.88306781911797,4.691130442303223,4.415003018407658,0.0
6,842,228.13655381952776,239.31198149188094,4.976038975182277,4.1632704368532725,0.0
6,843,228.62468263973278,239.72681858837836,4.786537428916475,4.133471493096396,0.0
6,844,229.0937012290458,240.13396670943234,4.593834357342693,4.009490927986443,0.0
6,845,229.5439167680638,240.53136375862573,4.410476423015098,3.9384500558818427,0.0
6,846,229.99606005308442,240.92385928620024,4.6323892773976,3.9114604956116086,0.0
6,847,230.45645055747445,241.30692838990603,4.575420810400207,3.749921578505637,0.0
6,848,230.91042289768552,241.67782156153248,4.5040259938192975,3.6679418540255053,0.0
6,849,231.36331647100315,242.03355504081946,4.553845472533148,3.44672773171553,0.0
6,850,231.80595256528136,242.37056567263812,4.298876413028953,3.293484904656827,0.0
6,851,232.24427449543555,242.7114164237612,4.467562190052856,3.523530117805606,0.0
6,852,232.686227505857,243.07510279870075,4.3714980183744885,3.7501973809860445,0.0
6,853,233.1353670318947,243.43840401373404,4.611292502378909,3.515826919680711,0.0
6,854,233.60465837562424,243.79242540601308,4.774534372208603,3.564600925903113,0.0
6,855,234.09664644067266,244.16089733456465,5.065226928756353,3.804837645129064,0.0
6,856,234.61441106566258,244.53264770880878,5.2900655710407705,3.6301698397565154,0.0
6,857,235.15822638275404,244.89143885371436,5.586240770785398,3.5456530583565584,0.0
6,858,235.72215535363125,245.2459006942304,5.692338646756355,3.5435837519661746,0.0
6,859,236.2926972824887,245.60945097975764,5.718499930391328,3.727421958580601,0.0
6,860,236.8575600905774,245.9715380601972,5.578756231381252,3.5143196502104637,0.0
6,861,237.41548977435832,246.32849153930488,5.579837444233849,3.6247499319429703,0.0
6,862,237.96903897455627,246.67889386264937,5.4911465597219795,3.3832965349480624,0.0
6,863,238.51998340474302,247.01420211476193,5.527742044009862,3.322868507305113,0.0
6,864,239.06804229096224,247.3342845138261,5.433435680373918,3.078779473979713,0.0
6,865,239.60279729271156,247.6395124450505,5.261664354611373,3.025779150510461,0.0
6,866,240.13152956480462,247.95520710451638,5.312981087250559,3.2881140388089634,0.0
6,867,240.6714016557712,248.28290929001787,5.4844607320815015,3.265929671221407,0.0
6,868,241.22150563947548,248.61368506793724,5.517618942004425,3.3495858871656115,0.0
6,869,241.76822638426256,248.9575491085875,5.416795953736301,3.5276949258409935,0.0
6,870,242.3127618156077,249.3204601687935,5.473912673163063,3.7305262782821185,0.0
6,871,242.873664702631,249.6945833649745,5.744145067300835,3.751937645340762,0.0
6,872,243.4342801254984,250.06101780303743,5.468163390044904,3.5767511159180927,0.0
6,873,243.99182623339448,250.42780392914074,5.682758767875949,3.7589714061475394,0.0
6,874,244.568491006685,250.80822696172527,5.850536697934142,3.8494892455434737,0.0
6,875,245.1418248528364,251.18016509686208,5.616140225092888,3.5892734571918385,0.0
6,876,245.69153609571663,251.55298092750309,5.378084632509935,3.867043155629739,0.0
6,877,246.2260823687502,251.94660793521825,5.312840828160251,4.00549699867501,0.0
6,878,246.7482509482445,252.34435789781264,5.130530761723595,3.949502253212195,0.0
6,879,247.2519904429264,252.72867664066666,4.944259131911899,3.7368726038685125,0.0
6,880,247.75563425193172,253.11145974849273,5.128617048191099,3.9187895526538234,0.0
6,881,248.27425338241756,253.48957005699594,5.243765561523578,3.6434166174122122,0.0
6,882,248.79275994673912,253.86787203482527,5.126365724907117,3.9226229391763976,0.0
6,883,249.3105585567007,254.2477102867847,5.229606474324719,3.674142100013581,0.0
6,884,249.84483347925948,254.61070097697507,5.455891976850353,3.58567170379359,0.0
6,885,250.39381652204133,254.98065987931182,5.5237688787862815,3.813506342942828,0.0
6,886,250.9480194403427,255.36323817039715,5.560289487237629,3.838059478765416,0.0
6,887,251.5128710580509,255.74951568003166,5.736742866925233,3.8874907139276758,0.0
6,888,252.0889898532464,256.1397339346165,5.785633036982297,3.916874377770382,0.0
6,889,252.67077409284298,256.53500728708127,5.850051754945781,3.9885926715258027,0.0
6,890,253.25301322180871,256.94444679960407,5.794730824366418,4.200197578931448,0.0
6,891,253.8235032215407,257.37539169557886,5.615069170274065,4.418700340565694,0.0
6,892,254.39169185380229,257.80922799318273,5.748703474957132,4.258025611513425,0.0
6,893,254.96887848842994,258.24696951601436,5.795029217594244,4.496804845121229,0.0
6,894,255.53682063772771,258.7015882116252,5.5638137683616655,4.59556906709668,0.0
6,895,256.08042343351553,259.1624121860814,5.308242147391216,4.620910422026432,0.0
6,896,256.6173871076712,259.61639942538727,5.431031335722523,4.45883436409237,0.0
6,897,257.1723413118516,260.06831547202023,5.6680527478837135,4.579486568566562,0.0
6,898,257.74056655970685,260.5269367992746,5.6964522092210395,4.59293997652366,0.0
6,899,258.2985510145029,260.97684917699826,5.463236886696837,4.405307577949069,0.0
6,900,258.8308114130218,261.40929457630773,5.181971083679969,4.2436004082434575,0.0
6,901,259.3359994048717,261.8461791673317,4.921788753317653,4.494091412237037,0.0
6,902,259.81861419546976,262.295116163936,4.730507058643784,4.484648519849751,0.0
6,903,260.28988153505657,262.73843508525397,4.694839733091705,4.381729906510845,0.0
6,904,260.7578581234095,263.1882075749111,4.664692033964595,4.6137198866321185,0.0
6,905,261.219789780316,263.65190174626787,4.573941104163129,4.66016354050385,0.0
6,906,261.68676578965915,264.11472416639594,4.765579082701155,4.596284862057999,0.0
6,907,262.1600859435623,264.5754984962309,4.700823995361507,4.619201734643697,0.0
6,908,262.62611546284734,265.0384306072908,4.619766390336178,4.6394404865558645,0.0
6,909,263.09664253995766,265.5168941271311,4.790775151868502,4.929829910252323,0.0
6,910,263.5874178185047,265.9968925217047,5.0247304190735385,4.670137981219298,0.0
6,911,264.0930947708662,266.47358623199807,5.088808628156453,4.863736224649239,0.0
6,912,264.5983409238331,266.97102131652673,5.016114431183151,5.084965465923309,0.0
6,913,265.1116320010717,267.4826480903778,5.249707113588627,5.1475700111003455,0.0
6,914,265.65122845835367,267.99128233838064,5.542222032047587,5.025114948959022,0.0
6,915,266.20773447177817,268.4915608540641,5.5878982364390914,4.980455364711743,0.0
6,916,266.7730812918833,268.98016409687125,5.719038165660287,4.791609491432185,0.0
6,917,267.332817214608,269.447350018668,5.475680288832958,4.552108944502942,0.0
6,918,267.86584209343823,269.9016863285224,5.184817287770667,4.534617252584514,0.0
6,919,268.37288668835754,270.35923009488374,4.956074610613346,4.616258074644136,0.0
6,920,268.86745646399436,270.8287244335711,4.935320902120459,4.773628699103092,0.0
6,921,269.374103954196,271.31390906481874,5.19762890191155,4.930063925853377,0.0
6,922,269.8995138696191,271.8208731614686,5.310569406549508,5.209218007147397,0.0
6,923,270.43149881721433,272.33843031125275,5.329129545353059,5.141924988537754,0.0
6,924,270.9569692194648,272.86678213921937,5.180278499652655,5.425111570794664,0.0
6,925,271.48603839258953,273.4053353600327,5.401104962842595,5.3459528454743115,0.0
6,926,272.015818331,273.939020817322,5.194493805364566,5.32775630031122,0.0
6,927,272.5226211377401,274.46876109699883,4.941562329434795,5.267049293228297,0.0
6,928,273.02172191611066,274.99876458053427,5.0404532379739635,5.333020377479679,0.0
6,929,273.5402423631929,275.52479926584647,5.329955703668922,5.187673328764788,0.0
6,930,274.0854334199971,276.04829406059207,5.573865432414021,5.282222566149949,0.0
6,931,274.6465457837619,276.5724747412746,5.648381842880237,5.201391047502687,0.0
6,932,275.212176283055,277.08439314419365,5.664228142982619,5.036977010877061,0.0
6,933,275.76612159669435,277.5780449484496,5.414678129802841,4.836059074241389,0.0
6,934,276.2945861060268,278.04723460228274,5.154612056846748,4.547734002422006,0.0
6,935,276.8101644605872,278.5104284281458,5.156955034359182,4.716142514842934,0.0
6,936,277.3363816456322,278.99585723289124,5.367388666537032,4.99243358006605,0.0
6,937,277.87759121596537,279.4877662225756,5.456802740127348,4.845746213620325,0.0
6,938,278.4085583592396,279.970684884953,5.162540125356127,4.812627033928392,0.0
6,939,278.93634893474655,280.4461016030932,5.393271384782935,4.695707328875912,0.0
6,940,279.4631330087416,280.91718653232647,5.1424100951174765,4.725991255792625,0.0
6,941,279.9907792212591,281.3794125987208,5.410514155233809,4.5185300720953325,0.0
6,942,280.52641637006013,281.845466461564,5.302228820785832,4.802547184770521,0.0
6,943,281.05923153466006,282.3278621679808,5.354074471210488,4.845366943567354,0.0
6,944,281.5899176326184,282.8066077851511,5.259647487956542,4.729545399838427,0.0
6,945,282.12931954979376,283.2783479165164,5.528390855547713,4.705257227468069,0.0
6,946,282.66769299464136,283.7549501867793,5.239078041402188,4.82678817779062,0.0
6,947,283.18263858751857,284.22457709075616,5.059833816142039,4.565749901747621,0.0
6,948,283.68285259656477,284.66991988910877,4.94444636478007,4.341106065303787,0.0
6,949,284.17903082705834,285.09912760909015,4.979118245091282,4.24304833432724,0.0
6,950,284.6852794746417,285.52153845674366,5.145854706573097,4.205168618743729,0.0
6,951,285.19088421465085,285.927864595365,4.966240093610136,3.9213541536831134,0.0
6,952,285.69990833683255,286.3282432915412,5.214242350020374,4.086219769839397,0.0
6,953,286.23404862094503,286.74404905742176,5.4685633322264025,4.229895547771228,0.0
6,954,286.77572550495734,287.1582284556241,5.364974348020503,4.05369241627918,0.0
6,955,287.32091980012456,287.57596581394773,5.538911555324429,4.301054750195048,0.0
6,956,287.8792899775606,288.0081339036317,5.6284919933933715,4.342307043483213,0.0
6,957,288.43279966832915,288.457327478613,5.441701821978203,4.641564456142641,0.0
6,958,288.97767581114135,288.92192278665834,5.4558210342626765,4.650341704765049,0.0
6,959,289.5358787327848,289.3856736293494,5.708237398605203,4.6246751490563955,0.0
6,960,290.10855747676464,289.8361502382502,5.745337480988308,4.3848570289585,0.0
6,961,290.6681759804801,290.26709302336894,5.447032593319882,4.233998673418986,0.0
6,962,291.2141433799941,290.7019300629131,5.472315396958013,4.46274211746527,0.0
6,963,291.7732197643993,291.14947008793183,5.709212291143633,4.488058382909825,0.0
6,964,292.3355472972098,291.61082311849486,5.537338365066319,4.739002228352078,0.0
6,965,292.9033349557269,292.07360156192476,5.818414805273839,4.516566640245125,0.0
6,966,293.4745512321956,292.5148122235246,5.605910724100394,4.307646591752171,0.0
6,967,294.0295017404285,292.9359842045583,5.493099440554875,4.115793028922287,0.0
6,968,294.5698114335978,293.3503293179126,5.313094422829831,4.171109238164524,0.0
6,969,295.11374032242384,293.77802429602093,5.5654833536893165,4.3827903240044925,0.0
6,970,295.6555228650809,294.2140571647501,5.27016749945065,4.337867050580069,0.0
6,971,296.1760585947113,294.64541404607985,5.140547093156119,4.289270576017866,0.0
6,972,296.6928979748657,295.07059135285,5.196240509928579,4.2142755593846655,0.0
6,973,297.22182632572526,295.478296356971,5.382326507259926,3.939824523037613,0.0
6,974,297.7747289068525,295.86129599187507,5.675725115282372,3.7201681750473945,0.0
6,975,298.34650120223523,296.21927395865737,5.759720792373468,3.4393911605976744,0.0
6,976,298.9306053967473,296.576452933454,5.922363097865475,3.7041883353370384,0.0
6,977,299.5101052811576,296.9493835156909,5.667634590340693,3.7544233094018917,0.0
6,978,300.0721212260896,297.3389354464862,5.572684308298385,4.036615306505578,0.0
6,979,300.6255286106268,297.7415244766769,5.4954633824462675,4.015165297308627,0.0
6,980,301.1713075447815,298.1350911224863,5.420115300645772,3.85616761888193,0.0
6,981,301.6994416282769,298.52501413794175,5.142566369262472,3.9422926902266244,0.0
6,982,302.2009312568707,298.909975655637,4.887226202612446,3.756937663679981,0.0
6,983,302.69427634845533,299.28907608370946,4.979675629080443,3.8250708977698515,0.0
6,984,303.19467658719395,299.6734841339153,5.0283291456888115,3.8630901063491923,0.0
6,985,303.71078464556626,300.05658963388055,5.293832021754572,3.799019892959315,0.0
6,986,304.2509149560583,300.43856206865667,5.508774188086306,3.840428802566217,0.0
6,987,304.7909859740139,300.81226093303644,5.292646171022966,3.6335484850294257,0.0
6,988,305.31146977767594,301.17584378476727,5.117029902215936,3.638108549589786,0.0
6,989,305.81235512501485,301.54722171886874,4.900677044560979,3.789450132441347,0.0
6,990,306.31552047777177,301.92653290223734,5.162630010575352,3.796773534933818,0.0
6,991,306.8377443555148,302.2926322784631,5.281847544282648,3.5252139895811503,0.0
6,992,307.35716519116386,302.64778626260636,5.106569168697053,3.5778656932868778,0.0
6,993,307.85890032750035,303.01383623570086,4.92813355803073,3.743133768604812,0.0
6,994,308.36151539789216,303.39521583816554,5.124167849804113,3.8844582806902075,0.0
6,995,308.876327300944,303.7890108314309,5.172070211233557,3.991441584616533,0.0
6,996,309.40798597965863,304.19414963766644,5.4611033630575605,4.111334540095864,0.0
6,997,309.94803793847314,304.60513150806605,5.339935813230543,4.1083028678975175,0.0
6,998,310.4827454351598,305.0226633610812,5.3542141205027995,4.242334192406311,0.0
6,999,311.0290800691937,305.4346126544922,5.572478560174154,3.996651675814938,0.0
6,1000,311.60092319544856,305.82896778183044,5.8643839649225065,3.8904508709506054,0.0
7,0,43.50532117186784,21.75266058593392,0.0,0.0,0.0
7,1,43.493087078264345,21.78210437449144,-0.24468187207001257,0.5888757711503931,3.0
7,2,43.45235012684657,21.849547848528573,-0.5700571562855394,0.7599937095922975,3.0
7,3,43.37891574442381,21.93103746874445,-0.8986304921696231,0.8697986947252243,3.0
7,4,43.25956052380065,22.036003091621605,-1.4884739202934814,1.2295137628178274,3.0
7,5,43.10701129826934,22.17544977294534,-1.5625105903328205,1.5594198636568386,3.0
7,6,42.93322135151927,22.343098736424224,-1.9132883446684819,1.793559405920897,3.0
7,7,42.731447342588226,22.544295301345077,-2.1221918339524493,2.2303718924961338,3.0
7,8,42.51271646612831,22.795004260638265,-2.2524256952458686,2.7838072933676,3.0
7,9,42.260761335107304,23.09338423242297,-2.7866769251742056,3.1837921423265563,3.0
7,10,41.960087884647535,23.418235549892486,-3.2267920840211826,3.3132342070637257,3.0
7,11,41.62833060237196,23.77686124387041,-3.408353561490257,3.85927967249477,3.0
7,12,41.2871888963048,24.18136574433143,-3.414480559853141,4.23081033672562,3.0
7,13,40.95980205228122,24.592957278530193,-3.1332563206183917,4.001020347249677,0.0
7,14,40.65319335108241,24.99177074116745,-2.998917703357863,3.975248905495407,0.0
7,15,40.340545766039604,25.37936887411751,-3.2540339974980874,3.7767137535058453,0.0
7,16,40.020008824797316,25.771266069742556,-3.1567048273476797,4.061230158994999,0.0
7,17,39.70272647288722,26.178174764820177,-3.1889422108541723,4.076943742557443,0.0
7,18,39.38332319635441,26.596011006212063,-3.199123319802128,4.279781085280243,0.0
7,19,39.07503346909028,27.0170989426738,-2.966671225480363,4.14197764395457,0.0
7,20,38.78062987382968,27.427308894484447,-2.921400679731672,4.062221392258358,0.0
7,21,38.49739551727545,27.843045508765172,-2.7432864513530237,4.2525108933560904,0.0
7,22,38.21754430031994,28.259897106746475,-2.853737887756905,4.084521066269968,0.0
7,23,37.942757907951254,28.666051739159307,-2.641989959616856,4.0385715819866785,0.0
7,24,37.679901121858705,29.067030892148455,-2.6151457622342296,3.981011477796301,0.0
7,25,37.41665641794373,29.45636278497692,-2.6497483160651694,3.8056263787730007,0.0
7,26,37.15681670428327,29.832222719728655,-2.5470459571437747,3.7115723162616057,0.0
7,27,36.88863228241371,30.191141092710897,-2.816642480247376,3.4667951433831323,0.0
7,28,36.5930205875287,30.536050172977824,-3.095591417452628,3.431386461955313,0.0
7,29,36.276789320811844,30.888615360458836,-3.229033916884527,3.619917287664876,0.0
7,30,35.95472782966682,31.261378396983915,-3.212195906015692,3.8353434428366313,0.0
7,31,35.6329783456751,31.64916605457227,-3.222793773818726,3.9204097089303627,0.0
7,32,35.32549399720173,32.03061803776918,-2.926893195648452,3.7086299550077797,0.0
7,33,35.02274397582312,32.391768430345124,-3.128107231923865,3.51437789651108,0.0
7,34,34.69750935523393,32.7579128993083,-3.3765851798597346,3.8085114827523654,0.0
7,35,34.36845745738927,33.12900936174882,-3.2044527770333833,3.6134177660579194,0.0
7,36,34.04123080011905,33.48246328643268,-3.3400803683709412,3.455660727619305,0.0
7,37,33.71338652480584,33.82871358054258,-3.216805137893143,3.4693451545786633,0.0
7,38,33.39905649586571,34.17771468789468,-3.0697954409094237,3.5106769924630097,0.0
7,39,33.100001209692834,34.52106864686148,-2.911310282547925,3.3564021868730354,0.0
7,40,32.81231246101119,34.858069938264386,-2.842464691084791,3.383623641185002,0.0
7,41,32.52885153232985,35.205832642888986,-2.8267538825417873,3.571630451306932,0.0
7,42,32.250126564907276,35.55188859689464,-2.7477454659096434,3.3494886288061174,0.0
7,43,31.963353616853723,35.88888497428641,-2.98771349516122,3.3904389190292257,0.0
7,44,31.65720546907764,36.242700353965745,-3.1352494603603613,3.6858686745573284,0.0
7,45,31.3478011492532,36.6126979791718,-3.052836936128214,3.7140838295637515,0.0
7,46,31.03704124103345,36.97634694503633,-3.1623612282665974,3.5588954877267636,0.0
7,47,30.734984174300237,37.32316938263256,-2.8787801063974516,3.377553264197539,0.0
7,48,30.476778726655553,37.62341049012196,-2.285328846496313,2.627268885590672,-5.0
7,49,30.239226043337823,37.871360184361066,-2.465724819858103,2.3317249991912643,0.0
7,50,29.985429625884095,38.110758975208874,-2.6102035292161982,2.4562508177647597,0.0
7,51,29.743546719322637,38.33622372540003,-2.227454602012914,2.0530441860584787,-5.0
7,52,29.555708795595166,38.50850490050345,-1.5293038725363903,1.392579316009785,-5.0
7,53,29.424546110147418,38.63760124633733,-1.0939498364183233,1.1893476006677268,-5.0
7,54,29.317457119015543,38.76247935840995,-1.0478299862192575,1.3082146407844952,0.0
7,55,29.205412135396685,38.895648269442226,-1.193069686157921,1.3551635798610153,0.0
7,56,29.093657659328827,39.04263109751444,-1.0420198351993388,1.584492981583157,0.0
7,57,29.009532794204375,39.163817654797704,-0.6404774672896618,0.8392381640822624,-5.0
7,58,28.984142395926654,39.214900155314105,0.13266950173512093,0.18241184624573137,-5.0
7,59,28.98750236410588,39.22020985395938,-0.06547013815050562,-0.0762178733402532,0.0
7,60,28.986719888980645,39.198354325849145,0.049820635645907885,-0.360892688864638,0.0
7,61,29.00623725873369,39.176458793917234,0.34052675941504873,-0.077017949773726,0.0
7,62,29.030253474032506,39.15938753869416,0.13979754656144117,-0.26440715468790543,0.0
7,63,29.050137493936816,39.13900928207854,0.2578828515248013,-0.1431579776246661,0.0
7,64,29.066836432271984,39.13410037207703,0.07609591517875103,0.04497977759436367,0.0
7,65,29.072526440197578,39.153045561473775,0.03770424333320399,0.3339240103403558,0.0
7,66,29.085690355595688,39.19518506775525,0.22557406462909668,0.5088661152889866,0.0
7,67,29.120175688965602,39.25769157238162,0.46413260276940704,0.7412639772383347,0.0
7,68,29.16638506460957,39.34582510372338,0.46005491011014676,1.0214066495967344,0.0
7,69,29.21936309781792,39.44545690906825,0.5995057540570699,0.9712294573005167,0.0
7,70,29.28340848837911,39.55429275175811,0.6814020571669115,1.205487396496606,0.0
7,71,29.358288980465773,39.66789217549721,0.8162077845664459,1.0665010782851443,0.0
7,72,29.454292601760713,39.77174329355067,1.1038646413324162,1.0105212827840067,0.0
7,73,29.55329642682119,39.859425622139305,0.8762118598773903,0.743125288988594,0.0
7,74,29.654844286101422,39.9455177670755,1.1547453257273865,0.9787176097351349,0.0
7,75,29.755872810071722,40.046184585035284,0.865825153678637,1.0346187494603978,0.0
7,76,29.84315344409393,40.15857743050261,0.8797875267655719,1.213238159886041,0.0
7,77,29.919854327754052,40.2727536212982,0.6542301464370919,1.0702856560256002,0.0
7,78,29.993279926085492,40.389409651179264,0.814281820191681,1.262834941595493,0.0
7,79,30.068842129487194,40.503829115108104,0.6969622478423148,1.025554336981239,0.0
7,80,30.150757097102613,40.60961287494221,0.9413371044661734,1.0901208597006598,0.0
7,81,30.23736403694295,40.731891446838134,0.7908016923409118,1.3554505782177486,0.0
7,82,30.310101590850778,40.86679663060947,0.663949385815739,1.3426530972089044,0.0
7,83,30.372271753318955,41.001772771807154,0.5794538635479327,1.3568697267445273,0.0
7,84,30.436205530673035,41.13905868793894,0.6992216835337608,1.3888485958910497,0.0
7,85,30.494213648305163,41.278689222854865,0.4609406691086697,1.4037621024272688,0.0
7,86,30.532149133526545,41.40816763435602,0.2977690353189093,1.1858061275955816,0.0
7,87,30.56495514728553,41.53147648985997,0.3583512398612019,1.2803709824832197,0.0
7,88,30.60161475947031,41.653858560282046,0.3748410038347405,1.1672704259582467,0.0
7,89,30.64279636229753,41.768572073872704,0.44879105270966413,1.1269998458548933,0.0
7,90,30.679495764485992,41.894200330835645,0.285196991059939,1.385565293403916,0.0
7,91,30.734136374243178,42.01349041163809,0.8076152040837901,1.0002363226450548,-5.0
7,92,30.834148343734938,42.09838405094152,1.192624185751738,0.6976364634236045,-5.0
7,93,30.953143994964364,42.16474242007028,1.1872888388365812,0.6295309191516267,0.0
7,94,31.075670881844644,42.21419705634456,1.2632488987691222,0.3595618063339163,0.0
7,95,31.21066207913219,42.26088898329016,1.4365750469815097,0.5742767325780829,0.0
7,96,31.36765549636425,42.314750690215675,1.7032932976597799,0.5029574059323121,0.0
7,97,31.55134089307026,42.35005141939031,1.9704146364605375,0.2030571775605008,0.0
7,98,31.750731523964873,42.365883574299744,2.017397981431703,0.1135859206283314,0.0
7,99,31.939723896414307,42.37537454642667,1.7624494675569835,0.07623352191029298,0.0
7,100,32.124728221583325,42.37133353048762,1.9376370358231298,-0.1570538406913755,0.0
7,101,32.30683398240777,42.36068441283595,1.7044781806659213,-0.05592851234202456,0.0
7,102,32.47668119780553,42.35246213080957,1.6924661272893307,-0.10851712818554304,0.0
7,103,32.64019425333859,42.35482084605012,1.5777949833719962,0.1556914329966581,0.0
7,104,32.801107919337085,42.36049665738423,1.6404783365979725,-0.042175206314254865,0.0
7,105,32.96569521686155,42.34618386593901,1.6512676138914077,-0.24408062259014507,0.0
7,106,33.12175182469588,42.31302791919585,1.469864542794916,-0.41903831227311095,0.0
7,107,33.26014386265979,42.28353519310174,1.2979762164831126,-0.17081620960899357,0.0
7,108,33.39279549503067,42.25308480280309,1.3550564309342086,-0.4381915963641081,0.0
7,109,33.51598184822342,42.211587218902395,1.1086706329206972,-0.3917600816495703,0.0
7,110,33.641562342463686,42.1632127410094,1.4029392518847725,-0.5757294762102205,0.0
7,111,33.79641919139158,42.10517280014386,1.694197726672824,-0.5850693411004588,0.0
7,112,33.978360177717576,42.0403377628631,1.9446219998471985,-0.7116314045146268,0.0
7,113,34.161495821402184,41.9601512582292,1.7180908738451812,-0.8920986881634523,0.0
7,114,34.33177104492606,41.85965586186977,1.6874135966321706,-1.117809239025254,0.0
7,115,34.49478191410071,41.73754523970959,1.5728037868607512,-1.3244032041783473,0.0
7,116,34.6524603527009,41.61532227633984,1.5807649851430874,-1.1200560632165377,0.0
7,117,34.8076055742053,41.49918239621019,1.5221394449445746,-1.2027415393763476,0.0
7,118,34.94876849945888,41.36952946055095,1.3011190601269806,-1.3903171738083628,0.0
7,119,35.07512157545165,41.24294053427958,1.2259424597283388,-1.1414613516190713,0.0
7,120,35.19350530154156,41.13066250951728,1.1417320620699787,-1.1040991436270726,0.0
7,121,35.312676809800905,41.006329209003155,1.241698103116983,-1.3825668666552708,0.0
7,122,35.44618075470683,40.8641028724884,1.4283807950014165,-1.46195986363983,0.0
7,123,35.59812402857008,40.7172982839885,1.6104846822635608,-1.4741319063582754,0.0
7,124,35.753353874366326,40.571293130184216,1.4941122336611432,-1.445971169727386,0.0
7,125,35.896334915515524,40.430860653905384,1.3655085893226602,-1.3626783558490931,0.0
7,126,36.035567683651806,40.291466151526805,1.4191467734028205,-1.4252116917224082,0.0
7,127,36.16252066090675,40.14034522875616,1.1199127716962227,-1.5972067636903855,0.0
7,128,36.28362530029716,39.981895381548014,1.3021800161117127,-1.5717901804725436,0.0
7,129,36.41973494267478,39.81409821679725,1.4200128314407277,-1.7841531145427556,0.0
7,130,36.57233645285547,39.64795472493438,1.6320173721731468,-1.538716722714522,0.0
7,131,36.72857037425439,39.50900960245045,1.4926610558050246,-1.2401857269642136,0.0
7,132,36.86311940556618,39.39784225026288,1.1983195704306286,-0.9831613167869993,0.0
7,133,36.97451772403326,39.304742564422995,1.0296467989112212,-0.878832400010845,0.0
7,134,37.071654734076844,39.21496118330549,0.9130934019604187,-0.9167952223391911,0.0
7,135,37.15977333867559,39.112147686015774,0.8492786900147582,-1.1394747234551783,0.0
7,136,37.251842003903505,38.99951026318372,0.992094614543328,-1.1132737331858156,0.0
7,137,37.342415305456,38.89786440419246,0.8193714165067423,-0.9196434466393573,0.0
7,138,37.434794360551564,38.81191470338037,1.0282096854046365,-0.7993505696024847,0.0
7,139,37.5489948313226,38.72152305080982,1.255799730016042,-1.008482481808528,0.0
7,140,37.674305670058345,38.60933436305355,1.250417044698649,-1.2352912733168466,0.0
7,141,37.78760363480359,38.470918256880324,1.0155422502064013,-1.5330308501477052,0.0
7,142,37.8801536380947,38.314703018667785,0.8354578156157633,-1.591273914102894,0.0
7,143,37.95041964462885,38.14342107791441,0.5698623150674464,-1.8343649009648164,0.0
7,144,37.99305618143947,37.95113565949242,0.2828684211449026,-2.011343467474747,0.0
7,145,38.027681242494396,37.746693137932965,0.4096327999533038,-2.0775069637143186,0.0
7,146,38.068145825939325,37.541300916609345,0.3996588689453553,-2.0303374627579522,0.0
7,147,38.10444574801474,37.32774559020376,0.32633957256271096,-2.240769065353531,0.0
7,148,38.146643770915006,37.11390185915835,0.5176208854428115,-2.0361055555545953,0.0
7,149,38.18954292262882,36.925044919172365,0.34036214883343163,-1.7410332441648535,0.0
7,150,38.225076300643934,36.7428646405688,0.37030541146886975,-1.9025723279066362,0.0
7,151,38.2655050662556,36.54493871191974,0.43826990076449057,-2.055946245074473,0.0
7,152,38.29775164571129,36.35358256395713,0.20666168834901022,-1.7711767141775372,0.0
7,153,38.30514016649502,36.17631917391273,-0.05889127267451677,-1.7740910867102837,0.0
7,154,38.28599851844672,36.01023847859824,-0.3239416882914501,-1.5475228195794077,0.0
7,155,38.26048628209918,35.85885476564499,-0.18630303865943,-1.4801514394856206,0.0
7,156,38.234529259411886,35.71533394223542,-0.33283741508642173,-1.3902650287057003,0.0
7,157,38.19845762905314,35.572671708983734,-0.38859519208835636,-1.46297963632815,0.0
7,158,38.14926657069623,35.41316683770705,-0.5952259750498001,-1.7271177892052467,0.0
7,159,38.07540936888404,35.22663702010993,-0.8819180611941118,-2.003478562737186,0.0
7,160,37.98681322059002,35.03580037694627,-0.8900049046862808,-1.8132543005361654,0.0
7,161,37.8832372534271,34.85034754913863,-1.1815144385722434,-1.8958022556165712,0.0
7,162,37.77436361743284,34.653458427728,-0.9959582813130226,-2.0419801725958457,0.0
7,163,37.674813009599745,34.44700276803522,-0.9950538753491376,-2.087133021259687,0.0
7,164,37.564982940875694,34.23112751190425,-1.2015474991320207,-2.230372101359942,0.0
7,165,37.45862009680903,34.01236423311653,-0.9257093822011626,-2.144893474394154,0.0
7,166,37.3756686998922,33.788166902286775,-0.7333185561351314,-2.3390531422010117,0.0
7,167,37.309609231094726,33.56143929198123,-0.5878708198142331,-2.195499063909823,0.0
7,168,37.26036615346095,33.35452418171451,-0.39699073286127273,-1.9428031414246671,0.0
7,169,37.225498275989025,33.164359339823875,-0.3003668165771405,-1.860493696387758,0.0
7,170,37.205662311794384,32.98200540312095,-0.0963524673159668,-1.78658503767058,0.0
7,171,37.2090032337274,32.81755016367589,0.16317090597625672,-1.5025197512303325,0.0
7,172,37.22805265762378,32.66752014813656,0.2178175719514357,-1.4980805595561417,0.0
7,173,37.238249526360164,32.52694157031806,-0.013880197223489432,-1.3134909968138224,0.0
7,174,37.25091676913394,32.394918084305516,0.26722505269893126,-1.3269787234368948,0.0
7,175,37.26598387249979,32.25223414183998,0.034117014617947916,-1.5267001258737842,0.0
7,176,37.25723001999705,32.11140913489234,-0.20919406467292134,-1.2898000130791516,0.0
7,177,37.23171910704778,31.97425686110347,-0.3010241943127454,-1.4532454626981401,0.0
7,178,37.199842005990206,31.83618357860243,-0.3365178268390423,-1.30822018732235,0.0
7,179,37.15170594833083,31.718288041858273,-0.6262033263487279,-1.0496905475607843,0.0
7,180,37.07617686813657,31.600099239196055,-0.8843782775362214,-1.314085505683444,0.0
7,181,36.99157477143305,31.480977087628276,-0.8076636565339754,-1.0683575256719333,0.0
7,182,36.89626355018257,31.38114459444256,-1.0985607684759042,-0.9282923380423451,0.0
7,183,36.792382589424705,31.29933441131959,-0.9790584466813694,-0.707911324417223,0.0
7,184,36.70833417918212,31.22443462468931,-0.7019097581701619,-0.7900844081886547,0.0
7,185,36.6397527057031,31.138418462219022,-0.6697197114098987,-0.9302388412169122,0.0
7,186,36.57403146309986,31.05996229882757,-0.6447051406549438,-0.6388844266121545,0.0
7,187,36.5179555492748,30.9962668315236,-0.4768131358464256,-0.63502491946738,0.0
7,188,36.464815566874734,30.943023670627042,-0.5859865121547791,-0.42983829846363797,0.0
7,189,36.42043050214403,30.8889476577221,-0.3017147824592481,-0.6516819596354413,0.0
7,190,36.37954085998183,30.80996896074427,-0.5160780607849667,-0.9278919799209007,0.0
7,191,36.31418715901887,30.71662258873937,-0.7909959584741504,-0.939035460177335,0.0
7,192,36.2457155388409,30.628665799186308,-0.5784364450854671,-0.8201003308839621,0.0
7,193,36.17434184879656,30.546076382184623,-0.8490373558014568,-0.831688009149687,0.0
7,194,36.074770829155426,30.46384274859966,-1.1423830370211672,-0.8129846625496828,0.0
7,195,35.961593253128314,30.369141357417362,-1.1211684835213305,-1.0810431610963036,0.0
7,196,35.849072333455325,30.263127330297408,-1.1292499099389044,-1.0392373813030247,0.0
7,197,35.742458560347075,30.147861379004723,-1.003025552226628,-1.2660816445505834,0.0
7,198,35.64220806551273,30.028007542127426,-1.0019843444603307,-1.1309950929955779,0.0
7,199,35.5542660790789,29.92117585222536,-0.7568553842167383,-1.0056387050458415,0.0
7,200,35.48606877168854,29.82444566977017,-0.6070907635904863,-0.9289649440577961,0.0
7,201,35.42487234934384,29.732355972930065,-0.616837683303384,-0.9128289927442257,0.0
7,202,35.3749865328069,29.63647750083922,-0.38087864743539157,-1.0047404490727967,0.0
7,203,35.328089977265904,29.537847834715734,-0.5570524633843466,-0.9678528733971312,0.0
7,204,35.27501940064755,29.44981552842782,-0.5043590689829909,-0.7927932523608838,0.0
7,205,35.214650975378675,29.381416834546997,-0.7030094363942041,-0.5751806252558271,0.0
7,206,35.13717243334659,29.33259049172912,-0.8465614042474296,-0.4013462311014333,0.0
7,207,35.0484208355756,29.29991861502532,-0.9284705511727882,-0.252091302974792,0.0
7,208,34.949334720423934,29.287886144420696,-1.0532517518608824,0.011441890882526451,0.0
7,209,34.85173442800027,29.301375041924075,-0.8987540966121745,0.25833605918537295,0.0
7,210,34.76427773102151,29.319644964360805,-0.8503798429633225,0.10706238954939451,0.0
7,211,34.68531340772034,29.315934555522375,-0.7289066230604959,-0.18127056631779936,0.0
7,212,34.61300471331438,29.30630283077167,-0.7172672650585632,-0.011363928696306758,0.0
7,213,34.531016152922405,29.300414143886883,-0.9225039427805637,-0.10640980899958485,0.0
7,214,34.44311420009714,29.30005578447677,-0.8355351137245783,0.0992426207975754,0.0
7,215,34.36584305617856,29.298014531018225,-0.709887764646524,-0.1400676899683564,0.0
7,216,34.30310993579778,29.296072200628004,-0.5447746429695624,0.10122108216407,0.0
7,217,34.24991985842041,29.311964299651436,-0.5190269045782525,0.21662089830465803,0.0
7,218,34.206987156852136,29.32767954892293,-0.339627126787871,0.09768408712531773,0.0
7,219,34.17801346835648,29.334686555268235,-0.23984664312492043,0.04245603978058554,0.0
7,220,34.16900535101772,29.345708177884035,0.05968429634959094,0.17797641253523722,0.0
7,221,34.16155590661532,29.35357751697549,-0.20867318439737836,-0.020589630706245643,0.0
7,222,34.12952027794793,29.361794102298433,-0.43203938895042704,0.18492133716497783,0.0
7,223,34.09286822540207,29.379838931522215,-0.30100166196683276,0.1759752473108378,0.0
7,224,34.06750830480743,29.388788106326984,-0.20619674992619963,0.0030082487845692896,0.0
7,225,34.05916532037344,29.374471648381558,0.039337061246794036,-0.2893374076931927,0.0
7,226,34.059896223514244,29.34089415405498,-0.02471899843033043,-0.38221247883858567,0.0
7,227,34.0438992541055,29.308693896620923,-0.2952203897445145,-0.2617926698424391,0.0
7,228,34.00231586714287,29.288193895201914,-0.5364473495078812,-0.14820735853767886,0.0
7,229,33.939994807636424,29.280921675609875,-0.7099738406207319,0.0027629666966859645,0.0
7,230,33.85547757682943,29.274899125105037,-0.9803707755193383,-0.12321397679344415,0.0
7,231,33.75716316739232,29.27336370271783,-0.9859174132223671,0.09250552904956955,0.0
7,232,33.64434967898899,29.27283913621693,-1.270352354844304,-0.10299685906821843,0.0
7,233,33.50411960951544,29.26860208532463,-1.5342490346263542,0.018255841221856528,0.0
7,234,33.35943642688602,29.277209277282225,-1.3594146179618658,0.1538879979293828,0.0
7,235,33.23843540467283,29.306647765146465,-1.060605826301499,0.43488175935491746,0.0
7,236,33.138121747372395,29.349703080004787,-0.945667319707038,0.4262245378107412,0.0
7,237,33.05082862300736,29.394323497075646,-0.8001951675927366,0.4661838036057109,0.0
7,238,32.96157590853113,29.428381917606828,-0.9848591219312279,0.21498460701720745,0.0
7,239,32.85686884129228,29.437140686740122,-1.109282222844806,-0.039809224351788686,0.0
7,240,32.73479294180265,29.43553796117874,-1.3322357669467273,0.007754713123594215,0.0
7,241,32.59718959452738,29.443704056949088,-1.4198311785586828,0.1555672022830148,0.0
7,242,32.46636184260217,29.472228559018703,-1.1967238599453776,0.41492283910884886,0.0
7,243,32.35547179404341,29.515080541889148,-1.0210771112289372,0.442116818299354,0.0
7,244,32.24786174606112,29.55305441904173,-1.131123848416303,0.31736072475183796,0.0
7,245,32.12297508103683,29.599300430148134,-1.366609452069289,0.6075594973758722,0.0
7,246,31.984814795508328,29.66219816811477,-1.396596258500157,0.6503952619562572,0.0
7,247,31.838944761081905,29.716034370719882,-1.5208044300274004,0.4263287901451953,0.0
7,248,31.671879045910657,29.754388242357493,-1.8205098733969312,0.34074864260662885,0.0
7,249,31.483491678673488,29.77896206302671,-1.9472374713461953,0.15072777077715216,0.0
7,250,31.276822599309924,29.79836597641298,-2.1861441159245354,0.23735049694796828,0.0
7,251,31.06002074113485,29.811593203286407,-2.149893047576187,0.027194040519908924,0.0
7,252,30.842804955213182,29.81672481672919,-2.194422670856956,0.07543822833554259,0.0
7,253,30.60917317377033,29.81790717214571,-2.478212957999414,-0.0517911200059995,0.0
7,254,30.34975020569118,29.81246848346308,-2.7102464035831755,-0.05698265364695487,0.0
7,255,30.075737975703873,29.81590447414652,-2.7699981961624136,0.12570246731548274,0.0
7,256,29.788944381599947,29.83460828939201,-2.965873685915227,0.2483738375937552,0.0
7,257,29.484973397466035,29.864547466278424,-3.1135459967624275,0.35040970013393746,0.0
7,258,29.174293158652233,29.902589001815016,-3.1000587795136507,0.41042101059736424,0.0
7,259,28.875364199238334,29.951217456645452,-2.8785204087636806,0.5621480860109429,0.0
7,260,28.581244283510955,29.99938600749789,-3.003877905783714,0.40122293103717155,0.0
7,261,28.274382209250405,30.03115101842502,-3.1333635794268586,0.23407728750491152,0.0
7,262,27.97487618689877,30.064798259522092,-2.8567568676055624,0.43886753443558035,0.0
7,263,27.695833786699552,30.117620327869076,-2.724091136378016,0.6175738325038331,0.0
7,264,27.43400006481528,30.170472179146543,-2.512583301307382,0.4394631930444337,0.0
7,265,27.191239267086473,30.21554694931558,-2.3426326532677217,0.46203221033601416,0.0
7,266,26.943985996338483,30.24721347762926,-2.6024327616913583,0.17129835593710752,0.0
7,267,26.69763037822844,30.264426216375455,-2.3246796005084533,0.17295641898618896,0.0
7,268,26.452326728528533,30.273822234256443,-2.5813933934896207,0.014963938633540508,0.0
7,269,26.192367425239013,30.288166318467233,-2.6177926723007188,0.2719177455820603,0.0
7,270,25.933754694903257,30.306595597702938,-2.554461934413646,0.09666783913198351,0.0
7,271,25.68175554991717,30.329425580799352,-2.485520965307753,0.35993182279605307,0.0
7,272,25.419598215219423,30.360479229828456,-2.757625728646813,0.2611411577851648,0.0
7,273,25.15838892507321,30.38352654715726,-2.466560074276849,0.1998051887901653,0.0
7,274,24.917008678193554,30.403871036272733,-2.36104486331591,0.2070845935188803,0.0
7,275,24.69368264180963,30.420543687076872,-2.105475864362335,0.12636842256325131,0.0
7,276,24.468479467114378,30.442619394273095,-2.3985876295421837,0.3151457213601052,0.0
7,277,24.224064336212336,30.484512347000646,-2.489714988498095,0.52271333319079,0.0
7,278,23.971569993628975,30.544746596978086,-2.560171863168163,0.6819716663572457,0.0
7,279,23.710711740387865,30.60312693682664,-2.656993201653579,0.48563513061327157,0.0
7,280,23.449614734486374,30.651524590106078,-2.564946916375373,0.48231793497467024,0.0
7,281,23.188280526698463,30.6958407359931,-2.6617372393828527,0.4040049827656418,0.0
7,282,22.93579834485041,30.749210340754814,-2.3879063975776695,0.6633871124679871,0.0
7,283,22.695251725697915,30.80284190156999,-2.423025985471366,0.4092441038352721,0.0
7,284,22.459638182433366,30.84159620493756,-2.2892448798188445,0.3658419635153951,0.0
7,285,22.23599834782732,30.865646946038396,-2.1835518123010162,0.11517285850040793,0.0
7,286,22.006272185470436,30.870140568659508,-2.4109714348364832,-0.02530040607848072,0.0
7,287,21.75886193142162,30.861814179446526,-2.537233646139729,-0.14122737818190423,0.0
7,288,21.511037623895845,30.857067650105193,-2.419252504374896,0.04629679135499387,0.0
7,289,21.25878471757801,30.868505494504973,-2.6258056219812884,0.18246009664023255,0.0
7,290,21.00872211764323,30.85485629955349,-2.375446376714386,-0.455443995669226,-5.0
7,291,20.80904587295072,30.794684080404124,-1.6180785171364054,-0.7480003873175693,-5.0
7,292,20.66021568728837,30.719178791133913,-1.3585251961105396,-0.762105398087007,0.0
7,293,20.51976137483757,30.634659045500086,-1.4505610529053454,-0.9282895145897783,0.0
7,294,20.367841648089495,30.53127654393171,-1.5878334820563174,-1.139360516777371,0.0
7,295,20.208213245549757,30.43005740010142,-1.604734568738194,-0.8850223598286231,0.0
7,296,20.056893796840257,30.334597763900717,-1.421654405451748,-1.0241703641859363,0.0
7,297,19.92208924396681,30.217492989167397,-1.2744366520176156,-1.3179251304805195,0.0
7,298,19.789845110806368,30.097348883727534,-1.3704460111914676,-1.08495697831626,0.0
7,299,19.665153084469125,30.00287419593286,-1.1233945155537572,-0.804536777577173,0.0
7,300,19.5585971005832,29.92340313269142,-1.007725162164851,-0.7848844872517269,0.0
7,301,19.47041775654077,29.834042304369746,-0.7558617186839456,-1.0023320791821604,0.0
7,302,19.399140871592635,29.73070972758802,-0.6696759802785497,-1.0643194564522798,0.0
7,303,19.321749239551934,29.634465844794818,-0.8781566605356979,-0.8605581994114821,0.0
7,304,19.222073504453874,29.55082647764374,-1.1153580414252282,-0.8122291436097786,0.0
7,305,19.109680755835257,29.460011872447637,-1.1324969309469894,-1.0040629603123765,0.0
7,306,19.00519386178871,29.357873783706964,-0.9572409499840813,-1.038698814501167,0.0
7,307,18.917550093699106,29.24633108308916,-0.795634411807546,-1.1921551978552571,0.0
7,308,18.831246649940226,29.126472997180826,-0.9304344633694281,-1.2050065203115228,0.0
7,309,18.752728463726385,29.0202098887533,-0.6399292609078362,-0.9202556482392019,0.0
7,310,18.686410547891683,28.930046352073077,-0.6864290557860393,-0.8830150853652565,0.0
7,311,18.626660526648493,28.849403027293533,-0.5085713690782274,-0.7298514102252902,0.0
7,312,18.56707358908909,28.774152547635993,-0.6831673821101081,-0.7751581829256438,0.0
7,313,18.49408206201292,28.697399307403998,-0.7766631594132996,-0.7599066217141992,0.0
7,314,18.407629277423837,28.613307928114523,-0.9523925323681173,-0.9219209640757278,0.0
7,315,18.308401892497045,28.512827799485706,-1.032155166167895,-1.0876816085006364,0.0
7,316,18.215718014824915,28.399698637809138,-0.821522387274392,-1.174901625030433,0.0
7,317,18.132897440798672,28.288967297792624,-0.8348890932504389,-1.0397251753002035,0.0
7,318,18.063999459127956,28.1927220350139,-0.5430705401633578,-0.8851800802742709,0.0
7,319,18.005718482023156,28.112445972602472,-0.6225490019329207,-0.7203411679549294,0.0
7,320,17.950581262084597,28.027783971264398,-0.48019539683837564,-0.9728988588068148,0.0
7,321,17.891773736035816,27.931613786622677,-0.6959551241367556,-0.9505048340273543,0.0
7,322,17.82318254671941,27.837607284527508,-0.6758686621908687,-0.9296252078763718,0.0
7,323,17.76986340638797,27.737675213693592,-0.39051414443762766,-1.0690162088015285,0.0
7,324,17.733998101179452,27.620882498779054,-0.32679195973256014,-1.2668380894895055,0.0
7,325,17.714602103606296,27.494857208899646,-0.06112799173084582,-1.2536677080990088,0.0
7,326,17.69755883371647,27.371251226021002,-0.27973740606527286,-1.2184519494741597,0.0
7,327,17.671312834007324,27.235951790245792,-0.24518258811769478,-1.4875367660298444,0.0
7,328,17.643073730098536,27.098396550785935,-0.3195994900582626,-1.263568023167041,0.0
7,329,17.60903808954322,26.97744091139134,-0.36111332104825244,-1.1555447647246826,0.0
7,330,17.565122529279108,26.860733181188607,-0.5171978842338412,-1.178609839330413,0.0
7,331,17.513872300254548,26.732890091099136,-0.5078066962571626,-1.378251962459144,0.0
7,332,17.466362149544295,26.588535093503424,-0.4423963179473791,-1.5088479894546918,0.0
7,333,17.428963844331008,26.44908279254969,-0.3055697863186797,-1.280198029619827,0.0
7,334,17.408253565605833,26.312617216451883,-0.10863578818419306,-1.4491134923362043,0.0
7,335,17.386785192024604,26.177787709235872,-0.32073168344028247,-1.247476651984563,0.0
7,336,17.353551907691156,26.052592977041797,-0.34393400322817236,-1.2564179918975409,0.0
7,337,17.309809032070802,25.933244048183326,-0.5309235091787698,-1.1305605852714962,0.0
7,338,17.242031741656092,25.813924074609474,-0.8246222991148766,-1.2558388862057033,0.0
7,339,17.152689546623833,25.6984564812214,-0.9622216015299223,-1.0535129815558264,0.0
7,340,17.06627864589217,25.605887780263913,-0.7659964131037942,-0.7978610375941191,0.0
7,341,16.9773268471734,25.525417412685783,-1.0130395612716754,-0.8115463139687247,0.0
7,342,16.869242222970456,25.436255139020886,-1.14865292278704,-0.9716991593293685,0.0
7,343,16.762187198029096,25.35107225915607,-0.9924475760398082,-0.7319584379672346,0.0
7,344,16.650473354246174,25.269831380841765,-1.2418292996183133,-0.8928591283191274,0.0
7,345,16.51936738548585,25.169797260247208,-1.3802900755879417,-1.1078232835719497,0.0
7,346,16.37387747281872,25.057568898735326,-1.5295081777540789,-1.1367439466658062,0.0
7,347,16.220779327337425,24.949345364303497,-1.5324547318712325,-1.0277267419711595,0.0
7,348,16.079972601958673,24.854547518116988,-1.2836797757033116,-0.8682301817592109,0.0
7,349,15.940826527017578,24.777001589300994,-1.4992417231183541,-0.6826883945603281,0.0
7,350,15.793237354748953,24.700302827303346,-1.452541722253848,-0.8512868453921634,0.0
7,351,15.647560243086673,24.605116439039307,-1.4610005109917363,-1.0524409198891664,0.0
7,352,15.511007824543185,24.489390915596346,-1.2700478598776028,-1.2620695489701745,0.0
7,353,15.374685224098982,24.358115455440725,-1.4564041490063646,-1.3634396541418674,0.0
7,354,15.235302004018877,24.228339357771404,-1.33126025259556,-1.232082299244583,0.0
7,355,15.112969153277675,24.100864358184822,-1.1153967622288574,-1.3174176924870444,0.0
7,356,14.991753480590603,23.956383963842086,-1.308916691512172,-1.572190194367458,0.0
7,357,14.84895687025579,23.79832153238067,-1.5470155151844658,-1.5890584348610233,0.0
7,358,14.697889025241295,23.651322139938713,-1.474341385105559,-1.350929413978081,0.0
7,359,14.55564349585569,23.51426458472622,-1.370569202606065,-1.3902216902720284,0.0
7,360,14.414137845653556,23.360657811551903,-1.4595438014362028,-1.681913773214557,0.0
7,361,14.276667323995184,23.184091216185095,-1.2898666317311465,-1.8494181341216613,0.0
7,362,14.134308082389964,22.994158434524422,-1.5573182003728947,-1.9492374990915309,0.0
7,363,13.988518159579996,22.78666653140567,-1.3584802558259437,-2.2006005632838033,0.0
7,364,13.849883121054972,22.569582597646672,-1.4142205146743239,-2.1410781118962596,0.0
7,365,13.700216613303951,22.356634909435456,-1.5791096403459566,-2.117875652328557,0.0
7,366,13.534074037505263,22.144724989688143,-1.7437418756271885,-2.1203227426173292,0.0
7,367,13.363966322816054,21.93874691551406,-1.6584124181566908,-1.9992387408642447,0.0
7,368,13.187397077298783,21.741744861646225,-1.8729724921891613,-1.9408023364926752,0.0
7,369,13.006863885056248,21.560417123163973,-1.7376913526616748,-1.6857524331522917,0.0
7,370,12.833395907805027,21.381272415539286,-1.7316681923629176,-1.8971417193411106,0.0
7,371,12.669256052216042,21.19554346809832,-1.5511289194170192,-1.8174372294783865,0.0
7,372,12.502868572269847,21.01725512097198,-1.776620679506486,-1.7483297130488964,0.0
7,373,12.33942833233806,20.828500877408487,-1.4921841191291163,-2.0267551582209773,0.0
7,374,12.18258821609669,20.617972421958996,-1.6446182056977623,-2.1838139507689345,0.0
7,375,12.008766321866347,20.406297602161317,-1.8318196789089782,-2.049682445184283,0.0
7,376,11.83517853049375,20.198513578805432,-1.6399361485434385,-2.10599802193358,0.0
7,377,11.657042308096948,19.99295843566256,-1.9227882993927903,-2.0051048409240995,0.0
7,378,11.455048121086975,19.787331493585725,-2.1170954408071117,-2.1074340006131287,0.0
7,379,11.231307530265042,19.57198087497784,-2.357716375631729,-2.199578371544307,0.0
7,380,11.00182513767453,19.344558233492137,-2.2319314761780067,-2.348874458169538,0.0
7,381,10.776825860920042,19.10883832907365,-2.26805405891189,-2.3655236302006077,0.0
7,382,10.55342155387558,18.87638331394487,-2.2000320819773265,-2.28357667237548,0.0
7,383,10.328797425813775,18.645781956406495,-2.2924504792591147,-2.328450478392245,0.0
7,384,10.092119823443397,18.41468924148097,-2.4411015681485964,-2.2934038201183427,0.0
7,385,9.85517815349175,18.183797252034992,-2.2977318308840777,-2.3244359688018665,0.0
7,386,9.625902637370245,17.936934913928894,-2.2877784915453665,-2.6128107933200724,0.0
7,387,9.38975660430009,17.668007198196904,-2.4351421698575964,-2.7657435213202834,0.0
7,388,9.14517852100488,17.403914335025547,-2.456419496046398,-2.516113742106775,0.0
7,389,8.911016346570705,17.14204951248348,-2.2268239926364677,-2.7211827087346556,0.0
7,390,8.675254934895008,16.8635495533656,-2.488404240876897,-2.8488164736228256,0.0
7,391,8.422346049644773,16.56553929322064,-2.569773464128242,-3.11138872927687,0.0
7,392,8.157394925481697,16.257864324506215,-2.7292490191334418,-3.0421106450119666,0.0
7,393,7.871922466685362,15.939558963704599,-2.980200156792807,-3.323996571020773,0.0
7,394,7.586216248957214,15.616245973981734,-2.7339241977697313,-3.1422632234366095,0.0
7,395,7.3082831179914365,15.296283117697271,-2.8247384215455824,-3.2569939022526295,0.0
7,396,7.019940891196711,14.981864448206068,-2.9421061143492926,-3.0313794875720124,0.0
7,397,6.739231198475466,14.680678995650567,-2.67208774007604,-2.9923295635377034,0.0
7,398,6.4796405666178885,14.376949076798837,-2.5197248970756947,-3.082268813496933,0.0
7,399,6.224043110280661,14.067558584501057,-2.5922242296690134,-3.10554103245917,0.0
7,400,5.977666324733889,13.745620754555091,-2.3353114812666735,-3.333215566460197,0.0
7,401,5.741715985149199,13.419021717189878,-2.3836953104270817,-3.198765180843722,0.0
7,402,5.511076157922275,13.109292739564012,-2.2291012341115763,-2.9958143716740633,0.0
7,403,5.293549222247407,12.804379239729428,-2.1214374793855466,-3.1024556250176047,0.0
7,404,5.0729064847881205,12.482797877094754,-2.2914172698004256,-3.3291716276756578,0.0
7,405,4.8542092279707845,12.159845587343966,-2.0825278665464113,-3.129874167340528,0.0
7,406,4.6378558541256325,11.861500700497174,-2.2445396103559965,-2.8370235695958197,0.0
7,407,4.402496479862805,11.565866415243931,-2.462647874900666,-3.075662135468674,0.0
7,408,4.161047828060589,11.26663250492146,-2.366325161143461,-2.909016070980398,0.0
7,409,3.9135669201338033,10.961095734652076,-2.5832929973926495,-3.201719334406901,0.0
7,410,3.669060687430715,10.651616573531214,-2.3068316566689857,-2.987863888010672,0.0
7,411,3.4431294881965755,10.353834412875472,-2.21179232801392,-2.967779325104205,0.0
7,412,3.2355469881440513,10.050851035281823,-1.9398576730360988,-3.0918882267692016,0.0
7,413,3.0284919360510685,9.730602664839466,-2.20124336882341,-3.3130791820774554,0.0
7,414,2.807757601807566,9.41167636468657,-2.2134433160468046,-3.0654468209808616,0.0
7,415,2.5792602881434163,9.09360232451894,-2.3565029572360654,-3.296033982371389,0.0
7,416,2.3296176469023067,8.759013083912123,-2.6363498675855572,-3.3957508297651735,0.0
7,417,2.0716929387300524,8.425773852082898,-2.5221442958589897,-3.2690338068190457,0.0
7,418,1.8130083894220093,8.085036140495504,-2.6515466903012506,-3.545720424929401,0.0
7,419,1.5561807834233718,7.728519503100529,-2.4850054296719435,-3.584612322969999,0.0
7,420,1.3037956679429499,7.359010978666618,-2.562696879936846,-3.805558165708277,0.0
7,421,1.0364626978258116,6.984911241136899,-2.783962522405492,-3.676436584885625,0.0
7,422,0.7530886742999314,6.623142636261434,-2.8835179481115745,-3.558935512623483,0.0
7,423,0.4769477107757325,6.268088003498178,-2.6393013223725115,-3.5421571426412264,0.0
7,424,0.21759993200589633,5.906960133380096,-2.547654253023727,-3.6804002597203738,0.0
7,425,-0.0489504434009973,5.539217638391278,-2.783353255114262,-3.6744496400563254,0.0
8,0,45.345294167435966,22.672647083717983,0.0,0.0,0.0
8,1,45.32965677311129,22.697153824908455,-0.3127478864936073,0.49013482380945916,3.0
8,2,45.291710858500714,22.74901362278677,-0.44617040571786326,0.5470611337568361,3.0
8,3,45.23450190582862,22.820685376314763,-0.698008647724004,0.886373936803075,3.0
8,4,45.14670050081155,22.92321791764167,-1.0580194526174633,1.1642768897350457,3.0
8,5,45.03034238844766,23.05489445291795,-1.2691427946604072,1.4692538157905393,3.0
8,6,44.87619620422035,23.215101891416765,-1.813780889885754,1.7348949541857657,3.0
8,7,44.691338315333894,23.39282244795245,-1.8833768878431592,1.8195161765280048,3.0
8,8,44.47491637927985,23.587932047134515,-2.4450618332377463,2.0826758071133025,3.0
8,9,44.22198413209469,23.815715387933892,-2.6135831104655676,2.4729910088741516,3.0
8,10,43.93611314482764,24.08513877762712,-3.1038366348754014,2.9154767849904424,3.0
8,11,43.61929600153239,24.37675943260394,-3.2325062310296477,2.9169363145459943,3.0
8,12,43.27513006526193,24.689091934268237,-3.650812494379446,3.3297137187399173,3.0
8,13,42.89790469367148,25.045121414652954,-3.8936949374297942,3.790875888954462,3.0
8,14,42.50218571193072,25.448684157924106,-4.020684697385164,4.280378976468578,3.0
8,15,42.11397738339822,25.878253366166334,-3.743481873264935,4.3110051883759475,0.0
8,16,41.72796269301212,26.31420710392246,-3.9768119344569417,4.408069566746532,0.0
8,17,41.34013723862466,26.747719802469636,-3.779697153292048,4.262184404196967,0.0
8,18,40.954774065104004,27.184670174983243,-3.9275663171211868,4.476823046075202,0.0
8,19,40.574972004604845,27.641031568643104,-3.6684748928620294,4.6504048271219816,0.0
8,20,40.215911352553675,28.107640104270935,-3.512738148161338,4.681765885434642,0.0
8,21,39.86474990597091,28.576761246786052,-3.510490783494035,4.700656964867713,0.0
8,22,39.505440579984466,29.038605991315688,-3.675695736234866,4.536237925724981,0.0
8,23,39.14563682919434,29.506982667282156,-3.5203792795679405,4.83129559360442,0.0
8,24,38.786332231609954,29.991277613445895,-3.665712672119696,4.854603329670393,0.0
8,25,38.41514319586549,30.46396741921186,-3.7580680427695334,4.599192785648821,0.0
8,26,38.05317678867505,30.9102358918925,-3.481260101039144,4.326176667964033,0.0
8,27,37.7062524135218,31.35460826801836,-3.457227402025975,4.561270854553166,0.0
8,28,37.3647020632475,31.82163503862282,-3.3737796034601075,4.779264557535983,0.0
8,29,37.01896234333132,32.29237321422087,-3.541014794863612,4.635498954425065,0.0
8,30,36.676503981348965,32.75176105243249,-3.308152444783415,4.552257809807326,0.0
8,31,36.35694198198855,33.20099237751889,-3.0830875424247797,4.432368691920523,0.0
8,32,36.03633041059252,33.64662253518169,-3.3291438854957676,4.480234461335643,0.0
8,33,35.70686731669901,34.09287349432604,-3.260117992374422,4.44478472155132,0.0
8,34,35.388797305658706,34.53291877941767,-3.1012822284317085,4.356120980281199,0.0
8,35,35.087429580347184,34.96627354706145,-2.9260722777988573,4.310974372594352,0.0
8,36,34.80455179355781,35.40372530957117,-2.7314834579886433,4.43806087760014,0.0
8,37,34.54106635596086,35.838684749435586,-2.5382252939504824,4.261127919688182,0.0
8,38,34.28147718116818,36.27184148043903,-2.6535582019031025,4.402006700380602,0.0
8,39,34.01498381093247,36.69807373745797,-2.6763092028109607,4.122638439998125,0.0
8,40,33.7543577559478,37.11423252028729,-2.5362118968824916,4.200537216588328,0.0
8,41,33.497246114110034,37.53086511101955,-2.6060209398727707,4.132114598056827,0.0
8,42,33.246362176456195,37.94693161966171,-2.411657813203975,4.189215574786417,0.0
8,43,32.99365464947106,38.360306563179876,-2.642492726498661,4.078283295576712,0.0
8,44,32.732444232369204,38.780802272408735,-2.5817156155387035,4.3316308890006,0.0
8,45,32.47359559809924,39.207517042475274,-2.59525706986069,4.202664512330141,0.0
8,46,32.224859595838524,39.61013865964931,-2.379462975353615,3.84976783115078,-5.0
8,47,32.02372093837282,39.96239615521979,-1.6433101739605007,3.195382080258872,-5.0
8,48,31.893907739613326,40.25749204369431,-0.9529538012292917,2.7065356892314565,-5.0
8,49,31.825598644231476,40.505641778191894,-0.4132281064077148,2.2564590007201613,-5.0
8,50,31.776011162743515,40.74069148217854,-0.578521523351677,2.444535079012878,0.0
8,51,31.715056315176156,40.98338612731277,-0.6405754279954827,2.4093578236717583,0.0
8,52,31.646793166250163,41.22359991226496,-0.7246875505243509,2.3949178753721014,0.0
8,53,31.594369864649593,41.427648953446266,-0.32377848148685295,1.686062948253971,-5.0
8,54,31.59832537535317,41.564663098243216,0.4028886955582234,1.0542199476851746,-5.0
8,55,31.625989364219194,41.67747013047307,0.15039108176228666,1.2019206969118308,0.0
8,56,31.63984293201814,41.810104647964145,0.1266802742167954,1.4507696529096474,0.0
8,57,31.665661541277075,41.96522896640719,0.38969191096187217,1.651716715951176,0.0
8,58,31.717647867835723,42.12329687773827,0.6500346202112137,1.5096415106703116,0.0
8,59,31.783228808937395,42.27872359304161,0.661584201822313,1.5988927953965266,0.0
8,60,31.862157588820182,42.43011723442971,0.916991395833449,1.4289800323652777,0.0
8,61,31.966078280687995,42.55807063870299,1.1614224415228431,1.130088053100362,0.0
8,62,32.08046806267393,42.669992391418134,1.1263731981959832,1.1083470012023966,0.0
8,63,32.20157671416389,42.78982998989892,1.2957998316032082,1.2884049684132197,0.0
8,64,32.318944991671316,42.9201568082314,1.0515657185452376,1.3181313982362148,0.0
8,65,32.422526598296656,43.04934239970885,1.0200664139616986,1.2655804313127632,0.0
8,66,32.51755682892953,43.18338028750368,0.8805381986956871,1.4151773245838744,0.0
8,67,32.595469564102984,43.335067774299304,0.6777165047735192,1.6185724113285591,0.0
8,68,32.67776180433195,43.49842600151277,0.9681282998056187,1.6485921329407383,0.0
8,69,32.78640115669239,43.67363543953735,1.204658747403398,1.85559662755076,0.0
8,70,32.91291838149972,43.84779402206907,1.3256857487432026,1.6275750230835087,0.0
8,71,33.05782113818404,44.01631382660671,1.5723693849433218,1.7428210676692917,0.0
8,72,33.21915773972752,44.20027894127698,1.65436264592657,1.9364812257359532,0.0
8,73,33.37035288110076,44.393508716477776,1.3695401815381114,1.9281142782799687,0.0
8,74,33.52072062401389,44.60093344044145,1.6378146767247301,2.220380200993448,0.0
8,75,33.69683857039723,44.83317133772655,1.8845442509420192,2.4243777447084494,0.0
8,76,33.87593411319939,45.08782001276653,1.6973666051012817,2.668595756091106,0.0
8,77,34.058890545937146,45.31508078256877,1.9617620496535366,1.8766196399537414,-5.0
8,78,34.26682230843721,45.516802330765515,2.196873200347884,2.1578113239810417,0.0
8,79,34.48506473764638,45.73156004472274,2.1679753838357083,2.1373429551634278,0.0
8,80,34.69280250667347,45.938523374802145,1.986779996706149,2.0019236464245207,0.0
8,81,34.88751886775728,46.130586210588916,1.90754722496996,1.8393330693108183,0.0
8,82,35.083973600706344,46.30561730316566,2.0215474340111665,1.6612887822238633,0.0
8,83,35.277828132391164,46.47398652523823,1.8555431996854015,1.706095659227321,0.0
8,84,35.462451964515,46.63225836115724,1.8369334427916577,1.459341059152738,0.0
8,85,35.632683143729,46.7929019040958,1.5676901414883027,1.753529799618235,0.0
8,86,35.77613555728982,46.96761471388763,1.301358129728282,1.7407263962181272,0.0
8,87,35.91073766455267,47.136184429134715,1.3906840155289668,1.630667908723602,0.0
8,88,36.03617976624156,47.299711401120774,1.1181580182489252,1.6398715309974286,0.0
8,89,36.14243623771142,47.47399316026957,1.0069714111484913,1.8457636519783645,0.0
8,90,36.26673727330902,47.64421927378473,1.4790493008033678,1.5587586183247915,-5.0
8,91,36.42063793981407,47.81014412474207,1.598964029297397,1.7597384008220498,0.0
8,92,36.57965094436483,47.99716412239148,1.581296061717815,1.9806615521663318,0.0
8,93,36.73835710026103,48.18472188782789,1.5928270562061648,1.7704937565620185,0.0
8,94,36.90280518551447,48.3554830114136,1.6961346488625129,1.6447287151523202,0.0
8,95,37.064292153185534,48.519860575847105,1.5336047045588348,1.6428225735178241,0.0
8,96,37.21212828435992,48.67800879294316,1.4231179189286074,1.5201417684035086,0.0
8,97,37.35404876239386,48.84416954047738,1.4152916417500183,1.8030731822810786,0.0
8,98,37.497191249391335,49.012635501962876,1.4475580981996483,1.5662460474289333,0.0
8,99,37.64779305274081,49.17323349852907,1.564477968789726,1.6457138838950556,0.0
8,100,37.79364751892322,49.337021631017365,1.3526113548585261,1.6300487658709368,0.0
8,101,37.94137080401322,49.50105488853525,1.6018543469414848,1.6506163844870088,0.0
8,102,38.088908077228126,49.67698902592926,1.3488911173564908,1.8680663633932646,0.0
8,103,38.24391129087152,49.83508463209472,1.7511731555115144,1.2938457599160458,-5.0
8,104,38.40826462084382,49.962751335679584,1.5358934439344942,1.2594883117811175,0.0
8,105,38.54926581624818,50.09099969659829,1.284130464152927,1.3054789065927732,0.0
8,106,38.69067495185331,50.236166071008,1.544052247949784,1.5978485816013333,0.0
8,107,38.840248276651664,50.38246509241283,1.447414248017644,1.3281318464949194,0.0
8,108,38.99518010714431,50.50096362026777,1.6512223618355595,1.0418387106035265,0.0
8,109,39.171572824392456,50.60424014112678,1.8766319831278864,1.0236917065763347,0.0
8,110,39.35623584052172,50.69845360060985,1.816628339457825,0.860577483084974,0.0
8,111,39.54523425547791,50.782172020994096,1.9633399596662482,0.8137909245997292,0.0
8,112,39.74275538771025,50.86096376292464,1.987082684980976,0.7620439140110147,0.0
8,113,39.9408776630527,50.94421595110981,1.9753628218681403,0.9029998496922165,0.0
8,114,40.144769041892516,51.03146346671737,2.10246475492826,0.8419504624586001,0.0
8,115,40.36169267950078,51.10241032179795,2.23600799723706,0.5769866391527891,0.0
8,116,40.577639363853336,51.171130986910825,2.0829256898144077,0.7974266631045754,0.0
8,117,40.79151053866187,51.239226537154394,2.194497806356676,0.5644843417665459,0.0
8,118,41.01340624446874,51.296769838116376,2.2434163097809456,0.5863816774728488,0.0
8,119,41.22572280621006,51.3560582794789,2.0029149250454026,0.5993871497775167,0.0
8,120,41.42911890822165,51.41111089283697,2.065007115186992,0.5016651173836983,0.0
8,121,41.643254684012476,51.46872444387627,2.2177084006296184,0.650605903402111,0.0
8,122,41.86490083921106,51.52696493364914,2.215214703342024,0.5142038920551464,0.0
8,123,42.100445915386814,51.592166167388896,2.4956868201734146,0.7898207827397989,0.0
8,124,42.36371467517034,51.65716762556313,2.7696883754976263,0.5102083807448246,0.0
8,125,42.630174419994404,51.71739621049325,2.5595065209837333,0.6943633178573609,0.0
8,126,42.87199169776275,51.79575331349639,2.2768390343834017,0.8727787422052895,0.0
8,127,43.08530702264983,51.87605952857655,1.9894674633582632,0.7333455593977458,0.0
8,128,43.27308453998495,51.958456376120964,1.7660828833446125,0.914591391490216,0.0
8,129,43.43533164324077,52.06191160004846,1.47885918177216,1.1545130870593994,0.0
8,130,43.59207343490843,52.17340104995266,1.6559766515810654,1.075275911024418,0.0
8,131,43.76570624482903,52.268580449656156,1.8166795468313968,0.8283120830452084,0.0
8,132,43.942353392502156,52.34510893960329,1.7162634066310112,0.702257715897197,0.0
8,133,44.10978957109518,52.4193613003678,1.632460165229693,0.782789499392722,0.0
8,134,44.27361613172735,52.50528646421097,1.64407104741424,0.9357137774703848,0.0
8,135,44.433973208378205,52.60135536979543,1.5630704856033084,0.9856643342187041,0.0
8,136,44.60492660935924,52.70781690889676,1.8559975340178454,1.143566447807812,0.0
8,137,44.801687768865634,52.82954035831267,2.0792256561100775,1.2909025405102685,0.0
8,138,45.01394198989678,52.94479434437082,2.1658587645132386,1.0141771806524709,0.0
8,139,45.221151827635396,53.04954726980144,1.9783379902592237,1.0808813279597356,0.0
8,140,45.41972685642716,53.1602167493011,1.9931625855762025,1.132508262033209,0.0
8,141,45.62776516643018,53.26678111276506,2.1676036144842517,0.9987790072458296,0.0
8,142,45.834171110698094,53.36116737478862,1.9605152708743425,0.8889462332251252,0.0
8,143,46.03764595993479,53.46469088611994,2.1089817138599134,1.1815239934012371,0.0
8,144,46.252118662184245,53.58037982142284,2.180472331129584,1.1322547126562679,0.0
8,145,46.45849025901572,53.70289004913431,1.9469596054998917,1.317949841572732,0.0
8,146,46.651424868715054,53.844287299041184,1.9117325884869238,1.5099951565644396,0.0
8,147,46.84815827028834,54.0101795902568,2.0229354429792163,1.8078506677473882,0.0
8,148,47.06334130856291,54.19170901584357,2.28072532251222,1.8227378439876105,0.0
8,149,47.30637348331342,54.36075986673859,2.5799181724984113,1.558279173912302,0.0
8,150,47.55598617549333,54.529388697248606,2.412335671100049,1.8142974362878697,0.0
8,151,47.78441079321769,54.71467396345207,2.1561566833870742,1.8914078877812148,0.0
8,152,47.995299820707544,54.902845309246686,2.061623866410189,1.872019028111069,0.0
8,153,48.18663528490711,55.100769901922405,1.7650854175816821,2.0864728254031224,0.0
8,154,48.35610587269426,55.30983376274716,1.624326338161433,2.0948043910919907,0.0
8,155,48.52100911446826,55.51053628978079,1.6737384973186984,1.9192461495805162,0.0
8,156,48.68707763108304,55.70598985994809,1.647631834977389,1.9898252537651953,0.0
8,157,48.86281064191638,55.90760507400523,1.8670283816899218,2.042479027377146,0.0
8,158,49.05026619897191,56.12505106702076,1.8820827594211345,2.3064408329334274,0.0
8,159,49.225387213254606,56.34926513154687,1.6203375262327224,2.177840457588779,0.0
8,160,49.37419018467429,56.55744562311574,1.3557219021611626,1.9857693737880773,0.0
8,161,49.505704237525606,56.75951300567709,1.2745591548655035,2.055578277438684,0.0
8,162,49.64752796797117,56.95491316213955,1.5619154540458737,1.8524248518100546,0.0
8,163,49.81100478010032,57.15088547325982,1.7076207885373176,2.0670213705951888,0.0
8,164,49.98130316577357,57.35364247230194,1.698346924927682,1.9881186102471347,0.0
8,165,50.15353349484482,57.56193910000411,1.7462596564971893,2.177813943795991,0.0
8,166,50.33550988672269,57.79119379473508,1.8932681810601384,2.4072799508229235,0.0
8,167,50.52213679647198,58.02208815279559,1.8392700139256934,2.2106072103872094,0.0
8,168,50.694600873410565,58.234605527701376,1.610011524846053,2.0397402877281596,0.0
8,169,50.845473073169416,58.45136969299688,1.4074324703315213,2.295543018181382,0.0
8,170,50.981778611386886,58.67872779599301,1.3186782940178983,2.251619041740966,0.0
8,171,51.11369914295287,58.89256451367257,1.3197323373021561,2.0251153118501524,0.0
8,172,51.2391618920137,59.083654734663384,1.189522643914792,1.7966891079659089,0.0
8,173,51.350160705783054,59.268908818590745,1.030453631472522,1.9083925705811637,0.0
8,174,51.45552673742387,59.44513777286147,1.0768670013443629,1.6161865148333483,0.0
8,175,51.571036126044504,59.61565661628151,1.2333207710686445,1.7941903535672878,0.0
8,176,51.68439752432366,59.78115498865063,1.0339071945141693,1.51577709381497,0.0
8,177,51.776579483315885,59.91811450033455,0.8097319853310303,1.2234131398630534,0.0
8,178,51.868995025859675,60.03995474997842,1.0385788655453467,1.2133918530141194,0.0
8,179,51.96282564682653,60.16227392599228,0.8380335537918331,1.2329916672628016,0.0
8,180,52.0553841217492,60.300022155184564,1.0131359446617214,1.5219729165828184,0.0
8,181,52.16213308369575,60.45563845155215,1.1218432942695191,1.590353010768613,0.0
8,182,52.274283561894464,60.60620949415025,1.1211662697054017,1.4210678411933895,0.0
8,183,52.37992885657226,60.7440705630423,0.991739623850739,1.3361535366475437,0.0
8,184,52.47750192386556,60.87060003434945,0.9597217220149084,1.1944358894951055,0.0
8,185,52.575294293381404,60.993751890369595,0.9961256683021205,1.268601230907512,0.0
8,186,52.675979737458334,61.130823650078895,1.0175832132362874,1.472833963278422,0.0
8,187,52.77318949268144,61.276306267672,0.9266118912260826,1.436818388583342,0.0
8,188,52.858451524369656,61.432059653189015,0.7786287425385812,1.678249321756919,0.0
8,189,52.93262376484026,61.613172264541504,0.7048160668735868,1.9440029052926668,0.0
8,190,53.0069438831396,61.79783433927889,0.7815862991134157,1.7492385894549063,0.0
8,191,53.08679985820956,61.96472750397112,0.8155332022856925,1.588624704389174,0.0
8,192,53.18177948884065,62.13565833831032,1.084059410336268,1.8299919823948958,0.0
8,193,53.28830696289438,62.30796097039624,1.0464900707391074,1.61606065932345,0.0
8,194,53.39761021638074,62.48046571317067,1.1395749989880688,1.8340341961650921,0.0
8,195,53.509785186579194,62.666154139778854,1.1039244049812353,1.8797343359982346,0.0
8,196,53.62998457566246,62.84262558778727,1.3000633766848502,1.6496946241696673,0.0
8,197,53.75174097703794,63.01852883349645,1.1350646508248499,1.8683702900135923,0.0
8,198,53.86901051847113,63.21826827084587,1.210326177839189,2.126418456974818,0.0
8,199,53.993556088463635,63.430831125860635,1.2805852220108527,2.1248386433200874,0.0
8,200,54.11631792518236,63.65279522294341,1.1746515123636332,2.314443298335002,0.0
8,201,54.232372618331596,63.88085228678153,1.1464423506214292,2.246697978427047,0.0
8,202,54.34807520813203,64.09912803627552,1.1676094453880612,2.1188170114525775,0.0
8,203,54.47603015474769,64.31540312367744,1.3914894869252734,2.206684736585924,0.0
8,204,54.60763409825856,64.54155863708155,1.2405893832922015,2.316425531496064,0.0
8,205,54.736684424983736,64.7721708700333,1.3404171512116108,2.295819127538671,0.0
8,206,54.8812030727307,65.00693346206393,1.5499558037284427,2.399432713073363,0.0
8,207,55.045621390751506,65.25835033895979,1.7384105566878603,2.6289048248438327,0.0
8,208,55.21143388999545,65.52481642467498,1.5778394281913393,2.7004168894595715,0.0
8,209,55.376325372238426,65.79511660046444,1.7199902166680534,2.70558662632963,0.0
8,210,55.53525545069951,66.07825681218793,1.4586113525539801,2.9572176081402013,0.0
8,211,55.68887445464014,66.36421463706364,1.613768726257966,2.761938889374157,0.0
8,212,55.87054166482477,66.62176774996931,2.019575477434545,2.389123368739673,-5.0
8,213,56.06857266229804,66.86664646125121,1.9410444720308284,2.508450856898179,0.0
8,214,56.26144021006934,67.12006092120708,1.9163064833946155,2.559838342219421,0.0
8,215,56.4431417750348,67.36118137107317,1.7177248159142362,2.2625706551024436,0.0
8,216,56.60346330834915,67.58399749767165,1.4887058503722628,2.1937518768669886,0.0
8,217,56.762928677354466,67.81762233042954,1.7006015297340173,2.478744778291162,0.0
8,218,56.92033484873326,68.05639632443527,1.4475218978420195,2.2967351018231046,0.0
8,219,57.07675027069439,68.25067079056817,1.6807865413804528,1.5887542208343728,-5.0
8,220,57.2327281927964,68.4050447593172,1.4387719006598942,1.4987251541466158,0.0
8,221,57.387251555977286,68.55322033616605,1.6516953629579856,1.4647863828306402,0.0
8,222,57.540548696733254,68.70808737328832,1.4142474521608683,1.6325543596149146,0.0
8,223,57.68070423237003,68.8658716190798,1.3888632605741353,1.5231305562145536,0.0
8,224,57.827468158336615,69.02943245442694,1.5464152587571363,1.7480861507284455,0.0
8,225,57.99708834259701,69.2125451028322,1.8459884264503366,1.9141668173769837,0.0
8,226,58.17315186319826,69.41504108708466,1.675281985574534,2.135752867672699,0.0
8,227,58.328801912321694,69.6365625945898,1.4377189968939437,2.2946772824303405,0.0
8,228,58.49405520869692,69.83517511884233,1.8673469306108483,1.6775732026199455,-5.0
8,229,58.693259017635285,70.00625136528836,2.1167292481557425,1.7439517263011766,0.0
8,230,58.90811052176298,70.17489100705993,2.1803008343976575,1.6288411091303665,0.0
8,231,59.13366195432593,70.33233638154667,2.3307278168604846,1.5200663806046624,0.0
8,232,59.36191569431776,70.48957402367228,2.234346982975552,1.6246864619082153,0.0
8,233,59.577346543229964,70.66452127017101,2.074269995267894,1.8742584680668912,0.0
8,234,59.77071178325599,70.8426669540078,1.7930348052519758,1.6886552086695916,0.0
8,235,59.9558792873101,71.015451958884,1.91031527583025,1.767044888855037,0.0
8,236,60.147580529040454,71.20289786450462,1.923709558776368,1.9818732235576126,0.0
8,237,60.34287985824278,71.3909356696916,1.9822770252697968,1.7788828801827066,0.0
8,238,60.552777106081976,71.57198911391129,2.2156679315137087,1.8421860042114497,0.0
8,239,60.7873385766876,71.75070694003179,2.4755614805983246,1.7321705181991591,0.0
8,240,61.03111632943535,71.92845846195897,2.3999935743563583,1.8228599203448193,0.0
8,241,61.26422412748127,72.09746841935095,2.2621623865619735,1.5573392274953584,0.0
8,242,61.49131241033746,72.26454922033886,2.279603270561081,1.7842767922634035,0.0
8,243,61.72736797206767,72.43867940671754,2.4415079640423762,1.6983269353107238,0.0
8,244,61.983493466563914,72.59877252845678,2.6810019258824926,1.503535499474589,0.0
8,245,62.23705966191238,72.75805224589854,2.3903219810865686,1.6820588493612307,0.0
8,246,62.48536694459858,72.93431477167894,2.5758236726366963,1.8431916662471108,0.0
8,247,62.74550786732573,73.12097106495418,2.626994781905424,1.8899341992582368,0.0
8,248,63.01092127616124,73.30866733583827,2.6812733948047605,1.8639912184241547,0.0
8,249,63.28929851394008,73.50527116181325,2.8862713607720707,2.06808530107621,0.0
8,250,63.5666532764655,73.71018859953438,2.6608238897356777,2.0302634533467288,0.0
8,251,63.83899020162835,73.91888352891712,2.7859146135211965,2.1436351343084947,0.0
8,252,64.13029293300718,74.12319553206868,3.0401400140552717,1.9426049287230276,0.0
8,253,64.43676761115586,74.31775439776243,3.0893535489175576,1.9485723851523682,0.0
8,254,64.74034871129294,74.52191195308995,2.9822684538235684,2.134578721398335,0.0
8,255,65.04322474613792,74.72653312558182,3.075252243075708,1.9578447284393343,0.0
8,256,65.35445445223888,74.91521934531067,3.1493418789428933,1.8158796661378789,0.0
8,257,65.68059559120235,75.08818167733313,3.373480900326216,1.6433669743113866,0.0
8,258,66.01415090423217,75.25236605583063,3.297625360270276,1.640320595639393,0.0
8,259,66.33050880291836,75.40979684274791,3.029532613453556,1.5082951427066167,0.0
8,260,66.62126281879694,75.56163836041387,2.7855477041173273,1.5285352106130548,0.0
8,261,66.89224164269797,75.70072617701189,2.6340287739033705,1.2532211213475346,0.0
8,262,67.1598694209145,75.82890555692407,2.71852679042723,1.3103664768964922,0.0
8,263,67.44493962557527,75.95278811856969,2.982877302787415,1.167284756016084,0.0
8,264,67.73630156110755,76.08385405585528,2.844361407857214,1.4540339896964127,0.0
8,265,68.016301896311,76.23325207091227,2.755645296211892,1.5339263114438904,0.0
8,266,68.28513637568119,76.38845439372952,2.6210442911911773,1.5701201449017494,0.0
8,267,68.5442728373219,76.54333190186574,2.5616849416230867,1.5274300178232316,0.0
8,268,68.79112001283158,76.694284395876,2.3752585685707466,1.4916198623825192,0.0
8,269,69.03244648286073,76.85342632022164,2.4512708320117866,1.6912186245308796,0.0
8,270,69.28967895002648,77.02738614798773,2.693378511302374,1.7879779307914045,0.0
8,271,69.54691233394192,77.21935228063,2.451289167005994,2.051344722054691,0.0
8,272,69.78739208568669,77.4340085544793,2.358305867889376,2.241780754931659,0.0
8,273,70.03662006495637,77.66480377282556,2.626253717503811,2.3741236119940465,0.0
8,274,70.3041999983472,77.89594025935602,2.7253449503129,2.2486061186156157,0.0
8,275,70.5867736480036,78.11523293144305,2.926128042814396,2.1372473231250986,0.0
8,276,70.87736348474425,78.31398006778264,2.8856686919980685,1.8376954036672686,0.0
8,277,71.16162434183752,78.50826068812484,2.7995484498670784,2.0479170031772753,0.0
8,278,71.43351931769735,78.70368606131353,2.638351067328747,1.8605904605969235,0.0
8,279,71.68827056033825,78.88339041370861,2.456673785489242,1.7334965873051384,0.0
8,280,71.93776067564829,79.06335476376398,2.533128520711548,1.8657904138025954,0.0
8,281,72.17676614188792,79.2412300657329,2.246980804080767,1.6917156255761752,0.0
8,282,72.40585904706694,79.3972770947513,2.334877299499267,1.4292249547920228,0.0
8,283,72.63611245393679,79.55247676970393,2.2701908378972124,1.6747685442611058,0.0
8,284,72.85024768158166,79.72873804619323,2.0125137149999883,1.8504569855253896,0.0
8,285,73.05466367146107,79.9274733703262,2.075806082587608,2.1242494971345627,0.0
8,286,73.2758214679759,80.12883439805483,2.347349847708225,1.9029710574388616,0.0
8,287,73.51842598585012,80.32901743808864,2.5047405097754645,2.100689743237779,0.0
8,288,73.78101386007961,80.53128009933707,2.7470169748137128,1.9445634817310067,0.0
8,289,74.05330415156209,80.71690970971372,2.6987888548357546,1.7680287258024565,0.0
8,290,74.33323917794598,80.89158508320656,2.8999116728422383,1.7254787440551338,0.0
8,291,74.62310783338233,81.06414920374212,2.897461435884532,1.7258036666561187,0.0
8,292,74.90961917074173,81.24335343826164,2.832765311303321,1.8582810237344463,0.0
8,293,75.17819076261065,81.44002422586084,2.5386665260741292,2.075134728250166,0.0
8,294,75.43498855917545,81.65776673579353,2.597289405221302,2.279715470404164,0.0
8,295,75.69355806337455,81.89122674776021,2.5741006787607255,2.3894847689298864,0.0
8,296,75.94908240183679,82.14288302282543,2.536386090483381,2.643640732374786,0.0
8,297,76.19137216769599,82.39869791614564,2.3094092267002555,2.4726571340300616,0.0
8,298,76.42187980270296,82.65049952066545,2.300743473439157,2.5633749563666957,0.0
8,299,76.6393197096125,82.91612065183233,2.0480546647507225,2.7490476669716557,0.0
8,300,76.85286406174902,83.18795387845813,2.2228323779798256,2.68761686554483,0.0
8,301,77.07203848807677,83.45785164049926,2.1606561485750486,2.710338375277841,0.0
8,302,77.29256570372434,83.72976375720037,2.2498881643761504,2.7279039587443963,0.0
8,303,77.50710222284658,84.0112506050042,2.0408422180684003,2.9018329973320203,0.0
8,304,77.7211238506734,84.31259428772944,2.239590338467215,3.125040657173721,0.0
8,305,77.94337795440845,84.6179097745499,2.2054917362330464,2.9812690792357444,0.0
8,306,78.15317837875932,84.90254027162052,1.990516750783959,2.7113408621765993,0.0
8,307,78.3570970692432,85.18781983057937,2.087857058893169,2.9942503170007937,0.0
8,308,78.55633571533275,85.49916114833786,1.8969158628969147,3.232576038168899,0.0
8,309,78.73954870756495,85.82312076544383,1.7673439817471053,3.246616303950699,0.0
8,310,78.90447034298245,86.15657079909238,1.5310887266023059,3.4223843690205538,0.0
8,311,79.07049415444669,86.51177439373782,1.789387502682379,3.6816875238890523,0.0
8,312,79.23542986769974,86.87201352130046,1.5093267623781692,3.5230950273638753,0.0
8,313,79.37211531010666,87.23530262092277,1.2243820857595384,3.7426869650826875,0.0
8,314,79.5037465633797,87.61521373276838,1.4082429797009652,3.855535271830621,0.0
8,315,79.65117938739633,88.01113392954107,1.5404135006314341,4.06286866362354,0.0
8,316,79.81485657650313,88.40365392013564,1.7331302815042822,3.7875311482677265,0.0
8,317,80.00230602350547,88.79116419563604,2.0158586585423564,3.9626743617404836,0.0
8,318,80.20051204988039,89.19721990450466,1.948261868955873,4.158439815632804,0.0
8,319,80.38107052032831,89.60521894810768,1.6629075400019122,4.001541056428007,0.0
8,320,80.53546162940557,90.00750395556759,1.4249146415428875,4.0441590927711495,0.0
8,321,80.6687262621432,90.40141409172924,1.2403780132093107,3.834043630462232,0.0
8,322,80.81962566668886,90.74940183790136,1.7776100777043435,3.1257112929797035,-5.0
8,323,81.00133380175771,91.06365140863306,1.856552623672723,3.1592801216538478,0.0
8,324,81.17729693403516,91.36468071279069,1.662710021876645,2.8613059614987204,0.0
8,325,81.33035425114218,91.65727623726258,1.3984363202643788,2.9906045279386584,0.0
8,326,81.48001349686837,91.96595775702491,1.5947485942602206,3.183025867307938,0.0
8,327,81.6625348127464,92.24948489116008,2.055677723300109,2.4875168153959653,-5.0
8,328,81.88147814010586,92.50275858340359,2.3231888238888345,2.5779570294741365,0.0
8,329,82.12339271979658,92.77385136461902,2.5151027699260062,2.843898594833666,0.0
8,330,82.37523679288483,93.06112439301995,2.521778691839806,2.9015619731848634,0.0
8,331,82.63798826153061,93.35237768025155,2.733250681075708,2.923503771446968,0.0
8,332,82.90238874092654,93.63771978332733,2.554758906843132,2.783338290067844,0.0
8,333,83.14491606446666,93.91489962252808,2.2957875639589744,2.7602584939474504,0.0
8,334,83.37848896697449,94.19180802191408,2.375670486197988,2.777909493772845,0.0
8,335,83.61457374862539,94.46149876563595,2.3460251468207005,2.6159053806641364,0.0
8,336,83.83885294023327,94.71698161644315,2.1395586853365582,2.493751635479237,0.0
8,337,84.05892327858146,94.95547050772547,2.2618480816276083,2.2760261901667738,0.0
8,338,84.27019240313177,95.18100473224524,1.963534409379042,2.23465830022839,0.0
8,339,84.47933087580776,95.40725377670384,2.2192350441409854,2.2903225889430265,0.0
8,340,84.71168530247587,95.64440778185025,2.427853489221663,2.4527575139845217,0.0
8,341,84.96566852677216,95.87809332625687,2.6518109967041035,2.220953374148146,0.0
8,342,85.232698136767,96.11156403563137,2.6887812031933187,2.448460813342085,0.0
8,343,85.5059304122986,96.35652212921298,2.775864307438342,2.45070105828993,0.0
8,344,85.79413542019876,96.61441727118051,2.988235850565534,2.7072017810604914,0.0
8,345,86.08981334531671,96.88124860807665,2.9253226517934188,2.629424956861812,0.0
8,346,86.37704635823604,97.13574467240676,2.819337606593699,2.46049632974015,0.0
8,347,86.65875694497441,97.37884170811134,2.8148741281737504,2.4014443843513806,0.0
8,348,86.94890014161984,97.61324427594553,2.987989804735225,2.286606972332356,0.0
8,349,87.25991932241726,97.83587364158586,3.232393811213182,2.165980340474289,0.0
8,350,87.58699663365826,98.05624019649764,3.309152413606757,2.2413507577610066,0.0
8,351,87.90983597440294,98.29441196098219,3.147634401286558,2.522084531929659,0.0
8,352,88.23216947658563,98.54659289568923,3.2990356423671248,2.5215341622108536,0.0
8,353,88.57301047438074,98.79318165798662,3.5177843135354987,2.4102410837372084,0.0
8,354,88.92522386482437,99.01950294876298,3.5264834953374358,2.1161847317899776,0.0
8,355,89.2771764492245,99.23369440831897,3.512568192665656,2.1676444593298836,0.0
8,356,89.62669789100431,99.45231834975061,3.4778606429312457,2.2048343693032386,0.0
8,357,89.98797028359542,99.6755732200167,3.7475872088914546,2.2602630360185456,0.0
8,358,90.34919999115527,99.91069107753918,3.477006942305678,2.4420941144304535,0.0
8,359,90.69470621095985,100.14456867493982,3.4331174537861795,2.235457833582484,0.0
8,360,91.05235567198133,100.37572689387872,3.7198717666436405,2.3877065451953925,0.0
8,361,91.43346249845479,100.60722705885235,3.902264762825487,2.2422967542772216,0.0
8,362,91.8153487426942,100.81783670516137,3.735460121963225,1.9698961719029358,0.0
8,363,92.19453822008603,101.00366789811466,3.8483294258732634,1.7467276871630641,0.0
8,364,92.59284987674323,101.19043107576044,4.117903707271285,1.9885358657528966,0.0
8,365,93.01276717628099,101.38368264429158,4.280442283484538,1.8764955048695873,0.0
8,366,93.45009048670892,101.56427585393305,4.466023925074074,1.735368687959883,0.0
8,367,93.89826530518269,101.7252023386805,4.497472444401913,1.4831610069885297,0.0
8,368,94.34626246672224,101.86189740572718,4.462470786388815,1.2507403339446554,0.0
8,369,94.80085279279558,101.98351480199528,4.629335735078168,1.1816075914172117,0.0
8,370,95.25828364904555,102.08826005591362,4.5192813899217334,0.9132974869490802,0.0
8,371,95.70999273431539,102.18641768098286,4.514900315474955,1.0498550144353516,0.0
8,372,96.16678247483793,102.29381407932328,4.620894494975946,1.0980729523732427,0.0
8,373,96.63875410859663,102.41371035206112,4.818538180198507,1.2998525023834144,0.0
8,374,97.12016415954457,102.53995591341283,4.809662838760458,1.2250587246504727,0.0
8,375,97.60597828127862,102.65742901886767,4.906619595920395,1.1244033844464223,0.0
8,376,98.09940828895037,102.77085052167308,4.961980557514321,1.1440266716611305,0.0
8,377,98.58316548087078,102.88139472589654,4.713163280894323,1.0668574128078916,0.0
8,378,99.04346095947966,102.99951715632744,4.492746291283698,1.2955911958095125,0.0
8,379,99.50543203319256,103.13481214596595,4.746675182974492,1.4103085969603972,0.0
8,380,99.97997935785139,103.27461189302954,4.744271310202027,1.3856863443106988,0.0
8,381,100.467655806555,103.41022260367572,5.009257663871244,1.3265278686127129,0.0
8,382,100.95414779608393,103.55666212850048,4.720582126707127,1.6022626278821406,0.0
8,383,101.41584821291036,103.72586917763402,4.513426209821503,1.7818783547884909,0.0
8,384,101.87007127041966,103.91871806861053,4.571034940363889,2.0750994647412853,0.0
8,385,102.32686826936907,104.11178681479754,4.5649050386254775,1.7862754589988157,0.0
8,386,102.77499060044909,104.28579293297844,4.3975415829742825,1.6938469046186206,0.0
8,387,103.20286709100304,104.4601074360973,4.159988228104693,1.7924431577579218,0.0
8,388,103.60788483662304,104.63136089874445,3.9403666842946805,1.6326260951842233,0.0
8,389,104.0077485949052,104.8046849970138,4.05690848134933,1.8338558702022985,0.0
8,390,104.4170967495345,104.9895688923877,4.130054611235822,1.863822037275085,0.0
8,391,104.83451515226142,105.18564008406747,4.218313443303774,2.057601796319802,0.0
8,392,105.24775562671698,105.40121062044386,4.046496045808006,2.2538089312075904,0.0
8,393,105.66202324981356,105.622874391386,4.238856416123344,2.17946648763483,0.0
8,394,106.08415027737135,105.84316520390149,4.203684135032413,2.226349762674907,0.0
8,395,106.51247355608376,106.05903914533553,4.362781439215782,2.0911290660053385,0.0
8,396,106.93955621789507,106.27773799674145,4.178871797010622,2.282847962112462,0.0
8,397,107.36187638676273,106.49271407680965,4.267531580342004,2.016673639251775,0.0
8,398,107.78154955516038,106.68498614484167,4.125931787611805,1.8287677213886457,0.0
8,399,108.19396152755513,106.86593418449138,4.122307660284042,1.7901930716051364,0.0
8,400,108.59283177799784,107.0596676865614,3.8550973485695668,2.084476969795541,0.0
8,401,108.9699548307596,107.27144348465237,3.6873637066659395,2.1510389920231185,0.0
8,402,109.34021116833787,107.49173840260886,3.717763044899071,2.2548593671070076,0.0
8,403,109.72428150939669,107.70718112205708,3.9636437762785253,2.0539950218572436,0.0
8,404,110.11207989953255,107.9186159645389,3.7923240264391502,2.174701827779254,0.0
8,405,110.4919609714737,108.13232068718736,3.8052974123840038,2.099392625189152,0.0
8,406,110.87729521387371,108.34207520507789,3.9013874356156126,2.095697732621174,0.0
8,407,111.28146106607716,108.54088234935773,4.181929608454556,1.8804451529757307,0.0
8,408,111.6983988258354,108.72714687847207,4.156825586709907,1.8448454293110617,0.0
8,409,112.12773923313381,108.90436823888518,4.429982559258699,1.6995817789510612,0.0
8,410,112.55995060189855,109.07516563905943,4.214244816035578,1.7163662245341307,0.0
8,411,112.9675265447458,109.26078374702513,3.9372740409105553,1.9959959347794634,0.0
8,412,113.35417114124436,109.45145062523363,3.795617889061644,1.817341629390361,0.0
8,413,113.73408185330953,109.63047419154088,3.8025963522417516,1.763129696753988,0.0
8,414,114.12219675615142,109.79389929392005,3.9597017045954725,1.5053723508285897,0.0
8,415,114.53103080790692,109.95407589638535,4.2169793305155014,1.6981596984775704,0.0
8,416,114.93865790379039,110.12143701565759,3.9355625871532,1.6490626869666585,0.0
8,417,115.31976427104934,110.30132614464424,3.6865647580254937,1.9487198927660456,0.0
8,418,115.68223275782896,110.4856232115867,3.5628049775678576,1.7372214460824527,0.0
8,419,116.05165820043754,110.64806765656647,3.8257038746048906,1.5116674535128878,0.0
8,420,116.44161185253358,110.79211420578736,3.973369167316946,1.3692635309048375,0.0
8,421,116.83655655455487,110.9350663581821,3.925524873109408,1.4897795169899641,0.0
8,422,117.23480127528444,111.09504604994981,4.039369541482346,1.7098143183641055,0.0
8,423,117.63462353160065,111.25467793008579,3.957075584842409,1.4828232843550921,0.0
8,424,118.02191432434552,111.41009340281971,3.7887402700558646,1.625486170323497,0.0
8,425,118.4102518100612,111.5789553806004,3.9780094442585874,1.751753385289751,0.0
8,426,118.79454134349544,111.74712494727959,3.7077812244270767,1.611637948294189,0.0
8,427,119.16735843094312,111.89831393924436,3.7485605245267877,1.412141891001009,0.0
8,428,119.54851398042251,112.04636765138008,3.8745504650614855,1.5489323517133604,0.0
8,429,119.92584246910093,112.20797901365842,3.6720193085060284,1.683294893853616,0.0
8,430,120.29279736977446,112.38035772983108,3.6670787049652667,1.7642794295992479,0.0
8,431,120.64792014669871,112.56033235669418,3.435376833520804,1.8352131076620033,0.0
8,432,120.98072692662697,112.75378142406595,3.22075876504565,2.0337682397730346,0.0
8,433,121.29133268760216,112.95896413345969,2.991356454458783,2.069885948101027,0.0
8,434,121.59962267534479,113.17039113298966,3.174443300394417,2.1586540424988137,0.0
8,435,121.90812986890097,113.39185926899313,2.995700570729161,2.2707086775701955,0.0
8,436,122.1948992969991,113.61250447317377,2.739687991234108,2.1421954060424433,0.0
8,437,122.4585898074053,113.83612518843529,2.534122216890067,2.3302188991880852,0.0
8,438,122.72342196209968,114.0604974510369,2.762520876997373,2.1572263528442885,0.0
8,439,122.9874617482156,114.26705559997731,2.5182748453202226,1.9739366259641526,0.0
8,440,123.24448182319861,114.45132193038472,2.6221266543402706,1.7113899821842642,0.0
8,441,123.50946247586973,114.62871924666143,2.67748639908144,1.8365563433497325,0.0
8,442,123.77882775590263,114.81506970880065,2.709819201577119,1.8904528994346377,0.0
8,443,124.03590553665623,115.00810285724128,2.4317364134957344,1.970210069378128,0.0
8,444,124.27286671387219,115.19343311616927,2.307487130824512,1.7363951091818493,0.0
8,445,124.51584692757052,115.36673253696051,2.5521171431421212,1.7295933066427471,0.0
8,446,124.76930521380962,115.53979295216368,2.5170485816389103,1.7316149974208743,0.0
8,447,125.02639307288786,115.71107557585998,2.6247085999264375,1.6940374765047066,0.0
8,448,125.2824746445275,115.86705802407079,2.4969228328670123,1.425611487711028,0.0
8,449,125.51949986553262,116.01370939463402,2.2435815872359353,1.5074159235530402,0.0
8,450,125.72931255612593,116.17460061131231,1.9526722246303354,1.710408410012544,0.0
8,451,125.91162825546968,116.33706790612587,1.693641762244221,1.5389374862581988,0.0
8,452,126.08892831978619,116.47619996515965,1.8523595240868378,1.2437036944177642,0.0
8,453,126.28198948896414,116.58770946231317,2.0088638594730703,0.9864862486518824,0.0
8,454,126.47270815509467,116.6944887108802,1.8055094631383266,1.1490987226887546,0.0
8,455,126.65298948965523,116.81143545737348,1.800117228073935,1.1898362071763255,0.0
8,456,126.84686639205131,116.94116219820353,2.077420819847532,1.404698609424079,0.0
8,457,127.06230567003905,117.09160417666095,2.2313647399070256,1.6041409597241802,0.0
8,458,127.28491634387365,117.25860190022689,2.2208487367842444,1.735813511594591,0.0
8,459,127.49521442991016,117.4375277134294,1.985112983947312,1.84270275245584,0.0
8,460,127.70572979535893,117.608737804155,2.2251943250288644,1.5814990620556593,0.0
8,461,127.92297953654946,117.76361579887907,2.1198004987820145,1.5160608324258007,0.0
8,462,128.12898076683723,117.90841454970223,2.0002241069740467,1.3799141840365596,0.0
8,463,128.34211032424815,118.05469490371064,2.2623670412453745,1.5456928961319676,0.0
8,464,128.58113971043065,118.21589633172948,2.5182206824036992,1.6783356642448384,0.0
8,465,128.8309358868832,118.38757944961463,2.4777028466481337,1.7553266934575822,0.0
8,466,129.0846317428053,118.55389238238439,2.5962142717933094,1.5709319619373687,0.0
8,467,129.33811928272195,118.70773593197907,2.4735365265407996,1.505939029956476,0.0
8,468,129.57517066188018,118.84550876050861,2.2674910566248965,1.2495175406335273,0.0
8,469,129.81408391244094,118.95771546577112,2.5107739545900323,0.9946165646166687,0.0
8,470,130.06103494768172,119.0667933822582,2.4282467502264247,1.1869417651252494,3.0
8,471,130.29226929700087,119.20696190573466,2.196440236156791,1.6164287044028773,3.0
8,472,130.51721783091023,119.37546065139293,2.302530442031488,1.7535462087619758,0.0
8,473,130.74559656927272,119.54180482649946,2.265044325218348,1.5733372933678016,0.0
8,474,130.96539633491864,119.69714289576763,2.130950987700688,1.53342409199547,0.0
8,475,131.17218720786468,119.85925515773397,2.0048664712209003,1.7088211473314479,0.0
8,476,131.38017434097026,120.02062494196315,2.1548761908911818,1.5185745372518697,0.0
8,477,131.58674912361175,120.15988245530201,1.97661946194002,1.266575729524786,0.0
8,478,131.7712995685631,120.30357943754342,1.7143894370881618,1.6073639153033916,3.0
8,479,131.94294917394132,120.46733960802021,1.7186026704751054,1.667839494232597,0.0
8,480,132.1223442138555,120.6367385604284,1.8692981278086105,1.7201395539312747,0.0
8,481,132.30230035965735,120.797290985443,1.7298247882281785,1.4909089463615528,0.0
8,482,132.48823718803897,120.94555148994544,1.9889117794049405,1.4743011436877342,0.0
8,483,132.66553222208768,121.11640282174397,1.5569889015681326,1.9427254922836177,3.0
8,484,132.80843108689538,121.31614428299241,1.3009883945870904,2.05210373268521,0.0
8,485,132.92814779887556,121.51263653319,1.0933458450157207,1.8777412712666628,0.0
8,486,133.0294435644517,121.6887864212689,0.932569466506612,1.645256490310798,0.0
8,487,133.121493216668,121.84875438976445,0.9084235778200984,1.5541028796003307,0.0
8,488,133.200708976601,122.00745891776546,0.6758916208400851,1.6199876804191007,0.0
8,489,133.2754746942354,122.16599988029225,0.8194227318479648,1.550831570116518,0.0
8,490,133.35637012112335,122.3203186021558,0.7984858059111932,1.535542867154323,0.0
8,491,133.4293193495365,122.47362852089259,0.6604987623527858,1.530655507581713,0.0
8,492,133.48588440627753,122.61811523772525,0.4708023724671673,1.359078829071306,0.0
8,493,133.5444143039682,122.75490231477323,0.6997955813467538,1.3766627118875778,0.0
8,494,133.6153932758188,122.88320089996546,0.7197838556645699,1.1893089919566702,0.0
8,495,133.68687055858777,122.99849750900768,0.7097617997160359,1.1166231888871394,0.0
8,496,133.76308215232166,123.1232960251462,0.8144700749602247,1.379347133884103,0.0
8,497,133.83571467464742,123.2594120284129,0.6381803715549488,1.3429729314504897,0.0
8,498,133.88756093079462,123.3972203003982,0.39874475138877763,1.413192508255941,0.0
8,499,133.9354866542866,123.52464900191939,0.5597697184497292,1.135381522168382,0.0
8,500,133.9848757764321,123.6449771433941,0.42801272446001803,1.2711813073264402,0.0
8,501,134.01450183153418,123.7716465065073,0.16450837758038972,1.2622059549385742,0.0
8,502,134.01618148257842,123.9084994890294,-0.1309153566971606,1.4748536955042706,0.0
8,503,133.9968977149673,124.04173213147209,-0.25475999552686446,1.1897991533504406,0.0
8,504,133.97755752683918,124.1636476880193,-0.1320437670365031,1.248511977594159,0.0
8,505,133.95083582273162,124.27550687472774,-0.40239031511571355,0.9886717565750356,0.0
8,506,133.91404527374948,124.3600459615659,-0.3334206645287381,0.7021099801885207,0.0
8,507,133.87923580093786,124.42414686063194,-0.36276879170451615,0.5799080011329458,0.0
8,508,133.84872896720447,124.47298614336347,-0.24736788296365297,0.3968776534982368,0.0
8,509,133.82291709377148,124.52074463100445,-0.26886958569582475,0.558292099322454,0.0
8,510,133.80756921303384,124.57074361773357,-0.038088029058545914,0.4416876352609638,0.0
8,511,133.81433181485966,124.6179829574022,0.17334006557400805,0.5030991581128816,0.0
8,512,133.83608961816515,124.66259553031199,0.26181600053549836,0.38915230008329615,0.0
8,513,133.86650442495431,124.68730357365251,0.3464801352476439,0.10500856672777559,0.0
8,514,133.8992066434189,124.68323175029974,0.30756423404239364,-0.18644503378260424,0.0
8,515,133.94386592013848,124.65211015653932,0.5856213003480892,-0.43598684142443034,0.0
8,516,134.00316679165542,124.60534008813926,0.6003961299898979,-0.4994145265756753,0.0
8,517,134.06527519082317,124.56357978297916,0.6417718533651566,-0.3357915766257502,0.0
8,518,134.13666287970466,124.52152150658583,0.7859819242631403,-0.5053739512404221,0.0
8,519,134.2022588314734,124.47969617579935,0.5259371111111371,-0.3311326644886581,0.0
8,520,134.25271655465747,124.45743404191381,0.4832173525690635,-0.11411001322159287,0.0
8,521,134.2984557239746,124.4399286217348,0.43156603377333624,-0.23599839035771808,0.0
8,522,134.3268985208474,124.42835866749635,0.13728990368206517,0.004599305589794156,0.0
8,523,134.32961986142197,124.4274122817439,-0.0828630921915039,-0.023527020638008267,0.0
8,524,134.33136598226872,124.42759528613828,0.11778550912637975,0.02718710852628803,0.0
8,525,134.32877807477325,124.44323881418597,-0.16954365903682067,0.2856834524277758,0.0
8,526,134.31577445410028,124.47449370183273,-0.09052875442362485,0.3394143005078121,0.0
8,527,134.31146311182124,124.49764975662788,0.004301908841393143,0.1237067953962665,0.0
8,528,134.3247679312983,124.51791063378562,0.26179448069971656,0.2815107477596861,0.0
8,529,134.36530013284414,124.54914758478299,0.5488495502166924,0.34322827218873364,0.0
8,530,134.4093531568035,124.5782361255446,0.3322109289689621,0.23854254304421296,0.0
8,531,134.43620101324416,124.59470650006386,0.2047461998426101,0.0908649473421761,0.0
8,532,134.45076578925307,124.59980279054088,0.08654932033447693,0.011060862199325783,0.0
8,533,134.47254775932822,124.6132793376438,0.3490900811675406,0.25847007985969483,0.0
8,534,134.5016155630227,124.63854168742847,0.23226599272106618,0.2467769158341646,0.0
8,535,134.52759952673136,124.65492048027198,0.2874132814504353,0.08079894103734375,0.0
8,536,134.5572136044325,124.66767884919551,0.3048682725714791,0.17436843743438146,0.0
8,537,134.58320038999864,124.68788020666773,0.21486743875134273,0.22965871201088284,0.0
8,538,134.59893496496898,124.70244501357473,0.09982406065524252,0.06163742613045642,0.0
8,539,134.60925619088096,124.69538007961444,0.10660045758461578,-0.20293610533554407,0.0
8,540,134.60603876467803,124.66402732782768,-0.17094898164414118,-0.42411893039870563,0.0
8,541,134.59152121513137,124.60927623192617,-0.11940200929053901,-0.6709029876304289,0.0
8,542,134.56484297977215,124.53635957812475,-0.4141626978935058,-0.7874300883976098,0.0
8,543,134.53428270076586,124.46668842215388,-0.197042882233319,-0.6059930310186488,0.0
8,544,134.50004582455597,124.39943539169019,-0.4876946419642323,-0.7390675782546001,0.0
8,545,134.44016684455733,124.3319954328478,-0.70988495800988,-0.6097315985918659,0.0
8,546,134.3840566045934,124.28185029873032,-0.41231984126851984,-0.39317108375711207,0.0
8,547,134.33788043120558,124.23818718537291,-0.5112036264900137,-0.48009118339061807,0.0
8,548,134.28677656472678,124.19034705785577,-0.510873703086844,-0.47671136695087135,0.0
8,549,134.22244915270358,124.14446786301124,-0.7756745373773501,-0.44087252993914916,0.0
8,550,134.15020836001293,124.11173081991018,-0.669141316435482,-0.2138683320810859,0.0
8,551,134.07364398230573,124.0805475332773,-0.8621462377101903,-0.4097974005756111,0.0
8,552,133.97685211037458,124.03310591952186,-1.0736912009131263,-0.5390348745325984,0.0
8,553,133.87178170104835,123.9901995766495,-1.027716985612395,-0.3190919829133385,0.0
8,554,133.7726803326127,123.97237134196837,-0.9543103831001236,-0.03747271070855618,0.0
8,555,133.68614625451937,123.96197394168655,-0.776371178767258,-0.17047529492672986,0.0
8,556,133.60690893780713,123.93548744111968,-0.8083751554774921,-0.35925471641009565,0.0
8,557,133.5305603840958,123.8940391297104,-0.7185959187496049,-0.4697115117750119,0.0
8,558,133.4485936146816,123.86035496182217,-0.9207394695339328,-0.20397184598854778,0.0
8,559,133.35790606080923,123.85419464938855,-0.8930116079140014,0.08076559731668276,0.0
8,560,133.26856772515112,123.86110305049829,-0.8937551052500989,0.057402424879381186,0.0
8,561,133.16868361509557,123.87202134962246,-1.1039270958608363,0.16096355760460845,0.0
8,562,133.06714817532918,123.87652326785064,-0.926781699467913,-0.07092519304038802,0.0
8,563,132.98069334096158,123.85544522723973,-0.8023149878858984,-0.35063561917701236,0.0
8,564,132.89739859681197,123.82306632815079,-0.8635798951073053,-0.296942362600614,0.0
8,565,132.81074651912525,123.78951400064113,-0.8694616586277775,-0.37410418759175634,0.0
8,566,132.7244687568126,123.76620199203046,-0.8560935876270594,-0.09213598462074835,0.0
8,567,132.64176276640308,123.76425780561738,-0.7980262205641893,0.05325225635937336,0.0
8,568,132.57347270902937,123.76594356416751,-0.5677749269109746,-0.01953708535616272,0.0
8,569,132.51255525320107,123.77088752111712,-0.6505741896554529,0.1184162243488256,0.0
8,570,132.4430703417387,123.77573089941586,-0.7391240395919407,-0.021548658372577023,0.0
8,571,132.35658095948554,123.76984962892448,-0.9906636054728324,-0.09607675145451289,0.0
8,572,132.24572046111246,123.74854012938198,-1.2265463619904171,-0.33011323939464354,0.0
8,573,132.11335839336584,123.70123996552257,-1.42069499294257,-0.6158900377931644,0.0
8,574,131.97656909700083,123.64282971031389,-1.3150909343586257,-0.5523150663792773,0.0
8,575,131.85871625358868,123.58618319268038,-1.0419659338851073,-0.5806152862898823,0.0
8,576,131.74858969090417,123.52144675760258,-1.16056531980691,-0.7141134152650483,0.0
8,577,131.6473806966378,123.459049239428,-0.8636145655216989,-0.5338369482251384,0.0
8,578,131.57304567044275,123.4142775746717,-0.6230859583799688,-0.3615963468999901,0.0
8,579,131.50679266898703,123.39273000866609,-0.7019740707357158,-0.06935497321172157,0.0
8,580,131.43270272455743,123.38458542005947,-0.779824817857607,-0.09353679892048028,0.0
8,581,131.34206137207195,123.38514246386757,-1.0330022318532457,0.10467767508349368,0.0
8,582,131.2366440859779,123.38121286666649,-1.0753434900285583,-0.18326961910396022,0.0
8,583,131.1341180955858,123.36848117115693,-0.9751763178146451,-0.07136429108598819,0.0
8,584,131.043179001177,123.35990791154205,-0.8436055703624223,-0.10010090121112292,0.0
8,585,130.95502292834715,123.34796527284942,-0.9195158862359527,-0.13875187264011757,0.0
8,586,130.87493680223838,123.32369829654198,-0.6822066359407497,-0.34658765350815735,0.0
8,587,130.80903917049716,123.27686322166556,-0.6357459988854437,-0.5901138440189495,0.0
8,588,130.75416665755063,123.21441590073618,-0.4617042600457868,-0.6588325745683612,0.0
8,589,130.71280188652793,123.13623985220397,-0.36559116040976036,-0.9046883960748566,0.0
8,590,130.67943173886863,123.05653673608651,-0.30181179277756165,-0.6893739262734773,0.0
8,591,130.6350110728373,122.9891170644845,-0.5866015278494441,-0.659019505765654,0.0
8,592,130.56459956262643,122.91896089460249,-0.8216286763696594,-0.7441038918733494,0.0
8,593,130.47626319201675,122.85816538632616,-0.9450987358238532,-0.4718062736519748,0.0
8,594,130.37971835977123,122.8222300538942,-0.9857979090883369,-0.2469003749865255,0.0
8,595,130.28435015177774,122.78780998440874,-0.9215662507828544,-0.44150101472146375,0.0
8,596,130.20322305601587,122.74041011763092,-0.7009756644554628,-0.5064963208341435,0.0
8,597,130.13846531551098,122.68750146193315,-0.5941791456440022,-0.5516767931207376,0.0
8,598,130.08098815687572,122.63244348576808,-0.555364027061378,-0.5494827301796903,0.0
8,599,130.0167420897801,122.57047861541082,-0.7295573148517729,-0.6898146769643017,0.0
8,600,129.9293953368517,122.51473257680425,-1.0173777437169385,-0.4251060951664609,0.0
8,601,129.83330230916727,122.48085122211666,-0.9044828099724285,-0.25252099858480825,0.0
8,602,129.73719907788586,122.44787619158615,-1.0175818156558165,-0.40697961202412536,0.0
8,603,129.63086521679998,122.42054968974713,-1.1090954060627922,-0.1395504247549315,0.0
8,604,129.50699973655935,122.41207846363028,-1.3682141987510352,-0.029874097581675585,0.0
8,605,129.37241136853618,122.40043251712405,-1.3235531617124767,-0.20304483254170513,0.0
8,606,129.23655834085992,122.3912398301274,-1.3935073918141416,0.01919109261010199,0.0
8,607,129.09827809527224,122.3854647383356,-1.3720975199400662,-0.13469292844581382,0.0
8,608,128.97492462062655,122.36443429916972,-1.094971972973486,-0.28591585487155946,0.0
8,609,128.86808844395205,122.33733564242618,-1.0417515605180565,-0.2560572799982417,0.0
8,610,128.75166116369792,122.30186483904777,-1.286794044565088,-0.4533587875692078,0.0
8,611,128.6354746450943,122.25751042544317,-1.0369363275073056,-0.4337294845218942,0.0
8,612,128.52903814694878,122.22545470543781,-1.0917936354045956,-0.20738491558497607,0.0
8,613,128.4179508292318,122.2177965923454,-1.129952718935698,0.05422265373700519,0.0
8,614,128.30711123095045,122.23761310894446,-1.0868392466932235,0.34210767824560584,0.0
8,615,128.2120252009331,122.28469780042138,-0.8148813536545116,0.5995861512940301,0.0
8,616,128.12531115467198,122.35916019334957,-0.9193995715695724,0.8896617072709638,0.0
8,617,128.03977513502662,122.44259833364396,-0.7913208213377203,0.7791010986171525,0.0
8,618,127.94922963129193,122.53531696809756,-1.0195892533573403,1.0752715904558805,0.0
8,619,127.8454461901805,122.64104722483512,-1.0560795688727875,1.0393335442956015,0.0
8,620,127.73045239857083,122.75479581467641,-1.2437962633203572,1.2356382525314018,0.0
8,621,127.60577553269877,122.87564674407844,-1.2497410541224543,1.1813803355097932,0.0
8,622,127.4696906553097,123.00425042792585,-1.4719564936596488,1.3906933414396203,0.0
8,623,127.31875300136664,123.15420819293456,-1.5467965852020722,1.6084619587354343,0.0
8,624,127.17539192448464,123.3120310680581,-1.3204249524393852,1.5479955437373132,0.0
8,625,127.0362884612066,123.45489086716327,-1.4616443131224628,1.3092004383660143,0.0
8,626,126.8869924478621,123.59086830436081,-1.5242759537682709,1.4103483055844563,0.0
8,627,126.73555074459307,123.73278022802913,-1.504558111612269,1.427890167783632,0.0
8,628,126.58092861245552,123.86742289624749,-1.5878845311401104,1.2649631965836061,0.0
8,629,126.40843247956605,123.9949704676817,-1.8620381266513553,1.2859882321020155,0.0
8,630,126.23035313795287,124.13670707280971,-1.6995487056122895,1.5487438704597203,0.0
8,631,126.05797018395424,124.30196728559258,-1.7481103743606656,1.7564603851992011,0.0
8,632,125.88054949730451,124.48671282374596,-1.8003033586343102,1.9384503778690823,0.0
8,633,125.70495039342893,124.66800948468426,-1.7116787188773976,1.6874828408981388,0.0
8,634,125.5247470663918,124.82186041120451,-1.8923878218670271,1.389535689506726,0.0
8,635,125.34293421722248,124.96085669460308,-1.7438691615198394,1.390389978465059,0.0
8,636,125.17260836168316,125.10059490277149,-1.6626479492665656,1.4043741849048192,0.0
8,637,124.99423490304991,125.2370886942847,-1.9048212233981054,1.325501645359875,0.0
8,638,124.80249229309459,125.35796528962749,-1.9300309757097969,1.09203026149582,0.0
8,639,124.60150022571167,125.47627645550301,-2.089810371949837,1.2741930560158519,0.0
8,640,124.4039303799459,125.59228779254693,-1.861586543366876,1.0460336848642093,0.0
8,641,124.21514800392845,125.70117012016374,-1.9140609769831114,1.131612867473514,0.0
8,642,124.0202743204369,125.82777903201372,-1.9834126928482174,1.4005653695275129,0.0
8,643,123.8304097806514,125.97847649781306,-1.813878102862307,1.613383946459594,0.0
8,644,123.64264310111162,126.12520747394012,-1.9414554879338715,1.321235576082005,0.0
8,645,123.45864208018531,126.2504195829199,-1.7385649305925845,1.1830066035137126,0.0
8,646,123.27715175056062,126.36908140113871,-1.8912416619029884,1.1902297608622217,0.0
8,647,123.07591593683469,126.48168017213357,-2.1334746126156183,1.0617456590345267,0.0
8,648,122.86499382377599,126.58752436498185,-2.084967648558817,1.0551381979311962,0.0
8,649,122.66526063370475,126.70668098595968,-1.9096961528675864,1.32799422162579,0.0
8,650,122.48497271230849,126.8283599555192,-1.696062275057268,1.1055851695646428,0.0
8,651,122.3110284794559,126.92856525308866,-1.782822381996298,0.8985207818259244,0.0
8,652,122.14109610161881,127.01517598629107,-1.6158251747468686,0.8336938822218833,0.0
8,653,121.97054083472915,127.0863426898934,-1.7952801630466126,0.5896401898263885,0.0
8,654,121.784110211354,127.13573634157365,-1.9333323044563988,0.39823284377943935,0.0
8,655,121.59714729058112,127.17386656979284,-1.805926111001816,0.3643717206042023,0.0
8,656,121.42074367171585,127.20186582241433,-1.7221462663038025,0.19561333182617524,0.0
8,657,121.23560055497205,127.2143200532488,-1.9807160685726277,0.053471284862881774,0.0
8,658,121.02314765081962,127.22540345862888,-2.268342014475702,0.16819682274021908,0.0
8,659,120.80967674348221,127.25084908423844,-2.0010761322731536,0.3407156894518266,0.0
8,660,120.6012995394866,127.28651938296139,-2.1664679476390463,0.37269028500881873,0.0
8,661,120.3923332672033,127.33498319745422,-2.012857498027512,0.5965860048496321,0.0
8,662,120.18577728210232,127.4020870046545,-2.118262203991785,0.7454901391570807,0.0
8,663,119.97256359410835,127.49029514789788,-2.146011555888265,1.0186727257121806,0.0
8,664,119.74387088322283,127.60097913026198,-2.427842661823618,1.1950069215709949,0.0
8,665,119.50204611994798,127.71582192258018,-2.4086526036742004,1.1018489247932788,0.0
8,666,119.26063036717778,127.83880172576278,-2.419662451729393,1.3577471388584836,0.0
8,667,119.01695780543514,127.96614637702419,-2.453788783123935,1.189145886369639,0.0
8,668,118.78403026588273,128.065317318128,-2.2047620079240637,0.794272935707605,-5.0
8,669,118.58082967256689,128.12262473900637,-1.8592498583911397,0.3518754818593326,-5.0
8,670,118.40153265291076,128.1723402404167,-1.7266905347296984,0.6424345463459105,0.0
8,671,118.21898735791694,128.23516833433666,-1.924215365145991,0.6141273320523766,0.0
8,672,118.0647680892672,128.27307536303715,-1.1601700078506498,0.14401324195711673,-5.0
8,673,117.97320829189789,128.25963867900725,-0.6710259395360136,-0.4127469225541951,-5.0
8,674,117.90987223911031,128.2244418616159,-0.5956951162152366,-0.29118942527411473,0.0
8,675,117.85271826009432,128.18871378963036,-0.547384464103132,-0.4233720144370281,0.0
8,676,117.80632332554774,128.15051820974452,-0.3805142268284225,-0.340539583280254,0.0
8,677,117.77285892516056,128.13061709122974,-0.2887737809145614,-0.05748278701625065,0.0
8,678,117.75222115100621,128.1285582227514,-0.12398170217203308,0.016305417449176574,0.0
8,679,117.74388515700116,128.1406330938222,-0.042738177929244614,0.22519200396581773,0.0
8,680,117.73868227363744,128.16824954572405,-0.06131948934447795,0.3271370340716677,0.0
8,681,117.72360806643883,128.20978574727212,-0.24016465462618708,0.5035869968881403,0.0
8,682,117.69532054677097,128.26134682960492,-0.325585738730636,0.5276346497675011,0.0
8,683,117.66142981900282,128.32649334344353,-0.3522288166323193,0.7752956270044287,0.0
8,684,117.61800661364998,128.40792711598078,-0.5162352904236878,0.8533798237410437,0.0
8,685,117.60182652196329,128.4830495092275,0.1926334566913539,0.6490680411919936,-5.0
8,686,117.61704415022223,128.55473781028286,0.11171910848676525,0.7846979799160874,0.0
8,687,117.61897598189648,128.61925126047367,-0.07308247500276277,0.5055710239019149,0.0
8,688,117.6069663564233,128.6678459792895,-0.1671100344619445,0.46632335241495326,0.0
8,689,117.60217934380023,128.7104889634163,0.07136978200014088,0.3865363301218778,0.0
8,690,117.61457755838808,128.73646268252992,0.17659450975710733,0.1329380521520882,0.0
8,691,117.63165463013843,128.75164809863827,0.16494692524961696,0.1707702700155691,0.0
8,692,117.6376365026722,128.75488871961159,-0.04530947457494161,-0.10595785054938922,0.0
8,693,117.62569015517795,128.74977589172863,-0.19361747531051243,0.003701292890212926,0.0
8,694,117.59228225910351,128.74389601271116,-0.4745404461781373,-0.12129887323953703,0.0
8,695,117.53843419972577,128.7168107331454,-0.6024207413768501,-0.4204067180741822,0.0
8,696,117.4694213467235,128.66911067324008,-0.7778363186705484,-0.5335944800306303,0.0
8,697,117.39976861447428,128.60938709588152,-0.6152183263149151,-0.660877067139026,0.0
8,698,117.329242842741,128.54972623618949,-0.79529710835138,-0.5323401267005439,0.0
8,699,117.23610244740121,128.5007874515543,-1.0675107984452437,-0.4464355660016128,0.0
8,700,117.14237601626087,128.4547445170016,-0.8070178243632364,-0.47442312505239936,0.0
8,701,117.04893717589141,128.39502760185655,-1.0617589830256726,-0.719915177846338,0.0
8,702,116.93094459642782,128.32169897660287,-1.2980926062466391,-0.7466573272263126,0.0
8,703,116.81514448581322,128.20955678168707,-1.0179096060448494,-1.4961865710884084,-5.0
8,704,116.72025581240905,128.0486408539291,-0.8798638620391293,-1.7221319840705203,0.0
8,705,116.62826215422751,127.86904593704298,-0.9600093015906292,-1.8697663536513822,0.0
8,706,116.52863807288179,127.68658025567333,-1.0324723253248091,-1.7795472737417857,0.0
8,707,116.43022722321678,127.50556255550384,-0.9357446679760031,-1.840806729648433,0.0
8,708,116.33977361101222,127.32810905669078,-0.8733275761143702,-1.7082632466126526,0.0
8,709,116.2458436765844,127.15750202602032,-1.0052711124422187,-1.7038773667959095,0.0
8,710,116.14130224450378,126.98997328371502,-1.0855575291710897,-1.64669747931082,0.0
8,711,116.02023895651007,126.8148333194282,-1.3357082307038377,-1.856101806425757,0.0
8,712,115.89593927526187,126.6201111925551,-1.1502853942594635,-2.038340731036497,0.0
8,713,115.77375534111627,126.41432575588692,-1.2933932886529806,-2.0773680023262475,0.0
8,714,115.63433309467553,126.20132233468496,-1.4950516401628384,-2.182700421712674,0.0
8,715,115.47874846818002,125.98549879495408,-1.6166408897462015,-2.133770372905996,0.0
8,716,115.32604385650018,125.76264411732097,-1.4374513438497383,-2.323323179756118,0.0
8,717,115.19193265087142,125.52266588072916,-1.2447727687242098,-2.476241552080655,0.0
8,718,115.05769316247881,125.27411701268727,-1.4400169991274776,-2.494735808757932,0.0
8,719,114.92675121164075,125.01383861982822,-1.178822017634129,-2.7108320484225725,0.0
8,720,114.79592615086278,124.74799203179191,-1.4376791979251209,-2.606099712303884,0.0
8,721,114.65014200459382,124.49818878194685,-1.4780037274541353,-2.38996528459705,0.0
8,722,114.51294145364136,124.25655104550856,-1.2660072915947964,-2.4427894441679356,0.0
8,723,114.39212152309415,124.00876198961237,-1.1503913193500033,-2.512991673756222,0.0
8,724,114.26676462709054,123.76066609485986,-1.3567466007231,-2.4489262212943537,0.0
8,725,114.13630226444252,123.52765327768873,-1.252500652236848,-2.2113301221278654,0.0
8,726,114.00942887056829,123.32052779023354,-1.2849672252484705,-1.9311796269767143,0.0
8,727,113.8935903563846,123.13562141848615,-1.0318030584246651,-1.766947807971702,0.0
8,728,113.77950721233321,122.96231552040979,-1.2498598226036357,-1.6991701535557162,0.0
8,729,113.64814995493737,122.80688281274422,-1.3772853253121742,-1.4094839997549045,0.0
8,730,113.52456873684366,122.66834269923675,-1.0943390365616592,-1.3613182703944684,0.0
8,731,113.42813549073492,122.52308771168975,-0.8343258856139713,-1.5437814805455385,0.0
8,732,113.34053005117414,122.35566336893919,-0.9177829056018281,-1.8047053744656907,0.0
8,733,113.23436466504597,122.16891070041049,-1.20552481696037,-1.9303479961081838,0.0
8,734,113.10720289228448,121.97823179633917,-1.3377106382703001,-1.883230085319207,0.0
8,735,112.9724384753813,121.78546503323321,-1.3575776997927802,-1.972105176800186,0.0
8,736,112.82377475786359,121.59224347950772,-1.61569665056152,-1.8923258977106485,0.0
8,737,112.65941769165136,121.40467851839071,-1.6714446736822923,-1.8589733246296216,0.0
8,738,112.49398429674409,121.20396738293562,-1.6372232244626845,-2.1552493844723895,0.0
8,739,112.3368746016821,121.0007401011535,-1.5049706767766908,-1.909296251169156,0.0
8,740,112.18286104822778,120.80791231516946,-1.5753003923089048,-1.9472594685107616,0.0
8,741,112.0195064849645,120.61712838372682,-1.6917908729565188,-1.868419160341542,0.0
8,742,111.85520439893332,120.44095950405926,-1.5942508476659967,-1.6549584330091953,0.0
8,743,111.70158428717639,120.27144552032439,-1.4781513874724883,-1.7353212416878083,0.0
8,744,111.54275156242966,120.09530520267663,-1.698503107462848,-1.7874851112684471,0.0
8,745,111.38453025429021,119.92698547816815,-1.4659230553262521,-1.5789093789009208,0.0
8,746,111.25199011481789,119.75943980241573,-1.184879734119817,-1.7720041361478511,0.0
8,747,111.12251577434313,119.5689924056951,-1.4046070753747557,-2.0369437982653587,0.0
8,748,110.98815463321114,119.38006709033709,-1.282615747264197,-1.7415625088938853,0.0
8,749,110.85736256914572,119.2130544205803,-1.3332255340446126,-1.5986908862427764,0.0
8,750,110.7390118102985,119.05257213238269,-1.033789642899806,-1.6109548777106717,0.0
8,751,110.6237114736042,118.89616110097847,-1.2722170909867323,-1.517265750374884,0.0
8,752,110.50478782613095,118.75305189998551,-1.106255858478411,-1.3449182694834452,0.0
8,753,110.39514417190446,118.61343750282504,-1.0866172260511462,-1.447369673726616,0.0
8,754,110.28026864521712,118.4724729316124,-1.2108933076953434,-1.3719217505260701,0.0
8,755,110.17356816412598,118.3430734902795,-0.9231163141279524,-1.2160670761316705,0.0
8,756,110.06894077872357,118.22615356942458,-1.1694313939209016,-1.12233134096617,0.0
8,757,109.95872290924228,118.11412719179452,-1.0349259957036914,-1.1181962116344941,0.0
8,758,109.86394529677568,118.00111377284713,-0.8606262536284035,-1.1420721673133123,0.0
8,759,109.77866763490283,117.88109763138198,-0.844926983829585,-1.2582506619895444,0.0
8,760,109.68820325641593,117.76567301716773,-0.9643605859090076,-1.0502416222957933,0.0
8,761,109.60366612137852,117.65979396756904,-0.7263821148393088,-1.0673393696771107,0.0
8,762,109.52473286730594,117.538403113821,-0.8522829666129823,-1.3604777052848736,0.0
8,763,109.42700242655621,117.40874851757633,-1.102325848381681,-1.232614219609136,0.0
8,764,109.31873635882312,117.27667075285217,-1.0629955062805854,-1.4089410748730486,0.0
8,765,109.22128884691926,117.1293676708957,-0.8859547317964269,-1.5371205642558436,0.0
8,766,109.14266082143126,116.97276599654242,-0.6866057779642407,-1.5949129228099288,0.0
8,767,109.0620937249239,116.8166253830284,-0.9247361521832538,-1.5278993474699174,0.0
8,768,108.97420986699501,116.66003180243285,-0.8329410063953189,-1.6039722644401913,0.0
8,769,108.88321540492973,116.50781659499364,-0.9869482349099163,-1.4403318843430775,0.0
8,770,108.79380672579032,116.36127281590655,-0.801225347877808,-1.4905436973992963,0.0
8,771,108.7214451841694,116.20779608302064,-0.6460054845409378,-1.578990960319551,0.0
8,772,108.66039468905922,116.05326252221721,-0.5750044176636377,-1.5116802557484679,0.0
8,773,108.59898174691443,115.90304384981607,-0.6532544252326469,-1.492693192274258,0.0
8,774,108.54214396981422,115.75390204930954,-0.4835011167723673,-1.490142817857354,0.0
8,775,108.4846528862953,115.59088133782689,-0.6663205536060204,-1.7702714117948943,0.0
8,776,108.42805843748283,115.40439062630855,-0.4655684226440835,-1.9595428185712898,0.0
8,777,108.37568099220061,115.21794017772561,-0.581980483001205,-1.7694661530873237,0.0
8,778,108.30961277085248,115.02943735281838,-0.7393839439605792,-2.000590345057427,0.0
8,779,108.24539393017972,114.83490833937663,-0.5449928694941937,-1.8899899237787992,0.0
8,780,108.1789228576406,114.63270282256303,-0.7844285812884841,-2.1541204124929383,0.0
8,781,108.11441995392136,114.42429882271995,-0.505629493095773,-2.0139595843679015,0.0
8,782,108.06721111339243,114.22293821133019,-0.4385473174820991,-2.0132526434266325,0.0
8,783,108.03121102593775,114.03217050768762,-0.2814544316123406,-1.802101429425461,0.0
8,784,107.99282244604206,113.84527807206996,-0.4863171663014656,-1.9357472829269078,0.0
8,785,107.93420975638071,113.66116484333611,-0.6859366269258169,-1.7465172917501075,0.0
8,786,107.86468931562626,113.47782602676818,-0.7044721881627769,-1.9202590396086787,0.0
8,787,107.78641434414817,113.2927098733237,-0.8610272414000386,-1.7820640292807717,0.0
8,788,107.70470287923104,113.11750680307557,-0.7732020569434361,-1.7219973756816103,0.0
8,789,107.62863946029427,112.93222792664858,-0.7480663217911916,-1.983580152857396,0.0
8,790,107.55883794567569,112.72380572037059,-0.6479639705799185,-2.1848639727031376,0.0
8,791,107.4958138808471,112.5137267438248,-0.6125173259929868,-2.016715558213148,0.0
8,792,107.44141709606913,112.30794421857286,-0.4754183695663219,-2.098934946825997,0.0
8,793,107.39360094078017,112.11036225676753,-0.48090473621321017,-1.8527042892798544,0.0
8,794,107.33361501269155,111.92367180639405,-0.7188138255602201,-1.8811047181891247,0.0
8,795,107.27040953439678,111.72269669206696,-0.5452957403345211,-2.138397568352703,0.0
8,796,107.21539033027716,111.50191050297792,-0.555088342058351,-2.27732621342874,0.0
8,797,107.16665276829974,111.28110576299775,-0.4196628974908734,-2.138768586173958,0.0
8,798,107.13139977996673,111.074905401666,-0.2853968691698441,-1.9852386404610396,0.0
8,799,107.10161925672901,110.87082189133628,-0.3102135955851928,-2.0964315661327007,0.0
8,800,107.08340079464915,110.66104470960147,-0.054155646012996606,-2.099112068564491,0.0
8,801,107.08127094603799,110.46245501349313,0.01155867378965958,-1.872681853602021,0.0
8,802,107.08644840470697,110.26289434968112,0.09199049958954664,-2.118531422637167,0.0
8,803,107.10328774548861,110.04334813152525,0.24479631604256546,-2.2723929404810654,0.0
8,804,107.1304202882817,109.81990032901342,0.29785453981933063,-2.1965631097558784,0.0
8,805,107.17012539173356,109.59072395931094,0.4962475292177384,-2.386964284293505,0.0
8,806,107.21482276525865,109.3595278691788,0.3976999412833102,-2.23695751835014,0.0
8,807,107.25653114853571,109.13442347049806,0.43646772425863123,-2.2651304552647034,0.0
8,808,107.30495917262078,108.90133084917909,0.532092757442534,-2.3967219711143155,0.0
8,809,107.34800323934724,108.6475311774957,0.3287885770866463,-2.679271462552654,0.0
8,810,107.3844224533791,108.393470187748,0.39959570355037766,-2.4019483324014654,0.0
8,811,107.435655142737,108.15437630560166,0.6250580836086437,-2.379929310526345,0.0
8,812,107.50885723096007,107.92180437497439,0.8389836808521798,-2.27150930201854,0.0
8,813,107.5890623628137,107.69130049399439,0.7651189562213485,-2.3385683175814194,0.0
8,814,107.67431161257173,107.45944040018071,0.939866038939579,-2.298633558692522,0.0
8,815,107.77479398508729,107.23286153072456,1.0697814113707595,-2.232943830430189,0.0
8,816,107.89562540282441,106.99627423327843,1.3468469433718013,-2.4988021184923266,0.0
8,817,108.02446592267722,106.74632537361038,1.2299634536839674,-2.5001750748698175,0.0
8,818,108.13530967968859,106.49161573578272,0.9869116865442082,-2.5940176816827787,0.0
8,819,108.22207427315834,106.23569155022972,0.7483801828509238,-2.5244660293762315,0.0
8,820,108.30518950969577,105.99063582797407,0.9139245478967064,-2.376648415737053,0.0
8,821,108.3827008772106,105.7613535462184,0.6363028024002269,-2.2089972193754033,0.0
8,822,108.44659954958263,105.53401129913345,0.6416706450399108,-2.3378477223247316,0.0
8,823,108.50140732080683,105.30681603310461,0.4544847794449609,-2.2060575982524373,0.0
8,824,108.56034226603958,105.0902663638825,0.7242141252098993,-2.124935786188722,0.0
8,825,108.62734340167799,104.86480824727971,0.6158085875573969,-2.384226545866598,0.0
8,826,108.68105274526852,104.63757389803675,0.45837828425259364,-2.1604604389936313,0.0
8,827,108.71777615851704,104.41225577051603,0.2760899807172219,-2.3459021114207026,0.0
8,828,108.74609118286264,104.16452790291362,0.29021050619556377,-2.608655240628366,0.0
8,829,108.7653223162929,103.9064379440265,0.09441216241041417,-2.5531439371136226,0.0
8,830,108.78382299020666,103.6657399168372,0.2756013158654538,-2.2608166066715434,0.0
8,831,108.810709417829,103.42488621550285,0.26212723658239856,-2.556257420015708,0.0
8,832,108.82348016638605,103.17437675262295,-0.006712265440875775,-2.4539318375824593,0.0
8,833,108.80803330608956,102.93878794806608,-0.30222494048928983,-2.2578442535543157,0.0
8,834,108.78139868249286,102.71491950655536,-0.23046753144494314,-2.2195245766596035,0.0
8,835,108.74554008240545,102.49561130098675,-0.4867044703030503,-2.1666395347119423,0.0
8,836,108.68404876481361,102.28386808632865,-0.7431218815334972,-2.0682247584505795,0.0
8,837,108.5978919456926,102.09101943944563,-0.9800145008871128,-1.788748179210435,0.0
8,838,108.50923681506606,101.91964318039561,-0.7930881116426161,-1.6387770017889682,0.0
8,839,108.42424534037195,101.77020984276874,-0.906741382240452,-1.3498897507489076,0.0
8,840,108.34604479334234,101.62402545069472,-0.6572695583520627,-1.5737980907311346,0.0
8,841,108.27905606339493,101.46573586149634,-0.6825050405968494,-1.5919936932354588,0.0
8,842,108.22469115159129,101.30261298209552,-0.4047931954766142,-1.670463894782042,0.0
8,843,108.17766448486816,101.13769209107636,-0.5357401389859024,-1.6279539256014282,0.0
8,844,108.13467720392919,100.97830250835523,-0.3240054797938745,-1.5598377288216394,0.0
8,845,108.11617131088997,100.82611736051206,-0.04611238098936887,-1.48386522804266,0.0
8,846,108.11767591097669,100.67192240004965,0.076204382724252,-1.6000339812048967,0.0
8,847,108.12760846618744,100.50698599451925,0.12244672149096658,-1.6986941294029947,0.0
8,848,108.14884001927567,100.33581971968113,0.30218434027430163,-1.7246313673590663,0.0
8,849,108.19181008883095,100.1712024359548,0.5572170508304701,-1.5677143071677566,0.0
8,850,108.25436491809171,100.01581532316334,0.6938795343850828,-1.5400279486607378,0.0
8,851,108.32861575770801,99.87476672134505,0.791137257941366,-1.2809440877050404,0.0
8,852,108.42065291503434,99.7428940996981,1.049605888584333,-1.3565083452330153,0.0
8,853,108.5162135567748,99.61108995449808,0.8616069462256419,-1.27957455876708,0.0
8,854,108.60467980861006,99.46942997591691,0.9077180904797384,-1.553625012855779,0.0
8,855,108.70690006206507,99.30025330853539,1.1366869786208715,-1.8299083347750358,0.0
8,856,108.83214528708072,99.10819494911595,1.368217521691859,-2.011258853612963,0.0
8,857,108.95589533209761,98.91551849861105,1.1067833786462282,-1.8422701564838535,3.0
8,858,109.05590984049343,98.74148004104347,0.8935067892694164,-1.638498994866561,3.0
8,859,109.14163949197825,98.60491267058808,0.8210862404271806,-1.0928484142424137,3.0
8,860,109.19989347416788,98.49835943127732,0.3439934033664169,-1.0382163719742667,3.0
8,861,109.20822735083334,98.40149292869796,-0.17731587005838811,-0.8991136796131389,3.0
8,862,109.18203285770596,98.32092939179256,-0.3465739924887652,-0.7121570584939168,0.0
8,863,109.15117428587928,98.25593597290515,-0.2705974440459009,-0.5877113192540246,0.0
8,864,109.12072167143344,98.19965773771435,-0.33845484487184496,-0.5378533845616538,0.0
8,865,109.07419058967798,98.13408171849119,-0.5921667902379717,-0.773666999901069,0.0
8,866,109.00119511833861,98.0426681654227,-0.8677426365495418,-1.0546040614681758,0.0
8,867,108.90683738845087,97.93014619651115,-1.0194119612051145,-1.1958353167631603,0.0
8,868,108.818210138513,97.81443502607874,-0.753133037551601,-1.1183880918838085,0.0
8,869,108.74805005839733,97.71074159159525,-0.6500685647610993,-0.9554805977855825,0.0
8,870,108.67160673437229,97.61107347798225,-0.8787979157395496,-1.0378816744749422,0.0
8,871,108.58964405043571,97.51899205337043,-0.7604557629928799,-0.8037468177605316,0.0
8,872,108.50051334350803,97.45314003194778,-1.0221583755613546,-0.5132936106916173,0.0
8,873,108.39804085235505,97.39455791343835,-1.027291447499703,-0.6583487594964978,0.0
8,874,108.29695699096919,97.31791542108476,-0.9943857802167919,-0.8745010875745258,0.0
8,875,108.19502939809547,97.23406449118318,-1.044166077257497,-0.8025175104565605,0.0
8,876,108.09695937243362,97.16801273442809,-0.9172344359797737,-0.5185176246454475,0.0
8,877,108.00019840610787,97.130224684469,-1.017984890535467,-0.23724337453665711,0.0
8,878,107.88551151589479,97.09819220578834,-1.2757529137272838,-0.40340619907703257,0.0
8,879,107.75423229934552,97.06011193244365,-1.3498314172596482,-0.35819926781559097,0.0
8,880,107.61657127590559,97.03846080691335,-1.4033890515392367,-0.07482324278917218,0.0
8,881,107.47034659588735,97.02398639385353,-1.5211045488261066,-0.2146650184063006,0.0
8,882,107.32135669248623,96.9994380933648,-1.4586935191966885,-0.2763009913685437,0.0
8,883,107.1876362594104,96.9684791866614,-1.2157151423209678,-0.3428771426986259,0.0
8,884,107.06335407407778,96.9363737452652,-1.2699285643319556,-0.29923168522525856,0.0
8,885,106.94119573641888,96.9032098635854,-1.1732381888474208,-0.3640459483709506,0.0
8,886,106.82907866423795,96.86310470875969,-1.0691032547705497,-0.43805714814357266,0.0
8,887,106.7208803437743,96.83419849238771,-1.0948631545019127,-0.14006717929500923,0.0
8,888,106.60834821629794,96.81438598676755,-1.1557793950261068,-0.2561829331076009,0.0
8,889,106.48659400635029,96.79678546786158,-1.2793048039283121,-0.09582744501079077,0.0
8,890,106.34683349790896,96.79954019122806,-1.5159053648989937,0.15092191234159635,0.0
8,891,106.19834973571596,96.81079459162618,-1.4537698789606415,0.07416609562155685,0.0
8,892,106.05020841574446,96.80889893832148,-1.509056520470267,-0.11207916171481358,0.0
8,893,105.88555096364928,96.78908153642067,-1.7840925214348777,-0.28426887630113384,0.0
8,894,105.7151290273697,96.75145301804844,-1.6243462041578836,-0.4683014911432881,0.0
8,895,105.5456040812561,96.7079988402935,-1.7661527181135348,-0.400782063954253,0.0
8,896,105.37765699714703,96.65836718650519,-1.5927889640681583,-0.5918510118117446,0.0
8,897,105.20594214203027,96.6131275774834,-1.8415081382667111,-0.3129411686237944,0.0
8,898,105.01271300494363,96.59540383776562,-2.0230746034657026,-0.041533625730535206,0.0
8,899,104.8132743166932,96.58291120953845,-1.9656991615424424,-0.20831893881216423,0.0
8,900,104.60370470865814,96.56748982992804,-2.225692999158232,-0.10010865339677899,0.0
8,901,104.39020526477225,96.54341249309857,-2.0442958785602174,-0.38143808319136774,0.0
8,902,104.20076689628627,96.50333477765196,-1.7444714911603372,-0.4201162257402977,0.0
8,903,104.03270408863807,96.4741720849488,-1.6167846618048864,-0.16313762832230871,0.0
8,904,103.88228121085194,96.46697961490702,-1.3916728939180167,0.019288227486097043,0.0
8,905,103.7446592182855,96.46095275384698,-1.3607669574113572,-0.13982544868702007,0.0
8,906,103.60661010955982,96.44094770973345,-1.4002152171034616,-0.26027543358435423,0.0
8,907,103.46016460925841,96.4119712279645,-1.5286947889258542,-0.3192542017935587,0.0
8,908,103.30072551292074,96.36928228539693,-1.6600871378284694,-0.5345246495581204,0.0
8,909,103.12916043201926,96.31073202646155,-1.7712144802021257,-0.6364805291496971,0.0
8,910,102.9636773052614,96.25030728396825,-1.5384480549553805,-0.5720143207168071,0.0
8,911,102.80488175605444,96.19313981641073,-1.6374629291846903,-0.5713350304342555,0.0
8,912,102.6422267769924,96.13828054482258,-1.6156366520557706,-0.5258504013276344,0.0
8,913,102.48920573590192,96.08144228029641,-1.4447841697547243,-0.6109148891961453,0.0
8,914,102.33087455552754,96.02639282608516,-1.7218394377325907,-0.49007419502839156,0.0
8,915,102.16075431515492,95.96997503752993,-1.6805653697195702,-0.6382815760766505,0.0
8,916,101.98196287926055,95.8970475718312,-1.8952633481692436,-0.820267737896673,0.0
8,917,101.79853138030353,95.80389220942675,-1.7733666309714415,-1.0428395101927865,0.0
8,918,101.61663581633866,95.71380159400462,-1.864544648325829,-0.7589727982487169,0.0
8,919,101.43355944321206,95.63696380688339,-1.7969828142065793,-0.7777829441766286,0.0
8,920,101.25289837624132,95.55437364153931,-1.8162385252093491,-0.87402036270338,0.0
8,921,101.08389111866643,95.46270584953515,-1.5639066262897758,-0.9593354773802893,0.0
8,922,100.92896386730672,95.37793780645802,-1.5346384009053127,-0.7360253841629252,0.0
8,923,100.78288573189195,95.3114212754258,-1.3869243073913555,-0.5943052364819668,0.0
8,924,100.65092263100121,95.24211199702222,-1.2523377104244169,-0.7918803315889278,0.0
8,925,100.52365664277556,95.1777898159454,-1.2929820540881813,-0.4945632899471395,0.0
8,926,100.40666981201082,95.11982177754203,-1.0467545612079823,-0.6647974781193984,0.0
8,927,100.29320165112449,95.0504512325167,-1.2226086565198369,-0.7226134223872638,0.0
8,928,100.18440232567514,94.97954781314525,-0.9533778524680887,-0.6954549650411543,0.0
8,929,100.0853281264134,94.92232644916749,-1.0281061327663492,-0.4489723145134352,0.0
8,930,99.9709746845532,94.87451002797127,-1.2589627044384146,-0.5073561094103063,0.0
8,931,99.84710978606961,94.8226380218349,-1.2183352652343427,-0.53008401331717,0.0
8,932,99.7156551063847,94.77585514933605,-1.410758328465123,-0.40557343665853907,0.0
8,933,99.5834195738546,94.72477724959788,-1.2339523221363145,-0.6159845581045094,0.0
8,934,99.45215900368635,94.66126433747002,-1.391259081229494,-0.6542736844513666,0.0
8,935,99.32724315311816,94.58311197579951,-1.1070579301347108,-0.9087735489594699,0.0
8,936,99.20864820730401,94.48441242497142,-1.2648409861484016,-1.0652174676026327,0.0
8,937,99.07148492020349,94.38727677422867,-1.4784247558614547,-0.8774955472530852,0.0
8,938,98.93749621945767,94.30229608393415,-1.2013492590559762,-0.8221182586357347,0.0
8,939,98.80815547273119,94.22918397487592,-1.3854656754734318,-0.6401239225292006,0.0
8,940,98.65941887056022,94.15363915332887,-1.589266367946852,-0.8707725084126743,0.0
8,941,98.49167633699801,94.06247264466163,-1.7655843032972474,-0.9525576649319163,0.0
8,942,98.3163632923322,93.9766862624981,-1.7406765900195182,-0.7631699783371477,0.0
8,943,98.15401086975578,93.88743660024568,-1.5063718615094635,-1.0218232667100722,0.0
8,944,98.00075299412049,93.78459161862509,-1.5587856511962652,-1.035076365700725,0.0
8,945,97.84914678315874,93.67900458470194,-1.4733385680379074,-1.0766643127611495,0.0
8,946,97.69921228016426,93.5666526623097,-1.5253514918527742,-1.170374135084204,0.0
8,947,97.54017334286573,93.44909168443814,-1.655427254118643,-1.1808454223463674,0.0
8,948,97.38469697570804,93.34596917172678,-1.4541000890364497,-0.8816048318799528,0.0
8,949,97.22497350813092,93.26641907022713,-1.7403692625070661,-0.7093971981127574,0.0
8,950,97.03794560891845,93.20141866035112,-2.000188721741968,-0.5906109994065574,0.0
8,951,96.85252871532032,93.13433569921312,-1.708149150221451,-0.751048223352381,0.0
8,952,96.68390064905395,93.06601540168128,-1.6644121751072394,-0.615357727283536,0.0
8,953,96.51526470516797,92.99960890694149,-1.7083067026125915,-0.7127721675120675,0.0
8,954,96.34852138672932,92.92932720436863,-1.6265596661607056,-0.6928618839448024,0.0
8,955,96.1765425582297,92.8737530777338,-1.8130169038317376,-0.41862064875072136,0.0
8,956,95.99445831879825,92.84024357290468,-1.8286678847980689,-0.2515694478303967,0.0
8,957,95.82323780848355,92.82414350606064,-1.5957423214951403,-0.07043188905064746,0.0
8,958,95.67275000513587,92.82709477526907,-1.4140137454596493,0.12945727322044753,0.0
8,959,95.54474386782192,92.83594805441601,-1.1461090008196626,0.047608309718903286,0.0
8,960,95.42637594040525,92.83158746538129,-1.2212495475135503,-0.13482009041240417,0.0
8,961,95.30022587411963,92.8306784105979,-1.3017517781993257,0.11663899474551265,0.0
8,962,95.15799432969663,92.85307803307751,-1.5428791102605715,0.331353454847215,0.0
8,963,95.0071394676686,92.88666683031477,-1.4742181302995299,0.3404224898976489,0.0
8,964,94.85714173087558,92.92600574095479,-1.5257366055614288,0.4463557229037276,0.0
8,965,94.71257512347108,92.9794135774963,-1.365595542528915,0.6218010079263898,0.0
8,966,94.57896604777795,93.02683211312535,-1.3065859713351733,0.32656970465557045,0.0
8,967,94.44969776709036,93.06581941142383,-1.2787796424180797,0.4531762613138337,0.0
8,968,94.32059830340643,93.10843695983033,-1.3032096312614136,0.3991747068172353,0.0
8,969,94.19437859708285,93.16260839391032,-1.2211844952102462,0.6842539747820968,0.0
8,970,94.06345494557274,93.2268989433037,-1.3972885349930841,0.601557013086877,0.0
8,971,93.91366112798687,93.28525726656756,-1.5985878167251748,0.5656094521897694,0.0
8,972,93.75215626265049,93.33544120280078,-1.631509490001866,0.43806927247564964,0.0
8,973,93.57601875837202,93.38694714454198,-1.8912405955679228,0.5920495623486888,0.0
8,974,93.37760354019974,93.43725485225605,-2.0770637678778527,0.4141045919335138,0.0
8,975,93.1577036731012,93.46930020026412,-2.3209335740931794,0.2268023682287872,0.0
8,976,92.93280381793238,93.4963479818,-2.1770635292825764,0.3141532624884533,0.0
8,977,92.71834197728879,93.52303635921749,-2.112173283590165,0.21961428586196874,0.0
8,978,92.51811262874276,93.53677870066895,-1.8924136873306496,0.055232543167099024,0.0
8,979,92.340242742094,93.55291353111238,-1.6649840456438225,0.26746406570306824,0.0
8,980,92.17188423762127,93.56608543087566,-1.7021860438104968,-0.004026070438102991,0.0
8,981,92.00743699122029,93.55276681339342,-1.586758884210063,-0.26234627920657694,0.0
8,982,91.84940563961061,93.51183277873838,-1.573868147983565,-0.5563344138935715,0.0
8,983,91.68915318489655,93.44450381922786,-1.6311809462983087,-0.7902447763164968,0.0
8,984,91.51963195670214,93.37182104123042,-1.7592436175893198,-0.6634107836314094,0.0
8,985,91.34318922569935,93.30256949510931,-1.7696110024674123,-0.7216201387903123,0.0
8,986,91.1803829686379,93.24514495148117,-1.4865141387614234,-0.426870733772617,0.0
8,987,91.01973771599467,93.20178222850063,-1.7263909141038587,-0.44038372583689345,0.0
8,988,90.84701705858481,93.1477189054416,-1.7280222340929532,-0.6408827353445741,0.0
8,989,90.6809428199125,93.09492993351284,-1.5934625393533768,-0.4148967032292816,0.0
8,990,90.50788976952595,93.04344431901177,-1.8675984683791693,-0.6148155867907708,0.0
8,991,90.33188358241705,92.99149814704879,-1.6525252737989744,-0.4241078524675608,0.0
8,992,90.15482467253446,92.94232651709763,-1.8886529238520993,-0.5593247465552498,0.0
8,993,89.96613390230118,92.87857604005353,-1.8851624808128298,-0.7156847943269788,0.0
8,994,89.76691432618281,92.8077424749456,-2.0992290415551347,-0.7009865078302617,0.0
8,995,89.55882857156325,92.72506724185712,-2.062486050837191,-0.9525181539379304,0.0
8,996,89.34109857772705,92.64115907174755,-2.292113825888146,-0.7256452482532918,0.0
8,997,89.11751832477671,92.56699841889713,-2.179491233119399,-0.7575678087545104,0.0
8,998,88.88627499668496,92.47935423221816,-2.4453753287165814,-0.9953159248241334,0.0
8,999,88.65493960749257,92.37484470109484,-2.1813324551307014,-1.094874697642675,0.0
8,1000,88.45057262236037,92.25820730694204,-1.9060072475134433,-1.2378731854133882,0.0
9,0,46.21469453882823,23.107347269414117,0.0,0.0,0.0
9,1,46.197519255477566,23.1284859051868,-0.3435056670132983,0.42277271545368755,3.0
9,2,46.13444244321981,23.17640345764169,-0.9180305781417584,0.5355783336441657,3.0
9,3,46.01874958065863,23.254285313812346,-1.3958266730818476,1.0220587897689075,3.0
9,4,45.86600362790116,23.359226217688423,-1.65909238206752,1.0767592877525853,3.0
9,5,45.696505002498576,23.494530994528915,-1.7308801259842586,1.629336249057232,3.0
9,6,45.50779752797616,23.664201722198907,-2.043269364464061,1.764078304342645,3.0
9,7,45.28926653151094,23.85793040630496,-2.327350564840378,2.110495377778342,3.0
9,8,45.03614302095072,24.0878618479739,-2.735119646364071,2.4881334556005132,3.0
9,9,44.76088129084234,24.358567246441226,-2.7701149558034768,2.925974513746006,3.0
9,10,44.454597619610475,24.67514728727582,-3.3555584688337987,3.4056263029459046,3.0
9,11,44.101435432695254,25.034680957088792,-3.7076852694705007,3.7850470933135067,3.0
9,12,43.71974541613452,25.434740079754583,-3.9261150617442375,4.216135360002276,3.0
9,13,43.32314645041119,25.85760102566292,-4.005864252722571,4.241083558164457,3.0
9,14,42.93218190211994,26.289367240370513,-3.813426713102162,4.394240735987381,0.0
9,15,42.55459164181191,26.726237511158548,-3.7383784930583683,4.343164679773272,0.0
9,16,42.171623616102,27.16472258736698,-3.9209820211398174,4.426536844395322,0.0
9,17,41.77729983879979,27.6037340459909,-3.9654935249044634,4.353692328083083,0.0
9,18,41.38767902447446,28.033557935859132,-3.8269227616020824,4.2427854692815,0.0
9,19,41.004383066266044,28.453607546055757,-3.838996402566126,4.1582067346509834,0.0
9,20,40.61530678714696,28.868582875940003,-3.9425291798155833,4.141299863033904,0.0
9,21,40.22599750305518,29.291251854023486,-3.8436565020201865,4.312079698635694,0.0
9,22,39.835992985207405,29.70846591696353,-3.9564338549351383,4.032201560165134,0.0
9,23,39.427305482070174,30.10451837835902,-4.2173162078093664,3.8888476677447663,0.0
9,24,38.99224727413354,30.494217667959063,-4.483847950923332,3.9051381242561085,0.0
9,25,38.52895561461121,30.887434990701063,-4.78198523952317,3.9592083305839196,0.0
9,26,38.054295337432585,31.297246417214232,-4.711220304049469,4.237020199679554,0.0
9,27,37.57405797756396,31.72497197205564,-4.893526893322955,4.317490897148671,0.0
9,28,37.089377526695664,32.14469064245354,-4.800082124043117,4.076882510809261,0.0
9,29,36.608227215338125,32.5479076216824,-4.822924103107667,3.9874570737680486,0.0
9,30,36.1391655690768,32.95323160215014,-4.558308822118711,4.119022535586728,0.0
9,31,35.692220529910735,33.369011503948926,-4.380591961202601,4.196575500389098,0.0
9,32,35.261538175926326,33.788711577415455,-4.233055118485545,4.197425968941504,0.0
9,33,34.826519213410116,34.20973429474918,-4.467324131838646,4.223028377733012,0.0
9,34,34.373303152927754,34.64616831791185,-4.596997077808593,4.505652085520479,0.0
9,35,33.922555894876744,35.10317266252292,-4.417948083211623,4.634434806701016,0.0
9,36,33.4792995897211,35.55779371275508,-4.447178019901246,4.457986197942109,0.0
9,37,33.02475487314853,36.009764832155085,-4.643716311550259,4.581436190058074,0.0
9,38,32.570250102085815,36.47030031913655,-4.446379109704177,4.629273549571225,0.0
9,39,32.12508404131537,36.919972285944986,-4.456942105704929,4.3641657865975905,0.0
9,40,31.693039119980384,37.34465569018877,-4.183956320994907,4.129502298278181,-5.0
9,41,31.299504870994333,37.73806858686096,-3.6867286587261177,3.73875563516561,-5.0
9,42,30.96024150297125,38.074634372091715,-3.098538701735608,2.992560069449455,-5.0
9,43,30.666547565486063,38.33415488925314,-2.7753400479682533,2.197850273779098,-5.0
9,44,30.412781248114143,38.51855184584126,-2.2999862994703157,1.490088857983217,-5.0
9,45,30.174744565055917,38.677093580812425,-2.460747361694386,1.6807458414402525,0.0
9,46,29.924089414419228,38.849511159111344,-2.5523556510393313,1.7676057245381038,0.0
9,47,29.69628281710125,38.99996095315907,-2.0037762953200975,1.2413901564162995,-5.0
9,48,29.51950843322055,39.092367944663536,-1.531711382293901,0.6067496736730842,-5.0
9,49,29.404045778359404,39.14276917451667,-0.777541714929189,0.4012749233898312,-5.0
9,50,29.331454630820957,39.183706504132886,-0.6742812358396773,0.41747166893430787,0.0
9,51,29.25763282304885,39.226575523641465,-0.8021549196021756,0.43990872123703895,0.0
9,52,29.17804373026948,39.28385885939874,-0.7896269359851793,0.7057579939083727,0.0
9,53,29.103519286162594,39.35151594393021,-0.7008619461524415,0.6473836967208602,0.0
9,54,29.032303275137963,39.41129932964882,-0.7234582743400217,0.5482840176512553,0.0
9,55,28.959603335113158,39.45890741165704,-0.7305405261560018,0.40387762251292614,0.0
9,56,28.892114736689024,39.4856945356454,-0.619231442326603,0.13186485725419494,0.0
9,57,28.840788335923918,39.50295610722919,-0.40729657297530686,0.21336657442143192,0.0
9,58,28.78749098079504,39.533588374472004,-0.6586505296021006,0.39927877043470694,0.0
9,59,28.724606041417232,39.585826987041536,-0.5990482579540473,0.6454934809557855,0.0
9,60,28.70404396667871,39.63813979655927,0.18780676318367462,0.40076270939900915,-5.0
9,61,28.719645745002722,39.69293603016495,0.12422880329633657,0.6951619627146641,0.0
9,62,28.72944730837594,39.760407580229106,0.07180246416782587,0.6542690385685255,0.0
9,63,28.73530226829226,39.8315659301621,0.04529673415842694,0.7688979600914703,0.0
9,64,28.749441513326687,39.919186866274934,0.23748816653015048,0.9835207621652966,0.0
9,65,28.80340433066634,39.98439488872062,0.8417681802629673,0.32063968674841803,-5.0
9,66,28.89345622005918,40.00385146121669,0.9592696075938605,0.06849176317302685,0.0
9,67,28.979774006377184,40.02498096019915,0.7670861187662261,0.3540982164762685,0.0
9,68,29.041931946983183,40.06976168276944,0.47607269335360947,0.5415162349295031,0.0
9,69,29.09497175909894,40.11273075088182,0.5847235489615343,0.3178651273182851,0.0
9,70,29.16308469116693,40.1387128840633,0.777535092398292,0.20177753631130635,0.0
9,71,29.2362355286852,40.16023691861746,0.685481657967058,0.22870315477176995,0.0
9,72,29.300776504917366,40.19739116024947,0.6053378666761571,0.5143816778684567,0.0
9,73,29.369432559115026,40.24907095973807,0.7677832172770369,0.5192143119035837,0.0
9,74,29.433061063176638,40.29247376465434,0.5047868639552959,0.3488417864217688,0.0
9,75,29.490382596805873,40.31761393029923,0.6416438086292313,0.15396152647617534,0.0
9,76,29.540950939769317,40.33874905074107,0.3697230506395073,0.26874088236066385,0.0
9,77,29.582786857939595,40.371028421517245,0.4669953127659596,0.37684653316281036,0.0
9,78,29.616912107113606,40.42160326388869,0.215509670714372,0.6346503142662137,0.0
9,79,29.647741360044137,40.4884809221531,0.4010753878962223,0.7029028510219799,0.0
9,80,29.677327335180777,40.57176739954046,0.19064411483632426,0.9628266967252319,0.0
9,81,29.694989696223644,40.66781809700447,0.16260310602123518,0.9581872525549997,0.0
9,82,29.71076878890655,40.763662098216486,0.15297874763699504,0.9586927716853229,0.0
9,83,29.729314128419247,40.84616251418328,0.2179280426170589,0.6913155476505679,0.0
9,84,29.74259543540778,40.90528129628832,0.047698097153467955,0.491060094450388,0.0
9,85,29.742767257661825,40.961130042545776,-0.04426165207257604,0.6259148306987807,0.0
9,86,29.740520332695255,41.011398239176486,-0.0006768472589353536,0.37944910191551884,0.0
9,87,29.732768927843438,41.05862927681403,-0.15435124977729053,0.5651716508354774,0.0
9,88,29.754284907954712,41.09181036561105,0.5846708520030379,0.09845012510496076,-5.0
9,89,29.804613828196835,41.10848278566469,0.4219075528393592,0.23499827596785927,0.0
9,90,29.849410066832746,41.12906137082568,0.4740172198786965,0.17657342725203584,0.0
9,91,29.89901213979894,41.136511621813526,0.5180242394450083,-0.027568407495037306,0.0
9,92,29.945029956819866,41.14712887492563,0.4023321009732932,0.23991346973705774,0.0
9,93,29.97387375803828,41.18203394341316,0.17454392339514335,0.45818790001364107,0.0
9,94,29.997874604308038,41.22921232934179,0.3054730019998164,0.48537981855886514,0.0
9,95,30.028998682334787,41.282820004396186,0.317008558534976,0.5867736825289356,0.0
9,96,30.06843103141202,41.32681059242563,0.47163842300981607,0.2930380780599027,0.0
9,97,30.12763485334665,41.34353175424654,0.7124380156826309,0.041385158358263396,0.0
9,98,30.20043370093788,41.34999139592442,0.7435389361420714,0.08780767519936816,0.0
9,99,30.277942843287292,41.355616181761604,0.8066439108459917,0.024688041544376205,0.0
9,100,30.34918006835099,41.363982039164924,0.6181005904277264,0.14262910652188943,0.0
9,101,30.408778256284705,41.383249576424305,0.5738631682464934,0.24272163866581664,0.0
9,102,30.454803310149288,41.399786889040115,0.3466379090449152,0.08802461365050362,0.0
9,103,30.491550210664457,41.41523112447041,0.3883001012583396,0.2208600949553201,0.0
9,104,30.530228645995948,41.43316923707134,0.38526860537171004,0.13790215706313624,0.0
9,105,30.5803665075683,41.44430148238884,0.6174886260752039,0.08474274928687109,0.0
9,106,30.65102833502968,41.462453255046725,0.7957479231524278,0.2782927038709211,0.0
9,107,30.743341016871597,41.50405002337068,1.0505057136857285,0.5536426626082367,0.0
9,108,30.857084206689763,41.552053829220924,1.224358082677595,0.4064334543966126,0.0
9,109,30.979850778577372,41.59420167813181,1.2309733550746618,0.43652352382104986,0.0
9,110,31.109591650554506,41.6271373694061,1.3638440844682655,0.22219030166483655,0.0
9,111,31.231016428346237,41.63506499477384,1.0646514713662647,-0.06363779431000793,0.0
9,112,31.34866986008595,41.62982883806228,1.2884171634282477,-0.04108533992120833,0.0
9,113,31.49078340982703,41.633598587666015,1.5538538313932442,0.11648033199599972,0.0
9,114,31.64866750029219,41.64503922232663,1.6038279779101927,0.11233236121635493,0.0
9,115,31.796588334824463,41.64522411584366,1.3545887127353176,-0.10863449087585941,0.0
9,116,31.924984910039285,41.64504863828614,1.2133427915608639,0.10512493972537484,0.0
9,117,32.03954004526025,41.6409801221689,1.077759912858296,-0.18649526207012102,0.0
9,118,32.14950778796643,41.61331015909752,1.121594941265199,-0.3669039993574952,0.0
9,119,32.248192989385075,41.57058703005252,0.8521090871076868,-0.4875585815424266,0.0
9,120,32.334701666281234,41.51965489548412,0.8780644508156463,-0.5310841098254837,0.0
9,121,32.436543619843945,41.471613970766526,1.158774620438539,-0.4297343845264283,0.0
9,122,32.54384916668519,41.42446024027501,0.9873363163861804,-0.5133402253038124,0.0
9,123,32.64185046972517,41.37446486494048,0.9726897444136959,-0.4865672813868347,0.0
9,124,32.743020337456414,41.316151042566034,1.0507076102111181,-0.6797091661020058,0.0
9,125,32.85974379857254,41.26160129351281,1.2837616121111637,-0.4112858149625058,0.0
9,126,32.97516646503115,41.230110006543626,1.0246917170611667,-0.2185399244212558,0.0
9,127,33.081213542073726,41.19883644461767,1.0962498237901066,-0.40693131409798333,0.0
9,128,33.197312408326184,41.16355659408238,1.2257275012587758,-0.29866569660783604,0.0
9,129,33.32859960824234,41.13304450832156,1.4000164970646303,-0.3115760186084433,0.0
9,130,33.46792968599584,41.092085356611136,1.386585058005151,-0.5076070155999233,0.0
9,131,33.5974046941503,41.047611690950276,1.202915105084088,-0.38186629761719715,0.0
9,132,33.726470491392575,41.00513127834682,1.3784008397613743,-0.4677419544519861,0.0
9,133,33.87244616798469,40.970444994061,1.541112692081036,-0.2259837312645825,0.0
9,134,34.03716065528255,40.96266689068885,1.7531770538761595,0.0704216638216959,0.0
9,135,34.223996649557876,40.97899638005774,1.9835428316304942,0.2561681235558897,0.0
9,136,34.412588865883265,41.011182726640726,1.78830149487737,0.3875588081039574,0.0
9,137,34.59702873642735,41.056701634122504,1.9004959160044077,0.5228193415314806,0.0
9,138,34.77864091733875,41.11525621947132,1.7317477022235135,0.6482723654448943,0.0
9,139,34.954381349005814,41.1656310862888,1.7830609311176477,0.35922497090469285,0.0
9,140,35.13897447784413,41.19153123731623,1.9088016456484755,0.15877804964400788,0.0
9,141,35.32748077971431,41.19664631849095,1.8613243917551827,-0.056476426149691505,0.0
9,142,35.51055966807249,41.184379144560936,1.8002533754085501,-0.18886705245065905,0.0
9,143,35.70464952688749,41.153749772476814,2.0815438008915077,-0.4237203892319066,0.0
9,144,35.900518372387324,41.10890704755701,1.8358331091051667,-0.4731341091641692,0.0
9,145,36.095077907091934,41.071733948294096,2.055357584987025,-0.2703278760941483,0.0
9,146,36.30610005429912,41.03996898865259,2.1650853591568637,-0.36497131673607264,0.0
9,147,36.52473553088424,41.009457677742276,2.207624172545536,-0.2452549014700871,0.0
9,148,36.745606427519306,40.99297379832447,2.2097937601558275,-0.08442268688608046,0.0
9,149,36.96850883408024,40.99813884311877,2.248254371062739,0.1877235827718451,0.0
9,150,37.18793400971569,41.025807500615315,2.1402491416462937,0.36564956715936603,0.0
9,151,37.3997463636058,41.05705458274042,2.095997936155662,0.2592920753425858,0.0
9,152,37.60096288514558,41.07201184749641,1.9283324946397382,0.03985321977750722,0.0
9,153,37.77941701350409,41.07734758892599,1.6407500725306665,0.06686160881382186,0.0
9,154,37.95794500105606,41.07583638616447,1.9298096785085939,-0.0970856640443607,0.0
9,155,38.16261679773618,41.07274641287333,2.163626255093636,0.03528619822140833,0.0
9,156,38.38387294342019,41.06664383134256,2.261496658586415,-0.15733782883656922,0.0
9,157,38.62292132458472,41.047724140339625,2.5194709647045794,-0.22105599122202513,0.0
9,158,38.88062092326382,41.011918752282924,2.634521008877357,-0.4950517699121626,0.0
9,159,39.14524817402625,40.960567038573515,2.6580240063709883,-0.5319825042758968,0.0
9,160,39.42085529039608,40.904662658168746,2.8541183210256484,-0.586105103819536,0.0
9,161,39.71593720700389,40.84575139104075,3.0475200111303895,-0.5921202387402094,0.0
9,162,40.00995835607603,40.78238823419909,2.8329029703122846,-0.6751428980931191,0.0
9,163,40.29875471764552,40.717273847853704,2.943024261077799,-0.6271448288146022,0.0
9,164,40.59054809657826,40.64595354373293,2.892843317576899,-0.7992612536010313,0.0
9,165,40.881486173570806,40.55474634428131,2.925918222273866,-1.024882735431584,0.0
9,166,41.16238884961669,40.44188988681918,2.6921352986435707,-1.2322464138109233,0.0
9,167,41.43793620680367,40.322775368958645,2.818811845096169,-1.1500439433999272,0.0
9,168,41.7149436131572,40.20813821195762,2.72133628197461,-1.1426991966207396,0.0
9,169,41.97439626145817,40.09053605317567,2.4677166840445697,-1.2093439790184206,0.0
9,170,42.232749396652366,39.971209303111976,2.6993460198395987,-1.1771910222557036,0.0
9,171,42.50680494008054,39.8646330100575,2.781764848723954,-0.9543348388337076,0.0
9,172,42.78718563567057,39.78121705210941,2.825849063076321,-0.7139843201283842,0.0
9,173,43.07650137318714,39.707813611772025,2.960465687255139,-0.7540844866195968,0.0
9,174,43.38593928229869,39.62035616477141,3.228292494975676,-0.9950644533925477,0.0
9,175,43.70989336910014,39.511882167037754,3.250789241053491,-1.1744155012805617,0.0
9,176,44.02450894963698,39.406182346937754,3.041522369683058,-0.9395809007196618,0.0
9,177,44.335768645634516,39.298384778860026,3.183671550267853,-1.2163704608350603,0.0
9,178,44.66194795087796,39.16904714956374,3.3399145546008295,-1.3703821250908828,0.0
9,179,44.98204408579852,39.022490682842914,3.062008143810351,-1.5607472093255446,0.0
9,180,45.29727034588336,38.85980708981259,3.2425170578862694,-1.692924651280812,0.0
9,181,45.60681477294338,38.68697064073112,2.9483714833139327,-1.763804330348421,0.0
9,182,45.890029806357944,38.52133328381916,2.715929184977375,-1.5489428078905405,0.0
9,183,46.157578842676145,38.363652877404235,2.6350515413867868,-1.60466532040825,0.0
9,184,46.434353041488066,38.217849156300076,2.9004324348513837,-1.311409101675105,0.0
9,185,46.73494872518472,38.097134645980134,3.1114812390816162,-1.1028811047236058,0.0
9,186,47.04533198175116,38.0060470897954,3.096183892247071,-0.7188700189708612,3.0
9,187,47.339262627317794,37.96326142519615,2.782429019085619,-0.13684327301400323,3.0
9,188,47.6136294350066,37.96071066725935,2.7049071346903393,0.08582811427833903,3.0
9,189,47.864501506647,37.969860784175324,2.312534298117212,0.09717422404161269,3.0
9,190,48.0878880845064,37.99987956190856,2.1551972590702526,0.5032013306234226,3.0
9,191,48.30517950450053,38.04882641019819,2.1906311408124903,0.4757356351691655,0.0
9,192,48.535267000821534,38.10401286360923,2.411118785607332,0.6279934330516426,0.0
9,193,48.769349113234966,38.17081561435302,2.270523462660954,0.7080615818243281,3.0
9,194,48.98313196029491,38.253958770121386,2.00513347853839,0.9548015335433497,3.0
9,195,49.17375076692477,38.36408407403141,1.8072426540582516,1.2477045446574309,3.0
9,196,49.35675775330418,38.492603431046376,1.8528970735300199,1.3226825956417674,0.0
9,197,49.53141780114592,38.63760293763616,1.6403038833048882,1.5773075361539313,0.0
9,198,49.70561753100037,38.80780603987208,1.8436907137846248,1.8267545085644876,0.0
9,199,49.883454554591964,38.99292855582382,1.7130497580472088,1.8756958104701074,0.0
9,200,50.06155086092326,39.17375837421028,1.848876368579349,1.7409005572590193,0.0
9,201,50.23371390734442,39.34335553653807,1.5943845598442135,1.651042689296398,0.0
9,202,50.39046662263388,39.5059263631405,1.5406697459449283,1.600373842751866,0.0
9,203,50.551214695724894,39.65713581508251,1.6742917158756416,1.4238151960880998,0.0
9,204,50.72450118808814,39.81308119348034,1.791438131389537,1.6950923718682294,0.0
9,205,50.907437394195455,39.97645515886808,1.867285990757054,1.5723869358865397,0.0
9,206,51.0950621852549,40.132571957608434,1.8852098304319096,1.5499490389205945,0.0
9,207,51.28896791619863,40.28984720627764,1.9929047884428197,1.5955559344635795,0.0
9,208,51.49030417962683,40.4589016950155,2.033820480121527,1.7855338402933647,0.0
9,209,51.68933667142633,40.64482009763205,1.946829355869216,1.9328342120377062,0.0
9,210,51.88174735420637,40.84271828167556,1.901384299731383,2.025129468832475,0.0
9,211,52.06261695010781,41.03501708602806,1.7160076182978123,1.820846618217649,0.0
9,212,52.22194026039506,41.20379003043877,1.470458587446977,1.5546122699960954,0.0
9,213,52.38109063180704,41.37254826739428,1.7125488407923477,1.8205524691141246,0.0
9,214,52.54504060240413,41.54964948370949,1.566450571149062,1.721471857189675,0.0
9,215,52.70575497787726,41.72470465839572,1.6478369383135618,1.7796316365346492,0.0
9,216,52.8601446071325,41.910892813844896,1.4399556467918586,1.9441314724485146,0.0
9,217,52.99362188223259,42.10388709404259,1.2295898552104312,1.9157541315049915,0.0
9,218,53.11611759200673,42.29226332052653,1.2203243402731356,1.851770398173466,0.0
9,219,53.23456757980372,42.48167288777418,1.1486754156666823,1.9364209467792204,0.0
9,220,53.36438961556405,42.665613384078455,1.4477652995398103,1.7423889793062468,0.0
9,221,53.511226092184785,42.84162645673484,1.4889642328747659,1.777872473821617,0.0
9,222,53.65945200887904,43.023324505967054,1.4755541010105127,1.8560885108226515,0.0
9,223,53.79846317317899,43.21598514825351,1.304669184988862,1.9971243349064842,0.0
9,224,53.93421683768696,43.417284541066124,1.4104041051706186,2.0288635213457002,0.0
9,225,54.06817130892918,43.61404849492382,1.2686853196745016,1.9064155558079552,0.0
9,226,54.18303172950556,43.80659279304996,1.0285230918535042,1.9444704067146201,0.0
9,227,54.29364242438996,43.999300570601434,1.1836908058351945,1.9096851443148246,0.0
9,228,54.39910526323047,44.20394163276052,0.9255659709746205,2.183136098866772,0.0
9,229,54.49748853213478,44.41247972865537,1.0420994071113014,1.9876258190298923,0.0
9,230,54.605165126643726,44.61793760042522,1.1114324830681444,2.1215316163670686,0.0
9,231,54.70151947280277,44.82653910184584,0.8156544401128798,2.0504984120457213,0.0
9,232,54.78671097167984,45.02066055991048,0.8881755374284115,1.8319307492477872,0.0
9,233,54.87846087158016,45.21083715135225,0.9468224605780229,1.971601079587991,0.0
9,234,54.970571959147264,45.41694625247803,0.8953992907641339,2.1505809429276628,0.0
9,235,55.07369891268479,45.624354016984825,1.1671397799854883,1.9975743472086371,0.0
9,236,55.201669883125305,45.81462536397285,1.3922796288244523,1.807852592552047,0.0
9,237,55.33825427791828,46.004064770362874,1.3394082670345266,1.980935535249003,0.0
9,238,55.4604603812877,46.205002931507806,1.1047138003535686,2.0378276876499317,0.0
9,239,55.5685357113353,46.40618561873066,1.0567928005981617,1.9858260568074755,0.0
9,240,55.66949296462826,46.592554807144154,0.9623522652608649,1.7415577114625354,0.0
9,241,55.77191768451655,46.77366982859331,1.0861421325040919,1.880742717521219,0.0
9,242,55.86711365637353,46.948314122259404,0.8177773046354027,1.6121431558009558,0.0
9,243,55.938416637859405,47.12339854221986,0.6082823250814311,1.889545243408687,0.0
9,244,55.98744651520889,47.316309232171534,0.37231522190752564,1.9686685556251273,0.0
9,245,56.02320214470507,47.50531716757243,0.34279736801568106,1.8114901523932403,0.0
9,246,56.06641962427551,47.68516924676001,0.5215522233923302,1.7855514313589982,0.0
9,247,56.11639241831722,47.85733604020828,0.47790365744111796,1.657784437606539,0.0
9,248,56.17561410606248,48.0179436684931,0.7065300974642454,1.554368128090438,0.0
9,249,56.23646990270265,48.18481651962739,0.5105858353389756,1.7830888945957835,0.0
9,250,56.29170138802715,48.36761877910254,0.5940438711510314,1.872956294907718,0.0
9,251,56.35295018043041,48.559264827658865,0.6309319769142423,1.9599646762189735,0.0
9,252,56.41376257697772,48.74407721728227,0.5853159540320494,1.736283116249453,0.0
9,253,56.47902116863156,48.90559687297679,0.719855879043962,1.4941099976413454,0.0
9,254,56.545624366249115,49.051453341417385,0.6122080733071886,1.4230193711712182,0.0
9,255,56.62046251267941,49.20177740128264,0.8845548552988305,1.5834618261342452,0.0
9,256,56.71638825686739,49.348234057187994,1.0339600284598642,1.3456712919731277,0.0
9,257,56.833849564379875,49.48182083826896,1.3152661217895485,1.3260643296463623,0.0
9,258,56.961105989825,49.625182634333186,1.2298623871123269,1.5411715916383137,0.0
9,259,57.077517110722795,49.79014909482984,1.0983600308429349,1.7581576182951597,0.0
9,260,57.1780327601187,49.96664351480649,0.9119529570749911,1.771730781238288,0.0
9,261,57.259644988491175,50.1419517868174,0.7202916103736907,1.7344346589801187,0.0
9,262,57.31898005573794,50.3055703718839,0.4664097345611218,1.537937042350519,0.0
9,263,57.37996533451235,50.447401404403195,0.7532958409271977,1.298683608035434,0.0
9,264,57.4671882809011,50.57353806903964,0.9911630868475427,1.2240496846939166,0.0
9,265,57.56773892605355,50.68179355145017,1.0198498162007859,0.9410599635169472,0.0
9,266,57.677542820242024,50.774440138067746,1.1762280675688697,0.9118717688350895,0.0
9,267,57.803669006360224,50.874183701995406,1.3462956547952967,1.0829995097185474,0.0
9,268,57.938500464849426,50.98908343166053,1.350333514988579,1.2149950835846237,0.0
9,269,58.059661765438136,51.10575499843577,1.0728924967854478,1.1184362519203095,0.0
9,270,58.175545650695994,51.219726226873604,1.2447852083711002,1.1609883168368533,0.0
9,271,58.29683586192948,51.32624130770296,1.1810190162987393,0.9693132997507838,0.0
9,272,58.40144348994687,51.43541728178852,0.9111335440485604,1.2142061819609697,0.0
9,273,58.50021119556038,51.551746954258704,1.0642205682211916,1.1123872674435642,0.0
9,274,58.61743194680656,51.65160345689429,1.2801944567025831,0.8847427852690188,0.0
9,275,58.733504494838144,51.752640801812504,1.0412565039286097,1.1360041130959342,0.0
9,276,58.84685712500158,51.8565356849121,1.2257960993391155,0.9418935488967968,0.0
9,277,58.98180163597624,51.939168195797436,1.4730941201536005,0.7107566688101734,0.0
9,278,59.13279091311284,52.022609188629644,1.546691422577993,0.9580631878340462,0.0
9,279,59.275800504783206,52.11255857496809,1.3135004108284178,0.8409245389356297,0.0
9,280,59.402851545394526,52.21062549923346,1.2275204013977348,1.1204139463717926,0.0
9,281,59.521484684231154,52.335705822478246,1.1451423753339718,1.3811925185241805,0.0
9,282,59.64141168626162,52.471292778957206,1.2533976652752976,1.3305466110551336,0.0
9,283,59.770885866542585,52.60858878523993,1.3360859403434677,1.415373514599624,0.0
9,284,59.913524241780976,52.76419567607536,1.5166815644236813,1.6967643021091572,0.0
9,285,60.05881697167098,52.92811713957519,1.3891730333765295,1.5816649678874661,0.0
9,286,60.19016418556811,53.088548376837196,1.2377712445657405,1.6269597773530613,0.0
9,287,60.32212923696869,53.26251643637238,1.401529783445623,1.8524014133507372,0.0
9,288,60.47308436386902,53.44711008003122,1.6175727545610101,1.8394714598265,0.0
9,289,60.64738499496258,53.62553439652669,1.8684398673096023,1.7290148700833559,0.0
9,290,60.836006252063555,53.80190394521736,1.903985274708992,1.7983761037309325,0.0
9,291,61.04058675398551,53.996491590363405,2.1876247637300814,2.0933767991906596,0.0
9,292,61.2699079376622,54.20976982436673,2.398798909803455,2.172187880876576,0.0
9,293,61.51266801222482,54.42398765122937,2.456402581448817,2.112168656376232,0.0
9,294,61.74371295237688,54.64563425535897,2.1644962215920422,2.320763426216635,0.0
9,295,61.94680845325456,54.889667933904036,1.8974137959607233,2.5599101446854498,0.0
9,296,62.13666442039295,55.13093146635151,1.8997055468062989,2.265360504264015,0.0
9,297,62.327808242825824,55.34785579349858,1.9231709018513055,2.0731260386776675,0.0
9,298,62.534815693641576,55.556867980577124,2.216978114463604,2.1071177028938486,0.0
9,299,62.7443822260085,55.767622326600474,1.974352532874505,2.107969217573052,0.0
9,300,62.9483819662272,55.97194485035703,2.1056422714994376,1.9784812575581103,0.0
9,301,63.16541890893603,56.180851531722226,2.235096582676624,2.19965236974633,0.0
9,302,63.383521815267045,56.40821475673653,2.1269615439434233,2.3476121305398685,0.0
9,303,63.58306449552225,56.62912386281744,1.8638920611597491,2.0705699910788002,0.0
9,304,63.78078118233503,56.82173158296848,2.0904416750952155,1.7815844119429691,0.0
9,305,63.97653677458493,56.989604251342314,1.8246701699020242,1.5758689555343253,0.0
9,306,64.17227076088875,57.137280407275966,2.090009556174511,1.3776541631393133,0.0
9,307,64.37519356891522,57.28596409771069,1.9684466043545399,1.5960196455555913,0.0
9,308,64.57234202553019,57.43792141261997,1.9745225279447247,1.4431266526305748,0.0
9,309,64.77531390710658,57.579775046231134,2.0849151035824196,1.3939460195931694,0.0
9,310,64.98094630750882,57.721703645173875,2.027732904461418,1.4446259592619253,0.0
9,311,65.18554004438312,57.87135261122643,2.0641418330242214,1.5483533617891378,0.0
9,312,65.39116204618216,58.031685532702284,2.0482982029566212,1.6583050677286781,0.0
9,313,65.58929014387246,58.21073961518135,1.9142637508486278,1.9227765818532916,0.0
9,314,65.76793673332628,58.39462518203442,1.6586680382276402,1.7549347552086783,0.0
9,315,65.92960346564377,58.575097082776665,1.5746666081219605,1.8545032596371183,0.0
9,316,66.09376728869768,58.76847152686764,1.7086098529560179,2.012985622182944,0.0
9,317,66.27037084663243,58.95764462639545,1.8234613057381708,1.7704763683736235,0.0
9,318,66.46057871163481,59.136769605319955,1.980695994308979,1.8120232101169869,0.0
9,319,66.65859507801281,59.30950287349134,1.9796313332502748,1.642642153311403,0.0
9,320,66.86887198646463,59.484817642666485,2.225906835785402,1.86365323019165,0.0
9,321,67.09093773321956,59.66695322164645,2.2154080993123717,1.7790583494080838,0.0
9,322,67.31240799734451,59.84092194194875,2.213997183186507,1.7003160566382238,0.0
9,323,67.52352844009863,60.00710202986545,2.008411671895127,1.6232857016966555,0.0
9,324,67.71264981228563,60.16387616008569,1.774015771844283,1.5121969027080535,0.0
9,325,67.89657703263543,60.32819371298285,1.904528635151431,1.7741541552355056,0.0
9,326,68.08897690745692,60.49971833887952,1.9434688612778181,1.6563383626982766,0.0
9,327,68.26862722541699,60.6698157141646,1.6495374979236033,1.7456091430031933,0.0
9,328,68.4334321373068,60.84314632693554,1.6465607398718145,1.7210031124163514,0.0
9,329,68.6117662959337,61.02371447204649,1.920122432666357,1.890359789803444,0.0
9,330,68.80873789613992,61.21588499924968,2.0193095714579616,1.9530507542602003,0.0
9,331,69.00816048240375,61.41072312273053,1.9691421538184457,1.9437117153569563,0.0
9,332,69.19356441287039,61.619601914979626,1.738936455513496,2.2338641296256068,0.0
9,333,69.36885380448325,61.84482998706801,1.76685137674286,2.2706973121424827,0.0
9,334,69.5560358186753,62.066215253259315,1.9767889070975588,2.1570080116843755,0.0
9,335,69.75742050522081,62.28041902264164,2.0509048238124166,2.1270673759626746,0.0
9,336,69.96548558603587,62.50027254129799,2.110396792488096,2.27000299716431,0.0
9,337,70.1832529213599,62.73568080036415,2.244949913991576,2.438162184159591,0.0
9,338,70.39851556656976,62.972206584728895,2.060302990204775,2.2923535031358,0.0
9,339,70.58958582359946,63.20065270987561,1.761102150388572,2.276568999798558,0.0
9,340,70.76284036684154,63.43011798160478,1.7039887144531747,2.3127364347852097,0.0
9,341,70.94088019194515,63.65438020792595,1.8568077876191467,2.172508091638239,0.0
9,342,71.11697565814052,63.87957473817414,1.6651015362873558,2.331382513325721,0.0
9,343,71.29493510638747,64.1008659155807,1.8940874286516394,2.09444103480568,0.0
9,344,71.49583266704946,64.309638323451,2.1238637845875736,2.081007122600619,0.0
9,345,71.71274585411834,64.53152741342188,2.2143999567893307,2.3567746768176008,0.0
9,346,71.92087093357901,64.75797615223439,1.9481016324241889,2.1722000994326436,0.0
9,347,72.10264997470807,64.96258222584788,1.6874791901570827,1.919921372837166,0.0
9,348,72.2742917823287,65.16292813137704,1.7453569622554603,2.086996737746377,0.0
9,349,72.44128289184675,65.38384185286134,1.5944652281057188,2.331277691940052,0.0
9,350,72.5915815762242,65.62231755905077,1.4115084594425227,2.4382364318493632,0.0
9,351,72.73258195510266,65.86366641036,1.4084991181257855,2.3887405943352356,0.0
9,352,72.86704139780676,66.09891009910751,1.2806897359561678,2.3161331806149743,0.0
9,353,73.00763817702983,66.3425941131232,1.531245848504451,2.5575470996995726,0.0
9,354,73.14974413960778,66.60177589039341,1.310873403054142,2.6260884457053812,0.0
9,355,73.2925385888766,66.8549217881461,1.5450155823219731,2.4368295093485237,0.0
9,356,73.45746199961172,67.10137241322087,1.7534526323799344,2.4921829921476046,0.0
9,357,73.62942849393153,67.34228130833998,1.6858772540161642,2.325994910235435,0.0
9,358,73.783289592463,67.57354445172479,1.3913447166125756,2.29926795746065,0.0
9,359,73.92200746354774,67.7987901120656,1.3830127050812528,2.205645249355621,0.0
9,360,74.04663290184493,68.00773902577771,1.1094960608625417,1.973333024887447,0.0
9,361,74.15887618020446,68.21415130339648,1.1353695063271587,2.154912527488724,0.0
9,362,74.27573415021146,68.43737867531644,1.2017898938128813,2.3096349109112957,0.0
9,363,74.38693000053865,68.66545777798962,1.022127112730793,2.251947142553181,0.0
9,364,74.48828794087149,68.89869344474397,1.0050316939253943,2.4127661925342903,0.0
9,365,74.5847090106248,69.14865111158588,0.9233897011407315,2.5863871443041475,0.0
9,366,74.67332934502923,69.40759556191392,0.8490169869473867,2.592501862256883,0.0
9,367,74.76450402186487,69.66616045855318,0.9744765497643897,2.5787960705282984,0.0
9,368,74.85671418059195,69.93856403871678,0.8697266247771029,2.8692755327437425,0.0
9,369,74.95446202923097,70.22303870496006,1.085230348002744,2.8202177921228397,0.0
9,370,75.06681781296254,70.49924802342537,1.1618853266281217,2.7039685771840407,0.0
9,371,75.17087069779302,70.75798552749501,0.9191723699810108,2.4707815042092243,0.0
9,372,75.26070215392156,70.9968354124477,0.8774567525895449,2.3062161948448487,0.0
9,373,75.34556330841377,71.2363587721403,0.8197663372539665,2.4842509990077364,0.0
9,374,75.42342612969657,71.49628356579422,0.7374900884012074,2.714244874071012,0.0
9,375,75.50675660199028,71.75622500973947,0.9291193574722083,2.4845840048343355,0.0
9,376,75.60473152956683,72.00437942908354,1.0303791940585825,2.478504382047701,0.0
9,377,75.71901444402033,72.25305178300727,1.2552790950112396,2.4949426964271417,0.0
9,378,75.85612961862915,72.49116025911349,1.487024397165035,2.267226825697474,0.0
9,379,76.00694489275429,72.7204542947157,1.529281085337372,2.318653886347011,0.0
9,380,76.14738779639987,72.94017556138704,1.2795769875744671,2.0757714470798625,0.0
9,381,76.28459616967183,73.14591136332035,1.4645904778650625,2.0389445915870184,0.0
9,382,76.42094597026363,73.36437251896638,1.2624055339705578,2.3302785213340105,0.0
9,383,76.56085757369652,73.59752581655209,1.535826534685846,2.332787430381085,0.0
9,384,76.71791318602578,73.83597806042025,1.6052857118991568,2.4362574469824043,0.0
9,385,76.87924074058043,74.06610483846976,1.6212653791925788,2.166278114008188,0.0
9,386,77.04914798044575,74.29712606636087,1.7768794181144898,2.454146443814338,0.0
9,387,77.23622331853738,74.5390409088671,1.9646273437176145,2.384150406310594,0.0
9,388,77.44563078366724,74.79044811825321,2.2235219588782655,2.64399378141259,0.0
9,389,77.65547966551316,75.06367202579133,1.973455678039553,2.8204843693508437,0.0
9,390,77.85048016387844,75.35877300999658,1.926554289266429,3.0815353147549924,0.0
9,391,78.04774116025118,75.65851489427342,2.018665638188379,2.913302370782189,0.0
9,392,78.25681136222437,75.9542320817826,2.1627384012751385,3.0010413794023236,0.0
9,393,78.46765216463524,76.26337865471817,2.0540776469426714,3.1818900793094436,0.0
9,394,78.6819383668032,76.56892322741322,2.2316463964155577,2.9290013745920973,0.0
9,395,78.91422047160478,76.86112099943722,2.4139956996149685,2.9149540658884305,0.0
9,396,79.15503476063094,77.15441839214554,2.4022900809073864,2.950993788278824,0.0
9,397,79.39663443977298,77.43706561888439,2.4297035019333304,2.70195074649855,0.0
9,398,79.65201884576521,77.7121649792009,2.677984617911207,2.800036459831867,0.0
9,399,79.92279339262421,77.97910128613006,2.7375063192691496,2.5386896787516964,0.0
9,400,80.2089621855668,78.23498584687036,2.9858695395831134,2.5790015360543173,0.0
9,401,80.51775249043243,78.50608887901188,3.189936557728064,2.843059106776318,0.0
9,402,80.84827119412608,78.78894668334863,3.420437516143936,2.8140969799586646,0.0
9,403,81.20252960443105,79.0624299276322,3.664730689955295,2.655567905712884,0.0
9,404,81.56688157022467,79.32522643932464,3.622308625916233,2.6003623281367183,0.0
9,405,81.93879928416351,79.59646178097177,3.816045652859982,2.8243445048067457,0.0
9,406,82.3163526951277,79.86531513292567,3.7350225664238472,2.552722534272341,0.0
9,407,82.69890062095322,80.1305456752765,3.9159359500867694,2.7518883127446774,0.0
9,408,83.09929535774194,80.39270419474803,4.091958785687863,2.4912820766864936,0.0
9,409,83.51343129188723,80.65423720508579,4.190759897218092,2.7393781300692996,0.0
9,410,83.92705903035738,80.93590103440391,4.081794872185059,2.8938984562930834,0.0
9,411,84.34727920756887,81.21820319200651,4.322608672045456,2.752144695759281,0.0
9,412,84.78956962029139,81.4915315402186,4.52319958240375,2.7144222684833395,0.0
9,413,85.23579494926065,81.76884348577255,4.401306996981033,2.8318166425961735,0.0
9,414,85.66620667410126,82.04686702332907,4.2069274998297335,2.728654108534908,0.0
9,415,86.08106517575828,82.32469705980878,4.090242533310418,2.8279466210599775,0.0
9,416,86.50082023724116,82.59932963800179,4.304858696346757,2.664704942800407,0.0
9,417,86.92204424162952,82.85969168926187,4.1196213914198285,2.5425360824015097,0.0
9,418,87.32219371481534,83.10977497504217,3.8833680722968005,2.459129633205407,0.0
9,419,87.71104251623632,83.34637374839826,3.8936079561217163,2.272845833916284,0.0
9,420,88.10889820018377,83.56760923021437,4.063505722826973,2.1518638024059378,0.0
9,421,88.52502407714684,83.78947850839012,4.2590118164331,2.2855217611094236,0.0
9,422,88.9548565262391,84.0059300884592,4.3376371654123265,2.0435098402727796,0.0
9,423,89.39993365854679,84.21314540903131,4.563905480741278,2.1007965711701715,0.0
9,424,89.85387759387373,84.41215085406145,4.514973225797521,1.8793123294330396,0.0
9,425,90.31083819290751,84.59239124407549,4.62423875487668,1.7254954708482675,0.0
9,426,90.76455780371924,84.76526134468594,4.450153461357202,1.7319065413609156,0.0
9,427,91.22000770277378,84.92414964314685,4.65884451973279,1.4458594278576022,0.0
9,428,91.67127010822293,85.06300668820859,4.366403589249527,1.331281473377409,0.0
9,429,92.1153202994305,85.20276127278862,4.51460023490049,1.4638102182231556,0.0
9,430,92.56113421597689,85.34243349558949,4.401678096027814,1.3296342377940302,0.0
9,431,93.00462148778348,85.47334958018632,4.468067340103298,1.2886874541435862,0.0
9,432,93.44175148834239,85.59662095119353,4.274532671073912,1.1767399660010796,0.0
9,433,93.86614311389718,85.71067855020391,4.213299840022467,1.1044120142072025,0.0
9,434,94.29822232689827,85.81361995202133,4.428284419999708,0.9544160221415279,0.0
9,435,94.74686257719765,85.9175297235634,4.544520585987238,1.1237794087000257,0.0
9,436,95.20127773045334,86.01522852331414,4.54378247912698,0.8301965863148943,0.0
9,437,95.63235704300484,86.11445073677072,4.0778037719041915,1.1542476828160169,3.0
9,438,96.01126343179652,86.23597946467055,3.500324003929263,1.2763268751802226,3.0
9,439,96.34765146924957,86.3767653849909,3.2274367451312695,1.5393915312266842,3.0
9,440,96.6798997874368,86.54257632702343,3.4175296186135267,1.7768273094233784,0.0
9,441,97.01002680021821,86.70983297737132,3.1850106370143454,1.5683056975340666,0.0
9,442,97.32055465054611,86.8536698651804,3.0255463695418463,1.308432058648366,0.0
9,443,97.5945287516895,86.99473340273943,2.453935653326477,1.5128386925325294,3.0
9,444,97.83047505511354,87.1508983358408,2.264990415154209,1.610459969494558,0.0
9,445,98.06371136516202,87.31342864683313,2.399735785815759,1.6401462503519912,0.0
9,446,98.29023637929743,87.49194855330114,2.1307644968927715,1.9302518790084982,0.0
9,447,98.50353264107446,87.69649041175927,2.13516073864829,2.160585290154085,0.0
9,448,98.72932457192246,87.90886108823395,2.3806778783108307,2.086828239339706,0.0
9,449,98.97613342848604,88.11306527926718,2.5554992529598337,1.997255581324767,0.0
9,450,99.23776825541415,88.31313839330676,2.6771972856011015,2.004206699466666,0.0
9,451,99.5203525590016,88.50123588851727,2.9744887861483793,1.757743204744342,0.0
9,452,99.81509439618753,88.6816379116799,2.9203479575708418,1.8502972585093573,3.0
9,453,100.08391375844747,88.887664681758,2.4560392876271155,2.2702381430538736,3.0
9,454,100.33633906252248,89.11701936956308,2.592466793874861,2.316855613047064,0.0
9,455,100.60846550951453,89.34356977749252,2.8500621459680477,2.214152545541232,0.0
9,456,100.88262160941804,89.56081633760465,2.633059852102269,2.1307786567003486,0.0
9,457,101.13845056240643,89.77499307040694,2.4835192076655392,2.152755999344926,3.0
9,458,101.39704454429898,89.98573015374905,2.688360430186359,2.0619856674970674,0.0
9,459,101.65865410476374,90.21177912013201,2.5438307791080863,2.4589936601619264,3.0
9,460,101.89860803640295,90.4772787724441,2.2552478536757032,2.8509993860803533,3.0
9,461,102.13159587285111,90.77042633770066,2.4045088752867674,3.011951919051903,0.0
9,462,102.38019955567813,91.0841758945055,2.5675647812540294,3.2630392170462272,0.0
9,463,102.63094611084125,91.41976646197207,2.4473663220070367,3.4487721322855815,0.0
9,464,102.87954640929217,91.75346724480096,2.5246396470101313,3.225243524292365,0.0
9,465,103.12290957970663,92.06349379097162,2.3426237612775456,2.975287399121159,0.0
9,466,103.34899339257993,92.36919177396453,2.179052496188037,3.1386722607376036,0.0
9,467,103.55209282379724,92.69297358509198,1.8829361281576542,3.336963961812648,0.0
9,468,103.72891249857696,93.03471107673852,1.6534573674356547,3.497785871119202,0.0
9,469,103.90802228888788,93.39409425623012,1.928738438781762,3.6898777187139036,0.0
9,470,104.09236404363605,93.74833308093366,1.758096656180216,3.394898775357259,0.0
9,471,104.25794767001037,94.10000071944108,1.5535758713043233,3.6384539947924956,0.0
9,472,104.40755710809856,94.46750584490871,1.4386128904582183,3.711648514561169,0.0
9,473,104.55716073041197,94.83706115572016,1.5534595558081588,3.6794577016682233,0.0
9,474,104.71475503842328,95.19261674610868,1.5984266044175452,3.431654106103318,0.0
9,475,104.86870964387697,95.53049797295341,1.4806655046561534,3.325970430791685,0.0
9,476,105.02652647667117,95.85415622825002,1.6756711512264904,3.1471946751417033,0.0
9,477,105.19874317582799,96.15518382635969,1.7686628319089568,2.873357287052908,0.0
9,478,105.38911560187569,96.44659099966537,2.0387856890443015,2.954786179061859,0.0
9,479,105.59601092556352,96.74295665378497,2.099120784711209,2.9725269033312944,0.0
9,480,105.80020014842103,97.02700420366466,1.9846636724386517,2.7084240942635773,0.0
9,481,105.9868537165305,97.28518309238541,1.7484076897496639,2.455153680152536,0.0
9,482,106.1726119483277,97.54333267492166,1.966756946192378,2.707837970573502,0.0
9,483,106.38011419993825,97.81331295767995,2.183288086017482,2.691767684593632,0.0
9,484,106.608375888507,98.08428078943689,2.3819456853558254,2.7275889505463145,0.0
9,485,106.85778847639438,98.35124844878538,2.606306072391652,2.6117642364245928,0.0
9,486,107.12997217570762,98.61951846822586,2.8373679138722334,2.7536361523857753,0.0
9,487,107.42820901266202,98.89721460593205,3.127368825213944,2.800286601738799,0.0
9,488,107.7456201656795,99.18944968230727,3.2208542351355955,3.04441492576691,0.0
9,489,108.06645656057549,99.50131139847917,3.1958736627841393,3.1928193976720056,0.0
9,490,108.38375031187786,99.81225130555094,3.1500013632629287,3.025978743764407,0.0
9,491,108.70788810372562,100.12571711239025,3.3327544736912227,3.243337393022756,0.0
9,492,109.04001317232007,100.45097030244006,3.309746898196318,3.261726407973681,0.0
9,493,109.35717327716134,100.76736809202356,3.0334551986281735,3.066229383697344,0.0
9,494,109.66398268795604,101.081836138845,3.1027330172653524,3.2231315527325,0.0
9,495,109.97922280780858,101.40399072198795,3.2020693797849322,3.2199601101267223,0.0
9,496,110.29665239462304,101.71958857833539,3.146522356503903,3.09199701682269,0.0
9,497,110.60059655485236,102.01624565579613,2.9323608480815455,2.8411445323928763,0.0
9,498,110.9016995843715,102.28848957488339,3.0896997423009918,2.603733849352505,0.0
9,499,111.22208318218748,102.53775592531048,3.317972214018484,2.381593159190343,0.0
9,500,111.55868295894697,102.77520033220924,3.414023321171312,2.3672949787855817,0.0
9,501,111.91143677381979,103.01982875235836,3.641052976284657,2.5252734241974775,0.0
9,502,112.27608951438663,103.27638310055579,3.6520018350517223,2.6058135397523348,0.0
9,503,112.64309502514743,103.52592388999693,3.688108380162964,2.385002249071581,0.0
9,504,113.0065747633081,103.74980460711657,3.5814863830501036,2.092612093321984,0.0
9,505,113.37072550387029,103.9484905417516,3.7015284281934857,1.8811065993789828,0.0
9,506,113.74021916823244,104.14944542539087,3.6883448590483834,2.137991073406649,0.0
9,507,114.10513586611444,104.36172648506948,3.6099890985911234,2.1076301201660943,0.0
9,508,114.45217478286054,104.57583469355222,3.3307892363298404,2.174534049489063,0.0
9,509,114.78799407822896,104.80161844150086,3.3855966710375203,2.3411409094849756,0.0
9,510,115.1291583869953,105.03974397288448,3.4376895042889455,2.4213697181876572,0.0
9,511,115.45807544275817,105.26946417647264,3.1406516109688116,2.173034353576732,0.0
9,512,115.78516187180685,105.47575368488077,3.4010769700042385,1.9527558145864035,0.0
9,513,116.11198031175002,105.67859991132957,3.1352918288579072,2.1041687143907577,0.0
9,514,116.4405001352851,105.87570351954298,3.435104641843294,1.837903449878489,0.0
9,515,116.77115168759644,106.0455996981405,3.1779264043822284,1.5600201220727943,0.0
9,516,117.08156428763834,106.2066323082961,3.0303255964547855,1.6606320810397879,3.0
9,517,117.35888757575265,106.39191932063898,2.51614016583086,2.045108165818048,3.0
9,518,117.60326657966561,106.612108376881,2.3714399124293504,2.3586729590223854,3.0
9,519,117.82808928694294,106.85197794944918,2.1250142331165005,2.4387184923413443,0.0
9,520,118.03497408150145,107.09081734537722,2.0126816580526654,2.338069426219109,0.0
9,521,118.23909136613815,107.31706322741172,2.069664034682029,2.1868482144703236,0.0
9,522,118.45266457381376,107.54429241372338,2.2018001188304357,2.357735511762643,0.0
9,523,118.670212448082,107.76641517327016,2.149157366533773,2.0847196791722045,0.0
9,524,118.89241328543119,107.98658498938198,2.2948593804495996,2.3186766430653343,0.0
9,525,119.11537761659827,108.22947650150013,2.1644272428913336,2.539153599297487,0.0
9,526,119.33637091043488,108.49088171689357,2.255438633840976,2.6889507085721966,0.0
9,527,119.57310564676993,108.75542687075301,2.479256092859485,2.601952368615983,0.0
9,528,119.82411454651981,109.01089328810338,2.5409219021371907,2.50737597839046,0.0
9,529,120.08172339278792,109.24913305461041,2.611255023223924,2.2574193517504675,0.0
9,530,120.34479231507567,109.47585741138573,2.6501234225311006,2.2770677837570084,0.0
9,531,120.59635388584081,109.69237059975069,2.381107992771712,2.0531959835415936,0.0
9,532,120.84167232337859,109.89891419115077,2.525260757984407,2.0776758444609165,0.0
9,533,121.1091305155735,110.09510536985022,2.823903085912699,1.8461477295275195,0.0
9,534,121.39305042036528,110.27200531306289,2.854495009922813,1.6918511347263863,0.0
9,535,121.65772172475886,110.45199551565656,2.438931077948437,1.9079529171484673,3.0
9,536,121.87589967292718,110.65548224228326,1.9246278854164345,2.161781615387243,3.0
9,537,122.06951974380979,110.86169415626955,1.947773532235935,1.9624566643379975,0.0
9,538,122.25763687241442,111.04623360342111,1.8145690398567496,1.728332278693312,0.0
9,539,122.42529951191773,111.22938847574778,1.5386837502104385,1.9347651678378597,0.0
9,540,122.58802312562989,111.41986336362254,1.7157885240336874,1.8747325896559506,0.0
9,541,122.77266065016613,111.59242986822619,1.9769619666913272,1.5765975024167318,0.0
9,542,122.9842018770255,111.75123316086626,2.2538625704965973,1.5994683503832725,0.0
9,543,123.22174382775609,111.9206987699082,2.4969764441151803,1.7898438304540463,0.0
9,544,123.46382630179733,112.10427615662172,2.3446730367102973,1.8817039038145804,3.0
9,545,123.67192173345802,112.31910034703981,1.8172355965048013,2.4147799045475953,3.0
9,546,123.8389480333301,112.55452662648077,1.52329040093651,2.2937456842710713,0.0
9,547,124.00411263412298,112.79416232049937,1.7800016149205682,2.4989681961013464,0.0
9,548,124.18219839532469,113.04168362813323,1.7817136091126855,2.4514579565762524,0.0
9,549,124.35383286154888,113.2735538597999,1.6509757153705955,2.1859466767564477,0.0
9,550,124.52864745400177,113.49190189873548,1.8453161336861825,2.181014101956075,0.0
9,551,124.7031910386828,113.69772111710745,1.6455555599352927,1.9353702654839395,0.0
9,552,124.8625544220439,113.88695389546717,1.541712107286621,1.8492853017103883,0.0
9,553,125.00912584866501,114.06307670470096,1.3897164251350098,1.673170882965497,0.0
9,554,125.14646826568583,114.22222485210011,1.3571319152809949,1.5097920650165957,0.0
9,555,125.27104481438676,114.37711703154775,1.1343990587374293,1.588051523935274,0.0
9,556,125.38972980244898,114.54340067950534,1.239300702507503,1.7376214352159796,0.0
9,557,125.51717384842027,114.7199489906734,1.3095802169187607,1.7933447881454487,0.0
9,558,125.66029609368445,114.88462179406702,1.5528646883643233,1.5001112797265463,0.0
9,559,125.80828851008323,115.02746840225382,1.406983639611429,1.3568208840098102,0.0
9,560,125.96084548302599,115.14967335319318,1.6441558192431884,1.0872781347781206,0.0
9,561,126.11381811188517,115.25776250522051,1.4152967579410074,1.074504905769201,0.0
9,562,126.24653742898863,115.35752390659638,1.2390895841276794,0.920723121749015,0.0
9,563,126.37994946556,115.44240597138503,1.4291511472990308,0.7769181740230628,0.0
9,564,126.53443880037992,115.5119758392824,1.6606355490991653,0.614479183924896,0.0
9,565,126.70021794340721,115.5809303929583,1.6549473114455218,0.7646118895926755,3.0
9,566,126.85807093258188,115.6692037104583,1.5021124720461039,1.000854460408135,3.0
9,567,126.99535080376847,115.78759846662138,1.2434849516873854,1.367040662852535,3.0
9,568,127.1063135351302,115.92389935630263,0.9757696755470562,1.358977130770878,0.0
9,569,127.21738296458807,116.0471265479215,1.2456189136100448,1.1055667016060156,0.0
9,570,127.3334915829297,116.14506289833116,1.0765534532225232,0.8531603065867834,0.0
9,571,127.45450478862722,116.23137232573072,1.3437106607275489,0.873028241403933,0.0
9,572,127.5868185897275,116.3173959220735,1.3025653612780062,0.847443685450429,0.0
9,573,127.71088060347381,116.38945121475717,1.1786749136494556,0.5936621682235028,0.0
9,574,127.8244935064896,116.45420038458883,1.0935831466677257,0.7013212284099666,3.0
9,575,127.9189019502827,116.53208318207453,0.7945857291949885,0.8563347213031456,3.0
9,576,128.005370732723,116.60573737485049,0.9347899196098908,0.6167491342167715,0.0
9,577,128.08745222852315,116.65984482527188,0.7068399963913237,0.4653998742117267,0.0
9,578,128.16112126140047,116.70510760085483,0.766540661154405,0.4398556374486695,0.0
9,579,128.22212396138275,116.77101878460007,0.45351333848951114,0.878368037456589,3.0
9,580,128.25925888247195,116.86682026983203,0.28918508329289594,1.0376616671839365,0.0
9,581,128.30166757726533,116.96474057123146,0.558988812572693,0.92074436080674,0.0
9,582,128.3506433232667,117.06539965540651,0.4205261074538349,1.092437322695293,0.0
9,583,128.386115551702,117.1839755301603,0.28891846125072007,1.2790801723817786,0.0
9,584,128.4136586924077,117.31457301287412,0.26194435286104323,1.3328694818952869,0.0
9,585,128.44976739374738,117.45590406031624,0.4602296739309999,1.493751466947657,0.0
9,586,128.4990814089058,117.6127247284411,0.5260506292358826,1.642661895550809,0.0
9,587,128.5469196269271,117.78521628198655,0.4307137311880638,1.8071691753596255,0.0
9,588,128.59192562983299,117.96873176252768,0.46940632692865236,1.8631404354651373,0.0
9,589,128.64208193154707,118.16679198441977,0.5337197073515902,2.09806400237785,0.0
9,590,128.6838996538081,118.38726402630948,0.3026347378677059,2.3113768354169757,0.0
9,591,128.71458741329297,118.61289339256882,0.3111204518274633,2.2012104897711957,0.0
9,592,128.75512035195584,118.83344012053999,0.49953832142973553,2.209724069654147,0.0
9,593,128.79441304945954,119.06394159714273,0.2863156286426296,2.400305462402823,0.0
9,594,128.82465598093404,119.29575918347132,0.31854300084638965,2.2360462641695342,0.0
9,595,128.86458961548988,119.51393627659593,0.4801296902690808,2.1274955983231436,0.0
9,596,128.9229720941363,119.73590524227109,0.6875198826573232,2.3118837151820557,0.0
9,597,128.97689946186097,119.95615385036649,0.39102747183569875,2.0930884467265116,0.0
9,598,129.02303019746319,120.1593726055894,0.531587240207827,1.97128665773268,0.0
9,599,129.07354566835613,120.34346967490569,0.4787221776494377,1.710654728593262,0.0
9,600,129.10917584443052,120.50068183133965,0.2338813438367886,1.4335884000858456,0.0
9,601,129.12890961676374,120.63992149359854,0.16079410282729256,1.351204845094081,0.0
9,602,129.14392729975293,120.7731541519446,0.1395595569549748,1.3134483218286412,0.0
9,603,129.1707037937797,120.8941986295074,0.39597032357846373,1.107441229429206,0.0
9,604,129.22464296785733,121.0047957732063,0.6828131579739711,1.1045016445499058,0.0
9,605,129.28023608897308,121.12658952605204,0.42904926433969237,1.3313734123665633,0.0
9,606,129.31503516997327,121.25200662684131,0.26693235566197515,1.176968603418917,0.0
9,607,129.34957858573637,121.37367609270495,0.42393595959896757,1.256420713854883,0.0
9,608,129.40616388371825,121.50435262974042,0.7077700000381419,1.357110026855608,0.0
9,609,129.48119853837898,121.65428291905755,0.7929230931746396,1.6414957594878494,0.0
9,610,129.56468204414944,121.80797098396715,0.8767470222326423,1.4322655387056358,0.0
9,611,129.6422341330324,121.95738456525044,0.6742947554264695,1.5560060869621601,0.0
9,612,129.69502214443241,122.10709357994835,0.38146547257244734,1.438174206996937,0.0
9,613,129.74481373144454,122.26460018795706,0.6143662676699755,1.7119579531770412,0.0
9,614,129.79497388941297,122.44128611664053,0.3888368916975473,1.8217606204940573,0.0
9,615,129.83179702024188,122.61833270739055,0.34762572488023835,1.719171194507858,0.0
9,616,129.87273014395907,122.7880564989116,0.4710367494626304,1.6753046359146744,0.0
9,617,129.91578121957446,122.95856099239677,0.3899847628446196,1.734785233788834,0.0
9,618,129.95741399535086,123.13405361666344,0.44267075268302847,1.7750672515454546,0.0
9,619,130.0159893804124,123.29722602668892,0.7288369485464976,1.4883809489645756,0.0
9,620,130.08472677360396,123.45108687947459,0.6459109152837783,1.588836106749536,0.0
9,621,130.14357802895722,123.59666014726702,0.5311141917798601,1.32262924910016,0.0
9,622,130.18765992919828,123.72232010960738,0.350523813040688,1.1905699977086783,0.0
9,623,130.22513112342983,123.85126317211098,0.3989000715898321,1.3882912523643824,0.0
9,624,130.26812240872573,123.97830569784821,0.4609256343264043,1.1525592623804464,0.0
9,625,130.30540330724966,124.10044241319758,0.28469233615054534,1.2901750446083007,0.0
9,626,130.34567362494033,124.24248823101925,0.5207140176615539,1.5507413118259876,0.0
9,627,130.39646090904728,124.40164414522076,0.4950316644762651,1.6323769722055665,0.0
9,628,130.4404300655283,124.55033174970924,0.384351465143169,1.3413751175653772,0.0
9,629,130.47734671341743,124.67616671875987,0.3539814926375726,1.1753242634493652,0.0
9,630,130.5008302762725,124.78582240601077,0.11568976446277546,1.0177894815695403,0.0
9,631,130.5245944639106,124.89327363938742,0.3595939882973589,1.1312351859651741,0.0
9,632,130.56631713481784,125.01017246728475,0.4748594298454698,1.2067413719833446,0.0
9,633,130.60737805633426,125.13631934544128,0.3463590004815984,1.316196191148073,0.0
9,634,130.643542230207,125.26012119680956,0.376924476971503,1.1598408362197041,0.0
9,635,130.6838501339953,125.37846354910516,0.42923359879385714,1.2070062096935423,0.0
9,636,130.72399095005858,125.49483318267983,0.37358272246970614,1.1203864618018358,0.0
9,637,130.75823944323747,125.61760792741586,0.3113871411077582,1.3351084329200695,0.0
9,638,130.8027569736089,125.76336053748832,0.578963466319685,1.5799437685307645,0.0
9,639,130.87501782646746,125.93239399670506,0.8662535908509668,1.8007254158055055,0.0
9,640,130.969228948808,126.0992849861517,1.0179688559593636,1.5370943731286353,0.0
9,641,131.06510086642834,126.24115324934291,0.8994694964465957,1.3002708906962894,0.0
9,642,131.1421828098471,126.36625416963898,0.642169371927924,1.2017475152266606,0.0
9,643,131.2065946950337,126.49914056433818,0.6460683318030007,1.45598037875747,0.0
9,644,131.26094215335377,126.65540722734033,0.4408808345975217,1.669352881286141,0.0
9,645,131.30947909172437,126.8276623894867,0.5298579328136483,1.775750361642956,0.0
9,646,131.36893759116515,126.99094545155651,0.6593120560008181,1.4899108797553922,0.0
9,647,131.42971142236445,127.12799857983202,0.5561645679831102,1.2511516857562839,0.0
9,648,131.49298382697236,127.24408578423538,0.7092835241731024,1.0705924023118278,0.0
9,649,131.57040375468114,127.34112445373478,0.839115030000503,0.8701809876781859,0.0
9,650,131.6613298132654,127.43014944809727,0.979406141683512,0.9103188995718021,0.0
9,651,131.74612709376993,127.53156913407565,0.7165394684068573,1.1180748199970907,0.0
9,652,131.80689880306795,127.63084109532565,0.4988947175532985,0.8673644050038334,0.0
9,653,131.87051740364575,127.72378663421057,0.7734772940018111,0.9915463726956375,0.0
9,654,131.95193701974756,127.83734878908456,0.8549150280344016,1.2796967247853885,0.0
9,655,132.02329316972543,127.97141501114038,0.5722079715211201,1.4016277163316744,0.0
9,656,132.09532430044248,128.10931140668947,0.8684146428191362,1.356300194650121,0.0
9,657,132.18293278267686,128.25886334712652,0.8837550018679075,1.6347386140917308,0.0
9,658,132.28289707228066,128.42066868488666,1.1155307902077887,1.6013681411129106,0.0
9,659,132.40708945943618,128.57210964653257,1.368316952900937,1.4274510918056649,0.0
9,660,132.5396694860484,128.71213154604675,1.2832835793437063,1.372986898478402,0.0
9,661,132.68034384794805,128.83909974096082,1.5302036586482899,1.1663769998043385,0.0
9,662,132.82218634028288,128.94513321685224,1.3066461880461695,0.9542925180259303,0.0
9,663,132.95019252642953,129.03873644938267,1.2534775348848797,0.9177721325826695,0.0
9,664,133.08122256807656,129.13435691473887,1.3671232980552794,0.9946371745428202,0.0
9,665,133.2290674130428,129.2423993779389,1.5897736012692718,1.166212089459595,0.0
9,666,133.37919133300522,129.36535726176191,1.4127047979786802,1.292945587002233,0.0
9,667,133.51909479862445,129.50860776496074,1.3853645144037436,1.572064476975065,0.0
9,668,133.66027921720786,129.66174016198192,1.4383238572631853,1.4905834634492692,0.0
9,669,133.79699045442123,129.82182250050482,1.295900887001455,1.7110633070106687,0.0
9,670,133.92114432823973,129.9800645835519,1.1871765893665227,1.4537783539316464,0.0
9,671,134.03408552199846,130.1168211337523,1.071647285809238,1.2813526500771282,0.0
9,672,134.15256167134612,130.24085223947645,1.297875701141816,1.1992694644073332,0.0
9,673,134.2726239045827,130.37475102324277,1.1033689635883164,1.4787062109202438,0.0
9,674,134.39040828060865,130.52703794919285,1.2523185569274418,1.567032308082112,0.0
9,675,134.5125197960573,130.6927533467216,1.1899117520462248,1.747275642494344,0.0
9,676,134.61903567685522,130.87131331883973,0.9404058639123569,1.8239237998701583,0.0
9,677,134.71334829387877,131.0667098365999,0.9458464765595025,2.0840065553337084,0.0
9,678,134.79681444832454,131.28830861702625,0.7234766123543146,2.3479690531952073,0.0
9,679,134.86439788419568,131.51673044454753,0.6281921050679564,2.2204674972313967,0.0
9,680,134.93977270842174,131.74917443108075,0.8793043794539201,2.4284122334340665,0.0
9,681,135.03556201699246,131.9952702715259,1.0364817919603873,2.4935045754697285,0.0
9,682,135.13235741336462,132.24076539096507,0.8994261354816011,2.4163978133153243,0.0
9,683,135.2371437959531,132.48362730457006,1.1963015162856792,2.4408404587863295,0.0
9,684,135.34298856610553,132.7294169704503,0.9205938867601091,2.4749528588189236,0.0
9,685,135.42672983672935,132.98067634741312,0.7542315257174117,2.550234680439118,0.0
9,686,135.50708243560757,133.22318059869679,0.8528204518461528,2.299850345235736,0.0
9,687,135.60414935193864,133.44586797662487,1.0885178747732702,2.153897213326289,0.0
9,688,135.7186333879324,133.6561531218572,1.2011628451031235,2.05180569132035,0.0
9,689,135.850707782496,133.8622941748813,1.440325046167107,2.0710153691637316,0.0
9,690,135.99626622351298,134.06402634532583,1.4708437741729625,1.9636280397279542,0.0
9,691,136.1531665119645,134.27274749821436,1.6671619948575298,2.210795018044454,0.0
9,692,136.3169789530391,134.50364553950976,1.6090868266318843,2.4071658078645655,0.0
9,693,136.47579850624527,134.7359666316686,1.5673042374895587,2.2392560353119464,0.0
9,694,136.6265136422653,134.9509374693024,1.4469984829112015,2.0601607173664114,0.0
9,695,136.77516199619265,135.14393971977415,1.5259685956336426,1.7998842920702849,0.0
9,696,136.93165342254133,135.31114004663084,1.6038599313377446,1.5441222450654877,0.0
9,697,137.09645979292702,135.4586271937145,1.6922674763752283,1.4056206966094003,0.0
9,698,137.26267292460238,135.59951409653775,1.6319951571287206,1.4121173598561043,0.0
9,699,137.43305766957553,135.74634760527897,1.775699742332467,1.5245528149683487,0.0
9,700,137.60596025223094,135.88672158648296,1.6823519107745355,1.282926809111789,0.0
9,701,137.77675598843564,136.00577334784657,1.7335628133204004,1.0981084181622478,0.0
9,702,137.94609501314312,136.121769732061,1.6532176808263408,1.2218192661283602,0.0
9,703,138.1062367765486,136.23313885838184,1.5496175872799967,1.0055632602881523,0.0
9,704,138.25970768565116,136.34491574585184,1.5198005947687747,1.2299744891126103,0.0
9,705,138.4049751132576,136.45353861827186,1.3855479573568381,0.9424829592878652,0.0
9,706,138.55060439899307,136.55463605770808,1.5270377573504241,1.0794658294369377,0.0
9,707,138.71080617416203,136.6767362814237,1.6769977460254708,1.362538644877617,0.0
9,708,138.8643189347381,136.80156160692002,1.3932574654968448,1.1339678650486498,0.0
9,709,138.99726691705985,136.9014811060564,1.2657021809386144,0.8644221176791262,0.0
9,710,139.12619915046798,137.00244718087083,1.3129424872217683,1.1548993786113648,0.0
9,711,139.2467131928023,137.13247647182118,1.0973383594615491,1.4456864403962406,0.0
9,712,139.34980038651815,137.28029304352515,0.9644055148543629,1.5106449936834387,0.0
9,713,139.43573038257762,137.43135580775697,0.7541944063335428,1.5106102909536965,0.0
9,714,139.5182584096931,137.5741200846469,0.8963661359754092,1.344675246844627,0.0
9,715,139.59675413481375,137.70419593520705,0.6735483664365489,1.2568417643592404,0.0
9,716,139.66236170695015,137.8248038223411,0.6386030762907531,1.1553159783228324,0.0
9,717,139.7361505254779,137.94668284064392,0.8371732942636179,1.282264387734017,0.0
9,718,139.826285562694,138.0852704839167,0.9655274500575786,1.4894884777225705,0.0
9,719,139.92295554468762,138.22047848606474,0.9678721898135194,1.2146715652388735,0.0
9,720,140.0266613146507,138.32935794897628,1.1062432094451502,0.962917692993674,0.0
9,721,140.1414819506507,138.43870924336386,1.190169510552824,1.2241081947593777,0.0
9,722,140.27207050252787,138.54721242567348,1.421601526988315,0.9459554514341129,0.0
9,723,140.40079263619043,138.65247464565618,1.1528411462602826,1.1592889482216506,0.0
9,724,140.50229215052036,138.7781120650352,0.8771491403367797,1.353459439359316,0.0
9,725,140.60053460436404,138.90769137025302,1.087699936536243,1.2381266649971607,0.0
9,726,140.71605009255177,139.04608731791802,1.222609827218374,1.529792288303387,0.0
9,727,140.82757271860157,139.1948532876553,1.007842693774709,1.44552710644313,0.0
9,728,140.921920378619,139.33468961709934,0.8791105065708571,1.351199482440002,0.0
9,729,141.0126841948669,139.48261548449534,0.9361658183869075,1.60731786548142,0.0
9,730,141.0920182796831,139.64596778392809,0.650515877933902,1.6597281231752952,0.0
9,731,141.1711652078626,139.81686225552278,0.9324226856567961,1.7581613087201795,0.0
9,732,141.25756503617959,140.00366321793422,0.7955738806796511,1.9778579395102796,0.0
9,733,141.33368131630812,140.2024843198884,0.726751721890448,1.998564099575674,0.0
9,734,141.39280560490624,140.39259237681097,0.45573405007163004,1.8035970388772817,0.0
9,735,141.43245668288444,140.55840117218145,0.337287509490352,1.5125788685330477,0.0
9,736,141.4681248709478,140.7237338810777,0.37607625177473736,1.7940753093923902,0.0
9,737,141.4986966182379,140.8946692567274,0.23535869402603637,1.624632203602026,0.0
9,738,141.50912083562616,141.05352545887524,-0.02687434626280094,1.5524918393564988,0.0
9,739,141.50232218987787,141.21357049944424,-0.10909856870202361,1.6484089720256279,0.0
9,740,141.47726284231976,141.37773367152954,-0.3920883824608836,1.6348544696810272,0.0
9,741,141.43624567805205,141.5383957690317,-0.42825490289255796,1.578387480361453,0.0
9,742,141.3784453293856,141.69110839036773,-0.7277520704354608,1.475864946357337,0.0
9,743,141.31898165983966,141.83230695076963,-0.4615213204813351,1.3481062616795185,0.0
9,744,141.26220978277934,141.96407952725144,-0.6739162207228908,1.2873452679554696,0.0
9,745,141.2069835989464,142.09440986113862,-0.43060745593557925,1.3192614097872948,0.0
9,746,141.16453274650826,142.21233699345157,-0.41840959282689383,1.0392812364703907,0.0
9,747,141.12843936378613,142.3257052262852,-0.30345806161326294,1.2280834202019157,0.0
9,748,141.0887340063814,142.45162887954132,-0.49064908647923033,1.2903896449182355,0.0
9,749,141.03091420643614,142.59202998711066,-0.6657469124228648,1.517632506468285,0.0
9,750,140.9768273213249,142.73451315654995,-0.4159907898023256,1.3320308823166869,0.0
9,751,140.92224295345113,142.8555637753973,-0.6756965676721691,1.0889814946276637,0.0
9,752,140.85176637994914,142.97811020832887,-0.7338349023645137,1.3619471640026894,0.0
9,753,140.79031651115906,143.10598070057335,-0.4951624734354674,1.195462680885651,0.0
9,754,140.7478662075207,143.2346017823786,-0.35384359932958986,1.3769589552189885,0.0
9,755,140.72222209269808,143.3661924825551,-0.15903869712272467,1.2548550483104108,0.0
9,756,140.69316131547544,143.48587019736385,-0.42217684733064686,1.1386992478625437,0.0
9,757,140.6535161923025,143.6059680665477,-0.37072561612730937,1.2632581358126345,0.0
9,758,140.6040642800656,143.74163812611982,-0.6183126286086065,1.4501430556292512,0.0
9,759,140.54359436371396,143.89953823520227,-0.5910856984208905,1.707859126018274,0.0
9,760,140.49773077324085,144.0725193757837,-0.3261861110395081,1.7517636856101362,0.0
9,761,140.45140032199765,144.24230520356514,-0.6004229138234791,1.6439528700170989,0.0
9,762,140.38274280683027,144.39727299866865,-0.7727273895249489,1.455403032050878,0.0
9,763,140.30415104155418,144.5454578848695,-0.7991079159958012,1.5082946919655456,0.0
9,764,140.21433607219046,144.6877660107897,-0.9971914712782883,1.3378678264364119,0.0
9,765,140.12864378162385,144.81818655172356,-0.716654340052127,1.270542992239843,0.0
9,766,140.06337003315866,144.9414768794037,-0.5888206292499518,1.195263561362367,0.0
9,767,139.99286666324315,145.0505948995932,-0.8212467690578755,0.9870968424260589,0.0
9,768,139.90525584981924,145.16128521924952,-0.9309694994192874,1.2267095506987964,0.0
9,769,139.810417469296,145.29890799446378,-0.9657981110432381,1.525745953585691,0.0
9,770,139.71349431387603,145.45540370767037,-0.9726649973559418,1.6041683105456954,0.0
9,771,139.62127497545316,145.61830777405294,-0.8717217711018321,1.6539130171045002,0.0
9,772,139.54522591133173,145.78859144023352,-0.6492595113265018,1.7517603065068563,0.0
9,773,139.4835209230405,145.9641820020538,-0.5848402544959335,1.7600509298978722,0.0
9,774,139.43563153883497,146.12910213420741,-0.3729474296130242,1.538351713173995,0.0
9,775,139.38541535962122,146.2824036422703,-0.6313761546591365,1.5276784480819998,0.0
9,776,139.32717490526352,146.44540958297534,-0.5334329324914826,1.7324403660170553,0.0
9,777,139.27377071360888,146.62241582236686,-0.5346509005978994,1.8076844218118246,0.0
9,778,139.2345232265841,146.78885186824846,-0.25029883989703094,1.5210364958197538,0.0
9,779,139.19501153261535,146.93328561327542,-0.5399350394775979,1.3676384047185763,0.0
9,780,139.12790177094303,147.06677657721593,-0.8022601939687348,1.3021808740900234,0.0
9,781,139.04562398653343,147.18913417382635,-0.8432954942197668,1.144971058118042,0.0
9,782,138.97443975574993,147.31321094246243,-0.5803891214493042,1.3365643146032475,0.0
9,783,138.9191836931957,147.443123104915,-0.5247321296358827,1.2616789344479038,0.0
9,784,138.8540112252008,147.57411821464166,-0.7787172302593,1.358223260082994,0.0
9,785,138.77925382903527,147.71302014264666,-0.716430693050949,1.4198153000150882,0.0
9,786,138.7160006684985,147.85106140895198,-0.5486325176841689,1.341010026089041,0.0
9,787,138.67085461516194,147.98060344495036,-0.35428854904717255,1.249830693878497,0.0
9,788,138.62194529744534,148.09791714240714,-0.6238978052814694,1.0964432552568617,0.0
9,789,138.55294116934328,148.2207960030364,-0.7561847567571398,1.3611339573272154,0.0
9,790,138.4768200158676,148.3494136025862,-0.7662383127535648,1.2112180336667606,0.0
9,791,138.41053541786027,148.46760206730278,-0.5594536473903489,1.1525512606647226,0.0
9,792,138.34253836710855,148.58794188045658,-0.8004873676437825,1.2542450024094975,0.0
9,793,138.27196973130958,148.72702223622855,-0.6108853483323422,1.5273621130290316,0.0
9,794,138.24716331695276,148.8535284160107,0.1147570611975155,1.0027614826139235,-5.0
9,795,138.26512177392738,148.95467719573492,0.24441207829680067,1.0202141118684516,0.0
9,796,138.29394361579034,149.0667834603671,0.3320247589632217,1.2219111807734002,0.0
9,797,138.3319766190698,149.19046032447397,0.42863530662568294,1.2516261013629624,0.0
9,798,138.38246905607411,149.30983663572897,0.5812134334641748,1.1359001237340003,0.0
9,799,138.44764511642393,149.41091208755665,0.7223077735355119,0.8856089128168954,0.0
9,800,138.51443232933593,149.49753495347807,0.6134364847069982,0.8468484056082453,0.0
9,801,138.59068741778174,149.57725575085522,0.9116652842123472,0.7475675419317511,0.0
9,802,138.68565199133468,149.64746306389293,0.9876261868496492,0.6565787188197945,0.0
9,803,138.79713591154064,149.70225571087826,1.2420522172699968,0.4392742208855225,0.0
9,804,138.9335683604886,149.73636325396,1.4865967616907483,0.24287664074741855,0.0
9,805,139.07557405888474,149.76640807879255,1.353517206233068,0.3580198559008885,0.0
9,806,139.2063597648273,149.80899992811692,1.2621969126225885,0.4938171305850325,0.0
9,807,139.3314970507472,149.86961317664054,1.2405488057775855,0.718447839884675,0.0
9,808,139.46970225326595,149.93898906906395,1.523555244601095,0.6690700085809702,0.0
9,809,139.63102218126573,150.01956728727305,1.7028433153987415,0.9424943555980363,0.0
9,810,139.79749185332912,150.1254254732156,1.6265501258731234,1.1746693632512333,0.0
9,811,139.94960888990568,150.24419746550245,1.4157906056614316,1.2007704824833816,0.0
9,812,140.1044074425606,150.36636816801365,1.6801804474399802,1.2426435677387175,0.0
9,813,140.28631448058422,150.48502489402688,1.957960313034583,1.130490952524358,0.0
9,814,140.47351411815362,150.5883865756034,1.7860324383573207,0.9367426790050395,0.0
9,815,140.66165960115586,150.68013352200023,1.9768772216876052,0.8981962489303932,0.0
9,816,140.87051831993926,150.77806924766162,2.2002971539823477,1.0605182642960358,0.0
9,817,141.08565887725763,150.88823948565982,2.1025139923880865,1.1428864956666551,0.0
9,818,141.30582635699375,150.98955991391256,2.300835602336072,0.8835220693861991,0.0
9,819,141.52717595794456,151.08564372452622,2.126156416680491,1.0381541428857979,0.0
9,820,141.7311469949334,151.17663624634486,1.9532643230982174,0.7816962934849983,0.0
9,821,141.9230485375067,151.24945491325957,1.884766528369397,0.6746770448064332,0.0
9,822,142.10500281835039,151.33102763903082,1.754319088508531,0.9567774706154744,0.0
9,823,142.28149268634752,151.441080730247,1.7754782714346327,1.244284353706778,0.0
9,824,142.46809762280986,151.5760284402122,1.9566204578166584,1.4546698455947222,0.0
9,825,142.66199626415346,151.71449608247121,1.9213523690592567,1.3146829995852158,0.0
9,826,142.8680414716282,151.83439283358916,2.1995517804356695,1.083252022772136,0.0
9,827,143.07558837608144,151.94804415246904,1.9513863086326033,1.1897743548241806,0.0
9,828,143.28051101629626,152.06605974447643,2.1470664956666745,1.170537485322619,0.0
9,829,143.48381289483086,152.18652562624425,1.9189710750281783,1.2387801500336515,0.0
9,830,143.66567927085111,152.30899503112232,1.7183564453812679,1.2106079475241565,0.0
9,831,143.82452550995868,152.43783498226685,1.4585683367722027,1.366191075365407,0.0
9,832,143.97845128144763,152.57798316196954,1.6199470930090314,1.4367725186840303,0.0
9,833,144.13190452924164,152.71602334707018,1.4491178628723382,1.3240311833270653,0.0
9,834,144.2709431594394,152.85156907047713,1.3316547410830175,1.386883284811887,0.0
9,835,144.40120350064717,153.0031322098032,1.2735520830743106,1.6443795017093557,0.0
9,836,144.5314474244833,153.16793312331606,1.3313263936515796,1.6516387685448848,0.0
9,837,144.67556752413725,153.3203973992861,1.5510755994279073,1.397646750852143,0.0
9,838,144.84216467747456,153.47081379279848,1.7808674673192577,1.6106811193939308,0.0
9,839,145.02254531867584,153.61801791207336,1.8267453567074483,1.3334012661010206,0.0
9,840,145.21501717028968,153.76402236015474,2.0226916755709965,1.5866876955228477,0.0
9,841,145.41224158130717,153.93352889519952,1.9217965447799727,1.803443005368596,0.0
9,842,145.60734982316694,154.1094236015506,1.9803682924188983,1.7144511216498906,0.0
9,843,145.80161841884205,154.27157532129604,1.905003621085033,1.5285832732557871,0.0
9,844,145.993503657367,154.41389755649766,1.932701149417511,1.3178614307749577,0.0
9,845,146.18093153810992,154.53916916238722,1.8158564654409943,1.1875706870126166,0.0
9,846,146.35619536196282,154.66256526497614,1.689420011619287,1.2803513647616747,0.0
9,847,146.51081037662493,154.79309804583272,1.4028802816271302,1.3303042523692739,0.0
9,848,146.64584407224538,154.92291571863484,1.297793630781932,1.2660492036696205,0.0
9,849,146.78807291530507,155.06009914887045,1.5467832304135563,1.4776194010410748,0.0
9,850,146.93475605553363,155.20989172596092,1.3868795741607158,1.5182321407660169,0.0
9,851,147.06602104649414,155.37400906375706,1.238420245050058,1.7641146151554672,0.0
9,852,147.20316160945868,155.5617904916994,1.5043910142404648,1.99151394368781,0.0
9,853,147.3531966177561,155.77251283232954,1.496309151712044,2.2229328689126255,0.0
9,854,147.50245426335164,156.0046325626995,1.4888437602015259,2.419461738483376,0.0
9,855,147.6537361513947,156.2607330212536,1.5367940006614624,2.702547432598571,0.0
9,856,147.80987974833374,156.5312813098683,1.5860779381237542,2.7084183396948145,0.0
9,857,147.9821453439206,156.7953034976731,1.8592339736157548,2.572025416397077,0.0
9,858,148.1687815080461,157.04133780275197,1.8734893088953406,2.348660685177366,0.0
9,859,148.35703683290535,157.27841450839628,1.8916171882929333,2.3928734277081123,0.0
9,860,148.53741106582243,157.52545339862195,1.7158674700498473,2.5479043768030145,0.0
9,861,148.71932023026716,157.78633450821576,1.9223158188492135,2.669717815070154,0.0
9,862,148.9177472130457,158.0539290153813,2.046223836723833,2.682172328238483,0.0
9,863,149.12203905412503,158.33584569041864,2.0396129848668814,2.9561611725073114,0.0
9,864,149.33358505951128,158.61949057113816,2.1913071228594596,2.7167364418792186,0.0
9,865,149.53830711806586,158.90580457913552,1.9031340482337278,3.009543718064837,0.0
9,866,149.71833890939251,159.22130889034588,1.6975017783008859,3.3005425061391325,0.0
9,867,149.89626320326283,159.56032742824368,1.8609840991065276,3.4798282518151176,0.0
9,868,150.0818342809173,159.90668351860654,1.850437453985439,3.447293555441428,0.0
9,869,150.26519467152366,160.24344962735654,1.8167703581428185,3.288028619558512,0.0
9,870,150.43956205132872,160.57118583838746,1.6705772379596517,3.266695601057089,0.0
9,871,150.6088300689678,160.90723017763753,1.7147831148236072,3.4541911839408836,0.0
9,872,150.7796623421773,161.25059586632074,1.701862349370625,3.413122589718885,0.0
9,873,150.9878053145419,161.56130383444702,2.460997097920906,2.801036772806583,-5.0
9,874,151.22466044612247,161.82984321615504,2.276105533689684,2.5697508613562956,0.0
9,875,151.43977841692663,162.07968580423608,2.0262538823941476,2.427100900266563,0.0
9,876,151.63592693285887,162.32338857109517,1.8967164362486955,2.4469544369144174,0.0
9,877,151.823554169134,162.5651519021244,1.8558282892511144,2.388312183673685,0.0
9,878,152.01167880006574,162.79461009400006,1.9066643293814103,2.200851653840905,0.0
9,879,152.2129239327744,163.01187000551704,2.1182383247926175,2.144346576499583,0.0
9,880,152.4164480961108,163.22246636081968,1.952244941934559,2.0675805295563556,0.0
9,881,152.620521468662,163.44308377796847,2.1292225090891144,2.344767813420713,0.0
9,882,152.83839572873035,163.68388605423866,2.22826269227561,2.471277711984195,0.0
9,883,153.07000565314638,163.9349580453736,2.403935796042166,2.5501621107169576,0.0
9,884,153.3113207631368,164.2002622063169,2.422366403765647,2.7559211081515045,0.0
9,885,153.55050547055748,164.4878359765014,2.361327744644651,2.995554295539133,0.0
9,886,153.77205484073897,164.7762763289702,2.0696596589827188,2.773252753838028,0.0
9,887,153.97498327730273,165.06848782473253,1.9889090722917224,3.07097716141236,0.0
9,888,154.1795181346688,165.36807005169635,2.101788075030118,2.920667377865847,0.0
9,889,154.40209879204872,165.6343422869536,2.3498250725708942,2.404777327279792,-5.0
9,890,154.62390432044572,165.86835184109918,2.086285495370433,2.275413755630611,0.0
9,891,154.83763993437515,166.08464249431017,2.1884267832179027,2.050399308590775,0.0
9,892,155.06555460612935,166.28363034209406,2.3698666518675573,1.9293576470889597,0.0
9,893,155.29676806047746,166.47580384031676,2.2544024350921568,1.9141123173648094,0.0
9,894,155.5077062374653,166.65280258069515,1.9643611046639045,1.62586249020217,0.0
9,895,155.69110479890287,166.82667393066822,1.7036101240854151,1.851564509260207,0.0
9,896,155.86046715504517,167.01685884319386,1.6836369987621502,1.9521337412529665,0.0
9,897,156.03309269475994,167.20956083671308,1.7688737955339136,1.9019061291328327,0.0
9,898,156.20769802432756,167.40819434351533,1.7232327958198042,2.0707640069107214,0.0
9,899,156.3789301442098,167.60736133561636,1.7014096018230376,1.9125758351122926,0.0
9,900,156.5391490097004,167.7846550880313,1.5029677079887946,1.6332992131884279,0.0
9,901,156.69773074867044,167.9443266558062,1.6686670714134024,1.5601321423098966,0.0
9,902,156.85888576359412,168.09277773082385,1.5544332270606986,1.4088893580421047,0.0
9,903,157.0065780970324,168.22380721115542,1.3994134417045068,1.2117002485892723,0.0
9,904,157.136634376129,168.33384679493633,1.2017121402261957,0.9890914270279438,0.0
9,905,157.26358021445594,168.4441928671008,1.3372046263113226,1.2178300162618587,0.0
9,906,157.38845878525854,168.5698726632811,1.1603667897405465,1.2957659073426484,0.0
9,907,157.4904399253769,168.70981406084115,0.8792560126245164,1.5030620438575504,0.0
9,908,157.56859307856894,168.84682476311104,0.6838070512137087,1.2371520015417303,0.0
9,909,157.6334460204314,168.9725381218757,0.6132517860344144,1.2771151737525486,0.0
9,910,157.71818527547816,169.08072881770227,1.0815333149047994,0.8866987427785666,-5.0
9,911,157.83714875606438,169.1598496632796,1.2977362968191812,0.6957181687684937,0.0
9,912,157.95227346375145,169.24046368136896,1.0047578569206124,0.916562193017386,0.0
9,913,158.04747357014412,169.32322616323017,0.8992442709313906,0.7386874442057181,0.0
9,914,158.14905900635017,169.4045873619059,1.1324644531916448,0.8885365293094036,0.0
9,915,158.27303851160423,169.4991294021379,1.3471256518897299,1.0023042753317561,0.0
9,916,158.3979126321044,169.60339182097073,1.1503567581162493,1.0829441013262926,0.0
9,917,158.51337945936893,169.7087244250431,1.1589797871745127,1.0237079801201272,0.0
9,918,158.62679696292548,169.79810818607007,1.1093702839566646,0.7639672404205751,0.0
9,919,158.72994043351218,169.8766961770857,0.9534991277755225,0.8077925798903536,0.0
9,920,158.83021707952457,169.96601998712617,1.0520337924736047,0.9786836209202594,0.0
9,921,158.9430450312409,170.06868427877794,1.2045252418545722,1.074602212114721,0.0
9,922,159.04969994568182,170.16561120865754,0.9285730469652371,0.8639363854761015,0.0
9,923,159.1342260555034,170.2548041012949,0.76194914946878,0.9199214672725837,0.0
9,924,159.2018015421154,170.33302395133842,0.5895605827725063,0.6444755335991434,0.0
9,925,159.2693303159988,170.3948225573572,0.7610148948976736,0.591496586775957,0.0
9,926,159.34438495626296,170.4524625316635,0.7400779103869546,0.5613028993479823,0.0
9,927,159.41932248712646,170.51559259270743,0.7586727068846066,0.7012983215294746,0.0
9,928,159.50547771641936,170.57855936128703,0.9644318789747324,0.5580370500621932,0.0
9,929,159.59079063994,170.63947702622318,0.7418265914364923,0.6603162486614629,0.0
9,930,159.67362572365187,170.71182309699202,0.9148750828014904,0.7866051667167024,0.0
9,931,159.76220504465778,170.78448835908102,0.8567113373165576,0.6667000750634173,0.0
9,932,159.8609615188377,170.84972547966072,1.118418146284629,0.638042336529443,0.0
9,933,159.98294397831637,170.91615740353063,1.3212310432872663,0.6905961408665213,0.0
9,934,160.1113160972518,170.97816457872977,1.2462113354198543,0.5495473631161509,0.0
9,935,160.24765844645572,171.02754879536678,1.480635648656886,0.43813696962228477,0.0
9,936,160.39937994743855,171.05914402298458,1.5537943709986841,0.1937675827334715,0.0
9,937,160.56170204428236,171.09284969559326,1.692647565879703,0.48034586944194047,0.0
9,938,160.74387316539287,171.13381958152354,1.9507748563286782,0.3390518491613861,0.0
9,939,160.92787437380775,171.1717667806688,1.729249311968367,0.41989213374400336,0.0
9,940,161.10992687749876,171.20614605740434,1.9118007618515733,0.26769340096474536,0.0
9,941,161.30778573064617,171.24310636285827,2.045376301097516,0.47151270811455603,0.0
9,942,161.5032610681751,171.29796299665736,1.8641304494805695,0.6256199678657239,0.0
9,943,161.68563011188962,171.37052130622578,1.783250424808525,0.8255462235027586,0.0
9,944,161.8540515078439,171.4634434630084,1.5851774942769055,1.0328969121504432,0.0
9,945,162.01996345555017,171.5697847211013,1.7330614598469616,1.093928249709375,0.0
9,946,162.1858891812292,171.6846863990695,1.5854530537324898,1.2041053096555654,0.0
9,947,162.3389143995489,171.79308885625733,1.4750513126624085,0.9639438340983748,0.0
9,948,162.47744700531894,171.89882513903035,1.295600802738008,1.150781821361626,0.0
9,949,162.62173992785188,172.02403294268038,1.5902576479208328,1.353374251640373,0.0
9,950,162.78248617946088,172.15642964122435,1.6246673842603734,1.2945597192367497,0.0
9,951,162.95191214258944,172.2912457998916,1.7638518783123196,1.4017634541066428,0.0
9,952,163.13331158415326,172.4286364224845,1.8641369529647989,1.3460489977490369,0.0
9,953,163.31324637020293,172.55633900623047,1.734558768031203,1.208002677170155,0.0
9,954,163.48397647354,172.68006991990205,1.6800432987124516,1.2666155962598449,0.0
9,955,163.66345355842236,172.80066872738394,1.909498398936563,1.1453605533756779,0.0
9,956,163.84867383162918,172.9268472513677,1.7949070651996486,1.3782099262990464,0.0
9,957,164.0279177004354,173.0776869897736,1.7899703109235965,1.6385848418170887,0.0
9,958,164.19349413541295,173.25512462942743,1.521558388625234,1.9101679512605028,0.0
9,959,164.33438606001573,173.43595179809768,1.2962801034298792,1.7063754221463228,0.0
9,960,164.4552565711797,173.59419687273407,1.1211301198501822,1.4585260705795662,0.0
9,961,164.5631128238822,173.72636955850044,1.035994934198147,1.1849276447461197,0.0
9,962,164.6573329878447,173.84107433727922,0.8484083450543061,1.10916793082977,0.0
9,963,164.7473656530094,173.9648557039868,0.9522449582401187,1.366459403323141,0.0
9,964,164.84401045149866,174.10567376301492,0.980651011544488,1.4499017772378728,0.0
9,965,164.94796269945118,174.2559389307794,1.0983939475054285,1.5554015780493913,0.0
9,966,165.04338826285152,174.4087455849624,0.8101173205010603,1.500731505611224,0.0
9,967,165.13308626367916,174.54872342487192,0.983842696052168,1.2988252925813946,0.0
9,968,165.23559126753185,174.6665769127369,1.0662573810012752,1.058244464719552,0.0
9,969,165.35615766647106,174.76118690931366,1.3450705977845487,0.8339554668151692,0.0
9,970,165.4871989587084,174.85409146574557,1.275755246961154,1.0241356618226725,0.0
9,971,165.6104482262008,174.95681481227712,1.1892301028868104,1.0303312688064707,0.0
9,972,165.72924703239573,175.05438427743525,1.1867460210117713,0.9210580343571824,0.0
9,973,165.84784835703,175.13333069515352,1.1852804716718879,0.65787032001003,0.0
9,974,165.97991990361606,175.1946114876373,1.4561504600479473,0.5677455296636147,0.0
9,975,166.12174426244678,175.2532841432237,1.3803367165654308,0.6057075820653139,0.0
9,976,166.25012632015068,175.3237626223538,1.1873044375107007,0.8038620005376895,0.0
9,977,166.3775215767398,175.406144260852,1.3606006942722857,0.8437707694249532,0.0
9,978,166.51921987401238,175.49417531100744,1.4733652511811748,0.9168502336820001,0.0
9,979,166.65283238346274,175.57096300778767,1.1988849378270636,0.6189037019244417,0.0
9,980,166.7791576660145,175.6323342781002,1.3276207132086952,0.6085217043276003,0.0
9,981,166.9206955958507,175.68557312861822,1.5031378835161568,0.4562553060344463,0.0
9,982,167.05663824544308,175.7279959632192,1.2157151083326703,0.39220138598384935,0.0
9,983,167.1765253734511,175.77775320066326,1.1820274518279419,0.6029433628972072,0.0
9,984,167.29286740930797,175.8514002101076,1.144813265308187,0.8699968259878474,0.0
9,985,167.41160279725113,175.9248672046906,1.2298944935556868,0.5993430656716541,0.0
9,986,167.5214596012804,175.97103598953208,0.9672415870307312,0.3240326311571913,0.0
9,987,167.62060679054184,176.00906694454284,1.0157021981966636,0.43658646905891274,0.0
9,988,167.71038850314812,176.0609881472467,0.7799320539310912,0.6018375850183624,0.0
9,989,167.77828371045985,176.10704946578744,0.5779720923025273,0.31938878579802576,0.0
9,990,167.83690089286347,176.1292167786935,0.5943715557692748,0.12395747232045906,0.0
9,991,167.8846748301437,176.13504535527477,0.36110718983560375,-0.007385940696284621,0.0
9,992,167.90608227456983,176.12316226469147,0.06704169868554999,-0.230275870968061,0.0
9,993,167.91643823157847,176.11490547235644,0.14007744148889856,0.06514002426583332,0.0
9,994,167.9231702032721,176.12371894029047,-0.00543800761576918,0.11112933441535588,0.0
9,995,167.91175253023562,176.1489927907519,-0.22291545311265182,0.39434767481184707,0.0
9,996,167.88764897949363,176.19187235312143,-0.2591555617261143,0.46324357257654825,0.0
9,997,167.85898118089426,176.2301197713748,-0.3142004102626892,0.30170479249171933,0.0
9,998,167.82365287757875,176.26300404913786,-0.39236565604676343,0.35598076277077695,0.0
9,999,167.78179954785833,176.2875409062135,-0.44470093836022784,0.13475637874164903,0.0
9,1000,167.74031442521323,176.29799696465898,-0.3850015145393293,0.07436479016633868,0.0
